Column1,Column2,Column3,Column4,Column5,Column6,Column7,Column8,Column9,Column10,Column11,Column12,Column13,Column14,Column15,Column16,Column17,Column18,Column19,Column20,Column21,Column22
1,1,0.555568,0.555558,0,0,0.358571,0.19365,0.00328239,5.39534E-05,2.47023E-07,1.62852E-07,3.6596E-08,2.92731E-08,0.166383,0.0880887,0.000227526,4.74602E-07,2.5876E-10,1.09393E-10,1.40729E-11,5.92544E-12
1,2,1.59272,1.5927,0,0,0,1.30462,0.283654,0.00438158,2.00608E-05,1.32253E-05,2.97198E-06,2.37728E-06,0,0.611913,0.118013,0.000257029,1.40136E-07,5.92438E-08,7.62145E-09,3.20903E-09
1,3,2.36006,2.35988,0,0,0,0,1.95934,0.397241,0.00171269,0.0011291,0.000253731,0.00020296,0,0,0.918888,0.162879,9.26527E-05,3.91698E-05,5.03902E-06,2.12169E-06
1,4,2.39767,2.39579,0,0,0,0,0,2.02378,0.211972,0.115524,0.0259138,0.0185959,0,0,0,0.835671,0.0187687,0.00793464,0.00102075,0.000429791
1,5,2.42926,2.42322,0,0,0,0,0,0.000295512,1.1262,0.98877,0.183494,0.124456,0,0,0,0,0,0,0,0
1,6,2.49851,2.48809,0,0,0,0,0,9.42281E-16,0.000958518,1.43756,0.674688,0.374882,0,0,0,0,0,0,0,0
1,7,2.67257,2.6552,0,0,0,0,0,0,7.38172E-10,0.0501136,1.37752,1.22756,0,0,0,0,0,0,0,0
1,8,3.45914,3.42485,0,0,0,0,0,0,9.07948E-11,0.00410872,0.261145,3.1596,0,0,0,0,0,0,0,0
2,1,0.553922,0.553911,0,0,0.359154,0.191454,0.00324934,5.34101E-05,2.44535E-07,1.61212E-07,3.62274E-08,2.89783E-08,0.16676,0.0869602,0.000224455,4.68196E-07,2.55268E-10,1.07917E-10,1.3883E-11,5.84547E-12
2,2,1.58645,1.58642,0,0,0,1.30333,0.278749,0.00430785,1.97233E-05,1.30027E-05,2.92196E-06,2.33728E-06,0,0.611347,0.115709,0.000251956,1.3737E-07,5.80745E-08,7.47103E-09,3.14569E-09
2,3,2.35969,2.35952,0,0,0,0,1.96372,0.392538,0.00169297,0.0011161,0.00025081,0.000200623,0,0,0.920983,0.160617,9.13538E-05,3.86207E-05,4.96838E-06,2.09195E-06
2,4,2.39759,2.39571,0,0,0,0,0,2.02848,0.209153,0.114108,0.0255963,0.0183763,0,0,0,0.839426,0.0186508,0.00788478,0.00101434,0.000427091
2,5,2.42925,2.42321,0,0,0,0,0,0.000296203,1.12675,0.988302,0.183442,0.124421,0,0,0,0,0,0,0,0
2,6,2.49807,2.48767,0,0,0,0,0,9.54901E-16,0.000971356,1.4433,0.67013,0.37327,0,0,0,0,0,0,0,0
2,7,2.67219,2.65484,0,0,0,0,0,0,7.4368E-10,0.050596,1.37905,1.22519,0,0,0,0,0,0,0,0
2,8,3.45867,3.42438,0,0,0,0,0,0,9.08372E-11,0.00411067,0.261336,3.15893,0,0,0,0,0,0,0,0
3,1,0.551416,0.551406,0,0,0.359782,0.188367,0.00320238,5.26382E-05,2.41001E-07,1.58882E-07,3.57039E-08,2.85595E-08,0.1672,0.0853752,0.000220162,4.59242E-07,2.50386E-10,1.05853E-10,1.36175E-11,5.73368E-12
3,2,1.57882,1.5788,0,0,0,1.30169,0.272849,0.00421909,1.93169E-05,1.27348E-05,2.86176E-06,2.28912E-06,0,0.610625,0.112942,0.000245866,1.3405E-07,5.66709E-08,7.29046E-09,3.06966E-09
3,3,2.35924,2.35906,0,0,0,0,1.96907,0.386778,0.00166882,0.00110018,0.000247232,0.000197761,0,0,0.923547,0.157849,8.97637E-05,3.79485E-05,4.8819E-06,2.05553E-06
3,4,2.39748,2.39562,0,0,0,0,0,2.03456,0.205509,0.112273,0.025185,0.0180917,0,0,0,0.844286,0.018494,0.0078185,0.00100581,0.000423501
3,5,2.42923,2.42319,0,0,0,0,0,0.000297143,1.1275,0.987652,0.18337,0.124373,0,0,0,0,0,0,0,0
3,6,2.49743,2.48706,0,0,0,0,0,9.73318E-16,0.000990091,1.45168,0.663475,0.370918,0,0,0,0,0,0,0,0
3,7,2.67154,2.65421,0,0,0,0,0,0,7.5309E-10,0.05142,1.38166,1.22113,0,0,0,0,0,0,0,0
3,8,3.45775,3.42349,0,0,0,0,0,0,9.09143E-11,0.0041142,0.261683,3.15769,0,0,0,0,0,0,0,0
4,1,0.55042,0.55041,0,0,0.360124,0.187051,0.00318253,5.23121E-05,2.39508E-07,1.57898E-07,3.54826E-08,2.83826E-08,0.167423,0.0846982,0.000218321,4.55402E-07,2.48292E-10,1.04968E-10,1.35036E-11,5.68574E-12
4,2,1.57454,1.57451,0,0,0,1.3008,0.269509,0.00416887,0.000019087,1.25832E-05,2.8277E-06,2.26188E-06,0,0.610232,0.111373,0.000242414,1.32168E-07,5.58752E-08,7.18809E-09,3.02656E-09
4,3,2.35893,2.35876,0,0,0,0,1.97268,0.382895,0.00165253,0.00108945,0.00024482,0.000195832,0,0,0.925276,0.155982,8.86915E-05,3.74952E-05,4.82358E-06,2.03098E-06
4,4,2.39739,2.39555,0,0,0,0,0,2.03934,0.202641,0.110836,0.0248628,0.0178689,0,0,0,0.848096,0.0183773,0.00776918,0.000999469,0.000420829
4,5,2.42922,2.42318,0,0,0,0,0,0.000298004,1.12817,0.987077,0.183307,0.12433,0,0,0,0,0,0,0,0
4,6,2.49685,2.48651,0,0,0,0,0,9.89952E-16,0.00100701,1.45922,0.657484,0.368799,0,0,0,0,0,0,0,0
4,7,2.67084,2.65353,0,0,0,0,0,0,7.63313E-10,0.0523154,1.38449,1.21673,0,0,0,0,0,0,0,0
4,8,3.45689,3.42264,0,0,0,0,0,0,9.09945E-11,0.00411788,0.262045,3.15648,0,0,0,0,0,0,0,0
5,1,0.550098,0.550088,0,0,0.360285,0.186574,0.00317544,5.21955E-05,2.38974E-07,1.57546E-07,3.54036E-08,2.83193E-08,0.167521,0.0844524,0.000217649,0.000000454,2.47528E-10,1.04645E-10,1.34621E-11,5.66824E-12
5,2,1.57267,1.57265,0,0,0,1.30042,0.268043,0.00414684,1.89861E-05,1.25167E-05,2.81275E-06,2.24992E-06,0,0.610067,0.110684,0.000240896,1.3134E-07,5.55254E-08,7.14309E-09,3.00761E-09
5,3,2.35878,2.3586,0,0,0,0,1.97456,0.380879,0.00164409,0.00108388,0.000243568,0.00019483,0,0,0.926175,0.155012,8.81345E-05,3.72597E-05,4.79329E-06,2.01822E-06
5,4,2.39734,2.39551,0,0,0,0,0,2.04222,0.200906,0.10997,0.0246687,0.0177349,0,0,0,0.850391,0.0183102,0.00774082,0.00099582,0.000419293
5,5,2.42921,2.42318,0,0,0,0,0,0.000298615,1.12864,0.986677,0.183262,0.124299,0,0,0,0,0,0,0,0
5,6,2.49644,2.48612,0,0,0,0,0,1.0018E-15,0.00101907,1.46459,0.653222,0.367291,0,0,0,0,0,0,0,0
5,7,2.67025,2.65297,0,0,0,0,0,0,7.71898E-10,0.0530673,1.38686,1.21303,0,0,0,0,0,0,0,0
5,8,3.45618,3.42194,0,0,0,0,0,0,9.10619E-11,0.00412097,0.262349,3.15547,0,0,0,0,0,0,0,0
6,1,0.550034,0.550024,0,0,0.360359,0.186438,0.00317349,5.21634E-05,2.38827E-07,1.57449E-07,3.53818E-08,2.83019E-08,0.167563,0.0843818,0.000217454,4.53592E-07,2.47305E-10,1.04551E-10,1.345E-11,5.66314E-12
6,2,1.57197,1.57195,0,0,0,1.30028,0.267487,0.00413849,1.89478E-05,1.24915E-05,2.80709E-06,2.24539E-06,0,0.610008,0.110422,0.000240319,1.31026E-07,5.53924E-08,7.12598E-09,3.00041E-09
6,3,2.35871,2.35853,0,0,0,0,1.97541,0.379965,0.00164025,0.00108135,0.000243001,0.000194376,0,0,0.926584,0.154571,8.78813E-05,3.71527E-05,4.77952E-06,2.01243E-06
6,4,2.39731,2.39548,0,0,0,0,0,2.04373,0.199997,0.109518,0.0245674,0.017665,0,0,0,0.85159,0.0182764,0.00772651,0.000993979,0.000418518
6,5,2.42921,2.42317,0,0,0,0,0,0.000298976,1.12891,0.98644,0.183236,0.124282,0,0,0,0,0,0,0,0
6,6,2.49619,2.48588,0,0,0,0,0,1.00917E-15,0.00102656,1.46794,0.650564,0.366352,0,0,0,0,0,0,0,0
6,7,2.66984,2.65256,0,0,0,0,0,0,7.77961E-10,0.0535983,1.38854,1.21042,0,0,0,0,0,0,0,0
6,8,3.45567,3.42144,0,0,0,0,0,0,9.11107E-11,0.00412321,0.262569,3.15475,0,0,0,0,0,0,0,0
7,1,0.55005,0.55004,0,0,0.360395,0.186419,0.00317327,5.21598E-05,2.38811E-07,1.57438E-07,3.53794E-08,2.82999E-08,0.167581,0.084371,0.000217421,4.53525E-07,2.47269E-10,1.04535E-10,1.3448E-11,5.6623E-12
7,2,1.57172,1.5717,0,0,0,1.30024,0.267287,0.00413549,1.89341E-05,1.24825E-05,2.80506E-06,2.24377E-06,0,0.609988,0.110328,0.000240112,1.30913E-07,5.53446E-08,7.11983E-09,2.99782E-09
7,3,2.35868,2.3585,0,0,0,0,1.97578,0.379568,0.00163859,0.00108026,0.000242754,0.000194179,0,0,0.926762,0.15438,8.77713E-05,3.71062E-05,4.77354E-06,2.00991E-06
7,4,2.3973,2.39547,0,0,0,0,0,2.04446,0.199557,0.1093,0.0245184,0.0176312,0,0,0,0.852168,0.0182604,0.00771977,0.000993112,0.000418152
7,5,2.4292,2.42317,0,0,0,0,0,0.000299164,1.12906,0.986316,0.183222,0.124272,0,0,0,0,0,0,0,0
7,6,2.49604,2.48574,0,0,0,0,0,1.0133E-15,0.00103077,1.46983,0.649059,0.36582,0,0,0,0,0,0,0,0
7,7,2.66958,2.65231,0,0,0,0,0,0,7.81715E-10,0.0539272,1.38958,1.2088,0,0,0,0,0,0,0,0
7,8,3.45534,3.42112,0,0,0,0,0,0,9.11418E-11,0.00412463,0.262709,3.15428,0,0,0,0,0,0,0,0
8,1,0.550028,0.550017,0,0,0.360417,0.186375,0.00317263,5.21493E-05,2.38763E-07,1.57406E-07,3.53722E-08,2.82942E-08,0.167594,0.0843481,0.000217358,4.53393E-07,2.47197E-10,1.04505E-10,1.34441E-11,5.66065E-12
8,2,1.57157,1.57154,0,0,0,1.30021,0.267164,0.00413365,1.89257E-05,1.24769E-05,2.8038E-06,2.24276E-06,0,0.609975,0.11027,0.000239985,1.30843E-07,5.53152E-08,7.11605E-09,2.99623E-09
8,3,2.35866,2.35849,0,0,0,0,1.97596,0.379371,0.00163777,0.00107971,0.000242632,0.000194082,0,0,0.92685,0.154285,8.77169E-05,3.70832E-05,4.77058E-06,2.00866E-06
8,4,2.39729,2.39547,0,0,0,0,0,2.04479,0.199361,0.109202,0.0244966,0.0176162,0,0,0,0.852427,0.0182531,0.00771668,0.000992715,0.000417985
8,5,2.4292,2.42317,0,0,0,0,0,0.000299248,1.12912,0.986261,0.183216,0.124268,0,0,0,0,0,0,0,0
8,6,2.49597,2.48568,0,0,0,0,0,1.0153E-15,0.0010328,1.47078,0.648311,0.365557,0,0,0,0,0,0,0,0
8,7,2.66944,2.65218,0,0,0,0,0,0,7.83745E-10,0.0541049,1.39014,1.20793,0,0,0,0,0,0,0,0
8,8,3.45515,3.42094,0,0,0,0,0,0,9.11591E-11,0.00412543,0.262788,3.15402,0,0,0,0,0,0,0,0
9,1,0.549956,0.549945,0,0,0.360429,0.186291,0.00317135,5.21283E-05,2.38666E-07,1.57343E-07,3.5358E-08,2.82828E-08,0.167604,0.0843053,0.000217243,4.53153E-07,2.47066E-10,1.04449E-10,1.34369E-11,5.65765E-12
9,2,1.57142,1.5714,0,0,0,1.30017,0.267052,0.00413196,0.000018918,1.24718E-05,2.80266E-06,2.24185E-06,0,0.60996,0.110218,0.000239869,1.3078E-07,5.52886E-08,7.11263E-09,2.99479E-09
9,3,2.35865,2.35848,0,0,0,0,1.97607,0.379259,0.0016373,0.0010794,0.000242563,0.000194026,0,0,0.926899,0.154232,8.76862E-05,3.70702E-05,4.76891E-06,2.00796E-06
9,4,2.39729,2.39547,0,0,0,0,0,2.0449,0.199293,0.109168,0.0244889,0.0176108,0,0,0,0.852518,0.0182502,0.00771543,0.000992554,0.000417917
9,5,2.4292,2.42317,0,0,0,0,0,0.000299273,1.12914,0.986246,0.183214,0.124267,0,0,0,0,0,0,0,0
9,6,2.49594,2.48565,0,0,0,0,0,1.01597E-15,0.00103348,1.47112,0.648033,0.36546,0,0,0,0,0,0,0,0
9,7,2.66938,2.65212,0,0,0,0,0,0,7.84614E-10,0.0541811,1.39038,1.20755,0,0,0,0,0,0,0,0
9,8,3.45507,3.42085,0,0,0,0,0,0,9.1167E-11,0.00412579,0.262823,3.1539,0,0,0,0,0,0,0,0
10,1,0.549897,0.549887,0,0,0.360429,0.186234,0.00317045,5.21134E-05,2.38598E-07,1.57298E-07,3.53479E-08,2.82748E-08,0.167606,0.0842761,0.000217165,4.5299E-07,2.46977E-10,1.04412E-10,1.34321E-11,5.65562E-12
10,2,1.57135,1.57133,0,0,0,1.30016,0.267,0.00413117,1.89144E-05,1.24695E-05,2.80213E-06,2.24142E-06,0,0.609953,0.110193,0.000239816,1.30751E-07,5.52763E-08,7.11104E-09,2.99412E-09
10,3,2.35865,2.35848,0,0,0,0,1.9761,0.379224,0.00163715,0.00107931,0.000242541,0.000194008,0,0,0.926915,0.154215,8.76766E-05,3.70661E-05,4.76839E-06,2.00774E-06
10,4,2.39729,2.39547,0,0,0,0,0,2.04489,0.199301,0.109172,0.0244897,0.0176114,0,0,0,0.852508,0.0182501,0.00771538,0.000992548,0.000417915
10,5,2.4292,2.42317,0,0,0,0,0,0.000299263,1.12913,0.986252,0.183215,0.124267,0,0,0,0,0,0,0,0
10,6,2.49594,2.48565,0,0,0,0,0,1.01592E-15,0.00103343,1.47114,0.648022,0.365458,0,0,0,0,0,0,0,0
10,7,2.66937,2.65211,0,0,0,0,0,0,7.84767E-10,0.0541944,1.39043,1.20749,0,0,0,0,0,0,0,0
10,8,3.45505,3.42083,0,0,0,0,0,0,9.11688E-11,0.00412587,0.262831,3.15387,0,0,0,0,0,0,0,0
11,1,0.549857,0.549847,0,0,0.360413,0.18621,0.00317004,5.21067E-05,2.38568E-07,1.57278E-07,3.53434E-08,2.82711E-08,0.167599,0.0842645,0.000217135,4.52928E-07,2.46944E-10,1.04398E-10,1.34303E-11,5.65485E-12
11,2,1.57139,1.57136,0,0,0,1.30017,0.267029,0.00413161,1.89163E-05,1.24708E-05,2.80242E-06,2.24166E-06,0,0.609956,0.110207,0.000239845,1.30767E-07,5.52831E-08,7.11192E-09,2.99449E-09
11,3,2.35865,2.35848,0,0,0,0,1.97605,0.379271,0.00163735,0.00107944,0.00024257,0.000194032,0,0,0.926894,0.154238,8.76896E-05,3.70716E-05,4.76909E-06,2.00804E-06
11,4,2.39729,2.39547,0,0,0,0,0,2.04478,0.199365,0.109203,0.0244968,0.0176163,0,0,0,0.852424,0.0182523,0.00771633,0.00099267,0.000417966
11,5,2.4292,2.42317,0,0,0,0,0,0.000299234,1.12911,0.986272,0.183217,0.124269,0,0,0,0,0,0,0,0
11,6,2.49596,2.48566,0,0,0,0,0,1.01549E-15,0.00103299,1.47097,0.648153,0.365506,0,0,0,0,0,0,0,0
11,7,2.66939,2.65213,0,0,0,0,0,0,7.84517E-10,0.0541725,1.39036,1.20759,0,0,0,0,0,0,0,0
11,8,3.45506,3.42085,0,0,0,0,0,0,9.1167E-11,0.00412579,0.262823,3.1539,0,0,0,0,0,0,0,0
12,1,0.549822,0.549812,0,0,0.360383,0.186206,0.00316991,5.21046E-05,2.38558E-07,1.57271E-07,3.53419E-08,2.827E-08,0.167584,0.0842635,0.000217135,4.52928E-07,2.46943E-10,1.04398E-10,1.34303E-11,5.65485E-12
12,2,1.57151,1.57148,0,0,0,1.30019,0.267122,0.00413301,1.89227E-05,0.000012475,2.80337E-06,2.24242E-06,0,0.609967,0.110251,0.000239941,1.3082E-07,5.53053E-08,7.11477E-09,2.99569E-09
12,3,2.35866,2.35849,0,0,0,0,1.97595,0.379386,0.00163783,0.00107975,0.000242641,0.000194089,0,0,0.926842,0.154293,8.77215E-05,3.70851E-05,4.77083E-06,2.00877E-06
12,4,2.3973,2.39547,0,0,0,0,0,2.04461,0.199469,0.109255,0.0245084,0.0176243,0,0,0,0.852287,0.0182563,0.00771802,0.000992888,0.000418058
12,5,2.4292,2.42317,0,0,0,0,0,0.000299192,1.12908,0.986299,0.18322,0.124271,0,0,0,0,0,0,0,0
12,6,2.49598,2.48568,0,0,0,0,0,1.01486E-15,0.00103235,1.47072,0.648353,0.365578,0,0,0,0,0,0,0,0
12,7,2.66942,2.65216,0,0,0,0,0,0,7.84074E-10,0.0541337,1.39024,1.20778,0,0,0,0,0,0,0,0
12,8,3.4551,3.42088,0,0,0,0,0,0,9.11635E-11,0.00412563,0.262807,3.15395,0,0,0,0,0,0,0,0
13,1,0.549778,0.549768,0,0,0.360341,0.186204,0.00316978,5.21024E-05,2.38548E-07,1.57265E-07,3.53404E-08,2.82688E-08,0.167564,0.0842637,0.000217139,4.52937E-07,2.46948E-10,1.044E-10,1.34305E-11,5.65496E-12
13,2,1.57167,1.57164,0,0,0,1.30022,0.267247,0.00413489,1.89314E-05,1.24807E-05,2.80465E-06,2.24344E-06,0,0.609982,0.110309,0.000240071,1.3089E-07,5.53351E-08,7.11861E-09,2.9973E-09
13,3,2.35867,2.3585,0,0,0,0,1.9758,0.37954,0.00163848,0.00108018,0.000242737,0.000194165,0,0,0.926774,0.154367,8.77639E-05,3.71031E-05,4.77314E-06,2.00974E-06
13,4,2.3973,2.39547,0,0,0,0,0,2.0444,0.199593,0.109317,0.0245223,0.0176339,0,0,0,0.852122,0.0182612,0.00772011,0.000993156,0.000418171
13,5,2.42921,2.42317,0,0,0,0,0,0.000299146,1.12904,0.98633,0.183224,0.124273,0,0,0,0,0,0,0,0
13,6,2.496,2.4857,0,0,0,0,0,1.01419E-15,0.00103167,1.47044,0.648572,0.365656,0,0,0,0,0,0,0,0
13,7,2.66945,2.65219,0,0,0,0,0,0,7.83571E-10,0.0540896,1.3901,1.208,0,0,0,0,0,0,0,0
13,8,3.45514,3.42093,0,0,0,0,0,0,9.11593E-11,0.00412544,0.262789,3.15401,0,0,0,0,0,0,0,0
14,1,0.549713,0.549702,0,0,0.360291,0.186189,0.00316943,5.20966E-05,2.38522E-07,1.57248E-07,3.53365E-08,2.82657E-08,0.16754,0.0842575,0.000217128,4.52912E-07,2.46935E-10,1.04394E-10,1.34298E-11,5.65465E-12
14,2,1.57183,1.57181,0,0,0,1.30026,0.267375,0.00413682,1.89402E-05,1.24865E-05,2.80595E-06,2.24448E-06,0,0.609998,0.11037,0.000240203,1.30962E-07,5.53656E-08,7.12253E-09,2.99896E-09
14,3,2.35869,2.35851,0,0,0,0,1.97565,0.379701,0.00163915,0.00108063,0.000242837,0.000194245,0,0,0.926702,0.154444,8.78083E-05,3.71218E-05,4.77555E-06,2.01076E-06
14,4,2.3973,2.39548,0,0,0,0,0,2.0442,0.199716,0.109379,0.0245361,0.0176434,0,0,0,0.85196,0.0182662,0.0077222,0.000993426,0.000418284
14,5,2.42921,2.42317,0,0,0,0,0,0.000299103,1.12901,0.986358,0.183227,0.124275,0,0,0,0,0,0,0,0
14,6,2.49602,2.48572,0,0,0,0,0,1.01356E-15,0.00103103,1.47018,0.648779,0.36573,0,0,0,0,0,0,0,0
14,7,2.66948,2.65222,0,0,0,0,0,0,7.83077E-10,0.0540463,1.38996,1.20821,0,0,0,0,0,0,0,0
14,8,3.45519,3.42097,0,0,0,0,0,0,9.11551E-11,0.00412525,0.26277,3.15408,0,0,0,0,0,0,0,0
15,1,0.549626,0.549616,0,0,0.360235,0.186159,0.00316883,5.20867E-05,2.38476E-07,1.57218E-07,3.53298E-08,2.82603E-08,0.167514,0.0842438,0.000217096,4.52846E-07,2.46899E-10,1.04379E-10,1.34278E-11,5.65382E-12
15,2,1.57198,1.57196,0,0,0,1.30029,0.267492,0.00413858,1.89483E-05,1.24918E-05,2.80715E-06,2.24544E-06,0,0.610012,0.110425,0.000240324,1.31028E-07,5.53935E-08,7.12613E-09,3.00047E-09
15,3,2.3587,2.35852,0,0,0,0,1.97552,0.379848,0.00163977,0.00108103,0.000242928,0.000194319,0,0,0.926637,0.154515,8.78489E-05,0.000037139,4.77776E-06,2.01169E-06
15,4,2.39731,2.39548,0,0,0,0,0,2.04403,0.19982,0.109431,0.0245478,0.0176515,0,0,0,0.851821,0.0182705,0.00772403,0.000993661,0.000418384
15,5,2.42921,2.42317,0,0,0,0,0,0.000299069,1.12898,0.98638,0.183229,0.124277,0,0,0,0,0,0,0,0
15,6,2.49604,2.48574,0,0,0,0,0,1.01302E-15,0.00103048,1.46994,0.648969,0.365797,0,0,0,0,0,0,0,0
15,7,2.66952,2.65226,0,0,0,0,0,0,7.82581E-10,0.054003,1.38982,1.20843,0,0,0,0,0,0,0,0
15,8,3.45524,3.42102,0,0,0,0,0,0,9.11507E-11,0.00412504,0.26275,3.15414,0,0,0,0,0,0,0,0
16,1,0.549529,0.549519,0,0,0.360176,0.186122,0.0031681,5.20748E-05,2.38422E-07,1.57182E-07,3.53217E-08,2.82539E-08,0.167487,0.0842265,0.000217055,4.52761E-07,2.46852E-10,1.04359E-10,1.34253E-11,5.65276E-12
16,2,1.57212,1.5721,0,0,0,1.30032,0.267598,0.00414016,1.89555E-05,1.24966E-05,2.80822E-06,2.2463E-06,0,0.610024,0.110474,0.000240433,1.31088E-07,5.54186E-08,7.12935E-09,3.00183E-09
16,3,2.35871,2.35853,0,0,0,0,1.9754,0.379975,0.0016403,0.00108138,0.000243007,0.000194382,0,0,0.926581,0.154576,8.78839E-05,3.71538E-05,4.77966E-06,2.01249E-06
16,4,2.39731,2.39548,0,0,0,0,0,2.04388,0.199907,0.109474,0.0245576,0.0176583,0,0,0,0.851706,0.0182742,0.00772558,0.00099386,0.000418468
16,5,2.42921,2.42317,0,0,0,0,0,0.000299039,1.12896,0.9864,0.183231,0.124278,0,0,0,0,0,0,0,0
16,6,2.49606,2.48576,0,0,0,0,0,1.01245E-15,0.0010299,1.46967,0.649186,0.365874,0,0,0,0,0,0,0,0
16,7,2.66956,2.6523,0,0,0,0,0,0,7.81956E-10,0.0539482,1.38965,1.2087,0,0,0,0,0,0,0,0
16,8,3.4553,3.42108,0,0,0,0,0,0,9.1145E-11,0.00412478,0.262724,3.15423,0,0,0,0,0,0,0,0
17,1,0.549427,0.549417,0,0,0.360116,0.18608,0.00316731,5.20618E-05,2.38362E-07,1.57143E-07,3.53129E-08,2.82468E-08,0.16746,0.0842071,0.000217009,4.52664E-07,2.46799E-10,1.04337E-10,1.34224E-11,5.65155E-12
17,2,1.57223,1.57221,0,0,0,1.30034,0.267685,0.00414148,1.89616E-05,1.25006E-05,2.80912E-06,2.24702E-06,0,0.610035,0.110515,0.000240524,1.31137E-07,5.54395E-08,7.13204E-09,3.00296E-09
17,3,2.35872,2.35854,0,0,0,0,1.97529,0.380094,0.0016408,0.00108171,0.000243081,0.000194441,0,0,0.926528,0.154633,8.79166E-05,3.71676E-05,4.78144E-06,2.01324E-06
17,4,2.39731,2.39548,0,0,0,0,0,2.04371,0.20001,0.109526,0.0245691,0.0176662,0,0,0,0.85157,0.0182782,0.0077273,0.000994081,0.00041856
17,5,2.42921,2.42317,0,0,0,0,0,0.000298995,1.12893,0.986428,0.183235,0.124281,0,0,0,0,0,0,0,0
17,6,2.49609,2.48579,0,0,0,0,0,1.0115E-15,0.00102893,1.46921,0.649553,0.366002,0,0,0,0,0,0,0,0
17,7,2.66963,2.65237,0,0,0,0,0,0,7.80931E-10,0.0538584,1.38937,1.20914,0,0,0,0,0,0,0,0
17,8,3.4554,3.42118,0,0,0,0,0,0,9.1136E-11,0.00412437,0.262683,3.15437,0,0,0,0,0,0,0,0
18,1,0.549282,0.549272,0,0,0.360056,0.185997,0.00316586,0.000052038,2.38253E-07,1.5707E-07,3.52967E-08,2.82338E-08,0.167434,0.0841662,0.000216905,4.52447E-07,2.46681E-10,1.04287E-10,1.3416E-11,5.64884E-12
18,2,1.57232,1.57229,0,0,0,1.30036,0.267753,0.0041425,1.89662E-05,1.25037E-05,2.80981E-06,2.24757E-06,0,0.610041,0.110547,0.000240595,1.31176E-07,5.54558E-08,7.13414E-09,3.00384E-09
18,3,2.35873,2.35856,0,0,0,0,1.97513,0.380266,0.00164152,0.00108219,0.000243188,0.000194526,0,0,0.92645,0.154716,8.79644E-05,3.71878E-05,4.78404E-06,2.01433E-06
18,4,2.39732,2.39549,0,0,0,0,0,2.04336,0.200219,0.109629,0.0245923,0.0176822,0,0,0,0.851295,0.0182857,0.00773045,0.000994486,0.000418731
18,5,2.42921,2.42317,0,0,0,0,0,0.0002989,1.12886,0.986491,0.183241,0.124285,0,0,0,0,0,0,0,0
18,6,2.49616,2.48586,0,0,0,0,0,1.00952E-15,0.00102691,1.4683,0.650273,0.366256,0,0,0,0,0,0,0,0
18,7,2.66976,2.65249,0,0,0,0,0,0,7.79127E-10,0.0537005,1.38887,1.20992,0,0,0,0,0,0,0,0
18,8,3.45556,3.42133,0,0,0,0,0,0,9.11208E-11,0.00412367,0.262615,3.1546,0,0,0,0,0,0,0,0
19,1,0.549131,0.549121,0,0,0.359985,0.185918,0.00316445,5.20149E-05,2.38147E-07,1.57001E-07,3.52811E-08,2.82213E-08,0.167403,0.084128,0.000216809,4.52248E-07,2.46573E-10,1.04241E-10,1.34101E-11,5.64636E-12
19,2,1.57254,1.57251,0,0,0,1.3004,0.267936,0.00414523,1.89787E-05,1.25119E-05,2.81166E-06,2.24905E-06,0,0.610056,0.110633,0.000240785,1.31279E-07,5.54997E-08,7.13978E-09,3.00622E-09
19,3,2.35876,2.35859,0,0,0,0,1.97474,0.380685,0.00164327,0.00108334,0.000243448,0.000194734,0,0,0.926262,0.154919,8.80808E-05,0.000037237,4.79037E-06,0.000002017
19,4,2.39733,2.3955,0,0,0,0,0,2.04257,0.200695,0.109865,0.0246453,0.0177187,0,0,0,0.850668,0.0183028,0.00773769,0.000995418,0.000419124
19,5,2.42921,2.42317,0,0,0,0,0,0.000298697,1.1287,0.986624,0.183256,0.124295,0,0,0,0,0,0,0,0
19,6,2.49629,2.48598,0,0,0,0,0,1.00579E-15,0.00102312,1.46666,0.651572,0.366718,0,0,0,0,0,0,0,0
19,7,2.66996,2.65268,0,0,0,0,0,0,7.76166E-10,0.053441,1.38805,1.21119,0,0,0,0,0,0,0,0
19,8,3.45581,3.42158,0,0,0,0,0,0,9.10969E-11,0.00412258,0.262507,3.15495,0,0,0,0,0,0,0,0
20,1,0.549119,0.549108,0,0,0.359872,0.186018,0.00316574,5.20361E-05,2.38244E-07,1.57065E-07,3.52955E-08,2.82328E-08,0.167344,0.0841811,0.000216962,4.52567E-07,2.46746E-10,1.04314E-10,1.34196E-11,5.65033E-12
20,2,1.57336,1.57334,0,0,0,1.30056,0.268587,0.00415502,1.90235E-05,1.25414E-05,2.8183E-06,2.25436E-06,0,0.610126,0.11094,0.000241461,1.31648E-07,5.56555E-08,7.15982E-09,3.01466E-09
20,3,2.35884,2.35867,0,0,0,0,1.97376,0.38173,0.00164765,0.00108623,0.000244096,0.000195253,0,0,0.925795,0.155422,8.83697E-05,3.73591E-05,4.80608E-06,2.02361E-06
20,4,2.39736,2.39552,0,0,0,0,0,2.04096,0.201667,0.11035,0.0247538,0.0177937,0,0,0,0.849385,0.0183395,0.00775319,0.000997412,0.000419963
20,5,2.42922,2.42318,0,0,0,0,0,0.000298329,1.12842,0.986864,0.183283,0.124313,0,0,0,0,0,0,0,0
20,6,2.49649,2.48617,0,0,0,0,0,9.99759E-16,0.00101699,1.46407,0.653626,0.36745,0,0,0,0,0,0,0,0
20,7,2.67025,2.65297,0,0,0,0,0,0,7.71874E-10,0.0530651,1.38686,1.21304,0,0,0,0,0,0,0,0
20,8,3.45616,3.42192,0,0,0,0,0,0,9.10632E-11,0.00412103,0.262355,3.15545,0,0,0,0,0,0,0,0
21,1,0.54945,0.54944,0,0,0.359668,0.186545,0.00317353,5.21641E-05,2.3883E-07,1.57451E-07,3.53823E-08,2.83023E-08,0.167223,0.0844539,0.00021771,4.54127E-07,2.47597E-10,1.04674E-10,1.34658E-11,5.66981E-12
21,2,1.57551,1.57549,0,0,0,1.301,0.270272,0.00418034,1.91395E-05,1.26179E-05,2.83547E-06,2.2681E-06,0,0.610318,0.111732,0.000243204,1.32599E-07,5.60573E-08,7.21152E-09,3.03642E-09
21,3,2.35901,2.35884,0,0,0,0,1.97176,0.383888,0.0016567,0.0010922,0.000245437,0.000196325,0,0,0.924834,0.156459,8.89657E-05,3.76111E-05,4.8385E-06,2.03726E-06
21,4,2.39741,2.39557,0,0,0,0,0,2.03818,0.203334,0.111183,0.0249406,0.0179228,0,0,0,0.847177,0.0184056,0.00778113,0.00100101,0.000421476
21,5,2.42922,2.42319,0,0,0,0,0,0.000297793,1.12801,0.987214,0.183322,0.12434,0,0,0,0,0,0,0,0
21,6,2.49676,2.48642,0,0,0,0,0,9.9152E-16,0.00100861,1.46057,0.6564,0.36844,0,0,0,0,0,0,0,0
21,7,2.67061,2.65332,0,0,0,0,0,0,7.66592E-10,0.0526024,1.3854,1.21531,0,0,0,0,0,0,0,0
21,8,3.45659,3.42234,0,0,0,0,0,0,9.10221E-11,0.00411915,0.262169,3.15605,0,0,0,0,0,0,0,0
22,1,0.550497,0.550487,0,0,0.359319,0.18792,0.00319428,5.25051E-05,2.40392E-07,1.5848E-07,3.56136E-08,2.84873E-08,0.166994,0.0851609,0.000219631,4.58135E-07,2.49782E-10,1.05598E-10,1.35847E-11,5.71986E-12
22,2,1.57975,1.57973,0,0,0,1.3019,0.273565,0.00422987,1.93662E-05,1.27674E-05,2.86907E-06,2.29497E-06,0,0.610715,0.113277,0.000246605,1.34453E-07,5.68411E-08,7.31235E-09,3.07888E-09
22,3,2.35928,2.35911,0,0,0,0,1.96859,0.387303,0.00167103,0.00110164,0.000247559,0.000198023,0,0,0.923317,0.158099,8.99074E-05,3.80092E-05,4.88971E-06,2.05882E-06
22,4,2.39748,2.39562,0,0,0,0,0,2.03456,0.205507,0.112276,0.0251857,0.0180923,0,0,0,0.844283,0.0184982,0.0078203,0.00100605,0.000423598
22,5,2.42923,2.42319,0,0,0,0,0,0.000297231,1.12757,0.987592,0.183364,0.124368,0,0,0,0,0,0,0,0
22,6,2.49705,2.4867,0,0,0,0,0,9.82673E-16,0.000999607,1.45681,0.659383,0.369505,0,0,0,0,0,0,0,0
22,7,2.67097,2.65366,0,0,0,0,0,0,7.61402E-10,0.0521478,1.38397,1.21754,0,0,0,0,0,0,0,0
22,8,3.45705,3.42279,0,0,0,0,0,0,9.09799E-11,0.00411721,0.261979,3.1567,0,0,0,0,0,0,0,0
23,1,0.552578,0.552568,0,0,0.358898,0.190384,0.00323197,5.31247E-05,2.43228E-07,1.60351E-07,3.60338E-08,2.88234E-08,0.16668,0.0864255,0.000223048,4.65261E-07,2.53667E-10,1.0724E-10,1.3796E-11,5.80882E-12
23,2,1.58498,1.58496,0,0,0,1.30306,0.277563,0.00429007,1.96419E-05,1.29491E-05,2.9099E-06,2.32763E-06,0,0.611234,0.115149,0.000250722,1.36697E-07,5.77901E-08,7.43444E-09,3.13029E-09
23,3,2.35955,2.35937,0,0,0,0,1.96555,0.390573,0.00168474,0.00111068,0.000249591,0.000199648,0,0,0.921866,0.159668,9.08083E-05,3.83901E-05,4.93871E-06,2.07946E-06
23,4,2.39753,2.39567,0,0,0,0,0,2.03173,0.207193,0.113134,0.025378,0.0182258,0,0,0,0.842015,0.0185794,0.00785463,0.00101046,0.000425457
23,5,2.42924,2.4232,0,0,0,0,0,0.000296899,1.12728,0.987841,0.183391,0.124387,0,0,0,0,0,0,0,0
23,6,2.49725,2.48689,0,0,0,0,0,9.76519E-16,0.000993347,1.45416,0.661481,0.370253,0,0,0,0,0,0,0,0
23,7,2.6712,2.65389,0,0,0,0,0,0,7.57995E-10,0.0518494,1.38302,1.21901,0,0,0,0,0,0,0,0
23,8,3.45748,3.42322,0,0,0,0,0,0,9.09469E-11,0.0041157,0.261831,3.15728,0,0,0,0,0,0,0,0
24,1,0.553922,0.553911,0,0,0.359154,0.191454,0.00324934,5.34101E-05,2.44535E-07,1.61212E-07,3.62274E-08,2.89783E-08,0.16676,0.0869602,0.000224455,4.68196E-07,2.55268E-10,1.07917E-10,1.3883E-11,5.84547E-12
24,2,1.58645,1.58642,0,0,0,1.30333,0.278749,0.00430785,1.97233E-05,1.30027E-05,2.92196E-06,2.33728E-06,0,0.611347,0.115709,0.000251956,1.3737E-07,5.80745E-08,7.47103E-09,3.14569E-09
24,3,2.35969,2.35952,0,0,0,0,1.96372,0.392538,0.00169297,0.0011161,0.00025081,0.000200623,0,0,0.920983,0.160617,9.13538E-05,3.86207E-05,4.96838E-06,2.09195E-06
24,4,2.39759,2.39571,0,0,0,0,0,2.02848,0.209153,0.114108,0.0255963,0.0183763,0,0,0,0.839426,0.0186508,0.00788478,0.00101434,0.000427091
24,5,2.42925,2.42321,0,0,0,0,0,0.000296203,1.12675,0.988302,0.183442,0.124421,0,0,0,0,0,0,0,0
24,6,2.49807,2.48767,0,0,0,0,0,9.54901E-16,0.000971356,1.4433,0.67013,0.37327,0,0,0,0,0,0,0,0
24,7,2.67219,2.65484,0,0,0,0,0,0,7.4368E-10,0.050596,1.37905,1.22519,0,0,0,0,0,0,0,0
24,8,3.45867,3.42438,0,0,0,0,0,0,9.08372E-11,0.00411067,0.261336,3.15893,0,0,0,0,0,0,0,0
25,1,0.551283,0.551273,0,0,0.359997,0.188025,0.00319759,5.25595E-05,2.40641E-07,1.58645E-07,3.56505E-08,2.85168E-08,0.167314,0.0852015,0.000219674,4.58223E-07,2.4983E-10,1.05618E-10,1.35873E-11,5.72096E-12
25,2,1.57619,1.57617,0,0,0,1.30109,0.27085,0.00418895,1.91789E-05,1.26439E-05,2.84132E-06,2.27277E-06,0,0.610354,0.112007,0.000243811,1.32929E-07,5.61971E-08,7.22951E-09,3.044E-09
25,3,2.35916,2.35898,0,0,0,0,1.96997,0.3858,0.00166471,0.00109747,0.000246623,0.000197274,0,0,0.923977,0.157382,8.94959E-05,3.78353E-05,4.86733E-06,2.0494E-06
25,4,2.39749,2.39563,0,0,0,0,0,2.03392,0.205918,0.112449,0.0252243,0.0181175,0,0,0,0.84379,0.0184771,0.00781137,0.0010049,0.000423114
25,5,2.42924,2.4232,0,0,0,0,0,0.000296817,1.12738,0.987753,0.183384,0.124382,0,0,0,0,0,0,0,0
25,6,2.4976,2.48722,0,0,0,0,0,9.68734E-16,0.000985428,1.44948,0.665223,0.371529,0,0,0,0,0,0,0,0
25,7,2.67174,2.6544,0,0,0,0,0,0,7.50233E-10,0.0511698,1.38086,1.22236,0,0,0,0,0,0,0,0
25,8,3.45769,3.42343,0,0,0,0,0,0,9.09074E-11,0.00411388,0.26165,3.15766,0,0,0,0,0,0,0,0
26,1,0.546916,0.546905,0,0,0.36094,0.182796,0.00311776,5.12473E-05,2.34633E-07,1.54684E-07,3.47604E-08,2.78049E-08,0.168,0.0825203,0.000212423,4.43099E-07,2.41584E-10,1.02132E-10,1.31388E-11,5.53213E-12
26,2,1.5626,1.56258,0,0,0,1.29789,0.260615,0.00403462,1.84723E-05,0.000012178,2.73663E-06,2.18903E-06,0,0.608916,0.107226,0.000233301,1.27199E-07,5.37746E-08,6.91786E-09,2.91278E-09
26,3,2.35846,2.35829,0,0,0,0,1.97815,0.376998,0.00162779,0.00107313,0.000241154,0.000192899,0,0,0.927891,0.153153,8.70675E-05,3.68086E-05,4.73526E-06,1.99379E-06
26,4,2.39736,2.39553,0,0,0,0,0,2.04002,0.202335,0.110555,0.0247996,0.0178184,0,0,0,0.848612,0.0181975,0.00769318,0.000989692,0.000416712
26,5,2.42921,2.42318,0,0,0,0,0,0.000297771,1.12876,0.986556,0.183262,0.1243,0,0,0,0,0,0,0,0
26,6,2.49685,2.48651,0,0,0,0,0,9.91106E-16,0.00100819,1.45924,0.657488,0.368772,0,0,0,0,0,0,0,0
26,7,2.67093,2.65362,0,0,0,0,0,0,7.62087E-10,0.0522085,1.38413,1.21728,0,0,0,0,0,0,0,0
26,8,3.45406,3.41986,0,0,0,0,0,0,9.10944E-11,0.00412245,0.262485,3.15325,0,0,0,0,0,0,0,0
27,1,0.545502,0.545492,0,0,0.361331,0.181018,0.0030908,5.08043E-05,2.32605E-07,1.53347E-07,3.44599E-08,2.75645E-08,0.168266,0.0816082,0.000209949,4.37938E-07,2.38771E-10,1.00943E-10,1.29858E-11,5.4677E-12
27,2,1.55612,1.5561,0,0,0,1.29642,0.255682,0.0039603,0.000018132,1.19537E-05,2.68622E-06,2.14871E-06,0,0.608258,0.104918,0.000228225,1.24432E-07,5.26047E-08,6.76735E-09,2.84941E-09
27,3,2.35803,2.35786,0,0,0,0,1.98308,0.371684,0.00160549,0.00105843,0.00023785,0.000190256,0,0,0.930247,0.150604,8.56039E-05,3.61899E-05,4.65566E-06,1.96028E-06
27,4,2.39726,2.39544,0,0,0,0,0,2.04573,0.198923,0.108821,0.0244108,0.0175486,0,0,0,0.853186,0.0180324,0.00762338,0.000980712,0.000412931
27,5,2.4292,2.42316,0,0,0,0,0,0.000298626,1.12954,0.985881,0.18319,0.12425,0,0,0,0,0,0,0,0
27,6,2.49623,2.48593,0,0,0,0,0,1.00921E-15,0.0010266,1.46722,0.651153,0.366521,0,0,0,0,0,0,0,0
27,7,2.67008,2.6528,0,0,0,0,0,0,7.74386E-10,0.0532858,1.38753,1.21198,0,0,0,0,0,0,0,0
27,8,3.45279,3.41861,0,0,0,0,0,0,9.12081E-11,0.00412766,0.262996,3.15149,0,0,0,0,0,0,0,0
28,1,0.545058,0.545047,0,0,0.361493,0.180421,0.00308182,5.06566E-05,2.31928E-07,1.52901E-07,3.43598E-08,2.74844E-08,0.168371,0.0813009,0.000209113,4.36194E-07,2.3782E-10,1.00541E-10,1.29341E-11,5.44592E-12
28,2,1.5536,1.55358,0,0,0,1.29587,0.253744,0.00393113,1.79985E-05,1.18657E-05,2.66644E-06,2.13289E-06,0,0.608012,0.10401,0.000226228,1.23343E-07,5.21443E-08,6.70813E-09,2.82447E-09
28,3,2.35783,2.35766,0,0,0,0,1.98548,0.369108,0.00159468,0.00105131,0.000236249,0.000188976,0,0,0.931389,0.149368,8.48945E-05,0.00003589,4.61708E-06,1.94403E-06
28,4,2.39719,2.39538,0,0,0,0,0,2.04935,0.196748,0.107734,0.0241673,0.0173804,0,0,0,0.856069,0.0179487,0.00758799,0.00097616,0.000411015
28,5,2.42919,2.42315,0,0,0,0,0,0.000299305,1.13005,0.985446,0.183141,0.124217,0,0,0,0,0,0,0,0
28,6,2.49582,2.48553,0,0,0,0,0,1.02161E-15,0.00103922,1.47262,0.646872,0.364998,0,0,0,0,0,0,0,0
28,7,2.66941,2.65215,0,0,0,0,0,0,7.84205E-10,0.054146,1.39024,1.20776,0,0,0,0,0,0,0,0
28,8,3.45217,3.41801,0,0,0,0,0,0,9.12803E-11,0.00413097,0.263323,3.15056,0,0,0,0,0,0,0,0
29,1,0.54496,0.54495,0,0,0.36156,0.180258,0.00307943,5.06173E-05,2.31748E-07,1.52782E-07,3.43331E-08,2.7463E-08,0.16841,0.0812166,0.000208881,4.35711E-07,2.37556E-10,1.00429E-10,1.29198E-11,5.43989E-12
29,2,1.55275,1.55272,0,0,0,1.29569,0.253078,0.00392112,1.79526E-05,1.18354E-05,2.65965E-06,2.12745E-06,0,0.607934,0.103697,0.000225539,1.22967E-07,5.19856E-08,6.68771E-09,2.81587E-09
29,3,2.35774,2.35757,0,0,0,0,1.98652,0.367983,0.00158996,0.0010482,0.00023555,0.000188416,0,0,0.93189,0.148828,8.45841E-05,3.57588E-05,4.6002E-06,1.93692E-06
29,4,2.39716,2.39536,0,0,0,0,0,2.05128,0.195586,0.107159,0.0240382,0.0172915,0,0,0,0.857599,0.0179092,0.0075713,0.000974012,0.00041011
29,5,2.42918,2.42315,0,0,0,0,0,0.000299739,1.13037,0.985176,0.183111,0.124197,0,0,0,0,0,0,0,0
29,6,2.49556,2.48529,0,0,0,0,0,1.02941E-15,0.00104716,1.47595,0.644232,0.364056,0,0,0,0,0,0,0,0
29,7,2.66895,2.65171,0,0,0,0,0,0,7.90873E-10,0.0547302,1.39208,1.2049,0,0,0,0,0,0,0,0
29,8,3.45176,3.41761,0,0,0,0,0,0,9.13284E-11,0.00413318,0.263541,3.14994,0,0,0,0,0,0,0,0
30,1,0.544979,0.544969,0,0,0.361591,0.180247,0.00307933,5.06156E-05,2.31741E-07,1.52777E-07,3.4332E-08,2.74621E-08,0.168426,0.0812103,0.000208862,4.3567E-07,2.37534E-10,1.0042E-10,1.29185E-11,5.43938E-12
30,2,1.55249,1.55246,0,0,0,1.29564,0.252869,0.00391799,1.79383E-05,0.000011826,2.65752E-06,2.12575E-06,0,0.607914,0.103599,0.000225322,1.22849E-07,5.19355E-08,6.68127E-09,2.81316E-09
30,3,2.3577,2.35753,0,0,0,0,1.98697,0.367502,0.00158795,0.00104687,0.000235252,0.000188178,0,0,0.932104,0.148597,8.44515E-05,3.57027E-05,4.59299E-06,1.93389E-06
30,4,2.39714,2.39534,0,0,0,0,0,2.05222,0.195018,0.106878,0.0239753,0.0172482,0,0,0,0.858348,0.0178918,0.00756395,0.000973066,0.000409712
30,5,2.42918,2.42315,0,0,0,0,0,0.000299968,1.13053,0.985031,0.183095,0.124186,0,0,0,0,0,0,0,0
30,6,2.49542,2.48515,0,0,0,0,0,1.03386E-15,0.00105168,1.47782,0.642749,0.363526,0,0,0,0,0,0,0,0
30,7,2.66868,2.65145,0,0,0,0,0,0,7.94857E-10,0.0550793,1.39318,1.20319,0,0,0,0,0,0,0,0
30,8,3.4515,3.41736,0,0,0,0,0,0,9.1358E-11,0.00413454,0.263675,3.14955,0,0,0,0,0,0,0,0
31,1,0.544934,0.544924,0,0,0.361613,0.180182,0.00307835,5.05995E-05,2.31667E-07,1.52729E-07,3.4321E-08,2.74534E-08,0.168439,0.0811763,0.000208769,4.35476E-07,2.37428E-10,1.00375E-10,1.29128E-11,5.43696E-12
31,2,1.55228,1.55226,0,0,0,1.2956,0.252711,0.0039156,1.79274E-05,1.18188E-05,2.65591E-06,2.12446E-06,0,0.607894,0.103525,0.000225159,1.2276E-07,5.18979E-08,6.67643E-09,2.81112E-09
31,3,2.35768,2.35751,0,0,0,0,1.98718,0.367271,0.00158698,0.00104623,0.000235108,0.000188063,0,0,0.932206,0.148486,8.43878E-05,3.56758E-05,4.58952E-06,1.93243E-06
31,4,2.39714,2.39534,0,0,0,0,0,2.05257,0.194804,0.106772,0.0239516,0.0172319,0,0,0,0.858628,0.0178842,0.00756071,0.00097265,0.000409537
31,5,2.42918,2.42314,0,0,0,0,0,0.000300062,1.1306,0.984974,0.183088,0.124181,0,0,0,0,0,0,0,0
31,6,2.49536,2.48509,0,0,0,0,0,1.03559E-15,0.00105344,1.47863,0.642112,0.363302,0,0,0,0,0,0,0,0
31,7,2.66854,2.65131,0,0,0,0,0,0,7.96938E-10,0.0552616,1.39375,1.20229,0,0,0,0,0,0,0,0
31,8,3.45132,3.41718,0,0,0,0,0,0,9.1376E-11,0.00413536,0.263756,3.14929,0,0,0,0,0,0,0,0
32,1,0.544815,0.544805,0,0,0.361629,0.180047,0.00307627,5.05654E-05,2.31511E-07,1.52626E-07,3.42979E-08,2.74349E-08,0.168453,0.0811072,0.000208583,4.35089E-07,2.37217E-10,1.00286E-10,1.29013E-11,5.43212E-12
32,2,1.55204,1.55201,0,0,0,1.29553,0.252529,0.00391287,1.79148E-05,1.18105E-05,2.65405E-06,2.12298E-06,0,0.607866,0.10344,0.000224973,1.22659E-07,5.18551E-08,6.67093E-09,2.80881E-09
32,3,2.35767,2.3575,0,0,0,0,1.9873,0.367147,0.00158646,0.00104589,0.00023503,0.000188001,0,0,0.93226,0.148427,8.43542E-05,3.56616E-05,4.5877E-06,1.93166E-06
32,4,2.39714,2.39534,0,0,0,0,0,2.05259,0.194794,0.106766,0.0239503,0.0172309,0,0,0,0.858641,0.0178813,0.00755948,0.000972492,0.00040947
32,5,2.42918,2.42314,0,0,0,0,0,0.000300075,1.1306,0.984973,0.183088,0.124181,0,0,0,0,0,0,0,0
32,6,2.49535,2.48509,0,0,0,0,0,1.03553E-15,0.00105338,1.47874,0.642019,0.363275,0,0,0,0,0,0,0,0
32,7,2.66848,2.65126,0,0,0,0,0,0,7.97765E-10,0.055334,1.39398,1.20193,0,0,0,0,0,0,0,0
32,8,3.45119,3.41704,0,0,0,0,0,0,9.13864E-11,0.00413584,0.263802,3.14911,0,0,0,0,0,0,0,0
33,1,0.544734,0.544724,0,0,0.361632,0.179966,0.003075,5.05444E-05,2.31415E-07,1.52562E-07,3.42837E-08,2.74235E-08,0.168458,0.0810655,0.000208471,4.34856E-07,2.3709E-10,1.00232E-10,1.28944E-11,5.42922E-12
33,2,1.55191,1.55189,0,0,0,1.2955,0.252438,0.00391148,1.79085E-05,1.18064E-05,2.65311E-06,2.12223E-06,0,0.607851,0.103398,0.00022488,1.22608E-07,5.18336E-08,6.66816E-09,2.80764E-09
33,3,2.35767,2.3575,0,0,0,0,1.98732,0.367119,0.00158634,0.00104581,0.000235013,0.000187987,0,0,0.932271,0.148414,8.43469E-05,3.56585E-05,4.5873E-06,1.93149E-06
33,4,2.39714,2.39534,0,0,0,0,0,2.05247,0.194872,0.106803,0.0239586,0.0172365,0,0,0,0.858541,0.0178822,0.00755986,0.000972541,0.000409491
33,5,2.42918,2.42315,0,0,0,0,0,0.000300044,1.13057,0.984997,0.183091,0.124183,0,0,0,0,0,0,0,0
33,6,2.49536,2.4851,0,0,0,0,0,1.03483E-15,0.00105266,1.47855,0.642166,0.363332,0,0,0,0,0,0,0,0
33,7,2.66848,2.65125,0,0,0,0,0,0,7.97797E-10,0.0553367,1.394,1.20192,0,0,0,0,0,0,0,0
33,8,3.45112,3.41698,0,0,0,0,0,0,9.13899E-11,0.004136,0.263818,3.14903,0,0,0,0,0,0,0,0
34,1,0.54469,0.54468,0,0,0.361617,0.179937,0.00307452,5.05366E-05,2.31379E-07,1.52539E-07,3.42784E-08,2.74193E-08,0.168452,0.0810517,0.000208436,4.34782E-07,2.3705E-10,1.00215E-10,1.28922E-11,5.42829E-12
34,2,1.55195,1.55193,0,0,0,1.29551,0.252468,0.00391194,1.79106E-05,1.18077E-05,2.65342E-06,2.12247E-06,0,0.607854,0.103412,0.000224911,1.22625E-07,5.18409E-08,6.6691E-09,2.80804E-09
34,3,2.35767,2.3575,0,0,0,0,1.98725,0.367197,0.00158666,0.00104602,0.000235061,0.000188025,0,0,0.932236,0.148452,8.43686E-05,3.56676E-05,4.58848E-06,1.93199E-06
34,4,2.39714,2.39534,0,0,0,0,0,2.05226,0.194996,0.106864,0.0239722,0.0172459,0,0,0,0.85838,0.0178861,0.00756153,0.000972755,0.000409581
34,5,2.42918,2.42315,0,0,0,0,0,0.000299989,1.13053,0.985034,0.183095,0.124186,0,0,0,0,0,0,0,0
34,6,2.49539,2.48512,0,0,0,0,0,1.03398E-15,0.00105181,1.47826,0.642395,0.363417,0,0,0,0,0,0,0,0
34,7,2.66851,2.65128,0,0,0,0,0,0,7.97407E-10,0.0553024,1.39389,1.20208,0,0,0,0,0,0,0,0
34,8,3.45111,3.41697,0,0,0,0,0,0,9.13886E-11,0.00413594,0.263812,3.14903,0,0,0,0,0,0,0,0
35,1,0.544663,0.544653,0,0,0.361585,0.179942,0.00307452,5.05366E-05,2.31379E-07,1.52539E-07,3.42784E-08,2.74193E-08,0.168436,0.0810551,0.000208448,4.34806E-07,2.37063E-10,1.00221E-10,1.28929E-11,5.42859E-12
35,2,1.55211,1.55209,0,0,0,1.29555,0.252592,0.0039138,1.79191E-05,1.18133E-05,2.65468E-06,2.12348E-06,0,0.60787,0.10347,0.000225038,1.22694E-07,5.18702E-08,6.67286E-09,2.80962E-09
35,3,2.35769,2.35752,0,0,0,0,1.98709,0.367363,0.00158736,0.00104648,0.000235164,0.000188108,0,0,0.932162,0.148532,8.44143E-05,3.56869E-05,4.59096E-06,1.93303E-06
35,4,2.39715,2.39535,0,0,0,0,0,2.052,0.195152,0.106942,0.0239897,0.017258,0,0,0,0.858174,0.0178921,0.00756405,0.00097308,0.000409718
35,5,2.42918,2.42315,0,0,0,0,0,0.000299924,1.13048,0.985076,0.183099,0.124189,0,0,0,0,0,0,0,0
35,6,2.49541,2.48515,0,0,0,0,0,1.03314E-15,0.00105094,1.47794,0.642643,0.363508,0,0,0,0,0,0,0,0
35,7,2.66854,2.65132,0,0,0,0,0,0,7.9685E-10,0.0552536,1.39374,1.20232,0,0,0,0,0,0,0,0
35,8,3.45114,3.417,0,0,0,0,0,0,9.13849E-11,0.00413577,0.263796,3.14907,0,0,0,0,0,0,0,0
36,1,0.544634,0.544623,0,0,0.361541,0.179956,0.00307464,5.05385E-05,2.31388E-07,1.52545E-07,3.42797E-08,2.74203E-08,0.168414,0.0810634,0.000208474,4.34861E-07,2.37093E-10,1.00233E-10,1.28945E-11,5.42928E-12
36,2,1.55233,1.55231,0,0,0,1.29559,0.25276,0.00391634,1.79307E-05,0.000011821,2.65641E-06,2.12486E-06,0,0.607893,0.103549,0.000225212,1.22789E-07,5.19102E-08,6.67801E-09,2.81179E-09
36,3,2.3577,2.35753,0,0,0,0,1.9869,0.367575,0.00158825,0.00104707,0.000235296,0.000188213,0,0,0.932069,0.148633,8.44726E-05,3.57116E-05,4.59414E-06,1.93437E-06
36,4,2.39715,2.39535,0,0,0,0,0,2.05172,0.19532,0.107026,0.0240085,0.017271,0,0,0,0.857953,0.0178988,0.0075669,0.000973446,0.000409872
36,5,2.42918,2.42315,0,0,0,0,0,0.000299861,1.13044,0.985117,0.183104,0.124192,0,0,0,0,0,0,0,0
36,6,2.49544,2.48517,0,0,0,0,0,1.03237E-15,0.00105016,1.47765,0.642873,0.363591,0,0,0,0,0,0,0,0
36,7,2.66858,2.65135,0,0,0,0,0,0,7.96285E-10,0.0552041,1.39358,1.20256,0,0,0,0,0,0,0,0
36,8,3.45118,3.41704,0,0,0,0,0,0,9.13805E-11,0.00413557,0.263775,3.14913,0,0,0,0,0,0,0,0
37,1,0.544586,0.544575,0,0,0.361489,0.17996,0.00307458,5.05376E-05,2.31384E-07,1.52542E-07,3.42791E-08,2.74198E-08,0.168389,0.0810671,0.000208488,4.34891E-07,2.37109E-10,1.0024E-10,1.28954E-11,5.42966E-12
37,2,1.55256,1.55253,0,0,0,1.29565,0.252933,0.00391894,1.79427E-05,1.18289E-05,2.65817E-06,2.12627E-06,0,0.607915,0.10363,0.00022539,1.22886E-07,5.19512E-08,6.68329E-09,2.81401E-09
37,3,2.35772,2.35755,0,0,0,0,1.9867,0.367788,0.00158914,0.00104766,0.000235428,0.000188319,0,0,0.931975,0.148735,8.45311E-05,3.57364E-05,4.59732E-06,1.93571E-06
37,4,2.39716,2.39535,0,0,0,0,0,2.05148,0.195467,0.1071,0.0240251,0.0172824,0,0,0,0.857757,0.017905,0.00756952,0.000973784,0.000410014
37,5,2.42918,2.42315,0,0,0,0,0,0.00029981,1.1304,0.985149,0.183108,0.124194,0,0,0,0,0,0,0,0
37,6,2.49545,2.48518,0,0,0,0,0,1.03182E-15,0.0010496,1.47743,0.643047,0.363654,0,0,0,0,0,0,0,0
37,7,2.66862,2.65138,0,0,0,0,0,0,7.95795E-10,0.0551611,1.39345,1.20277,0,0,0,0,0,0,0,0
37,8,3.45124,3.41709,0,0,0,0,0,0,9.13758E-11,0.00413535,0.263754,3.1492,0,0,0,0,0,0,0,0
38,1,0.54452,0.54451,0,0,0.361431,0.179953,0.00307434,5.05336E-05,2.31365E-07,1.5253E-07,3.42763E-08,2.74176E-08,0.16836,0.0810652,0.000208488,4.34892E-07,2.3711E-10,1.0024E-10,1.28955E-11,5.42966E-12
38,2,1.55277,1.55275,0,0,0,1.29569,0.253094,0.00392137,1.79538E-05,1.18362E-05,2.65982E-06,2.12759E-06,0,0.607937,0.103705,0.000225556,1.22976E-07,5.19895E-08,6.68821E-09,2.81608E-09
38,3,2.35774,2.35757,0,0,0,0,1.98653,0.367971,0.00158991,0.00104816,0.000235542,0.00018841,0,0,0.931894,0.148823,8.45813E-05,3.57576E-05,4.60005E-06,1.93686E-06
38,4,2.39716,2.39536,0,0,0,0,0,2.05131,0.195564,0.107149,0.0240362,0.0172901,0,0,0,0.857627,0.0179098,0.00757155,0.000974044,0.000410124
38,5,2.42918,2.42315,0,0,0,0,0,0.000299778,1.13038,0.985168,0.18311,0.124196,0,0,0,0,0,0,0,0
38,6,2.49546,2.48519,0,0,0,0,0,1.03159E-15,0.00104937,1.47731,0.643143,0.363687,0,0,0,0,0,0,0,0
38,7,2.66865,2.65141,0,0,0,0,0,0,7.95368E-10,0.0551238,1.39333,1.20296,0,0,0,0,0,0,0,0
38,8,3.45131,3.41716,0,0,0,0,0,0,9.13705E-11,0.00413511,0.26373,3.1493,0,0,0,0,0,0,0,0
39,1,0.544454,0.544444,0,0,0.361368,0.17995,0.00307414,5.05303E-05,2.3135E-07,1.5252E-07,3.42741E-08,2.74158E-08,0.16833,0.0810653,0.000208494,4.34904E-07,2.37116E-10,1.00243E-10,1.28958E-11,5.42981E-12
39,2,1.55298,1.55295,0,0,0,1.29574,0.25325,0.00392372,1.79645E-05,1.18433E-05,2.66141E-06,2.12886E-06,0,0.607959,0.103778,0.000225715,1.23063E-07,5.20263E-08,6.69294E-09,2.81808E-09
39,3,2.35775,2.35758,0,0,0,0,1.9864,0.368114,0.00159051,0.00104856,0.000235631,0.000188481,0,0,0.931832,0.148891,8.46202E-05,0.000035774,4.60216E-06,1.93775E-06
39,4,2.39716,2.39536,0,0,0,0,0,2.05125,0.195605,0.107171,0.0240409,0.0172935,0,0,0,0.857572,0.0179133,0.00757303,0.000974235,0.000410204
39,5,2.42918,2.42315,0,0,0,0,0,0.00029976,1.13037,0.985176,0.183111,0.124197,0,0,0,0,0,0,0,0
39,6,2.49546,2.4852,0,0,0,0,0,1.03166E-15,0.00104944,1.47726,0.643189,0.363699,0,0,0,0,0,0,0,0
39,7,2.66868,2.65145,0,0,0,0,0,0,7.94845E-10,0.0550781,1.39318,1.20319,0,0,0,0,0,0,0,0
39,8,3.45142,3.41727,0,0,0,0,0,0,9.13628E-11,0.00413476,0.263696,3.14944,0,0,0,0,0,0,0,0
40,1,0.544401,0.544391,0,0,0.361305,0.17996,0.00307416,5.05307E-05,2.31352E-07,1.52521E-07,3.42744E-08,2.74161E-08,0.168299,0.0810727,0.00020852,4.34957E-07,2.37145E-10,1.00255E-10,1.28974E-11,5.43047E-12
40,2,1.55317,1.55314,0,0,0,1.29579,0.25339,0.00392584,1.79742E-05,1.18497E-05,2.66285E-06,2.13001E-06,0,0.60798,0.103843,0.000225859,1.23142E-07,5.20594E-08,6.69721E-09,2.81987E-09
40,3,2.35776,2.35759,0,0,0,0,1.98629,0.368232,0.00159101,0.00104889,0.000235705,0.000188541,0,0,0.93178,0.148947,8.46526E-05,3.57877E-05,4.60393E-06,1.93849E-06
40,4,2.39716,2.39536,0,0,0,0,0,2.05117,0.195648,0.107193,0.0240459,0.017297,0,0,0,0.857517,0.0179171,0.00757461,0.000974439,0.00041029
40,5,2.42918,2.42315,0,0,0,0,0,0.000299725,1.13035,0.98519,0.183112,0.124198,0,0,0,0,0,0,0,0
40,6,2.49548,2.48521,0,0,0,0,0,1.03151E-15,0.00104929,1.47707,0.643343,0.363748,0,0,0,0,0,0,0,0
40,7,2.66875,2.65151,0,0,0,0,0,0,7.93901E-10,0.0549954,1.39292,1.2036,0,0,0,0,0,0,0,0
40,8,3.45156,3.41741,0,0,0,0,0,0,9.13514E-11,0.00413423,0.263645,3.14964,0,0,0,0,0,0,0,0
41,1,0.544282,0.544271,0,0,0.361247,0.1799,0.00307307,5.05128E-05,2.3127E-07,1.52467E-07,3.42622E-08,2.74064E-08,0.168273,0.0810435,0.000208447,4.34805E-07,2.37062E-10,1.0022E-10,1.28929E-11,5.42858E-12
41,2,1.55326,1.55324,0,0,0,1.29581,0.253468,0.00392701,1.79796E-05,1.18532E-05,2.66364E-06,2.13065E-06,0,0.607988,0.10388,0.00022594,1.23186E-07,5.20781E-08,6.69961E-09,2.82088E-09
41,3,2.35777,2.3576,0,0,0,0,1.98612,0.368414,0.00159177,0.00104939,0.000235818,0.000188631,0,0,0.931699,0.149034,8.47027E-05,3.58089E-05,4.60665E-06,1.93964E-06
41,4,2.39717,2.39536,0,0,0,0,0,2.05082,0.195863,0.107299,0.0240697,0.0173134,0,0,0,0.857234,0.017924,0.00757753,0.000974814,0.000410448
41,5,2.42919,2.42315,0,0,0,0,0,0.000299622,1.13028,0.985251,0.183119,0.124203,0,0,0,0,0,0,0,0
41,6,2.49553,2.48526,0,0,0,0,0,1.02987E-15,0.00104762,1.47633,0.643925,0.363954,0,0,0,0,0,0,0,0
41,7,2.66887,2.65163,0,0,0,0,0,0,7.92143E-10,0.0548415,1.39243,1.20435,0,0,0,0,0,0,0,0
41,8,3.45172,3.41756,0,0,0,0,0,0,9.13364E-11,0.00413355,0.263577,3.14985,0,0,0,0,0,0,0,0
42,1,0.544136,0.544126,0,0,0.361183,0.17982,0.00307167,5.04897E-05,2.31164E-07,1.52397E-07,3.42466E-08,2.73938E-08,0.168245,0.0810045,0.000208349,4.346E-07,2.36951E-10,1.00173E-10,1.28868E-11,5.42602E-12
42,2,1.55348,1.55346,0,0,0,1.29584,0.253649,0.00392971,0.000017992,1.18614E-05,2.66548E-06,2.13212E-06,0,0.608003,0.103966,0.000226129,1.23289E-07,5.21216E-08,6.70521E-09,2.82324E-09
42,3,2.35781,2.35764,0,0,0,0,1.98567,0.368904,0.00159383,0.00105074,0.000236122,0.000188874,0,0,0.93148,0.14927,8.48381E-05,3.58661E-05,4.61402E-06,1.94274E-06
42,4,2.39718,2.39538,0,0,0,0,0,2.04982,0.196464,0.107595,0.024136,0.017359,0,0,0,0.856444,0.0179417,0.00758501,0.000975776,0.000410853
42,5,2.42919,2.42315,0,0,0,0,0,0.000299382,1.1301,0.9854,0.183136,0.124214,0,0,0,0,0,0,0,0
42,6,2.49566,2.48538,0,0,0,0,0,1.02591E-15,0.00104359,1.47475,0.645178,0.364406,0,0,0,0,0,0,0,0
42,7,2.66907,2.65183,0,0,0,0,0,0,7.89138E-10,0.0545781,1.39161,1.20564,0,0,0,0,0,0,0,0
42,8,3.45188,3.41773,0,0,0,0,0,0,9.13156E-11,0.00413259,0.263483,3.15011,0,0,0,0,0,0,0,0
43,1,0.544179,0.544168,0,0,0.361077,0.179967,0.00307371,5.05233E-05,2.31318E-07,1.52499E-07,3.42694E-08,2.7412E-08,0.168188,0.0810814,0.000208564,4.35049E-07,2.37196E-10,1.00277E-10,1.29001E-11,5.43163E-12
43,2,1.55451,1.55448,0,0,0,1.29606,0.254448,0.00394172,1.80469E-05,1.18976E-05,2.67362E-06,2.13863E-06,0,0.608097,0.10434,0.000226954,1.23739E-07,5.23118E-08,6.72968E-09,2.83354E-09
43,3,2.35791,2.35774,0,0,0,0,1.98447,0.370188,0.00159921,0.00105429,0.00023692,0.000189513,0,0,0.93091,0.149886,0.000085192,3.60157E-05,4.63326E-06,1.95084E-06
43,4,2.39722,2.39541,0,0,0,0,0,2.04778,0.197692,0.108204,0.0242725,0.017453,0,0,0,0.854825,0.0179837,0.00760276,0.00097806,0.000411815
43,5,2.42919,2.42316,0,0,0,0,0,0.000298956,1.1298,0.985662,0.183166,0.124234,0,0,0,0,0,0,0,0
43,6,2.49585,2.48557,0,0,0,0,0,1.01957E-15,0.00103715,1.47222,0.647183,0.365128,0,0,0,0,0,0,0,0
43,7,2.66938,2.65213,0,0,0,0,0,0,7.84586E-10,0.0541792,1.39035,1.20759,0,0,0,0,0,0,0,0
43,8,3.45211,3.41795,0,0,0,0,0,0,9.12853E-11,0.0041312,0.263345,3.15047,0,0,0,0,0,0,0,0
44,1,0.544671,0.54466,0,0,0.360865,0.180659,0.00308408,5.06938E-05,2.32099E-07,1.53013E-07,3.4385E-08,2.75045E-08,0.168055,0.0814386,0.000209538,4.37081E-07,2.38304E-10,1.00745E-10,1.29604E-11,5.457E-12
44,2,1.55749,1.55747,0,0,0,1.29672,0.256739,0.00397621,1.82048E-05,1.20017E-05,2.69701E-06,2.15734E-06,0,0.608391,0.105413,0.000229315,1.25026E-07,5.28559E-08,6.79968E-09,2.86302E-09
44,3,2.35814,2.35797,0,0,0,0,1.98188,0.372987,0.00161096,0.00106204,0.000238661,0.000190905,0,0,0.929671,0.151228,8.59621E-05,3.63413E-05,4.67514E-06,1.96848E-06
44,4,2.39728,2.39546,0,0,0,0,0,2.04432,0.199769,0.109244,0.0245058,0.0176142,0,0,0,0.852065,0.0180664,0.00763773,0.000982558,0.000413709
44,5,2.4292,2.42317,0,0,0,0,0,0.000298394,1.12938,0.986021,0.183206,0.124261,0,0,0,0,0,0,0,0
44,6,2.49612,2.48582,0,0,0,0,0,1.01107E-15,0.00102849,1.46875,0.649927,0.366114,0,0,0,0,0,0,0,0
44,7,2.66979,2.65252,0,0,0,0,0,0,7.78669E-10,0.0536608,1.38872,1.21013,0,0,0,0,0,0,0,0
44,8,3.45243,3.41826,0,0,0,0,0,0,9.12434E-11,0.00412928,0.263156,3.15098,0,0,0,0,0,0,0,0
45,1,0.546204,0.546194,0,0,0.360437,0.182592,0.00311338,5.11754E-05,2.34304E-07,1.54467E-07,3.47117E-08,2.77658E-08,0.167763,0.0824306,0.000212229,4.42694E-07,2.41364E-10,1.02039E-10,1.31268E-11,5.52707E-12
45,2,1.56423,1.56421,0,0,0,1.29827,0.261848,0.0040532,1.85574E-05,1.22341E-05,2.74924E-06,2.19912E-06,0,0.609086,0.107802,0.000234567,1.2789E-07,5.40666E-08,6.95542E-09,2.92859E-09
45,3,2.35853,2.35836,0,0,0,0,1.97737,0.377842,0.00163134,0.00107548,0.00024168,0.00019332,0,0,0.927522,0.153555,8.72978E-05,0.000036906,4.74779E-06,1.99907E-06
45,4,2.39736,2.39553,0,0,0,0,0,2.04008,0.20229,0.110541,0.0247965,0.0178166,0,0,0,0.848657,0.0182044,0.00769609,0.000990066,0.00041687
45,5,2.42921,2.42317,0,0,0,0,0,0.000297917,1.12886,0.986466,0.183252,0.124293,0,0,0,0,0,0,0,0
45,6,2.49644,2.48612,0,0,0,0,0,1.00119E-15,0.00101844,1.46465,0.653174,0.367279,0,0,0,0,0,0,0,0
45,7,2.67023,2.65294,0,0,0,0,0,0,7.72246E-10,0.0530981,1.38695,1.21289,0,0,0,0,0,0,0,0
45,8,3.45325,3.41907,0,0,0,0,0,0,9.11744E-11,0.00412612,0.262847,3.15209,0,0,0,0,0,0,0,0
46,1,0.550031,0.550021,0,0,0.359703,0.187082,0.00318213,5.23054E-05,2.39478E-07,1.57878E-07,3.54782E-08,2.8379E-08,0.16721,0.0847322,0.000218445,4.55661E-07,2.48433E-10,1.05028E-10,1.35113E-11,5.68897E-12
46,2,1.57468,1.57466,0,0,0,1.30082,0.269623,0.00417057,1.90947E-05,1.25884E-05,2.82885E-06,2.2628E-06,0,0.610242,0.111427,0.000242533,1.32233E-07,5.59026E-08,7.19162E-09,3.02805E-09
46,3,2.35898,2.35881,0,0,0,0,1.97215,0.383464,0.00165493,0.00109102,0.000245174,0.000196115,0,0,0.925024,0.156255,8.88481E-05,3.75614E-05,4.8321E-06,2.03457E-06
46,4,2.39741,2.39557,0,0,0,0,0,2.03791,0.203514,0.111251,0.0249558,0.0179322,0,0,0,0.846976,0.0183871,0.00777334,0.001,0.000421054
46,5,2.42922,2.42319,0,0,0,0,0,0.000297608,1.12799,0.987229,0.183326,0.124343,0,0,0,0,0,0,0,0
46,6,2.49674,2.4864,0,0,0,0,0,9.91714E-16,0.0010088,1.46082,0.6562,0.368375,0,0,0,0,0,0,0,0
46,7,2.67057,2.65327,0,0,0,0,0,0,7.67238E-10,0.0526589,1.38558,1.21503,0,0,0,0,0,0,0,0
46,8,3.45621,3.42197,0,0,0,0,0,0,9.10441E-11,0.00412015,0.262267,3.15558,0,0,0,0,0,0,0,0
47,1,0.551416,0.551406,0,0,0.359782,0.188367,0.00320238,5.26382E-05,2.41001E-07,1.58882E-07,3.57039E-08,2.85595E-08,0.1672,0.0853752,0.000220162,4.59242E-07,2.50386E-10,1.05853E-10,1.36175E-11,5.73368E-12
47,2,1.57882,1.5788,0,0,0,1.30169,0.272849,0.00421909,1.93169E-05,1.27348E-05,2.86176E-06,2.28912E-06,0,0.610625,0.112942,0.000245866,1.3405E-07,5.66709E-08,7.29046E-09,3.06966E-09
47,3,2.35924,2.35906,0,0,0,0,1.96907,0.386778,0.00166882,0.00110018,0.000247232,0.000197761,0,0,0.923547,0.157849,8.97637E-05,3.79485E-05,4.8819E-06,2.05553E-06
47,4,2.39748,2.39562,0,0,0,0,0,2.03456,0.205509,0.112273,0.025185,0.0180917,0,0,0,0.844286,0.018494,0.0078185,0.00100581,0.000423501
47,5,2.42923,2.42319,0,0,0,0,0,0.000297143,1.1275,0.987652,0.18337,0.124373,0,0,0,0,0,0,0,0
47,6,2.49743,2.48706,0,0,0,0,0,9.73318E-16,0.000990091,1.45168,0.663475,0.370918,0,0,0,0,0,0,0,0
47,7,2.67154,2.65421,0,0,0,0,0,0,7.5309E-10,0.05142,1.38166,1.22113,0,0,0,0,0,0,0,0
47,8,3.45775,3.42349,0,0,0,0,0,0,9.09143E-11,0.0041142,0.261683,3.15769,0,0,0,0,0,0,0,0
48,1,0.546916,0.546905,0,0,0.36094,0.182796,0.00311776,5.12473E-05,2.34633E-07,1.54684E-07,3.47604E-08,2.78049E-08,0.168,0.0825203,0.000212423,4.43099E-07,2.41584E-10,1.02132E-10,1.31388E-11,5.53213E-12
48,2,1.5626,1.56258,0,0,0,1.29789,0.260615,0.00403462,1.84723E-05,0.000012178,2.73663E-06,2.18903E-06,0,0.608916,0.107226,0.000233301,1.27199E-07,5.37746E-08,6.91786E-09,2.91278E-09
48,3,2.35846,2.35829,0,0,0,0,1.97815,0.376998,0.00162779,0.00107313,0.000241154,0.000192899,0,0,0.927891,0.153153,8.70675E-05,3.68086E-05,4.73526E-06,1.99379E-06
48,4,2.39736,2.39553,0,0,0,0,0,2.04002,0.202335,0.110555,0.0247996,0.0178184,0,0,0,0.848612,0.0181975,0.00769318,0.000989692,0.000416712
48,5,2.42921,2.42318,0,0,0,0,0,0.000297771,1.12876,0.986556,0.183262,0.1243,0,0,0,0,0,0,0,0
48,6,2.49685,2.48651,0,0,0,0,0,9.91106E-16,0.00100819,1.45924,0.657488,0.368772,0,0,0,0,0,0,0,0
48,7,2.67093,2.65362,0,0,0,0,0,0,7.62087E-10,0.0522085,1.38413,1.21728,0,0,0,0,0,0,0,0
48,8,3.45406,3.41986,0,0,0,0,0,0,9.10944E-11,0.00412245,0.262485,3.15325,0,0,0,0,0,0,0,0
49,1,0.397332,0.36989,0,1,0.271921,0.0963433,0.00159919,2.62862E-05,1.2035E-07,7.93418E-08,1.78296E-08,1.42619E-08,0.0940185,0.0408754,0.000107327,2.23876E-07,1.22061E-10,5.16023E-11,6.6384E-12,2.79511E-12
49,2,0.997937,0.989182,0,0,0,0.854247,0.132891,0.00202467,9.26986E-06,6.11124E-06,1.37331E-06,1.09851E-06,0,0.330294,0.052543,0.00011578,6.31252E-08,2.66868E-08,3.43313E-09,1.44553E-09
49,3,1.47086,1.4571,0,0,0,0,1.25599,0.199475,0.00084764,0.000558814,0.000125576,0.000100448,0,0,0.509945,0.0781128,0.000044972,1.90123E-05,2.44585E-06,1.02983E-06
49,4,1.52505,1.47755,0,0,0,0,0,1.27989,0.114591,0.0599603,0.0134502,0.00965971,0,0,0,0.471981,0.00972629,0.00411188,0.000528974,0.000222726
49,5,1.49721,1.46024,0,0,0,0,0,0.000194645,0.735691,0.557326,0.0995239,0.0675031,0,0,0,0,0,0,0,0
49,6,1.59142,1.51905,0,0,0,0,0,5.65457E-16,0.000662878,0.942721,0.372901,0.202761,0,0,0,0,0,0,0,0
49,7,1.75726,1.64399,0,0,0,0,0,0,4.41937E-10,0.0327521,0.899678,0.711563,0,0,0,0,0,0,0,0
49,8,2.41098,2.19292,1,0,0,0,0,0,5.52795E-11,0.00250308,0.165268,2.02515,0,0,0,0,0,0,0,0
50,1,0.396086,0.368557,0,1,0.271955,0.0949953,0.00158021,2.59743E-05,1.18922E-07,7.84003E-08,1.7618E-08,1.40927E-08,0.0941346,0.0402722,0.000105608,2.20291E-07,1.20106E-10,5.07761E-11,6.5321E-12,2.75036E-12
50,2,0.992666,0.983827,0,0,0,0.852895,0.128948,0.00196658,9.00389E-06,5.93589E-06,1.33391E-06,1.06699E-06,0,0.329657,0.0507839,0.000111851,6.09828E-08,2.57811E-08,3.31662E-09,1.39647E-09
50,3,1.47035,1.4567,0,0,0,0,1.25994,0.195166,0.000830002,0.000547186,0.000122963,9.83583E-05,0,0,0.511736,0.0761322,4.38163E-05,1.85238E-05,0.000002383,1.00337E-06
50,4,1.52512,1.47776,0,0,0,0,0,1.28351,0.112595,0.0589334,0.0132199,0.00949661,0,0,0,0.474529,0.00955387,0.00403899,0.000519597,0.000218778
50,5,1.49719,1.4602,0,0,0,0,0,0.000195295,0.736718,0.556399,0.0994415,0.0674471,0,0,0,0,0,0,0,0
50,6,1.5904,1.51837,0,0,0,0,0,5.79052E-16,0.000678818,0.948661,0.367914,0.201115,0,0,0,0,0,0,0,0
50,7,1.75606,1.64309,0,0,0,0,0,0,4.52387E-10,0.0337705,0.902752,0.706569,0,0,0,0,0,0,0,0
50,8,2.40404,2.18685,1,0,0,0,0,0,5.54953E-11,0.002513,0.166376,2.01796,0,0,0,0,0,0,0,0
51,1,0.39572,0.368164,0,1,0.271981,0.0945822,0.00157444,2.58794E-05,1.18488E-07,7.81141E-08,1.75537E-08,1.40412E-08,0.0941772,0.0400874,0.00010508,2.1919E-07,1.19505E-10,5.05221E-11,6.49943E-12,2.7366E-12
51,2,0.990813,0.981945,0,0,0,0.852445,0.127536,0.00194583,8.90886E-06,5.87325E-06,1.31983E-06,1.05573E-06,0,0.329445,0.0501529,0.00011044,6.02135E-08,2.54559E-08,3.27478E-09,1.37885E-09
51,3,1.47011,1.45652,0,0,0,0,1.26174,0.193196,0.000821932,0.000541866,0.000121768,0.000097402,0,0,0.512551,0.0752284,4.32891E-05,1.83009E-05,2.35432E-06,9.91294E-07
51,4,1.52534,1.47795,0,0,0,0,0,1.28664,0.110823,0.0580912,0.0130311,0.00936609,0,0,0,0.476786,0.00948614,0.00401036,0.000515914,0.000217227
51,5,1.49718,1.46019,0,0,0,0,0,0.000195795,0.737112,0.556048,0.0994072,0.0674239,0,0,0,0,0,0,0,0
51,6,1.58978,1.51796,0,0,0,0,0,5.87513E-16,0.00068874,0.952277,0.36488,0.200113,0,0,0,0,0,0,0,0
51,7,1.75518,1.64243,0,0,0,0,0,0,4.6005E-10,0.0345172,0.90501,0.702902,0,0,0,0,0,0,0,0
51,8,2.40334,2.18626,1,0,0,0,0,0,5.55585E-11,0.00251591,0.166697,2.01705,0,0,0,0,0,0,0,0
52,1,0.395632,0.368068,0,1,0.271998,0.0944707,0.00157292,2.58544E-05,1.18373E-07,7.80384E-08,1.75367E-08,1.40276E-08,0.0941934,0.0400378,0.000104937,2.1889E-07,1.19342E-10,5.04531E-11,6.49056E-12,2.73287E-12
52,2,0.990224,0.981347,0,0,0,0.852313,0.127078,0.0019391,8.87807E-06,5.85295E-06,1.31527E-06,1.05208E-06,0,0.329383,0.0499475,0.00010998,5.99628E-08,2.53499E-08,3.26114E-09,1.37311E-09
52,3,1.47001,1.45644,0,0,0,0,1.26254,0.192325,0.000818364,0.000539514,0.000121239,9.69791E-05,0,0,0.512912,0.0748285,4.30558E-05,1.82022E-05,2.34163E-06,9.8595E-07
52,4,1.52548,1.47807,0,0,0,0,0,1.28854,0.109741,0.0575862,0.0129179,0.0092884,0,0,0,0.478168,0.00945884,0.00399881,0.000514429,0.000216602
52,5,1.49718,1.46018,0,0,0,0,0,0.000196161,0.737375,0.555813,0.0993839,0.0674081,0,0,0,0,0,0,0,0
52,6,1.58936,1.51768,0,0,0,0,0,5.9363E-16,0.000695913,0.954628,0.362908,0.19945,0,0,0,0,0,0,0,0
52,7,1.75464,1.64202,0,0,0,0,0,0,4.64844E-10,0.0349846,0.906414,0.700618,0,0,0,0,0,0,0,0
52,8,2.40331,2.18625,1,0,0,0,0,0,5.55843E-11,0.0025171,0.166829,2.01691,0,0,0,0,0,0,0,0
53,1,0.395647,0.368084,0,1,0.272014,0.0944706,0.00157296,2.58551E-05,1.18376E-07,7.80406E-08,1.75372E-08,1.4028E-08,0.0941996,0.0400381,0.000104936,2.18888E-07,1.19341E-10,5.04526E-11,6.49049E-12,2.73284E-12
53,2,0.990068,0.981189,0,0,0,0.852286,0.126947,0.0019372,8.86937E-06,5.84721E-06,1.31398E-06,1.05105E-06,0,0.329371,0.0498886,0.000109848,5.98907E-08,2.53194E-08,3.25722E-09,1.37146E-09
53,3,1.46996,1.4564,0,0,0,0,1.2629,0.191923,0.000816718,0.000538429,0.000120995,9.67841E-05,0,0,0.513079,0.0746437,4.29479E-05,1.81567E-05,2.33577E-06,9.83481E-07
53,4,1.52558,1.47814,0,0,0,0,0,1.28958,0.109146,0.0573057,0.012855,0.00924556,0,0,0,0.478967,0.00945034,0.00399522,0.000513966,0.000216407
53,5,1.49718,1.46017,0,0,0,0,0,0.000196381,0.737567,0.555642,0.0993675,0.067397,0,0,0,0,0,0,0,0
53,6,1.58908,1.5175,0,0,0,0,0,5.98054E-16,0.000701101,0.956126,0.361655,0.199018,0,0,0,0,0,0,0,0
53,7,1.75435,1.6418,0,0,0,0,0,0,4.67396E-10,0.0352336,0.907159,0.699405,0,0,0,0,0,0,0,0
53,8,2.40339,2.18634,1,0,0,0,0,0,5.55943E-11,0.00251756,0.166881,2.01694,0,0,0,0,0,0,0,0
54,1,0.395599,0.368032,0,1,0.272018,0.0944151,0.00157219,2.58424E-05,1.18318E-07,7.80023E-08,1.75286E-08,1.40211E-08,0.0942061,0.0400132,0.000104864,2.18739E-07,1.1926E-10,5.04183E-11,6.48608E-12,2.73098E-12
54,2,0.989894,0.981012,0,0,0,0.852244,0.126815,0.00193526,8.86047E-06,5.84135E-06,1.31266E-06,0.00000105,0,0.329351,0.0498295,0.000109716,5.98187E-08,2.52889E-08,3.25331E-09,1.36981E-09
54,3,1.46994,1.45638,0,0,0,0,1.26306,0.19175,0.000816008,0.000537961,0.00012089,0.0000967,0,0,0.51315,0.0745647,4.29019E-05,1.81372E-05,2.33327E-06,9.82428E-07
54,4,1.52559,1.47815,0,0,0,0,0,1.28983,0.109008,0.0572412,0.0128405,0.00923556,0,0,0,0.479138,0.0094451,0.00399301,0.000513681,0.000216287
54,5,1.49718,1.46017,0,0,0,0,0,0.000196454,0.737603,0.55561,0.099364,0.0673946,0,0,0,0,0,0,0,0
54,6,1.58904,1.51747,0,0,0,0,0,5.98573E-16,0.00070171,0.956425,0.361404,0.198939,0,0,0,0,0,0,0,0
54,7,1.7542,1.64169,0,0,0,0,0,0,4.68663E-10,0.035357,0.907534,0.698797,0,0,0,0,0,0,0,0
54,8,2.40325,2.18622,1,0,0,0,0,0,5.56053E-11,0.00251807,0.166937,2.01676,0,0,0,0,0,0,0,0
55,1,0.39548,0.367905,0,1,0.272012,0.0942968,0.00157049,2.58146E-05,1.18191E-07,7.79183E-08,1.75097E-08,1.4006E-08,0.0942134,0.0399597,0.000104713,2.18424E-07,1.19088E-10,5.03457E-11,6.47674E-12,2.72705E-12
55,2,0.989646,0.98076,0,0,0,0.852174,0.126636,0.0019326,8.84832E-06,5.83334E-06,1.31086E-06,1.04856E-06,0,0.329317,0.0497499,0.000109538,5.97219E-08,2.5248E-08,3.24804E-09,1.36759E-09
55,3,1.46993,1.45638,0,0,0,0,1.26311,0.191698,0.000815789,0.000537816,0.000120858,9.66741E-05,0,0,0.51317,0.0745417,4.28886E-05,1.81316E-05,2.33254E-06,9.82122E-07
55,4,1.52556,1.47813,0,0,0,0,0,1.28953,0.109175,0.0573222,0.0128587,0.0092476,0,0,0,0.478875,0.00943986,0.00399079,0.000513397,0.000216167
55,5,1.49718,1.46017,0,0,0,0,0,0.000196425,0.737522,0.555684,0.0993703,0.0673989,0,0,0,0,0,0,0,0
55,6,1.58917,1.51755,0,0,0,0,0,5.96021E-16,0.000698717,0.955824,0.361902,0.199128,0,0,0,0,0,0,0,0
55,7,1.75414,1.64165,0,0,0,0,0,0,4.69145E-10,0.0354037,0.907685,0.698556,0,0,0,0,0,0,0,0
55,8,2.40291,2.18592,1,0,0,0,0,0,5.56192E-11,0.00251871,0.167007,2.0164,0,0,0,0,0,0,0,0
56,1,0.39541,0.36783,0,1,0.272005,0.0942291,0.00156952,2.57985E-05,1.18117E-07,7.78698E-08,1.74988E-08,1.39973E-08,0.0942161,0.0399292,0.000104627,2.18245E-07,1.18991E-10,5.03044E-11,6.47143E-12,2.72481E-12
56,2,0.989505,0.980617,0,0,0,0.852134,0.126534,0.0019311,8.84143E-06,5.82879E-06,1.30984E-06,1.04774E-06,0,0.329298,0.0497048,0.000109438,5.9667E-08,2.52248E-08,3.24506E-09,1.36634E-09
56,3,1.46993,1.45638,0,0,0,0,1.2631,0.191703,0.000815806,0.000537827,0.00012086,0.000096676,0,0,0.513166,0.0745447,4.28905E-05,1.81324E-05,2.33264E-06,9.82165E-07
56,4,1.52552,1.47811,0,0,0,0,0,1.28918,0.109378,0.0574163,0.0128798,0.00926183,0,0,0,0.478603,0.00943974,0.00399074,0.00051339,0.000216164
56,5,1.49718,1.46017,0,0,0,0,0,0.000196366,0.737452,0.555746,0.0993759,0.0674027,0,0,0,0,0,0,0,0
56,6,1.5893,1.51763,0,0,0,0,0,5.93904E-16,0.000696233,0.955229,0.362398,0.199307,0,0,0,0,0,0,0,0
56,7,1.75416,1.64166,0,0,0,0,0,0,4.68961E-10,0.0353855,0.907639,0.698635,0,0,0,0,0,0,0,0
56,8,2.40269,2.18573,1,0,0,0,0,0,5.56255E-11,0.002519,0.167039,2.01617,0,0,0,0,0,0,0,0
57,1,0.395373,0.367792,0,1,0.271994,0.0942028,0.00156911,2.57918E-05,1.18087E-07,7.78496E-08,1.74943E-08,1.39937E-08,0.0942131,0.0399172,0.000104595,2.18177E-07,1.18954E-10,5.02888E-11,6.46941E-12,2.72396E-12
57,2,0.989499,0.98061,0,0,0,0.85213,0.126531,0.00193105,8.84122E-06,5.82865E-06,1.30981E-06,1.04772E-06,0,0.329296,0.0497036,0.000109435,5.96656E-08,2.52242E-08,3.24498E-09,1.36631E-09
57,3,1.46994,1.45638,0,0,0,0,1.26304,0.191773,0.000816091,0.000538015,0.000120902,9.67098E-05,0,0,0.513136,0.0745773,4.29095E-05,1.81404E-05,2.33368E-06,9.82602E-07
57,4,1.5255,1.47809,0,0,0,0,0,1.28886,0.109559,0.0574994,0.0128984,0.00927456,0,0,0,0.478377,0.00944313,0.00399217,0.000513574,0.000216242
57,5,1.49718,1.46018,0,0,0,0,0,0.000196292,0.737395,0.555797,0.0993809,0.0674061,0,0,0,0,0,0,0,0
57,6,1.58938,1.51768,0,0,0,0,0,5.92617E-16,0.000694724,0.954816,0.362743,0.199428,0,0,0,0,0,0,0,0
57,7,1.75422,1.6417,0,0,0,0,0,0,4.68494E-10,0.0353398,0.907505,0.698853,0,0,0,0,0,0,0,0
57,8,2.40261,2.18566,1,0,0,0,0,0,5.56259E-11,0.00251902,0.167042,2.0161,0,0,0,0,0,0,0,0
58,1,0.395354,0.367773,0,1,0.271976,0.0942021,0.00156905,2.57908E-05,1.18082E-07,7.78465E-08,1.74936E-08,1.39931E-08,0.0942054,0.0399166,0.000104595,2.18178E-07,1.18954E-10,5.0289E-11,6.46945E-12,2.72398E-12
58,2,0.989591,0.980704,0,0,0,0.852152,0.126602,0.00193209,8.84597E-06,5.83178E-06,1.31051E-06,1.04828E-06,0,0.329306,0.0497352,0.000109506,5.97042E-08,2.52405E-08,3.24708E-09,1.36719E-09
58,3,1.46995,1.45639,0,0,0,0,1.26292,0.191904,0.000816629,0.00053837,0.000120982,9.67736E-05,0,0,0.513082,0.0746377,4.29448E-05,1.81553E-05,2.3356E-06,9.83409E-07
58,4,1.52548,1.47808,0,0,0,0,0,1.28856,0.109731,0.0575791,0.0129163,0.00928686,0,0,0,0.478163,0.00944816,0.0039943,0.000513848,0.000216357
58,5,1.49718,1.46018,0,0,0,0,0,0.000196213,0.737343,0.555844,0.0993857,0.0674093,0,0,0,0,0,0,0,0
58,6,1.58943,1.51772,0,0,0,0,0,5.91782E-16,0.000693745,0.954526,0.362986,0.199511,0,0,0,0,0,0,0,0
58,7,1.75427,1.64174,0,0,0,0,0,0,4.67993E-10,0.035291,0.90736,0.69909,0,0,0,0,0,0,0,0
58,8,2.4026,2.18565,1,0,0,0,0,0,5.56238E-11,0.00251892,0.167031,2.0161,0,0,0,0,0,0,0,0
59,1,0.39534,0.36776,0,1,0.271952,0.0942126,0.00156913,2.57921E-05,1.18088E-07,7.78504E-08,1.74945E-08,1.39938E-08,0.0941943,0.0399209,0.000104611,2.18211E-07,1.18972E-10,5.02964E-11,6.4704E-12,2.72438E-12
59,2,0.989734,0.98085,0,0,0,0.852187,0.126711,0.0019337,8.85336E-06,5.83666E-06,1.31161E-06,1.04916E-06,0,0.329322,0.0497843,0.000109616,5.97641E-08,2.52658E-08,3.25033E-09,1.36856E-09
59,3,1.46997,1.45641,0,0,0,0,1.26277,0.192069,0.000817304,0.000538815,0.000121082,9.68536E-05,0,0,0.513014,0.0747131,4.29888E-05,1.81739E-05,2.33799E-06,9.84416E-07
59,4,1.52546,1.47806,0,0,0,0,0,1.28828,0.10989,0.0576532,0.0129329,0.00929831,0,0,0,0.477965,0.00945351,0.00399656,0.000514139,0.000216479
59,5,1.49718,1.46018,0,0,0,0,0,0.000196145,0.737298,0.555884,0.0993897,0.067412,0,0,0,0,0,0,0,0
59,6,1.58947,1.51774,0,0,0,0,0,5.91245E-16,0.000693115,0.954334,0.363146,0.199566,0,0,0,0,0,0,0,0
59,7,1.75432,1.64178,0,0,0,0,0,0,4.67587E-10,0.0352513,0.907241,0.699284,0,0,0,0,0,0,0,0
59,8,2.40262,2.18567,1,0,0,0,0,0,5.56211E-11,0.0025188,0.167017,2.01613,0,0,0,0,0,0,0,0
60,1,0.395319,0.367741,0,1,0.271923,0.0942225,0.00156918,2.57929E-05,1.18092E-07,7.7853E-08,1.7495E-08,1.39943E-08,0.0941808,0.0399249,0.000104626,2.18242E-07,1.18989E-10,5.03037E-11,6.47133E-12,2.72477E-12
60,2,0.989892,0.98101,0,0,0,0.852225,0.126832,0.00193547,8.86145E-06,5.84199E-06,1.31281E-06,1.05012E-06,0,0.32934,0.0498381,0.000109736,5.98296E-08,2.52935E-08,3.2539E-09,1.37006E-09
60,3,1.46999,1.45643,0,0,0,0,1.26262,0.19223,0.000817964,0.00053925,0.00012118,9.69317E-05,0,0,0.512948,0.0747866,4.30316E-05,0.000018192,2.34032E-06,9.85396E-07
60,4,1.52544,1.47805,0,0,0,0,0,1.28808,0.110002,0.0577065,0.0129448,0.00930658,0,0,0,0.477823,0.00945806,0.00399848,0.000514386,0.000216584
60,5,1.49718,1.46018,0,0,0,0,0,0.000196099,0.73727,0.555909,0.0993922,0.0674138,0,0,0,0,0,0,0,0
60,6,1.58948,1.51775,0,0,0,0,0,5.91103E-16,0.000692949,0.954277,0.363195,0.199582,0,0,0,0,0,0,0,0
60,7,1.75435,1.6418,0,0,0,0,0,0,4.67344E-10,0.0352277,0.907169,0.6994,0,0,0,0,0,0,0,0
60,8,2.40268,2.18571,1,0,0,0,0,0,5.56181E-11,0.00251866,0.167002,2.01619,0,0,0,0,0,0,0,0
61,1,0.395294,0.367717,0,1,0.271889,0.0942328,0.00156922,2.57936E-05,1.18095E-07,7.78551E-08,1.74955E-08,1.39947E-08,0.0941654,0.0399288,0.000104642,2.18275E-07,1.19007E-10,5.03112E-11,6.4723E-12,2.72518E-12
61,2,0.990055,0.981176,0,0,0,0.852265,0.126955,0.00193729,8.86976E-06,5.84747E-06,1.31404E-06,1.0511E-06,0,0.32936,0.0498931,0.000109859,5.98966E-08,2.53219E-08,3.25754E-09,1.3716E-09
61,3,1.47001,1.45644,0,0,0,0,1.26251,0.192356,0.000818484,0.000539593,0.000121257,9.69934E-05,0,0,0.512896,0.0748441,4.30651E-05,1.82062E-05,2.34214E-06,9.86164E-07
61,4,1.52544,1.47804,0,0,0,0,0,1.28805,0.110022,0.0577172,0.0129472,0.00930836,0,0,0,0.477798,0.00946136,0.00399988,0.000514566,0.000216659
61,5,1.49718,1.46018,0,0,0,0,0,0.000196082,0.737268,0.55591,0.0993926,0.067414,0,0,0,0,0,0,0,0
61,6,1.58944,1.51772,0,0,0,0,0,5.91685E-16,0.000693631,0.95444,0.363059,0.199532,0,0,0,0,0,0,0,0
61,7,1.75436,1.64181,0,0,0,0,0,0,4.67263E-10,0.0352199,0.907142,0.699444,0,0,0,0,0,0,0,0
61,8,2.4028,2.18582,1,0,0,0,0,0,5.56137E-11,0.00251846,0.166979,2.01632,0,0,0,0,0,0,0,0
62,1,0.395279,0.367705,0,1,0.271852,0.0942565,0.00156945,2.57974E-05,1.18112E-07,7.78663E-08,1.7498E-08,1.39967E-08,0.0941481,0.0399387,0.000104674,2.18343E-07,1.19044E-10,5.0327E-11,6.47433E-12,2.72603E-12
62,2,0.990242,0.981366,0,0,0,0.852315,0.127093,0.00193933,8.87911E-06,5.85363E-06,1.31542E-06,1.05221E-06,0,0.329383,0.0499547,0.000109996,5.99716E-08,2.53536E-08,3.26162E-09,1.37331E-09
62,3,1.47002,1.45645,0,0,0,0,1.26244,0.192432,0.0008188,0.000539801,0.000121304,9.70308E-05,0,0,0.512866,0.0748783,4.30849E-05,1.82146E-05,2.34322E-06,9.86619E-07
62,4,1.52546,1.47805,0,0,0,0,0,1.28823,0.109915,0.0576681,0.0129362,0.00930107,0,0,0,0.477949,0.00946465,0.00400127,0.000514744,0.000216735
62,5,1.49718,1.46018,0,0,0,0,0,0.000196092,0.737306,0.555875,0.0993897,0.067412,0,0,0,0,0,0,0,0
62,6,1.58934,1.51766,0,0,0,0,0,5.93474E-16,0.000695729,0.95492,0.36266,0.199386,0,0,0,0,0,0,0,0
62,7,1.75437,1.64182,0,0,0,0,0,0,4.67169E-10,0.035211,0.907107,0.699497,0,0,0,0,0,0,0,0
62,8,2.40305,2.18604,1,0,0,0,0,0,5.5605E-11,0.00251805,0.166935,2.01659,0,0,0,0,0,0,0,0
63,1,0.395296,0.367725,0,1,0.27182,0.0943092,0.0015701,0.000025808,1.18161E-07,7.78985E-08,1.75053E-08,1.40025E-08,0.0941297,0.0399619,0.000104744,2.18489E-07,1.19124E-10,5.03607E-11,6.47867E-12,2.72786E-12
63,2,0.99045,0.981577,0,0,0,0.852374,0.127243,0.00194155,8.88927E-06,5.86033E-06,1.31693E-06,1.05341E-06,0,0.329412,0.0500212,0.000110145,6.00525E-08,2.53878E-08,3.26602E-09,1.37517E-09
63,3,1.47003,1.45645,0,0,0,0,1.2624,0.192474,0.000818975,0.000539917,0.00012133,9.70516E-05,0,0,0.512851,0.0748967,4.30956E-05,1.82191E-05,2.3438E-06,9.86862E-07
63,4,1.5255,1.47807,0,0,0,0,0,1.28851,0.109761,0.0575929,0.0129194,0.00928992,0,0,0,0.478197,0.00947016,0.0040036,0.000515044,0.000216861
63,5,1.49718,1.46018,0,0,0,0,0,0.000196107,0.737381,0.555807,0.0993841,0.0674083,0,0,0,0,0,0,0,0
63,6,1.5892,1.51758,0,0,0,0,0,5.96037E-16,0.000698735,0.955531,0.362152,0.199194,0,0,0,0,0,0,0,0
63,7,1.75442,1.64186,0,0,0,0,0,0,4.6671E-10,0.0351666,0.906962,0.699727,0,0,0,0,0,0,0,0
63,8,2.40341,2.18635,1,0,0,0,0,0,5.55907E-11,0.0025174,0.166862,2.01697,0,0,0,0,0,0,0,0
64,1,0.395251,0.36768,0,1,0.271783,0.0943012,0.00156987,2.58043E-05,1.18144E-07,7.78873E-08,1.75028E-08,1.40005E-08,0.0941146,0.0399576,0.000104737,2.18474E-07,1.19115E-10,5.03571E-11,6.47821E-12,2.72766E-12
64,2,0.990558,0.981687,0,0,0,0.852399,0.127327,0.00194277,8.89488E-06,5.86403E-06,1.31776E-06,1.05408E-06,0,0.329424,0.0500586,0.000110228,6.00981E-08,2.5407E-08,3.2685E-09,1.37621E-09
64,3,1.47004,1.45646,0,0,0,0,1.26228,0.192607,0.000819518,0.000540275,0.00012141,9.71159E-05,0,0,0.512796,0.0749572,4.31308E-05,0.000018234,2.34572E-06,9.87669E-07
64,4,1.52548,1.47806,0,0,0,0,0,1.28828,0.109889,0.0576519,0.0129326,0.00929903,0,0,0,0.47804,0.00947431,0.00400535,0.00051527,0.000216956
64,5,1.49718,1.46018,0,0,0,0,0,0.000196034,0.737346,0.555838,0.0993875,0.0674106,0,0,0,0,0,0,0,0
64,6,1.58923,1.5176,0,0,0,0,0,5.9564E-16,0.00069827,0.955309,0.362339,0.199253,0,0,0,0,0,0,0,0
64,7,1.75453,1.64194,0,0,0,0,0,0,4.65787E-10,0.0350766,0.906688,0.700171,0,0,0,0,0,0,0,0
64,8,2.40351,2.18644,1,0,0,0,0,0,5.55826E-11,0.00251702,0.166821,2.0171,0,0,0,0,0,0,0,0
65,1,0.395172,0.3676,0,1,0.271741,0.094263,0.0015692,2.57934E-05,1.18094E-07,7.78543E-08,1.74953E-08,1.39945E-08,0.0941004,0.0399394,0.000104691,2.18378E-07,1.19063E-10,5.0335E-11,6.47536E-12,2.72646E-12
65,2,0.99071,0.98184,0,0,0,0.852424,0.127454,0.00194462,8.90336E-06,5.86962E-06,1.31902E-06,1.05508E-06,0,0.329435,0.050116,0.000110357,6.01685E-08,2.54368E-08,3.27233E-09,1.37782E-09
65,3,1.47009,1.4565,0,0,0,0,1.2619,0.193017,0.000821199,0.000541383,0.000121659,9.73151E-05,0,0,0.512626,0.0751459,0.000043241,1.82805E-05,2.35171E-06,9.90191E-07
65,4,1.52539,1.47799,0,0,0,0,0,1.28721,0.110501,0.0579396,0.0129971,0.00934296,0,0,0,0.477218,0.0094824,0.00400877,0.00051571,0.000217141
65,5,1.49718,1.46018,0,0,0,0,0,0.000195818,0.737159,0.556005,0.0994035,0.0674214,0,0,0,0,0,0,0,0
65,6,1.58949,1.51776,0,0,0,0,0,5.91506E-16,0.000693421,0.953996,0.363436,0.199636,0,0,0,0,0,0,0,0
65,7,1.75473,1.64208,0,0,0,0,0,0,4.6406E-10,0.0349081,0.906188,0.700988,0,0,0,0,0,0,0,0
65,8,2.40333,2.18627,1,0,0,0,0,0,5.55799E-11,0.0025169,0.166807,2.01695,0,0,0,0,0,0,0,0
66,1,0.395247,0.367683,0,1,0.271702,0.0943846,0.00157081,2.58197E-05,1.18214E-07,7.79338E-08,1.75132E-08,1.40088E-08,0.0940743,0.0399931,0.000104849,2.18707E-07,1.19242E-10,5.04108E-11,6.48512E-12,2.73057E-12
66,2,0.991453,0.982596,0,0,0,0.852594,0.128031,0.00195309,8.94212E-06,5.89517E-06,1.32476E-06,1.05967E-06,0,0.329515,0.0503745,0.000110936,6.04838E-08,2.55701E-08,3.28948E-09,1.38504E-09
66,3,1.47021,1.45659,0,0,0,0,1.26099,0.194011,0.00082527,0.000544067,0.000122262,9.77976E-05,0,0,0.512214,0.0756018,4.35068E-05,1.83929E-05,2.36617E-06,9.9628E-07
66,4,1.52523,1.47787,0,0,0,0,0,1.28526,0.111614,0.0584598,0.0131137,0.009423,0,0,0,0.475796,0.00951116,0.00402093,0.000517274,0.0002178
66,5,1.49718,1.46019,0,0,0,0,0,0.000195488,0.736922,0.556216,0.0994245,0.0674356,0,0,0,0,0,0,0,0
66,6,1.58983,1.51798,0,0,0,0,0,5.86355E-16,0.000687381,0.952158,0.364975,0.200162,0,0,0,0,0,0,0,0
66,7,1.75508,1.64235,0,0,0,0,0,0,4.60941E-10,0.0346039,0.905278,0.70247,0,0,0,0,0,0,0,0
66,8,2.40319,2.18614,1,0,0,0,0,0,5.55677E-11,0.00251634,0.166744,2.01688,0,0,0,0,0,0,0,0
67,1,0.395677,0.368147,0,1,0.271657,0.0948856,0.00157776,2.59341E-05,1.18738E-07,7.8279E-08,1.75908E-08,1.40709E-08,0.0940172,0.0402168,0.00010549,2.20045E-07,1.19972E-10,5.07192E-11,6.52479E-12,2.74728E-12
67,2,0.993707,0.984885,0,0,0,0.853144,0.129744,0.00197829,9.05749E-06,5.97123E-06,1.34185E-06,1.07335E-06,0,0.329774,0.0511402,0.000112648,6.14172E-08,2.59647E-08,3.34024E-09,1.40642E-09
67,3,1.47047,1.4568,0,0,0,0,1.25903,0.196164,0.000834093,0.000549884,0.000123569,9.88432E-05,0,0,0.511325,0.0765888,4.40825E-05,1.86363E-05,2.39748E-06,1.00946E-06
67,4,1.52504,1.47769,0,0,0,0,0,1.28237,0.11324,0.0592397,0.0132886,0.00954412,0,0,0,0.473711,0.00957893,0.00404958,0.00052096,0.000219352
67,5,1.49719,1.4602,0,0,0,0,0,0.000195133,0.736612,0.556493,0.099451,0.0674536,0,0,0,0,0,0,0,0
67,6,1.59025,1.51826,0,0,0,0,0,5.80339E-16,0.000680326,0.94976,0.366986,0.200834,0,0,0,0,0,0,0,0
67,7,1.75561,1.64276,0,0,0,0,0,0,4.56273E-10,0.034149,0.903906,0.704699,0,0,0,0,0,0,0,0
67,8,2.40362,2.18649,1,0,0,0,0,0,5.55277E-11,0.00251449,0.166542,2.01743,0,0,0,0,0,0,0,0
68,1,0.397063,0.36963,0,1,0.271609,0.0963957,0.00159899,0.000026283,1.20335E-07,7.93321E-08,1.78274E-08,1.42602E-08,0.0938832,0.0408923,0.000107416,2.24062E-07,1.22162E-10,5.16451E-11,6.6439E-12,2.79743E-12
68,2,0.999367,0.990635,0,0,0,0.854609,0.133966,0.00204051,9.34235E-06,6.15903E-06,1.38405E-06,1.1071E-06,0,0.330464,0.053023,0.000116853,6.37098E-08,2.69339E-08,3.46493E-09,1.45892E-09
68,3,1.47095,1.45717,0,0,0,0,1.25531,0.200223,0.000850714,0.000560841,0.000126032,0.000100813,0,0,0.509639,0.0784543,0.000045171,1.90965E-05,2.45667E-06,1.03439E-06
68,4,1.52509,1.47757,0,0,0,0,0,1.28016,0.114423,0.059896,0.0134358,0.00965045,0,0,0,0.472186,0.00973618,0.00411606,0.000529512,0.000222952
68,5,1.49721,1.46024,0,0,0,0,0,0.000194799,0.735748,0.557277,0.0995181,0.0674991,0,0,0,0,0,0,0,0
68,6,1.59088,1.51868,0,0,0,0,0,5.71595E-16,0.000670073,0.9462,0.369972,0.201835,0,0,0,0,0,0,0,0
68,7,1.75632,1.64329,0,0,0,0,0,0,4.50099E-10,0.0335469,0.902104,0.707634,0,0,0,0,0,0,0,0
68,8,2.4098,2.19192,1,0,0,0,0,0,5.53515E-11,0.00250639,0.165636,2.02377,0,0,0,0,0,0,0,0
69,1,0.545862,0.545852,0,0,0.360572,0.182122,0.00310633,5.10595E-05,2.33773E-07,1.54117E-07,3.46331E-08,2.7703E-08,0.167849,0.082189,0.00021157,4.4132E-07,2.40615E-10,1.01722E-10,1.30861E-11,5.50992E-12
69,2,1.56137,1.56135,0,0,0,1.29771,0.259587,0.00401925,1.84019E-05,1.21316E-05,2.72621E-06,2.1807E-06,0,0.608841,0.106738,0.000232225,1.26612E-07,5.35266E-08,6.88595E-09,2.89934E-09
69,3,2.35825,2.35808,0,0,0,0,1.98066,0.374312,0.00161654,0.00106572,0.000239487,0.000191566,0,0,0.929094,0.151858,8.63233E-05,0.000036494,4.69479E-06,1.97675E-06
69,4,2.39727,2.39545,0,0,0,0,0,2.04516,0.199245,0.109013,0.0244539,0.01758,0,0,0,0.852726,0.0180832,0.00764483,0.000983472,0.000414094
69,5,2.4292,2.42316,0,0,0,0,0,0.000298688,1.12945,0.985965,0.183197,0.124255,0,0,0,0,0,0,0,0
69,6,2.49593,2.48564,0,0,0,0,0,1.01621E-15,0.00103373,1.47132,0.647884,0.365402,0,0,0,0,0,0,0,0
69,7,2.66937,2.65212,0,0,0,0,0,0,7.84707E-10,0.0541894,1.3904,1.20752,0,0,0,0,0,0,0,0
69,8,3.45165,3.4175,0,0,0,0,0,0,9.13007E-11,0.00413191,0.263414,3.14995,0,0,0,0,0,0,0,0
70,1,0.55042,0.55041,0,0,0.360124,0.187051,0.00318253,5.23121E-05,2.39508E-07,1.57898E-07,3.54826E-08,2.83826E-08,0.167423,0.0846982,0.000218321,4.55402E-07,2.48292E-10,1.04968E-10,1.35036E-11,5.68574E-12
70,2,1.57454,1.57451,0,0,0,1.3008,0.269509,0.00416887,0.000019087,1.25832E-05,2.8277E-06,2.26188E-06,0,0.610232,0.111373,0.000242414,1.32168E-07,5.58752E-08,7.18809E-09,3.02656E-09
70,3,2.35893,2.35876,0,0,0,0,1.97268,0.382895,0.00165253,0.00108945,0.00024482,0.000195832,0,0,0.925276,0.155982,8.86915E-05,3.74952E-05,4.82358E-06,2.03098E-06
70,4,2.39739,2.39555,0,0,0,0,0,2.03934,0.202641,0.110836,0.0248628,0.0178689,0,0,0,0.848096,0.0183773,0.00776918,0.000999469,0.000420829
70,5,2.42922,2.42318,0,0,0,0,0,0.000298004,1.12817,0.987077,0.183307,0.12433,0,0,0,0,0,0,0,0
70,6,2.49685,2.48651,0,0,0,0,0,9.89952E-16,0.00100701,1.45922,0.657484,0.368799,0,0,0,0,0,0,0,0
70,7,2.67084,2.65353,0,0,0,0,0,0,7.63313E-10,0.0523154,1.38449,1.21673,0,0,0,0,0,0,0,0
70,8,3.45689,3.42264,0,0,0,0,0,0,9.09945E-11,0.00411788,0.262045,3.15648,0,0,0,0,0,0,0,0
71,1,0.545502,0.545492,0,0,0.361331,0.181018,0.0030908,5.08043E-05,2.32605E-07,1.53347E-07,3.44599E-08,2.75645E-08,0.168266,0.0816082,0.000209949,4.37938E-07,2.38771E-10,1.00943E-10,1.29858E-11,5.4677E-12
71,2,1.55612,1.5561,0,0,0,1.29642,0.255682,0.0039603,0.000018132,1.19537E-05,2.68622E-06,2.14871E-06,0,0.608258,0.104918,0.000228225,1.24432E-07,5.26047E-08,6.76735E-09,2.84941E-09
71,3,2.35803,2.35786,0,0,0,0,1.98308,0.371684,0.00160549,0.00105843,0.00023785,0.000190256,0,0,0.930247,0.150604,8.56039E-05,3.61899E-05,4.65566E-06,1.96028E-06
71,4,2.39726,2.39544,0,0,0,0,0,2.04573,0.198923,0.108821,0.0244108,0.0175486,0,0,0,0.853186,0.0180324,0.00762338,0.000980712,0.000412931
71,5,2.4292,2.42316,0,0,0,0,0,0.000298626,1.12954,0.985881,0.18319,0.12425,0,0,0,0,0,0,0,0
71,6,2.49623,2.48593,0,0,0,0,0,1.00921E-15,0.0010266,1.46722,0.651153,0.366521,0,0,0,0,0,0,0,0
71,7,2.67008,2.6528,0,0,0,0,0,0,7.74386E-10,0.0532858,1.38753,1.21198,0,0,0,0,0,0,0,0
71,8,3.45279,3.41861,0,0,0,0,0,0,9.12081E-11,0.00412766,0.262996,3.15149,0,0,0,0,0,0,0,0
72,1,0.396086,0.368557,0,1,0.271955,0.0949953,0.00158021,2.59743E-05,1.18922E-07,7.84003E-08,1.7618E-08,1.40927E-08,0.0941346,0.0402722,0.000105608,2.20291E-07,1.20106E-10,5.07761E-11,6.5321E-12,2.75036E-12
72,2,0.992666,0.983827,0,0,0,0.852895,0.128948,0.00196658,9.00389E-06,5.93589E-06,1.33391E-06,1.06699E-06,0,0.329657,0.0507839,0.000111851,6.09828E-08,2.57811E-08,3.31662E-09,1.39647E-09
72,3,1.47035,1.4567,0,0,0,0,1.25994,0.195166,0.000830002,0.000547186,0.000122963,9.83583E-05,0,0,0.511736,0.0761322,4.38163E-05,1.85238E-05,0.000002383,1.00337E-06
72,4,1.52512,1.47776,0,0,0,0,0,1.28351,0.112595,0.0589334,0.0132199,0.00949661,0,0,0,0.474529,0.00955387,0.00403899,0.000519597,0.000218778
72,5,1.49719,1.4602,0,0,0,0,0,0.000195295,0.736718,0.556399,0.0994415,0.0674471,0,0,0,0,0,0,0,0
72,6,1.5904,1.51837,0,0,0,0,0,5.79052E-16,0.000678818,0.948661,0.367914,0.201115,0,0,0,0,0,0,0,0
72,7,1.75606,1.64309,0,0,0,0,0,0,4.52387E-10,0.0337705,0.902752,0.706569,0,0,0,0,0,0,0,0
72,8,2.40404,2.18685,1,0,0,0,0,0,5.54953E-11,0.002513,0.166376,2.01796,0,0,0,0,0,0,0,0
73,1,0.394807,0.36719,0,1,0.271975,0.0936283,0.00156092,2.56572E-05,1.1747E-07,7.74433E-08,1.7403E-08,1.39207E-08,0.094247,0.0396598,0.000103866,2.16657E-07,1.18124E-10,4.99383E-11,6.42432E-12,2.70498E-12
73,2,0.986769,0.977836,0,0,0,0.851355,0.124562,0.00190193,8.70788E-06,5.74075E-06,1.29006E-06,1.03192E-06,0,0.328929,0.0488291,0.000107485,5.86027E-08,2.47749E-08,3.18717E-09,1.34197E-09
73,3,1.46973,1.45622,0,0,0,0,1.26467,0.189996,0.000808831,0.000533229,0.000119827,9.58494E-05,0,0,0.51388,0.0737575,4.24309E-05,1.79381E-05,2.30765E-06,9.71641E-07
73,4,1.52521,1.47802,0,0,0,0,0,1.28811,0.110068,0.0576225,0.0129259,0.00928813,0,0,0,0.477776,0.0093281,0.00394354,0.000507318,0.000213608
73,5,1.49716,1.46015,0,0,0,0,0,0.000196011,0.738015,0.555227,0.0993386,0.0673774,0,0,0,0,0,0,0,0
73,6,1.58915,1.51754,0,0,0,0,0,5.96325E-16,0.000699073,0.955817,0.361912,0.199114,0,0,0,0,0,0,0,0
73,7,1.75428,1.64175,0,0,0,0,0,0,4.67948E-10,0.0352874,0.907321,0.699141,0,0,0,0,0,0,0,0
73,8,2.39265,2.17689,1,0,0,0,0,0,5.5864E-11,0.00252995,0.168264,2.0061,0,0,0,0,0,0,0,0
74,1,0.394448,0.366805,0,1,0.271995,0.0932287,0.00155533,2.55653E-05,1.17049E-07,7.71657E-08,1.73406E-08,1.38708E-08,0.0942865,0.039481,0.000103355,2.15591E-07,1.17544E-10,4.96927E-11,6.39273E-12,2.69167E-12
74,2,0.984765,0.975801,0,0,0,0.850862,0.123042,0.00187957,8.60549E-06,5.67325E-06,1.27489E-06,1.01978E-06,0,0.328696,0.04815,0.000105967,5.7775E-08,2.44249E-08,3.14216E-09,1.32301E-09
74,3,1.46944,1.456,0,0,0,0,1.26685,0.187613,0.000799061,0.000526788,0.000118379,9.46917E-05,0,0,0.514865,0.0726646,4.17934E-05,1.76686E-05,2.27298E-06,9.57044E-07
74,4,1.52549,1.47828,0,0,0,0,0,1.29233,0.107683,0.0564825,0.0126703,0.00911151,0,0,0,0.480845,0.00923808,0.00390549,0.000502422,0.000211546
74,5,1.49715,1.46013,0,0,0,0,0,0.00019662,0.738578,0.554723,0.0992908,0.0673449,0,0,0,0,0,0,0,0
74,6,1.5883,1.51699,0,0,0,0,0,6.0869E-16,0.000713573,0.960548,0.357947,0.197777,0,0,0,0,0,0,0,0
74,7,1.75291,1.64072,0,0,0,0,0,0,4.79949E-10,0.0364573,0.910838,0.69342,0,0,0,0,0,0,0,0
74,8,2.39042,2.17499,1,0,0,0,0,0,5.6002E-11,0.00253631,0.168966,2.00349,0,0,0,0,0,0,0,0
75,1,0.394377,0.366728,0,1,0.272008,0.0931401,0.00155411,2.55453E-05,1.16958E-07,7.71055E-08,1.73271E-08,1.38599E-08,0.0942994,0.0394414,0.000103241,2.15353E-07,1.17414E-10,4.96378E-11,6.38566E-12,2.6887E-12
75,2,0.984191,0.975218,0,0,0,0.850739,0.122589,0.00187293,8.57513E-06,5.65323E-06,1.27039E-06,1.01618E-06,0,0.328639,0.0479468,0.000105512,5.75268E-08,2.432E-08,3.12866E-09,1.31733E-09
75,3,1.46931,1.4559,0,0,0,0,1.26787,0.186493,0.000794476,0.000523766,0.0001177,9.41483E-05,0,0,0.515329,0.0721509,4.14938E-05,1.75419E-05,2.25668E-06,9.50182E-07
75,4,1.52574,1.47847,0,0,0,0,0,1.29528,0.106017,0.0556859,0.0124918,0.00898963,0,0,0,0.483131,0.00921011,0.00389366,0.000500901,0.000210906
75,5,1.49715,1.46011,0,0,0,0,0,0.00019718,0.739146,0.554214,0.0992432,0.0673127,0,0,0,0,0,0,0,0
75,6,1.58749,1.51647,0,0,0,0,0,6.21887E-16,0.000729051,0.964638,0.354531,0.196577,0,0,0,0,0,0,0,0
75,7,1.75207,1.64008,0,0,0,0,0,0,4.87407E-10,0.0371852,0.912999,0.689893,0,0,0,0,0,0,0,0
75,8,2.39022,2.17483,1,0,0,0,0,0,5.60512E-11,0.00253857,0.169217,2.00308,0,0,0,0,0,0,0,0
76,1,0.394451,0.366806,0,1,0.272023,0.0932021,0.00155504,2.55605E-05,1.17027E-07,7.71513E-08,1.73374E-08,1.38682E-08,0.0943007,0.0394696,0.000103319,2.15516E-07,1.17503E-10,4.96753E-11,6.3905E-12,2.69073E-12
76,2,0.984135,0.975162,0,0,0,0.850756,0.122516,0.00187191,8.57043E-06,5.65013E-06,1.26969E-06,1.01563E-06,0,0.328648,0.0479125,0.000105434,5.74842E-08,2.4302E-08,3.12634E-09,1.31635E-09
76,3,1.46923,1.45584,0,0,0,0,1.26848,0.185835,0.000791783,0.00052199,0.000117301,9.38292E-05,0,0,0.515603,0.0718484,4.13173E-05,1.74673E-05,2.24708E-06,9.4614E-07
76,4,1.52599,1.47862,0,0,0,0,0,1.29745,0.104846,0.0550721,0.0123542,0.00889746,0,0,0,0.485228,0.00922669,0.00390067,0.000501803,0.000211285
76,5,1.49713,1.46008,0,0,0,0,0,0.00019789,0.740101,0.553354,0.099166,0.0672603,0,0,0,0,0,0,0,0
76,6,1.58651,1.51587,0,0,0,0,0,6.40143E-16,0.000750465,0.969188,0.350746,0.195183,0,0,0,0,0,0,0,0
76,7,1.75174,1.63983,0,0,0,0,0,0,4.90331E-10,0.0374711,0.913831,0.688529,0,0,0,0,0,0,0,0
76,8,2.39181,2.17626,1,0,0,0,0,0,5.60327E-11,0.00253772,0.169118,2.0046,0,0,0,0,0,0,0,0
77,1,0.394384,0.366733,0,1,0.272026,0.0931276,0.00155399,2.55433E-05,1.16949E-07,7.70994E-08,1.73257E-08,1.38588E-08,0.0943082,0.039436,0.000103223,2.15316E-07,1.17394E-10,4.96293E-11,6.38458E-12,2.68824E-12
77,2,0.983893,0.974915,0,0,0,0.850694,0.122335,0.00186924,8.55821E-06,5.64208E-06,1.26788E-06,1.01418E-06,0,0.328618,0.0478319,0.000105254,5.7386E-08,2.42605E-08,3.121E-09,1.3141E-09
77,3,1.46921,1.45582,0,0,0,0,1.26866,0.185634,0.000790956,0.000521445,0.000117179,9.37312E-05,0,0,0.515685,0.071757,4.12641E-05,1.74448E-05,2.24419E-06,9.44922E-07
77,4,1.526,1.47863,0,0,0,0,0,1.29759,0.104764,0.0550342,0.0123457,0.00889134,0,0,0,0.485309,0.00921847,0.00389719,0.000501356,0.000211097
77,5,1.49713,1.46008,0,0,0,0,0,0.00019795,0.740103,0.553353,0.0991652,0.0672597,0,0,0,0,0,0,0,0
77,6,1.58654,1.51588,0,0,0,0,0,6.39345E-16,0.000749529,0.969102,0.350816,0.195218,0,0,0,0,0,0,0,0
77,7,1.75159,1.63972,0,0,0,0,0,0,4.91613E-10,0.0375959,0.914212,0.687912,0,0,0,0,0,0,0,0
77,8,2.39164,2.17611,1,0,0,0,0,0,5.60471E-11,0.00253839,0.169192,2.00438,0,0,0,0,0,0,0,0
78,1,0.394173,0.366509,0,1,0.272016,0.0929158,0.00155096,2.54935E-05,1.16721E-07,7.69493E-08,1.7292E-08,1.38318E-08,0.0943216,0.0393405,0.000102953,2.14753E-07,1.17087E-10,4.94995E-11,6.36788E-12,2.68121E-12
78,2,0.983424,0.974439,0,0,0,0.850545,0.122012,0.00186443,8.53621E-06,5.62757E-06,1.26462E-06,1.01157E-06,0,0.328546,0.0476893,0.000104937,5.72131E-08,2.41874E-08,3.1116E-09,1.31014E-09
78,3,1.46922,1.45582,0,0,0,0,1.26855,0.185746,0.000791402,0.000521739,0.000117245,0.000093784,0,0,0.515634,0.0718101,4.12953E-05,0.000017458,2.24589E-06,9.45637E-07
78,4,1.52579,1.47852,0,0,0,0,0,1.29616,0.105516,0.0554517,0.0124392,0.00895296,0,0,0,0.483725,0.00918306,0.00388222,0.00049943,0.000210286
78,5,1.49715,1.46011,0,0,0,0,0,0.000197445,0.739252,0.554121,0.0992325,0.0673054,0,0,0,0,0,0,0,0
78,6,1.58748,1.51645,0,0,0,0,0,6.21568E-16,0.000728676,0.964949,0.354264,0.196513,0,0,0,0,0,0,0,0
78,7,1.75153,1.63967,0,0,0,0,0,0,4.92121E-10,0.0376444,0.914394,0.687632,0,0,0,0,0,0,0,0
78,8,2.38954,2.17426,1,0,0,0,0,0,5.61031E-11,0.00254096,0.169482,2.00224,0,0,0,0,0,0,0,0
79,1,0.394071,0.3664,0,1,0.27201,0.0928153,0.00154952,2.54699E-05,1.16612E-07,7.68778E-08,1.72759E-08,1.3819E-08,0.0943267,0.0392953,0.000102826,2.14487E-07,1.16942E-10,4.94381E-11,6.35999E-12,2.67789E-12
79,2,0.983171,0.974181,0,0,0,0.850469,0.121834,0.00186179,8.5241E-06,5.61959E-06,1.26283E-06,1.01014E-06,0,0.328509,0.0476105,0.000104761,5.71174E-08,2.41469E-08,3.10639E-09,1.30795E-09
79,3,1.46922,1.45583,0,0,0,0,1.26848,0.18582,0.000791701,0.000521936,0.000117289,9.38195E-05,0,0,0.5156,0.071846,4.13164E-05,1.74669E-05,2.24704E-06,9.46119E-07
79,4,1.52568,1.47846,0,0,0,0,0,1.29513,0.106093,0.0557328,0.0125022,0.00899521,0,0,0,0.482841,0.0091758,0.00387916,0.000499035,0.00021012
79,5,1.49715,1.46012,0,0,0,0,0,0.000197248,0.738948,0.554395,0.0992567,0.0673218,0,0,0,0,0,0,0,0
79,6,1.58795,1.51675,0,0,0,0,0,6.13258E-16,0.000718929,0.962753,0.356092,0.197181,0,0,0,0,0,0,0,0
79,7,1.75166,1.63977,0,0,0,0,0,0,4.90915E-10,0.037526,0.914066,0.688178,0,0,0,0,0,0,0,0
79,8,2.38904,2.17382,1,0,0,0,0,0,5.61133E-11,0.00254143,0.169535,2.00174,0,0,0,0,0,0,0,0
80,1,0.394023,0.366351,0,1,0.271997,0.0927786,0.00154897,2.54607E-05,1.1657E-07,7.68502E-08,1.72697E-08,1.3814E-08,0.0943242,0.0392786,0.00010278,2.14391E-07,1.16889E-10,4.94162E-11,6.35716E-12,2.6767E-12
80,2,0.983131,0.974141,0,0,0,0.850454,0.121808,0.00186141,8.52235E-06,5.61844E-06,1.26257E-06,1.00993E-06,0,0.328502,0.0475994,0.000104737,5.71041E-08,2.41413E-08,3.10567E-09,1.30765E-09
80,3,1.46923,1.45584,0,0,0,0,1.26837,0.185937,0.000792178,0.00052225,0.00011736,0.000093876,0,0,0.515551,0.0719004,4.13482E-05,1.74803E-05,2.24877E-06,9.46848E-07
80,4,1.52563,1.47842,0,0,0,0,0,1.29447,0.106471,0.0559074,0.0125414,0.00902184,0,0,0,0.482352,0.00918023,0.00388103,0.000499276,0.000210221
80,5,1.49715,1.46012,0,0,0,0,0,0.000197107,0.738821,0.554509,0.0992675,0.0673291,0,0,0,0,0,0,0,0
80,6,1.58814,1.51687,0,0,0,0,0,6.09982E-16,0.000715088,0.96177,0.356913,0.197473,0,0,0,0,0,0,0,0
80,7,1.75181,1.63989,0,0,0,0,0,0,4.89551E-10,0.0373927,0.913678,0.688814,0,0,0,0,0,0,0,0
80,8,2.38901,2.17379,1,0,0,0,0,0,5.61078E-11,0.00254118,0.169506,2.00175,0,0,0,0,0,0,0,0
81,1,0.394005,0.366333,0,1,0.271979,0.0927792,0.00154892,2.54599E-05,1.16567E-07,7.68478E-08,1.72692E-08,1.38136E-08,0.0943161,0.0392786,0.000102782,2.14396E-07,1.16892E-10,4.94173E-11,6.3573E-12,2.67676E-12
81,2,0.983236,0.974247,0,0,0,0.850478,0.121889,0.00186259,8.52779E-06,5.62202E-06,1.26338E-06,1.01057E-06,0,0.328513,0.0476357,0.000104818,5.71483E-08,2.416E-08,3.10807E-09,1.30866E-09
81,3,1.46926,1.45586,0,0,0,0,1.2682,0.18613,0.000792967,0.000522771,0.000117477,9.39695E-05,0,0,0.515471,0.0719888,4.13998E-05,1.75022E-05,2.25157E-06,9.4803E-07
81,4,1.52559,1.47838,0,0,0,0,0,1.29394,0.106777,0.0560486,0.012573,0.00904357,0,0,0,0.481971,0.0091881,0.00388435,0.000499704,0.000210402
81,5,1.49716,1.46013,0,0,0,0,0,0.000196971,0.738729,0.554591,0.0992758,0.0673348,0,0,0,0,0,0,0,0
81,6,1.58824,1.51693,0,0,0,0,0,6.08404E-16,0.000713237,0.961257,0.357341,0.197622,0,0,0,0,0,0,0,0
81,7,1.75194,1.63998,0,0,0,0,0,0,4.8846E-10,0.0372862,0.913364,0.689328,0,0,0,0,0,0,0,0
81,8,2.38907,2.17384,1,0,0,0,0,0,5.61003E-11,0.00254083,0.169468,2.00183,0,0,0,0,0,0,0,0
82,1,0.394,0.366329,0,1,0.271956,0.0927984,0.00154912,2.54633E-05,1.16582E-07,7.68578E-08,1.72714E-08,1.38154E-08,0.0943042,0.0392869,0.000102809,2.14452E-07,1.16922E-10,4.943E-11,6.35894E-12,2.67745E-12
82,2,0.983418,0.974432,0,0,0,0.850522,0.122028,0.00186463,8.53712E-06,5.62817E-06,1.26476E-06,1.01168E-06,0,0.328534,0.0476976,0.000104956,5.72238E-08,2.41919E-08,3.11218E-09,1.31039E-09
82,3,1.46929,1.45588,0,0,0,0,1.26798,0.186367,0.00079394,0.000523412,0.000117621,9.40849E-05,0,0,0.515373,0.0720973,0.000041463,1.75289E-05,2.25501E-06,9.49478E-07
82,4,1.52555,1.47835,0,0,0,0,0,1.29348,0.107038,0.0561701,0.0126003,0.00906235,0,0,0,0.481645,0.00919649,0.0038879,0.00050016,0.000210594
82,5,1.49716,1.46013,0,0,0,0,0,0.000196856,0.738656,0.554656,0.0992824,0.0673393,0,0,0,0,0,0,0,0
82,6,1.58829,1.51697,0,0,0,0,0,6.07589E-16,0.000712281,0.960991,0.357563,0.197699,0,0,0,0,0,0,0,0
82,7,1.75201,1.64004,0,0,0,0,0,0,4.87767E-10,0.0372186,0.913163,0.689656,0,0,0,0,0,0,0,0
82,8,2.38913,2.17389,1,0,0,0,0,0,5.60946E-11,0.00254057,0.169439,2.00191,0,0,0,0,0,0,0,0
83,1,0.393989,0.36632,0,1,0.271926,0.0928188,0.00154932,2.54666E-05,1.16597E-07,7.68678E-08,1.72737E-08,1.38172E-08,0.0942897,0.0392956,0.000102837,2.14511E-07,1.16955E-10,4.94437E-11,6.3607E-12,2.67819E-12
83,2,0.983623,0.97464,0,0,0,0.850573,0.122183,0.00186692,8.54757E-06,5.63507E-06,1.26631E-06,1.01292E-06,0,0.328558,0.0477669,0.000105111,5.73082E-08,2.42276E-08,3.11677E-09,1.31232E-09
83,3,1.46931,1.4559,0,0,0,0,1.26778,0.186589,0.000794851,0.000524013,0.000117756,9.41928E-05,0,0,0.515282,0.0721985,0.000041522,1.75538E-05,2.25822E-06,9.50827E-07
83,4,1.52553,1.47834,0,0,0,0,0,1.29321,0.107194,0.0562442,0.0126169,0.00907387,0,0,0,0.481449,0.0092034,0.00389083,0.000500537,0.000210752
83,5,1.49716,1.46013,0,0,0,0,0,0.000196785,0.738617,0.55469,0.099286,0.0673417,0,0,0,0,0,0,0,0
83,6,1.58828,1.51696,0,0,0,0,0,6.07707E-16,0.000712419,0.961031,0.357531,0.197687,0,0,0,0,0,0,0,0
83,7,1.75203,1.64005,0,0,0,0,0,0,4.8762E-10,0.0372043,0.913117,0.689729,0,0,0,0,0,0,0,0
83,8,2.38917,2.17393,1,0,0,0,0,0,5.60919E-11,0.00254045,0.169425,2.00196,0,0,0,0,0,0,0,0
84,1,0.393978,0.366312,0,1,0.271892,0.0928447,0.00154958,2.54709E-05,1.16617E-07,7.68808E-08,1.72766E-08,1.38195E-08,0.094273,0.0393065,0.000102873,2.14585E-07,1.16995E-10,4.94608E-11,6.36291E-12,2.67912E-12
84,2,0.983846,0.974867,0,0,0,0.850631,0.122349,0.00186936,8.55878E-06,5.64245E-06,1.26797E-06,1.01425E-06,0,0.328586,0.0478408,0.000105276,5.73983E-08,2.42657E-08,3.12167E-09,1.31438E-09
84,3,1.46933,1.45591,0,0,0,0,1.26765,0.186736,0.000795459,0.000524414,0.000117846,9.42649E-05,0,0,0.515223,0.0722651,4.15607E-05,1.75702E-05,2.26033E-06,9.51715E-07
84,4,1.52555,1.47834,0,0,0,0,0,1.29333,0.107123,0.0562127,0.0126098,0.00906935,0,0,0,0.481555,0.00920878,0.0038931,0.000500829,0.000210875
84,5,1.49715,1.46013,0,0,0,0,0,0.000196781,0.738652,0.554658,0.0992836,0.0673401,0,0,0,0,0,0,0,0
84,6,1.58815,1.51687,0,0,0,0,0,6.09991E-16,0.000715098,0.961703,0.35697,0.197486,0,0,0,0,0,0,0,0
84,7,1.75197,1.64001,0,0,0,0,0,0,4.88151E-10,0.0372563,0.913263,0.689487,0,0,0,0,0,0,0,0
84,8,2.38927,2.17401,1,0,0,0,0,0,5.60904E-11,0.00254038,0.169418,2.00205,0,0,0,0,0,0,0,0
85,1,0.393993,0.366331,0,1,0.271855,0.0929006,0.00155026,0.000025482,1.16668E-07,7.69145E-08,1.72842E-08,1.38256E-08,0.0942528,0.0393308,0.000102947,2.1474E-07,1.17079E-10,4.94964E-11,6.36749E-12,2.68104E-12
85,2,0.98414,0.975165,0,0,0,0.850716,0.12256,0.00187248,8.57307E-06,5.65187E-06,1.27008E-06,1.01594E-06,0,0.328627,0.0479342,0.000105485,5.75118E-08,2.43136E-08,3.12784E-09,1.31698E-09
85,3,1.46934,1.45592,0,0,0,0,1.26764,0.18675,0.000795522,0.000524455,0.000117855,9.42723E-05,0,0,0.515221,0.0722698,4.15633E-05,1.75713E-05,2.26046E-06,9.51773E-07
85,4,1.52565,1.4784,0,0,0,0,0,1.29416,0.106661,0.055985,0.0125588,0.00903537,0,0,0,0.482298,0.00922012,0.00389789,0.000501446,0.000211135
85,5,1.49715,1.46012,0,0,0,0,0,0.000196909,0.738914,0.554421,0.0992631,0.0673262,0,0,0,0,0,0,0,0
85,6,1.58769,1.51659,0,0,0,0,0,6.18017E-16,0.000724511,0.963828,0.355201,0.196839,0,0,0,0,0,0,0,0
85,7,1.75187,1.63993,0,0,0,0,0,0,4.89096E-10,0.0373492,0.913515,0.689064,0,0,0,0,0,0,0,0
85,8,2.38981,2.17449,1,0,0,0,0,0,5.60773E-11,0.00253977,0.16935,2.0026,0,0,0,0,0,0,0,0
86,1,0.394094,0.366441,0,1,0.271824,0.0930393,0.00155213,2.55128E-05,1.16809E-07,7.70073E-08,1.7305E-08,1.38423E-08,0.0942285,0.0393926,0.000103126,2.15114E-07,1.17283E-10,4.95827E-11,6.37858E-12,2.68572E-12
86,2,0.98454,0.975572,0,0,0,0.850846,0.122833,0.00187655,8.59167E-06,5.66414E-06,1.27284E-06,1.01814E-06,0,0.32869,0.0480544,0.000105752,5.76575E-08,2.43753E-08,3.13577E-09,1.32032E-09
86,3,1.46932,1.45591,0,0,0,0,1.26778,0.186594,0.000794893,0.00052404,0.000117762,9.41978E-05,0,0,0.515289,0.0721965,4.15203E-05,1.75531E-05,2.25813E-06,9.50789E-07
86,4,1.52586,1.47851,0,0,0,0,0,1.29565,0.105873,0.0555494,0.0124612,0.00897101,0,0,0,0.483939,0.00925546,0.00391283,0.000503368,0.000211944
86,5,1.49713,1.46009,0,0,0,0,0,0.000197414,0.739776,0.553642,0.099195,0.06728,0,0,0,0,0,0,0,0
86,6,1.58672,1.516,0,0,0,0,0,6.36278E-16,0.000745932,0.96816,0.351602,0.195493,0,0,0,0,0,0,0,0
86,7,1.75189,1.63995,0,0,0,0,0,0,4.88965E-10,0.0373375,0.913443,0.689166,0,0,0,0,0,0,0,0
86,8,2.392,2.17641,1,0,0,0,0,0,5.60215E-11,0.00253721,0.169061,2.00482,0,0,0,0,0,0,0,0
87,1,0.394062,0.366411,0,1,0.271789,0.0930448,0.00155211,2.55123E-05,1.16807E-07,7.70059E-08,1.73047E-08,1.3842E-08,0.094213,0.0393944,0.000103136,2.15134E-07,1.17294E-10,4.95874E-11,6.37918E-12,2.68597E-12
87,2,0.984688,0.975723,0,0,0,0.850884,0.122944,0.00187818,8.59915E-06,5.66907E-06,1.27395E-06,1.01903E-06,0,0.328708,0.0481038,0.000105862,5.77176E-08,2.44007E-08,3.13904E-09,1.3217E-09
87,3,1.46934,1.45592,0,0,0,0,1.26767,0.186716,0.000795394,0.000524371,0.000117836,9.42572E-05,0,0,0.51524,0.0722518,4.15525E-05,1.75667E-05,2.25988E-06,9.51526E-07
87,4,1.52586,1.4785,0,0,0,0,0,1.29561,0.105899,0.055561,0.0124638,0.00897301,0,0,0,0.483925,0.00926097,0.00391516,0.000503667,0.00021207
87,5,1.49713,1.46009,0,0,0,0,0,0.000197374,0.739782,0.553636,0.0991951,0.06728,0,0,0,0,0,0,0,0
87,6,1.58667,1.51597,0,0,0,0,0,6.37242E-16,0.000747062,0.968353,0.351443,0.195429,0,0,0,0,0,0,0,0
87,7,1.75196,1.64,0,0,0,0,0,0,4.88392E-10,0.0372818,0.91327,0.689445,0,0,0,0,0,0,0,0
87,8,2.39206,2.17646,1,0,0,0,0,0,5.60147E-11,0.00253689,0.169026,2.0049,0,0,0,0,0,0,0,0
88,1,0.393926,0.366269,0,1,0.271749,0.0929442,0.00155056,0.000025487,1.16691E-07,7.69294E-08,1.72875E-08,1.38283E-08,0.0942044,0.0393483,0.00010301,2.14872E-07,1.17152E-10,4.9527E-11,6.37142E-12,2.6827E-12
88,2,0.984732,0.975767,0,0,0,0.850863,0.123007,0.00187907,8.60324E-06,5.67176E-06,1.27455E-06,1.01952E-06,0,0.328698,0.048134,0.000105931,5.77553E-08,2.44166E-08,3.14108E-09,1.32256E-09
88,3,1.46942,1.45598,0,0,0,0,1.26707,0.187368,0.000798061,0.000526129,0.000118231,9.45732E-05,0,0,0.514968,0.0725515,4.17274E-05,1.76407E-05,2.26939E-06,9.55531E-07
88,4,1.52561,1.47835,0,0,0,0,0,1.29344,0.107069,0.0561758,0.0126016,0.00906526,0,0,0,0.481815,0.00924257,0.00390738,0.000502666,0.000211649
88,5,1.49715,1.46012,0,0,0,0,0,0.000196686,0.738828,0.554495,0.0992719,0.0673322,0,0,0,0,0,0,0,0
88,6,1.58765,1.51657,0,0,0,0,0,6.19002E-16,0.000725667,0.963906,0.35514,0.1968,0,0,0,0,0,0,0,0
88,7,1.75215,1.64014,0,0,0,0,0,0,4.86701E-10,0.0371161,0.912801,0.69022,0,0,0,0,0,0,0,0
88,8,2.39023,2.17484,1,0,0,0,0,0,5.60476E-11,0.00253841,0.169199,2.00311,0,0,0,0,0,0,0,0
89,1,0.393991,0.366342,0,1,0.271716,0.093048,0.00155193,2.55095E-05,1.16794E-07,7.69973E-08,1.73028E-08,1.38405E-08,0.094182,0.0393943,0.000103145,2.15154E-07,1.17305E-10,4.95918E-11,6.37976E-12,2.68621E-12
89,2,0.98549,0.976537,0,0,0,0.851032,0.123599,0.00188776,8.64299E-06,5.69797E-06,1.28044E-06,1.02423E-06,0,0.328777,0.0483994,0.000106525,5.80792E-08,2.45535E-08,3.1587E-09,1.32998E-09
89,3,1.46957,1.4561,0,0,0,0,1.26592,0.188631,0.000803237,0.000529542,0.000118998,9.51866E-05,0,0,0.514446,0.0731308,4.20653E-05,1.77835E-05,2.28777E-06,9.63269E-07
89,4,1.52536,1.47816,0,0,0,0,0,1.29046,0.10875,0.0569808,0.012782,0.0091885,0,0,0,0.479508,0.00927258,0.00392007,0.000504299,0.000212336
89,5,1.49716,1.46014,0,0,0,0,0,0.000196199,0.738307,0.554963,0.0993152,0.0673615,0,0,0,0,0,0,0,0
89,6,1.58837,1.51703,0,0,0,0,0,6.06908E-16,0.000711482,0.960334,0.35812,0.197859,0,0,0,0,0,0,0,0
89,7,1.75272,1.64057,0,0,0,0,0,0,4.81597E-10,0.0366177,0.911332,0.692623,0,0,0,0,0,0,0,0
89,8,2.39015,2.17476,1,0,0,0,0,0,5.60211E-11,0.00253718,0.169063,2.00316,0,0,0,0,0,0,0,0
90,1,0.394425,0.366808,0,1,0.271679,0.0935445,0.00155885,2.56232E-05,1.17314E-07,7.73405E-08,1.73799E-08,1.39022E-08,0.0941281,0.0396162,0.000103781,2.16479E-07,1.18028E-10,4.98974E-11,6.41906E-12,2.70276E-12
90,2,0.987971,0.979057,0,0,0,0.851647,0.125477,0.00191539,8.76949E-06,5.78136E-06,1.29918E-06,1.03922E-06,0,0.329067,0.049238,0.0001084,5.91011E-08,2.49856E-08,3.21428E-09,1.35338E-09
90,3,1.46989,1.45634,0,0,0,0,1.26353,0.191249,0.000813971,0.000536618,0.000120588,9.64586E-05,0,0,0.513365,0.0743304,4.27648E-05,1.80792E-05,2.32581E-06,9.79287E-07
90,4,1.52511,1.47792,0,0,0,0,0,1.28659,0.110926,0.0580314,0.0130176,0.00935161,0,0,0,0.476689,0.00936317,0.00395837,0.000509226,0.000214411
90,5,1.49716,1.46016,0,0,0,0,0,0.0001958,0.737864,0.555361,0.0993519,0.0673864,0,0,0,0,0,0,0,0
90,6,1.58901,1.51744,0,0,0,0,0,5.9734E-16,0.000700263,0.956892,0.361002,0.198844,0,0,0,0,0,0,0,0
90,7,1.75362,1.64125,0,0,0,0,0,0,4.73711E-10,0.0358486,0.909027,0.696374,0,0,0,0,0,0,0,0
90,8,2.39184,2.1762,1,0,0,0,0,0,5.59218E-11,0.00253262,0.168559,2.00511,0,0,0,0,0,0,0,0
91,1,0.395864,0.368347,0,1,0.271645,0.0950953,0.0015807,2.59823E-05,1.18958E-07,7.84244E-08,1.76235E-08,1.4097E-08,0.0939962,0.0403105,0.000105758,2.20604E-07,1.20276E-10,5.0848E-11,6.54136E-12,2.75426E-12
91,2,0.994378,0.985566,0,0,0,0.853334,0.130229,0.00198546,9.09031E-06,5.99287E-06,1.34671E-06,1.07724E-06,0,0.329863,0.0513555,0.000113127,6.16788E-08,2.60753E-08,3.35447E-09,1.41241E-09
91,3,1.47047,1.4568,0,0,0,0,1.25904,0.196151,0.000834049,0.000549855,0.000123563,9.88379E-05,0,0,0.511333,0.0765816,4.40781E-05,1.86345E-05,2.39724E-06,1.00936E-06
91,4,1.52518,1.47778,0,0,0,0,0,1.28376,0.112439,0.0588795,0.0132078,0.00948915,0,0,0,0.474714,0.00956903,0.0040454,0.000520422,0.000219125
91,5,1.49719,1.4602,0,0,0,0,0,0.000195482,0.736781,0.556345,0.0994348,0.0674426,0,0,0,0,0,0,0,0
91,6,1.58984,1.51798,0,0,0,0,0,5.85534E-16,0.000686418,0.952281,0.364866,0.20015,0,0,0,0,0,0,0,0
91,7,1.75477,1.64212,0,0,0,0,0,0,4.6358E-10,0.0348605,0.906073,0.701187,0,0,0,0,0,0,0,0
91,8,2.40193,2.18504,1,0,0,0,0,0,5.56121E-11,0.00251838,0.166973,2.01555,0,0,0,0,0,0,0,0
92,1,0.544551,0.544541,0,0,0.360937,0.180471,0.00308131,5.06483E-05,2.3189E-07,1.52876E-07,3.43541E-08,2.74798E-08,0.168097,0.0813422,0.000209273,4.36529E-07,2.38002E-10,1.00618E-10,1.2944E-11,5.4501E-12
92,2,1.5551,1.55508,0,0,0,1.29629,0.254806,0.00394723,1.80722E-05,1.19143E-05,2.67736E-06,2.14162E-06,0,0.60821,0.104501,0.000227303,1.23929E-07,5.23922E-08,6.74002E-09,2.8379E-09
92,3,2.35781,2.35764,0,0,0,0,1.98575,0.368824,0.00159351,0.00105054,0.000236076,0.000188837,0,0,0.931527,0.149225,8.48118E-05,0.000035855,4.61258E-06,1.94214E-06
92,4,2.39715,2.39535,0,0,0,0,0,2.05158,0.19541,0.107064,0.0240171,0.0172768,0,0,0,0.857868,0.0178989,0.00756691,0.000973448,0.000409873
92,5,2.42918,2.42315,0,0,0,0,0,0.000299674,1.13034,0.985197,0.183114,0.124199,0,0,0,0,0,0,0,0
92,6,2.49528,2.48502,0,0,0,0,0,1.03601E-15,0.00105387,1.4798,0.641158,0.363003,0,0,0,0,0,0,0,0
92,7,2.66809,2.65088,0,0,0,0,0,0,8.0344E-10,0.0558303,1.39558,1.19946,0,0,0,0,0,0,0,0
92,8,3.44946,3.41535,0,0,0,0,0,0,9.14933E-11,0.00414074,0.26428,3.14693,0,0,0,0,0,0,0,0
93,1,0.550098,0.550088,0,0,0.360285,0.186574,0.00317544,5.21955E-05,2.38974E-07,1.57546E-07,3.54036E-08,2.83193E-08,0.167521,0.0844524,0.000217649,0.000000454,2.47528E-10,1.04645E-10,1.34621E-11,5.66824E-12
93,2,1.57267,1.57265,0,0,0,1.30042,0.268043,0.00414684,1.89861E-05,1.25167E-05,2.81275E-06,2.24992E-06,0,0.610067,0.110684,0.000240896,1.3134E-07,5.55254E-08,7.14309E-09,3.00761E-09
93,3,2.35878,2.3586,0,0,0,0,1.97456,0.380879,0.00164409,0.00108388,0.000243568,0.00019483,0,0,0.926175,0.155012,8.81345E-05,3.72597E-05,4.79329E-06,2.01822E-06
93,4,2.39734,2.39551,0,0,0,0,0,2.04222,0.200906,0.10997,0.0246687,0.0177349,0,0,0,0.850391,0.0183102,0.00774082,0.00099582,0.000419293
93,5,2.42921,2.42318,0,0,0,0,0,0.000298615,1.12864,0.986677,0.183262,0.124299,0,0,0,0,0,0,0,0
93,6,2.49644,2.48612,0,0,0,0,0,1.0018E-15,0.00101907,1.46459,0.653222,0.367291,0,0,0,0,0,0,0,0
93,7,2.67025,2.65297,0,0,0,0,0,0,7.71898E-10,0.0530673,1.38686,1.21303,0,0,0,0,0,0,0,0
93,8,3.45618,3.42194,0,0,0,0,0,0,9.10619E-11,0.00412097,0.262349,3.15547,0,0,0,0,0,0,0,0
94,1,0.545058,0.545047,0,0,0.361493,0.180421,0.00308182,5.06566E-05,2.31928E-07,1.52901E-07,3.43598E-08,2.74844E-08,0.168371,0.0813009,0.000209113,4.36194E-07,2.3782E-10,1.00541E-10,1.29341E-11,5.44592E-12
94,2,1.5536,1.55358,0,0,0,1.29587,0.253744,0.00393113,1.79985E-05,1.18657E-05,2.66644E-06,2.13289E-06,0,0.608012,0.10401,0.000226228,1.23343E-07,5.21443E-08,6.70813E-09,2.82447E-09
94,3,2.35783,2.35766,0,0,0,0,1.98548,0.369108,0.00159468,0.00105131,0.000236249,0.000188976,0,0,0.931389,0.149368,8.48945E-05,0.00003589,4.61708E-06,1.94403E-06
94,4,2.39719,2.39538,0,0,0,0,0,2.04935,0.196748,0.107734,0.0241673,0.0173804,0,0,0,0.856069,0.0179487,0.00758799,0.00097616,0.000411015
94,5,2.42919,2.42315,0,0,0,0,0,0.000299305,1.13005,0.985446,0.183141,0.124217,0,0,0,0,0,0,0,0
94,6,2.49582,2.48553,0,0,0,0,0,1.02161E-15,0.00103922,1.47262,0.646872,0.364998,0,0,0,0,0,0,0,0
94,7,2.66941,2.65215,0,0,0,0,0,0,7.84205E-10,0.054146,1.39024,1.20776,0,0,0,0,0,0,0,0
94,8,3.45217,3.41801,0,0,0,0,0,0,9.12803E-11,0.00413097,0.263323,3.15056,0,0,0,0,0,0,0,0
95,1,0.39572,0.368164,0,1,0.271981,0.0945822,0.00157444,2.58794E-05,1.18488E-07,7.81141E-08,1.75537E-08,1.40412E-08,0.0941772,0.0400874,0.00010508,2.1919E-07,1.19505E-10,5.05221E-11,6.49943E-12,2.7366E-12
95,2,0.990813,0.981945,0,0,0,0.852445,0.127536,0.00194583,8.90886E-06,5.87325E-06,1.31983E-06,1.05573E-06,0,0.329445,0.0501529,0.00011044,6.02135E-08,2.54559E-08,3.27478E-09,1.37885E-09
95,3,1.47011,1.45652,0,0,0,0,1.26174,0.193196,0.000821932,0.000541866,0.000121768,0.000097402,0,0,0.512551,0.0752284,4.32891E-05,1.83009E-05,2.35432E-06,9.91294E-07
95,4,1.52534,1.47795,0,0,0,0,0,1.28664,0.110823,0.0580912,0.0130311,0.00936609,0,0,0,0.476786,0.00948614,0.00401036,0.000515914,0.000217227
95,5,1.49718,1.46019,0,0,0,0,0,0.000195795,0.737112,0.556048,0.0994072,0.0674239,0,0,0,0,0,0,0,0
95,6,1.58978,1.51796,0,0,0,0,0,5.87513E-16,0.00068874,0.952277,0.36488,0.200113,0,0,0,0,0,0,0,0
95,7,1.75518,1.64243,0,0,0,0,0,0,4.6005E-10,0.0345172,0.90501,0.702902,0,0,0,0,0,0,0,0
95,8,2.40334,2.18626,1,0,0,0,0,0,5.55585E-11,0.00251591,0.166697,2.01705,0,0,0,0,0,0,0,0
96,1,0.394448,0.366805,0,1,0.271995,0.0932287,0.00155533,2.55653E-05,1.17049E-07,7.71657E-08,1.73406E-08,1.38708E-08,0.0942865,0.039481,0.000103355,2.15591E-07,1.17544E-10,4.96927E-11,6.39273E-12,2.69167E-12
96,2,0.984765,0.975801,0,0,0,0.850862,0.123042,0.00187957,8.60549E-06,5.67325E-06,1.27489E-06,1.01978E-06,0,0.328696,0.04815,0.000105967,5.7775E-08,2.44249E-08,3.14216E-09,1.32301E-09
96,3,1.46944,1.456,0,0,0,0,1.26685,0.187613,0.000799061,0.000526788,0.000118379,9.46917E-05,0,0,0.514865,0.0726646,4.17934E-05,1.76686E-05,2.27298E-06,9.57044E-07
96,4,1.52549,1.47828,0,0,0,0,0,1.29233,0.107683,0.0564825,0.0126703,0.00911151,0,0,0,0.480845,0.00923808,0.00390549,0.000502422,0.000211546
96,5,1.49715,1.46013,0,0,0,0,0,0.00019662,0.738578,0.554723,0.0992908,0.0673449,0,0,0,0,0,0,0,0
96,6,1.5883,1.51699,0,0,0,0,0,6.0869E-16,0.000713573,0.960548,0.357947,0.197777,0,0,0,0,0,0,0,0
96,7,1.75291,1.64072,0,0,0,0,0,0,4.79949E-10,0.0364573,0.910838,0.69342,0,0,0,0,0,0,0,0
96,8,2.39042,2.17499,1,0,0,0,0,0,5.6002E-11,0.00253631,0.168966,2.00349,0,0,0,0,0,0,0,0
97,1,0.394133,0.366466,0,1,0.272016,0.092874,0.00155037,2.54838E-05,1.16676E-07,7.69198E-08,1.72854E-08,1.38266E-08,0.0943227,0.0393224,0.000102902,2.14645E-07,1.17028E-10,4.94746E-11,6.36468E-12,2.67986E-12
97,2,0.982787,0.973792,0,0,0,0.850382,0.121535,0.0018574,8.50402E-06,5.60635E-06,1.25985E-06,1.00776E-06,0,0.32847,0.0474763,0.000104461,5.69537E-08,2.40777E-08,3.09749E-09,1.3042E-09
97,3,1.46913,1.45575,0,0,0,0,1.26926,0.184971,0.000788235,0.000519651,0.000116775,9.34087E-05,0,0,0.515957,0.0714536,4.10872E-05,0.00001737,2.23457E-06,9.40871E-07
97,4,1.52588,1.47862,0,0,0,0,0,1.29767,0.104671,0.0550352,0.0123459,0.00888801,0,0,0,0.484822,0.00914059,0.00386427,0.00049712,0.000209314
97,5,1.49714,1.4601,0,0,0,0,0,0.0001974,0.739395,0.55399,0.0992226,0.0672987,0,0,0,0,0,0,0,0
97,6,1.58706,1.51619,0,0,0,0,0,6.27923E-16,0.000736129,0.967106,0.352461,0.195885,0,0,0,0,0,0,0,0
97,7,1.75095,1.63923,0,0,0,0,0,0,4.97241E-10,0.0381439,0.915882,0.685206,0,0,0,0,0,0,0,0
97,8,2.38731,2.17234,1,0,0,0,0,0,5.62078E-11,0.00254578,0.170013,1.99978,0,0,0,0,0,0,0,0
98,1,0.394122,0.366454,0,1,0.27203,0.0928476,0.00155004,2.54784E-05,1.16651E-07,7.69034E-08,1.72817E-08,1.38236E-08,0.0943311,0.0393107,0.000102867,2.14572E-07,1.16988E-10,4.94578E-11,6.36252E-12,2.67895E-12
98,2,0.98231,0.973308,0,0,0,0.850301,0.121138,0.00185162,8.47756E-06,5.58891E-06,1.25593E-06,1.00462E-06,0,0.328433,0.0472972,0.000104059,5.67344E-08,2.3985E-08,3.08556E-09,1.29918E-09
98,3,1.46896,1.45563,0,0,0,0,1.27052,0.183595,0.000782597,0.000515934,0.00011594,9.27407E-05,0,0,0.516528,0.0708216,4.07185E-05,1.72141E-05,2.21452E-06,9.32428E-07
98,4,1.5263,1.4789,0,0,0,0,0,1.30192,0.102329,0.0538574,0.0120819,0.0087094,0,0,0,0.488536,0.00913429,0.00386161,0.000496778,0.00020917
98,5,1.49712,1.46005,0,0,0,0,0,0.000198516,0.740799,0.552727,0.0991083,0.0672211,0,0,0,0,0,0,0,0
98,6,1.58535,1.51513,0,0,0,0,0,6.58312E-16,0.000771774,0.975222,0.345701,0.193433,0,0,0,0,0,0,0,0
98,7,1.74957,1.6382,0,0,0,0,0,0,5.09388E-10,0.0393301,0.919375,0.679491,0,0,0,0,0,0,0,0
98,8,2.38895,2.17385,1,0,0,0,0,0,5.62623E-11,0.00254829,0.170284,2.00102,0,0,0,0,0,0,0,0
99,1,0.38658,0.359617,0,1,0.26522,0.0928144,0.00155708,0.000025594,1.17181E-07,7.72526E-08,1.73601E-08,1.38864E-08,0.093986,0.039658,0.00010341,2.15705E-07,1.17605E-10,4.97188E-11,6.3961E-12,2.69309E-12
99,2,0.966397,0.957371,0,0,0,0.834403,0.121095,0.00185555,8.49555E-06,5.60077E-06,1.2586E-06,1.00675E-06,0,0.327776,0.0474934,0.00010429,5.68605E-08,2.40383E-08,3.09242E-09,1.30207E-09
99,3,1.48131,1.45906,0,0,0,0,1.27391,0.183646,0.000784382,0.000517111,0.000116205,9.29521E-05,0,0,0.518851,0.071035,4.07789E-05,1.72397E-05,2.21781E-06,9.33813E-07
99,4,1.6066,1.50629,0,0,0,0,0,1.32574,0.10402,0.055216,0.0123868,0.00893323,0,0,0,0.505256,0.00943205,0.00398749,0.000512971,0.000215988
99,5,1.57987,1.48662,0,0,0,0,0,0.000201165,0.748787,0.565689,0.102453,0.0694894,0,0,0,0,0,0,0,0
99,6,2.30368,1.85015,0,0,0,0,0,8.43114E-16,0.000951051,1.16662,0.434084,0.248495,0,0,0,0,0,0,0,0
99,7,3.38249,2.562,0,0,0,0,0,0,8.59708E-10,0.0618784,1.38117,1.11895,0,0,0,0,0,0,0,0
99,8,4.20211,3.37625,0,0,0,0,0,0,9.23174E-11,0.00417893,0.26931,3.10276,0,0,0,0,0,0,0,0
100,1,0.386482,0.359513,0,1,0.265223,0.0927086,0.00155556,2.55691E-05,1.17067E-07,7.71774E-08,1.73432E-08,1.38729E-08,0.093996,0.0396093,0.000103272,2.15418E-07,1.17449E-10,4.96528E-11,6.38761E-12,2.68952E-12
100,2,0.96607,0.957039,0,0,0,0.83431,0.12086,0.00185206,8.47958E-06,5.59024E-06,1.25623E-06,1.00486E-06,0,0.327734,0.0473881,0.000104056,5.67327E-08,2.39843E-08,3.08547E-09,1.29914E-09
100,3,1.48127,1.45904,0,0,0,0,1.27406,0.183469,0.00078365,0.000516629,0.000116096,9.28655E-05,0,0,0.51892,0.0709551,4.07326E-05,1.72201E-05,2.21528E-06,9.3275E-07
100,4,1.60684,1.50641,0,0,0,0,0,1.32562,0.104149,0.0552884,0.012403,0.00894358,0,0,0,0.505022,0.00941796,0.00398153,0.000512205,0.000215665
100,5,1.5799,1.48664,0,0,0,0,0,0.000201123,0.748617,0.565852,0.102467,0.0694992,0,0,0,0,0,0,0,0
100,6,2.30655,1.85175,0,0,0,0,0,8.35975E-16,0.000942993,1.16556,0.435944,0.2493,0,0,0,0,0,0,0,0
100,7,3.38241,2.56194,0,0,0,0,0,0,8.60146E-10,0.0619163,1.38132,1.1187,0,0,0,0,0,0,0,0
100,8,4.20122,3.37534,0,0,0,0,0,0,9.23643E-11,0.00418108,0.269522,3.10164,0,0,0,0,0,0,0,0
101,1,0.393831,0.366142,0,1,0.272031,0.092539,0.00154568,2.54067E-05,1.16323E-07,7.6687E-08,1.7233E-08,1.37847E-08,0.0943574,0.0391717,0.000102472,2.13749E-07,1.16539E-10,4.9268E-11,6.3381E-12,2.66867E-12
101,2,0.981327,0.972308,0,0,0,0.850039,0.120411,0.0018409,8.42845E-06,5.55653E-06,1.24866E-06,9.98803E-07,0,0.328308,0.0469737,0.000103337,5.63407E-08,2.38186E-08,3.06415E-09,1.29017E-09
101,3,1.46887,1.45555,0,0,0,0,1.27117,0.182878,0.000779644,0.000513988,0.000115503,9.23907E-05,0,0,0.516817,0.0704966,4.05293E-05,1.71342E-05,2.20423E-06,9.28097E-07
101,4,1.52626,1.4789,0,0,0,0,0,1.30202,0.102259,0.0538364,0.0120772,0.00870447,0,0,0,0.488421,0.00909487,0.00384494,0.000494634,0.000208267
101,5,1.49713,1.46006,0,0,0,0,0,0.000198625,0.740613,0.552898,0.0991204,0.0672294,0,0,0,0,0,0,0,0
101,6,1.58587,1.51544,0,0,0,0,0,6.48586E-16,0.000760366,0.973022,0.347525,0.19413,0,0,0,0,0,0,0,0
101,7,1.74917,1.6379,0,0,0,0,0,0,5.12803E-10,0.0396617,0.920424,0.677809,0,0,0,0,0,0,0,0
101,8,2.38749,2.17259,1,0,0,0,0,0,5.63388E-11,0.00255182,0.170675,1.99937,0,0,0,0,0,0,0,0
102,1,0.393667,0.365968,0,1,0.272022,0.0923768,0.00154335,2.53684E-05,1.16148E-07,7.65717E-08,1.72071E-08,1.3764E-08,0.0943661,0.0390987,0.000102266,2.13319E-07,1.16305E-10,4.91689E-11,6.32535E-12,2.6633E-12
102,2,0.980943,0.971918,0,0,0,0.849912,0.120152,0.00183704,8.41077E-06,5.54487E-06,1.24604E-06,9.96707E-07,0,0.328246,0.0468598,0.000103084,5.62027E-08,2.37602E-08,3.05665E-09,1.28701E-09
102,3,1.46889,1.45557,0,0,0,0,1.27093,0.183137,0.000780694,0.000514679,0.000115658,9.25151E-05,0,0,0.516705,0.0706176,4.06002E-05,1.71641E-05,2.20809E-06,9.2972E-07
102,4,1.526,1.47876,0,0,0,0,0,1.2999,0.103411,0.0544405,0.0122125,0.00879462,0,0,0,0.486316,0.00906571,0.00383261,0.000493048,0.000207599
102,5,1.49714,1.4601,0,0,0,0,0,0.000197955,0.739597,0.553815,0.0992016,0.0672844,0,0,0,0,0,0,0,0
102,6,1.58711,1.5162,0,0,0,0,0,6.25693E-16,0.000733513,0.96733,0.352258,0.19588,0,0,0,0,0,0,0,0
102,7,1.74961,1.63822,0,0,0,0,0,0,5.08875E-10,0.0392771,0.919328,0.679618,0,0,0,0,0,0,0,0
102,8,2.38509,2.17046,1,0,0,0,0,0,5.63675E-11,0.00255313,0.170829,1.99707,0,0,0,0,0,0,0,0
103,1,0.393609,0.365907,0,1,0.272007,0.0923319,0.00154267,2.53573E-05,1.16097E-07,7.65379E-08,1.71995E-08,1.37579E-08,0.094363,0.0390783,0.00010221,2.13202E-07,1.16241E-10,4.9142E-11,6.32188E-12,2.66184E-12
103,2,0.980912,0.971886,0,0,0,0.849895,0.120137,0.00183681,8.40973E-06,5.54419E-06,1.24589E-06,9.96584E-07,0,0.328237,0.0468539,0.000103071,5.61958E-08,2.37573E-08,3.05627E-09,1.28685E-09
103,3,1.46892,1.45559,0,0,0,0,1.27072,0.183367,0.000781632,0.000515298,0.000115797,9.26263E-05,0,0,0.516609,0.0707239,4.06623E-05,1.71904E-05,2.21146E-06,9.31141E-07
103,4,1.5259,1.47868,0,0,0,0,0,1.29876,0.104055,0.0547427,0.0122803,0.00884067,0,0,0,0.485451,0.00907201,0.00383528,0.00049339,0.000207743
103,5,1.49715,1.4601,0,0,0,0,0,0.000197712,0.739355,0.554032,0.0992219,0.0672982,0,0,0,0,0,0,0,0
103,6,1.58748,1.51643,0,0,0,0,0,6.19539E-16,0.000726295,0.965549,0.353743,0.196411,0,0,0,0,0,0,0,0
103,7,1.74996,1.63849,0,0,0,0,0,0,5.0574E-10,0.0389707,0.918432,0.681086,0,0,0,0,0,0,0,0
103,8,2.38518,2.17052,1,0,0,0,0,0,5.63464E-11,0.00255216,0.17072,1.99725,0,0,0,0,0,0,0,0
104,1,0.393603,0.365903,0,1,0.271987,0.0923473,0.00154283,2.53599E-05,1.16109E-07,7.65457E-08,1.72013E-08,1.37593E-08,0.094353,0.0390849,0.000102231,2.13246E-07,1.16265E-10,4.91522E-11,6.3232E-12,2.6624E-12
104,2,0.981097,0.972074,0,0,0,0.849938,0.12028,0.00183891,8.41934E-06,5.55053E-06,1.24731E-06,9.97723E-07,0,0.328257,0.0469179,0.000103214,5.62739E-08,2.37903E-08,3.06052E-09,1.28864E-09
104,3,1.46896,1.45562,0,0,0,0,1.27042,0.1837,0.000782998,0.000516198,0.000116,9.27881E-05,0,0,0.516471,0.0708766,4.07513E-05,0.000017228,2.21631E-06,9.3318E-07
104,4,1.52583,1.47863,0,0,0,0,0,1.29787,0.104567,0.0549801,0.0123335,0.00887722,0,0,0,0.48481,0.00908561,0.00384103,0.00049413,0.000208055
104,5,1.49715,1.46011,0,0,0,0,0,0.000197495,0.739206,0.554164,0.0992352,0.0673072,0,0,0,0,0,0,0,0
104,6,1.58764,1.51653,0,0,0,0,0,6.16949E-16,0.000723257,0.964722,0.354435,0.196653,0,0,0,0,0,0,0,0
104,7,1.75022,1.63869,0,0,0,0,0,0,5.03458E-10,0.0387479,0.917773,0.682163,0,0,0,0,0,0,0,0
104,8,2.3854,2.1707,1,0,0,0,0,0,5.63249E-11,0.00255117,0.170611,1.99754,0,0,0,0,0,0,0,0
105,1,0.393624,0.365928,0,1,0.271964,0.0923949,0.00154343,2.53698E-05,1.16154E-07,7.65756E-08,1.7208E-08,1.37647E-08,0.0943387,0.039106,0.000102294,2.13378E-07,1.16337E-10,4.91825E-11,6.32709E-12,2.66404E-12
105,2,0.981396,0.972378,0,0,0,0.850011,0.120507,0.00184225,8.43462E-06,5.5606E-06,1.24957E-06,9.99534E-07,0,0.328292,0.0470192,0.000103441,5.63974E-08,2.38425E-08,3.06723E-09,1.29146E-09
105,3,1.46901,1.45566,0,0,0,0,1.27005,0.184095,0.000784619,0.000517267,0.00011624,9.29803E-05,0,0,0.516309,0.0710572,4.08566E-05,1.72725E-05,2.22203E-06,9.35591E-07
105,4,1.52577,1.47858,0,0,0,0,0,1.29709,0.10501,0.0551874,0.0123799,0.00890927,0,0,0,0.484254,0.00910035,0.00384726,0.000494932,0.000208392
105,5,1.49715,1.46011,0,0,0,0,0,0.000197312,0.73909,0.554267,0.0992456,0.0673143,0,0,0,0,0,0,0,0
105,6,1.58772,1.51659,0,0,0,0,0,6.15613E-16,0.00072169,0.964288,0.354798,0.196779,0,0,0,0,0,0,0,0
105,7,1.75039,1.63881,0,0,0,0,0,0,5.02002E-10,0.0386059,0.917349,0.682854,0,0,0,0,0,0,0,0
105,8,2.38557,2.17085,1,0,0,0,0,0,5.63098E-11,0.00255047,0.170533,1.99777,0,0,0,0,0,0,0,0
106,1,0.393635,0.365943,0,1,0.271934,0.0924391,0.00154397,2.53786E-05,1.16194E-07,7.66023E-08,1.7214E-08,1.37695E-08,0.0943221,0.0391254,0.000102353,2.13501E-07,1.16404E-10,4.92108E-11,6.33075E-12,2.66558E-12
106,2,0.981702,0.972689,0,0,0,0.850088,0.120738,0.00184565,8.45019E-06,5.57087E-06,1.25188E-06,1.00138E-06,0,0.328329,0.0471223,0.000103671,5.6523E-08,2.38956E-08,3.07407E-09,1.29434E-09
106,3,1.46905,1.45569,0,0,0,0,1.26974,0.184435,0.000786018,0.00051819,0.000116447,9.31461E-05,0,0,0.51617,0.0712124,0.000040947,1.73107E-05,2.22695E-06,9.37661E-07
106,4,1.52574,1.47855,0,0,0,0,0,1.29664,0.105268,0.0553101,0.0124074,0.00892837,0,0,0,0.483931,0.00911207,0.00385221,0.000495569,0.000208661
106,5,1.49715,1.46012,0,0,0,0,0,0.000197202,0.739032,0.554318,0.0992511,0.067318,0,0,0,0,0,0,0,0
106,6,1.5877,1.51658,0,0,0,0,0,6.15832E-16,0.000721947,0.964355,0.354742,0.196758,0,0,0,0,0,0,0,0
106,7,1.75042,1.63883,0,0,0,0,0,0,5.01727E-10,0.0385792,0.917266,0.682989,0,0,0,0,0,0,0,0
106,8,2.38565,2.17091,1,0,0,0,0,0,5.63046E-11,0.00255024,0.170507,1.99786,0,0,0,0,0,0,0,0
107,1,0.393651,0.365962,0,1,0.2719,0.0924916,0.00154461,2.53891E-05,1.16243E-07,7.66341E-08,1.72212E-08,1.37752E-08,0.0943034,0.0391484,0.000102423,2.13646E-07,1.16483E-10,4.92443E-11,6.33505E-12,2.66739E-12
107,2,0.982001,0.972993,0,0,0,0.850169,0.120958,0.00184889,8.46504E-06,5.58065E-06,1.25408E-06,1.00314E-06,0,0.328367,0.04722,0.000103889,5.66418E-08,2.39459E-08,3.08053E-09,1.29706E-09
107,3,1.46907,1.45571,0,0,0,0,1.2696,0.1846,0.0007867,0.000518639,0.000116548,9.32269E-05,0,0,0.516104,0.0712867,4.09902E-05,0.000017329,2.2293E-06,9.3865E-07
107,4,1.52578,1.47857,0,0,0,0,0,1.29693,0.105099,0.0552293,0.0123893,0.00891654,0,0,0,0.484203,0.00912119,0.00385607,0.000496065,0.00020887
107,5,1.49715,1.46011,0,0,0,0,0,0.000197221,0.739131,0.554228,0.0992437,0.067313,0,0,0,0,0,0,0,0
107,6,1.58743,1.51641,0,0,0,0,0,6.20405E-16,0.000727311,0.965658,0.353656,0.196367,0,0,0,0,0,0,0,0
107,7,1.75025,1.63871,0,0,0,0,0,0,5.03198E-10,0.0387231,0.917678,0.682308,0,0,0,0,0,0,0,0
107,8,2.38575,2.17101,1,0,0,0,0,0,5.63082E-11,0.0025504,0.170526,1.99793,0,0,0,0,0,0,0,0
108,1,0.393728,0.366047,0,1,0.271865,0.0926103,0.00154619,0.000025415,1.16361E-07,7.67122E-08,1.72387E-08,1.37892E-08,0.0942792,0.039201,0.000102576,2.13967E-07,1.16658E-10,4.93183E-11,6.34457E-12,2.6714E-12
108,2,0.982413,0.973412,0,0,0,0.850301,0.121241,0.00185309,8.48428E-06,5.59334E-06,1.25693E-06,1.00542E-06,0,0.328432,0.0473444,0.000104166,5.67927E-08,2.40096E-08,3.08873E-09,1.30052E-09
108,3,1.46906,1.4557,0,0,0,0,1.26977,0.184419,0.000785967,0.000518156,0.000116439,0.00009314,0,0,0.516184,0.0712011,0.00004094,1.73078E-05,2.22656E-06,9.375E-07
108,4,1.52603,1.47871,0,0,0,0,0,1.29886,0.104064,0.0546784,0.0122659,0.00883467,0,0,0,0.486175,0.00915542,0.00387054,0.000497927,0.000209653
108,5,1.49713,1.46008,0,0,0,0,0,0.000197793,0.740091,0.553361,0.0991678,0.0672615,0,0,0,0,0,0,0,0
108,6,1.58621,1.51566,0,0,0,0,0,6.42805E-16,0.000753585,0.971266,0.348991,0.194644,0,0,0,0,0,0,0,0
108,7,1.74988,1.63843,0,0,0,0,0,0,5.06607E-10,0.039057,0.918628,0.680739,0,0,0,0,0,0,0,0
108,8,2.38817,2.17316,1,0,0,0,0,0,5.62745E-11,0.00254885,0.170347,2.00026,0,0,0,0,0,0,0,0
109,1,0.386246,0.359279,0,1,0.265013,0.0926857,0.00155463,2.55539E-05,1.16997E-07,7.71314E-08,1.73329E-08,1.38646E-08,0.0939071,0.0395965,0.000103262,2.15396E-07,1.17437E-10,4.96478E-11,6.38695E-12,2.68924E-12
109,2,0.967017,0.957999,0,0,0,0.834545,0.121574,0.00186259,8.52779E-06,5.62202E-06,1.26338E-06,1.01057E-06,0,0.327838,0.0477094,0.000104772,5.71235E-08,2.41495E-08,3.10672E-09,1.30809E-09
109,3,1.48154,1.45922,0,0,0,0,1.27284,0.184865,0.000789394,0.000520415,0.000116947,9.35461E-05,0,0,0.518359,0.071596,4.11055E-05,1.73777E-05,2.23557E-06,9.4129E-07
109,4,1.60699,1.50638,0,0,0,0,0,1.32279,0.10585,0.0560865,0.0125819,0.0090672,0,0,0,0.503023,0.00947933,0.00400748,0.000515543,0.000217071
109,5,1.57999,1.48669,0,0,0,0,0,0.000200327,0.748163,0.566279,0.102514,0.069531,0,0,0,0,0,0,0,0
109,6,2.30874,1.85298,0,0,0,0,0,8.31163E-16,0.000937563,1.1646,0.437497,0.249939,0,0,0,0,0,0,0,0
109,7,3.38366,2.56302,0,0,0,0,0,0,8.51874E-10,0.0611779,1.37925,1.12258,0,0,0,0,0,0,0,0
109,8,4.20234,3.37648,0,0,0,0,0,0,9.22564E-11,0.00417612,0.269031,3.10327,0,0,0,0,0,0,0,0
110,1,0.386222,0.359257,0,1,0.264979,0.092697,0.0015547,0.000025555,1.17002E-07,7.71347E-08,1.73336E-08,1.38652E-08,0.0938918,0.0396012,0.000103279,2.15433E-07,1.17457E-10,4.96562E-11,6.38804E-12,2.6897E-12
110,2,0.967147,0.958131,0,0,0,0.834585,0.121665,0.00186394,8.53396E-06,5.62609E-06,1.26429E-06,1.01131E-06,0,0.327857,0.0477498,0.000104862,5.71724E-08,2.41702E-08,3.10938E-09,1.30921E-09
110,3,1.48154,1.45922,0,0,0,0,1.27285,0.18485,0.000789337,0.000520378,0.000116939,9.35394E-05,0,0,0.518366,0.0715885,0.000041101,1.73758E-05,2.23532E-06,9.41187E-07
110,4,1.60677,1.50629,0,0,0,0,0,1.32322,0.105539,0.0559309,0.012547,0.00904387,0,0,0,0.503458,0.00948483,0.0040098,0.000515842,0.000217197
110,5,1.57996,1.48667,0,0,0,0,0,0.000200416,0.748343,0.566107,0.102498,0.0695203,0,0,0,0,0,0,0,0
110,6,2.30561,1.85123,0,0,0,0,0,8.38506E-16,0.00094585,1.16584,0.435399,0.249048,0,0,0,0,0,0,0,0
110,7,3.38325,2.56267,0,0,0,0,0,0,8.54612E-10,0.0614233,1.3799,1.12134,0,0,0,0,0,0,0,0
110,8,4.20291,3.37706,0,0,0,0,0,0,9.22473E-11,0.00417571,0.268992,3.10389,0,0,0,0,0,0,0,0
111,1,0.393689,0.366014,0,1,0.271766,0.0926757,0.00154681,2.54253E-05,1.16408E-07,7.67434E-08,1.72457E-08,1.37948E-08,0.094232,0.0392283,0.000102667,2.14156E-07,1.16761E-10,4.9362E-11,6.35019E-12,2.67376E-12
111,2,0.98297,0.973978,0,0,0,0.850453,0.121649,0.00185912,8.51187E-06,5.61153E-06,1.26102E-06,1.00869E-06,0,0.328505,0.0475258,0.00010457,5.70133E-08,2.41029E-08,3.10073E-09,1.30557E-09
111,3,1.4691,1.45573,0,0,0,0,1.2695,0.184712,0.000787178,0.000518954,0.000116619,9.32835E-05,0,0,0.516068,0.0713329,4.10165E-05,1.73401E-05,2.23073E-06,9.39254E-07
111,4,1.52612,1.47875,0,0,0,0,0,1.29948,0.103722,0.0545078,0.0122277,0.00880984,0,0,0,0.486784,0.00917795,0.00388007,0.000499152,0.000210169
111,5,1.49712,1.46007,0,0,0,0,0,0.000197819,0.740341,0.553133,0.0991494,0.0672491,0,0,0,0,0,0,0,0
111,6,1.58558,1.51527,0,0,0,0,0,6.53963E-16,0.000766671,0.974199,0.346551,0.193749,0,0,0,0,0,0,0,0
111,7,1.74969,1.63828,0,0,0,0,0,0,5.08348E-10,0.0392283,0.919086,0.679969,0,0,0,0,0,0,0,0
111,8,2.38901,2.1739,1,0,0,0,0,0,5.62544E-11,0.00254793,0.170244,2.0011,0,0,0,0,0,0,0,0
112,1,0.393693,0.366022,0,1,0.271735,0.0927144,0.00154727,2.54328E-05,1.16443E-07,7.67659E-08,1.72508E-08,1.37989E-08,0.0942154,0.0392452,0.000102719,2.14265E-07,1.1682E-10,4.93869E-11,6.35339E-12,2.67511E-12
112,2,0.983611,0.974628,0,0,0,0.850576,0.122168,0.00186671,8.54665E-06,5.63446E-06,1.26617E-06,1.01281E-06,0,0.328562,0.0477599,0.000105095,5.72996E-08,2.4224E-08,3.1163E-09,1.31213E-09
112,3,1.46928,1.45587,0,0,0,0,1.26814,0.186198,0.000793266,0.000522968,0.000117521,0.000094005,0,0,0.515452,0.0720149,4.14144E-05,1.75083E-05,2.25237E-06,9.48363E-07
112,4,1.52571,1.47847,0,0,0,0,0,1.29529,0.106028,0.0556702,0.0124882,0.00898616,0,0,0,0.48312,0.0091852,0.00388313,0.000499547,0.000210335
112,5,1.49715,1.46012,0,0,0,0,0,0.000196842,0.739034,0.55431,0.0992551,0.0673208,0,0,0,0,0,0,0,0
112,6,1.58718,1.51626,0,0,0,0,0,6.25236E-16,0.000732977,0.966689,0.352803,0.196031,0,0,0,0,0,0,0,0
112,7,1.7507,1.63905,0,0,0,0,0,0,4.9937E-10,0.0383511,0.91652,0.684174,0,0,0,0,0,0,0,0
112,8,2.38693,2.17202,1,0,0,0,0,0,5.62357E-11,0.00254706,0.170156,1.99931,0,0,0,0,0,0,0,0
113,1,0.394089,0.366447,0,1,0.271699,0.0931689,0.00155359,2.55368E-05,1.16919E-07,7.70797E-08,1.73213E-08,1.38553E-08,0.0941655,0.0394482,0.000103301,2.15478E-07,1.17482E-10,4.96665E-11,6.38937E-12,2.69026E-12
113,2,0.986086,0.977143,0,0,0,0.851184,0.124047,0.00189435,8.67318E-06,5.71787E-06,1.28491E-06,1.0278E-06,0,0.328849,0.0485991,0.000106971,5.83224E-08,2.46564E-08,3.17193E-09,1.33555E-09
113,3,1.46963,1.45614,0,0,0,0,1.26551,0.189078,0.000805074,0.000530752,0.00011927,9.54042E-05,0,0,0.514264,0.0733344,4.21838E-05,1.78336E-05,2.29421E-06,9.65984E-07
113,4,1.52536,1.47816,0,0,0,0,0,1.29039,0.108782,0.0570056,0.0127876,0.00919268,0,0,0,0.479452,0.00928194,0.00392403,0.000504808,0.000212551
113,5,1.49716,1.46014,0,0,0,0,0,0.000196331,0.738372,0.554906,0.099309,0.0673573,0,0,0,0,0,0,0,0
113,6,1.58819,1.5169,0,0,0,0,0,6.09106E-16,0.00071406,0.961478,0.357158,0.197552,0,0,0,0,0,0,0,0
113,7,1.75207,1.64008,0,0,0,0,0,0,4.87284E-10,0.0371718,0.913009,0.6899,0,0,0,0,0,0,0,0
113,8,2.38926,2.174,1,0,0,0,0,0,5.60846E-11,0.00254011,0.169388,2.00207,0,0,0,0,0,0,0,0
114,1,0.395532,0.36799,0,1,0.271672,0.0947165,0.00157542,2.58955E-05,1.18561E-07,7.81624E-08,1.75646E-08,1.40499E-08,0.0940365,0.0401413,0.000105274,2.19593E-07,1.19725E-10,5.06151E-11,6.51139E-12,2.74164E-12
114,2,0.992688,0.98385,0,0,0,0.852926,0.128939,0.0019665,9.00351E-06,5.93565E-06,1.33385E-06,1.06695E-06,0,0.329672,0.0507789,0.000111838,6.09757E-08,2.57781E-08,3.31623E-09,1.39631E-09
114,3,1.47026,1.45663,0,0,0,0,1.26068,0.194362,0.000826723,0.000545024,0.000122477,9.79697E-05,0,0,0.512074,0.0757604,0.000043599,1.84319E-05,2.37118E-06,9.98391E-07
114,4,1.52538,1.47796,0,0,0,0,0,1.2867,0.110775,0.0580887,0.0130305,0.00936661,0,0,0,0.476834,0.00950551,0.00401854,0.000516967,0.00021767
114,5,1.49718,1.46018,0,0,0,0,0,0.000195974,0.73717,0.555998,0.099401,0.0674197,0,0,0,0,0,0,0,0
114,6,1.58923,1.51757,0,0,0,0,0,5.93948E-16,0.000696284,0.955881,0.361844,0.199153,0,0,0,0,0,0,0,0
114,7,1.75362,1.64125,0,0,0,0,0,0,4.73662E-10,0.0358429,0.909046,0.696361,0,0,0,0,0,0,0,0
114,8,2.40061,2.18392,1,0,0,0,0,0,5.57109E-11,0.00252293,0.167476,2.01392,0,0,0,0,0,0,0,0
115,1,0.544173,0.544163,0,0,0.361085,0.179953,0.00307353,5.05203E-05,2.31304E-07,1.52489E-07,3.42673E-08,2.74104E-08,0.168191,0.081075,0.000208545,4.35011E-07,2.37175E-10,1.00268E-10,1.2899E-11,5.43115E-12
115,2,1.55277,1.55274,0,0,0,1.29578,0.253003,0.00392011,0.000017948,1.18324E-05,2.65896E-06,2.12691E-06,0,0.607985,0.103656,0.000225444,1.22915E-07,5.19637E-08,6.68489E-09,2.81469E-09
115,3,2.35761,2.35744,0,0,0,0,1.98812,0.366267,0.00158278,0.00104346,0.000234486,0.000187565,0,0,0.932662,0.147998,8.41074E-05,3.55572E-05,4.57427E-06,1.92601E-06
115,4,2.39708,2.39529,0,0,0,0,0,2.05544,0.193093,0.105905,0.0237573,0.0170973,0,0,0,0.860942,0.0178078,0.0075284,0.000968494,0.000407787
115,5,2.42917,2.42314,0,0,0,0,0,0.000300431,1.13091,0.984706,0.183059,0.124162,0,0,0,0,0,0,0,0
115,6,2.49486,2.48462,0,0,0,0,0,1.04899E-15,0.00106707,1.48524,0.636846,0.36146,0,0,0,0,0,0,0,0
115,7,2.66709,2.64991,0,0,0,0,0,0,8.18108E-10,0.0571154,1.39962,1.19316,0,0,0,0,0,0,0,0
115,8,3.4482,3.41412,0,0,0,0,0,0,9.16258E-11,0.00414681,0.264878,3.1451,0,0,0,0,0,0,0,0
116,1,0.550034,0.550024,0,0,0.360359,0.186438,0.00317349,5.21634E-05,2.38827E-07,1.57449E-07,3.53818E-08,2.83019E-08,0.167563,0.0843818,0.000217454,4.53592E-07,2.47305E-10,1.04551E-10,1.345E-11,5.66314E-12
116,2,1.57197,1.57195,0,0,0,1.30028,0.267487,0.00413849,1.89478E-05,1.24915E-05,2.80709E-06,2.24539E-06,0,0.610008,0.110422,0.000240319,1.31026E-07,5.53924E-08,7.12598E-09,3.00041E-09
116,3,2.35871,2.35853,0,0,0,0,1.97541,0.379965,0.00164025,0.00108135,0.000243001,0.000194376,0,0,0.926584,0.154571,8.78813E-05,3.71527E-05,4.77952E-06,2.01243E-06
116,4,2.39731,2.39548,0,0,0,0,0,2.04373,0.199997,0.109518,0.0245674,0.017665,0,0,0,0.85159,0.0182764,0.00772651,0.000993979,0.000418518
116,5,2.42921,2.42317,0,0,0,0,0,0.000298976,1.12891,0.98644,0.183236,0.124282,0,0,0,0,0,0,0,0
116,6,2.49619,2.48588,0,0,0,0,0,1.00917E-15,0.00102656,1.46794,0.650564,0.366352,0,0,0,0,0,0,0,0
116,7,2.66984,2.65256,0,0,0,0,0,0,7.77961E-10,0.0535983,1.38854,1.21042,0,0,0,0,0,0,0,0
116,8,3.45567,3.42144,0,0,0,0,0,0,9.11107E-11,0.00412321,0.262569,3.15475,0,0,0,0,0,0,0,0
117,1,0.54496,0.54495,0,0,0.36156,0.180258,0.00307943,5.06173E-05,2.31748E-07,1.52782E-07,3.43331E-08,2.7463E-08,0.16841,0.0812166,0.000208881,4.35711E-07,2.37556E-10,1.00429E-10,1.29198E-11,5.43989E-12
117,2,1.55275,1.55272,0,0,0,1.29569,0.253078,0.00392112,1.79526E-05,1.18354E-05,2.65965E-06,2.12745E-06,0,0.607934,0.103697,0.000225539,1.22967E-07,5.19856E-08,6.68771E-09,2.81587E-09
117,3,2.35774,2.35757,0,0,0,0,1.98652,0.367983,0.00158996,0.0010482,0.00023555,0.000188416,0,0,0.93189,0.148828,8.45841E-05,3.57588E-05,4.6002E-06,1.93692E-06
117,4,2.39716,2.39536,0,0,0,0,0,2.05128,0.195586,0.107159,0.0240382,0.0172915,0,0,0,0.857599,0.0179092,0.0075713,0.000974012,0.00041011
117,5,2.42918,2.42315,0,0,0,0,0,0.000299739,1.13037,0.985176,0.183111,0.124197,0,0,0,0,0,0,0,0
117,6,2.49556,2.48529,0,0,0,0,0,1.02941E-15,0.00104716,1.47595,0.644232,0.364056,0,0,0,0,0,0,0,0
117,7,2.66895,2.65171,0,0,0,0,0,0,7.90873E-10,0.0547302,1.39208,1.2049,0,0,0,0,0,0,0,0
117,8,3.45176,3.41761,0,0,0,0,0,0,9.13284E-11,0.00413318,0.263541,3.14994,0,0,0,0,0,0,0,0
118,1,0.395632,0.368068,0,1,0.271998,0.0944707,0.00157292,2.58544E-05,1.18373E-07,7.80384E-08,1.75367E-08,1.40276E-08,0.0941934,0.0400378,0.000104937,2.1889E-07,1.19342E-10,5.04531E-11,6.49056E-12,2.73287E-12
118,2,0.990224,0.981347,0,0,0,0.852313,0.127078,0.0019391,8.87807E-06,5.85295E-06,1.31527E-06,1.05208E-06,0,0.329383,0.0499475,0.00010998,5.99628E-08,2.53499E-08,3.26114E-09,1.37311E-09
118,3,1.47001,1.45644,0,0,0,0,1.26254,0.192325,0.000818364,0.000539514,0.000121239,9.69791E-05,0,0,0.512912,0.0748285,4.30558E-05,1.82022E-05,2.34163E-06,9.8595E-07
118,4,1.52548,1.47807,0,0,0,0,0,1.28854,0.109741,0.0575862,0.0129179,0.0092884,0,0,0,0.478168,0.00945884,0.00399881,0.000514429,0.000216602
118,5,1.49718,1.46018,0,0,0,0,0,0.000196161,0.737375,0.555813,0.0993839,0.0674081,0,0,0,0,0,0,0,0
118,6,1.58936,1.51768,0,0,0,0,0,5.9363E-16,0.000695913,0.954628,0.362908,0.19945,0,0,0,0,0,0,0,0
118,7,1.75464,1.64202,0,0,0,0,0,0,4.64844E-10,0.0349846,0.906414,0.700618,0,0,0,0,0,0,0,0
118,8,2.40331,2.18625,1,0,0,0,0,0,5.55843E-11,0.0025171,0.166829,2.01691,0,0,0,0,0,0,0,0
119,1,0.394377,0.366728,0,1,0.272008,0.0931401,0.00155411,2.55453E-05,1.16958E-07,7.71055E-08,1.73271E-08,1.38599E-08,0.0942994,0.0394414,0.000103241,2.15353E-07,1.17414E-10,4.96378E-11,6.38566E-12,2.6887E-12
119,2,0.984191,0.975218,0,0,0,0.850739,0.122589,0.00187293,8.57513E-06,5.65323E-06,1.27039E-06,1.01618E-06,0,0.328639,0.0479468,0.000105512,5.75268E-08,2.432E-08,3.12866E-09,1.31733E-09
119,3,1.46931,1.4559,0,0,0,0,1.26787,0.186493,0.000794476,0.000523766,0.0001177,9.41483E-05,0,0,0.515329,0.0721509,4.14938E-05,1.75419E-05,2.25668E-06,9.50182E-07
119,4,1.52574,1.47847,0,0,0,0,0,1.29528,0.106017,0.0556859,0.0124918,0.00898963,0,0,0,0.483131,0.00921011,0.00389366,0.000500901,0.000210906
119,5,1.49715,1.46011,0,0,0,0,0,0.00019718,0.739146,0.554214,0.0992432,0.0673127,0,0,0,0,0,0,0,0
119,6,1.58749,1.51647,0,0,0,0,0,6.21887E-16,0.000729051,0.964638,0.354531,0.196577,0,0,0,0,0,0,0,0
119,7,1.75207,1.64008,0,0,0,0,0,0,4.87407E-10,0.0371852,0.912999,0.689893,0,0,0,0,0,0,0,0
119,8,2.39022,2.17483,1,0,0,0,0,0,5.60512E-11,0.00253857,0.169217,2.00308,0,0,0,0,0,0,0,0
120,1,0.394122,0.366454,0,1,0.27203,0.0928476,0.00155004,2.54784E-05,1.16651E-07,7.69034E-08,1.72817E-08,1.38236E-08,0.0943311,0.0393107,0.000102867,2.14572E-07,1.16988E-10,4.94578E-11,6.36252E-12,2.67895E-12
120,2,0.98231,0.973308,0,0,0,0.850301,0.121138,0.00185162,8.47756E-06,5.58891E-06,1.25593E-06,1.00462E-06,0,0.328433,0.0472972,0.000104059,5.67344E-08,2.3985E-08,3.08556E-09,1.29918E-09
120,3,1.46896,1.45563,0,0,0,0,1.27052,0.183595,0.000782597,0.000515934,0.00011594,9.27407E-05,0,0,0.516528,0.0708216,4.07185E-05,1.72141E-05,2.21452E-06,9.32428E-07
120,4,1.5263,1.4789,0,0,0,0,0,1.30192,0.102329,0.0538574,0.0120819,0.0087094,0,0,0,0.488536,0.00913429,0.00386161,0.000496778,0.00020917
120,5,1.49712,1.46005,0,0,0,0,0,0.000198516,0.740799,0.552727,0.0991083,0.0672211,0,0,0,0,0,0,0,0
120,6,1.58535,1.51513,0,0,0,0,0,6.58312E-16,0.000771774,0.975222,0.345701,0.193433,0,0,0,0,0,0,0,0
120,7,1.74957,1.6382,0,0,0,0,0,0,5.09388E-10,0.0393301,0.919375,0.679491,0,0,0,0,0,0,0,0
120,8,2.38895,2.17385,1,0,0,0,0,0,5.62623E-11,0.00254829,0.170284,2.00102,0,0,0,0,0,0,0,0
121,1,0.394077,0.366404,0,1,0.272043,0.092786,0.00154921,2.54647E-05,1.16589E-07,7.68621E-08,1.72724E-08,1.38162E-08,0.0943419,0.0392832,0.000102787,2.14406E-07,1.16897E-10,4.94194E-11,6.35758E-12,2.67687E-12
121,2,0.981734,0.972723,0,0,0,0.85019,0.120671,0.0018448,8.4463E-06,5.5683E-06,1.2513E-06,1.00092E-06,0,0.328381,0.0470869,0.000103587,5.64773E-08,2.38763E-08,3.07158E-09,1.2933E-09
121,3,1.4688,1.4555,0,0,0,0,1.27179,0.182207,0.00077691,0.000512185,0.000115098,9.20667E-05,0,0,0.517102,0.070185,4.03471E-05,1.70571E-05,2.19432E-06,9.23924E-07
121,4,1.52671,1.47918,0,0,0,0,0,1.30612,0.100007,0.0526932,0.011821,0.00853252,0,0,0,0.492169,0.00912032,0.0038557,0.000496018,0.00020885
121,5,1.4971,1.46,0,0,0,0,0,0.000199675,0.7422,0.551466,0.0989936,0.0671434,0,0,0,0,0,0,0,0
121,6,1.58351,1.51399,0,0,0,0,0,6.91313E-16,0.000810482,0.983931,0.338448,0.190796,0,0,0,0,0,0,0,0
121,7,1.74764,1.63674,0,0,0,0,0,0,5.26558E-10,0.0410072,0.924304,0.671423,0,0,0,0,0,0,0,0
121,8,2.39075,2.17553,1,0,0,0,0,0,5.6364E-11,0.00255299,0.170794,2.00219,0,0,0,0,0,0,0,0
122,1,0.386413,0.359438,0,1,0.26523,0.0926278,0.00155442,2.55504E-05,1.16981E-07,7.71208E-08,1.73305E-08,1.38627E-08,0.094006,0.0395721,0.000103167,2.15199E-07,1.1733E-10,4.96022E-11,6.38109E-12,2.68677E-12
122,2,0.965553,0.956515,0,0,0,0.834189,0.120463,0.00184622,8.45282E-06,5.5726E-06,1.25227E-06,1.00169E-06,0,0.327681,0.047209,0.000103656,5.65146E-08,2.38921E-08,3.07361E-09,1.29415E-09
122,3,1.48107,1.4589,0,0,0,0,1.27495,0.182451,0.000779469,0.000513872,0.000115477,9.23699E-05,0,0,0.519332,0.0704861,4.04595E-05,1.71047E-05,2.20043E-06,9.26498E-07
122,4,1.60632,1.50627,0,0,0,0,0,1.32862,0.102262,0.0543796,0.0121993,0.00880414,0,0,0,0.507382,0.00937785,0.00396457,0.000510024,0.000214747
122,5,1.57977,1.48657,0,0,0,0,0,0.000201784,0.749272,0.565229,0.102405,0.0694574,0,0,0,0,0,0,0,0
122,6,2.29568,1.84565,0,0,0,0,0,8.59383E-16,0.000969408,1.17019,0.428342,0.246145,0,0,0,0,0,0,0,0
122,7,3.37749,2.55768,0,0,0,0,0,0,8.92925E-10,0.0648438,1.38945,1.10339,0,0,0,0,0,0,0,0
122,8,4.20229,3.37642,0,0,0,0,0,0,9.26052E-11,0.00419215,0.270636,3.10159,0,0,0,0,0,0,0,0
123,1,0.38629,0.359307,0,1,0.265233,0.0924957,0.00155253,2.55193E-05,1.16839E-07,7.7027E-08,1.73094E-08,1.38458E-08,0.0940181,0.0395114,0.000102996,2.14842E-07,1.17135E-10,4.952E-11,6.37051E-12,2.68232E-12
123,2,0.965142,0.956099,0,0,0,0.834068,0.120172,0.0018419,8.43306E-06,5.55957E-06,1.24934E-06,9.99349E-07,0,0.327625,0.0470793,0.000103367,5.63573E-08,2.38256E-08,3.06506E-09,1.29055E-09
123,3,1.48105,1.45888,0,0,0,0,1.27504,0.18234,0.000779003,0.000513565,0.000115408,9.23147E-05,0,0,0.519373,0.0704368,0.000040431,1.70926E-05,2.19889E-06,9.25845E-07
123,4,1.60687,1.5065,0,0,0,0,0,1.32801,0.102752,0.0546371,0.012257,0.00884227,0,0,0,0.506626,0.00935795,0.00395616,0.000508942,0.000214291
123,5,1.57985,1.48661,0,0,0,0,0,0.000201605,0.748864,0.56562,0.102441,0.0694816,0,0,0,0,0,0,0,0
123,6,2.30301,1.84972,0,0,0,0,0,8.41885E-16,0.000949661,1.16737,0.433182,0.248216,0,0,0,0,0,0,0,0
123,7,3.37836,2.55843,0,0,0,0,0,0,8.87021E-10,0.0643141,1.38807,1.10605,0,0,0,0,0,0,0,0
123,8,4.19962,3.3737,0,0,0,0,0,0,9.26771E-11,0.00419544,0.270954,3.09856,0,0,0,0,0,0,0,0
124,1,0.393666,0.365965,0,1,0.27204,0.0923562,0.00154312,2.53646E-05,1.1613E-07,7.65599E-08,1.72045E-08,1.37619E-08,0.0943756,0.0390898,0.000102238,2.13261E-07,1.16273E-10,4.91555E-11,6.32363E-12,2.66258E-12
124,2,0.980466,0.971433,0,0,0,0.849826,0.119759,0.0018313,8.38453E-06,5.52758E-06,1.24215E-06,9.93598E-07,0,0.328206,0.0466826,0.000102686,5.59859E-08,2.36686E-08,3.04486E-09,1.28204E-09
124,3,1.46873,1.45545,0,0,0,0,1.27218,0.181776,0.000775122,0.000511006,0.000114833,9.18548E-05,0,0,0.51727,0.0699931,4.02358E-05,1.70101E-05,2.18827E-06,9.21376E-07
124,4,1.52641,1.47904,0,0,0,0,0,1.30425,0.100991,0.0532408,0.0119436,0.0086121,0,0,0,0.489997,0.00904585,0.00382422,0.000491968,0.000207144
124,5,1.49712,1.46005,0,0,0,0,0,0.0001991,0.740911,0.552634,0.0990934,0.067211,0,0,0,0,0,0,0,0
124,6,1.58554,1.51522,0,0,0,0,0,6.53422E-16,0.000766037,0.974884,0.345964,0.193606,0,0,0,0,0,0,0,0
124,7,1.74786,1.6369,0,0,0,0,0,0,5.2435E-10,0.0407877,0.923797,0.672317,0,0,0,0,0,0,0,0
124,8,2.38554,2.17095,1,0,0,0,0,0,5.64938E-11,0.00255895,0.171467,1.99692,0,0,0,0,0,0,0,0
125,1,0.393525,0.365815,0,1,0.272028,0.09222,0.00154115,2.53323E-05,1.15983E-07,7.64626E-08,1.71826E-08,1.37444E-08,0.0943813,0.0390284,0.000102065,2.129E-07,1.16077E-10,4.90725E-11,6.31294E-12,2.65808E-12
125,2,0.980182,0.971145,0,0,0,0.849724,0.119575,0.00182855,8.37191E-06,5.51926E-06,1.24028E-06,9.92102E-07,0,0.328156,0.0466022,0.000102508,5.58888E-08,2.36275E-08,3.03957E-09,1.27982E-09
125,3,1.46877,1.45548,0,0,0,0,1.27184,0.182142,0.000776612,0.000511988,0.000115054,9.20314E-05,0,0,0.517114,0.070163,4.03352E-05,1.70521E-05,2.19367E-06,9.23651E-07
125,4,1.52614,1.47888,0,0,0,0,0,1.3019,0.102276,0.0539043,0.0120923,0.00871156,0,0,0,0.48775,0.00902359,0.00381481,0.000490757,0.000206635
125,5,1.49714,1.46009,0,0,0,0,0,0.000198357,0.739863,0.553579,0.0991777,0.0672682,0,0,0,0,0,0,0,0
125,6,1.58682,1.51601,0,0,0,0,0,6.29988E-16,0.000738549,0.968991,0.350866,0.195413,0,0,0,0,0,0,0,0
125,7,1.74856,1.63743,0,0,0,0,0,0,5.181E-10,0.0401765,0.922028,0.675224,0,0,0,0,0,0,0,0
125,8,2.38352,2.16913,1,0,0,0,0,0,5.64904E-11,0.00255879,0.171456,1.99512,0,0,0,0,0,0,0,0
126,1,0.393495,0.365786,0,1,0.272011,0.0922084,0.00154094,2.53287E-05,1.15966E-07,7.64518E-08,1.71802E-08,1.37424E-08,0.0943746,0.0390229,0.000102052,2.12872E-07,1.16061E-10,4.9066E-11,6.31211E-12,2.65773E-12
126,2,0.98031,0.971274,0,0,0,0.849746,0.119681,0.00183009,8.37897E-06,5.52391E-06,1.24133E-06,9.92939E-07,0,0.328166,0.04665,0.000102615,5.59473E-08,2.36522E-08,3.04275E-09,1.28116E-09
126,3,1.46882,1.45552,0,0,0,0,1.27144,0.182576,0.000778389,0.00051316,0.000115317,0.000092242,0,0,0.516934,0.0703625,4.04516E-05,1.71013E-05,0.0000022,9.26317E-07
126,4,1.52601,1.47878,0,0,0,0,0,1.30036,0.103149,0.0543144,0.0121842,0.00877432,0,0,0,0.486599,0.00903856,0.00382114,0.000491571,0.000206977
126,5,1.49715,1.4601,0,0,0,0,0,0.00019802,0.739564,0.553845,0.0992032,0.0672855,0,0,0,0,0,0,0,0
126,6,1.58723,1.51627,0,0,0,0,0,6.23082E-16,0.000730449,0.966947,0.352571,0.19602,0,0,0,0,0,0,0,0
126,7,1.74912,1.63785,0,0,0,0,0,0,5.13152E-10,0.0396933,0.920605,0.677553,0,0,0,0,0,0,0,0
126,8,2.38392,2.16945,1,0,0,0,0,0,5.64435E-11,0.00255663,0.171216,1.99568,0,0,0,0,0,0,0,0
127,1,0.393538,0.365833,0,1,0.271989,0.0922767,0.00154184,2.53436E-05,1.16034E-07,7.64965E-08,1.71902E-08,1.37505E-08,0.0943597,0.0390532,0.000102141,2.13058E-07,1.16163E-10,4.91088E-11,6.31762E-12,2.66005E-12
127,2,0.980747,0.971718,0,0,0,0.849852,0.120015,0.001835,8.40144E-06,5.53872E-06,1.24466E-06,9.95601E-07,0,0.328216,0.0467992,0.000102949,5.61292E-08,2.37291E-08,3.05265E-09,1.28532E-09
127,3,1.4689,1.45558,0,0,0,0,1.27085,0.183218,0.000781022,0.000514896,0.000115707,0.000092554,0,0,0.516669,0.0706561,4.06228E-05,1.71737E-05,2.20932E-06,9.30237E-07
127,4,1.5259,1.47869,0,0,0,0,0,1.29891,0.103977,0.0547021,0.0122711,0.00883419,0,0,0,0.485555,0.00906448,0.00383209,0.000492981,0.000207571
127,5,1.49715,1.4601,0,0,0,0,0,0.00019771,0.739352,0.554034,0.0992221,0.0672984,0,0,0,0,0,0,0,0
127,6,1.58745,1.51641,0,0,0,0,0,6.19569E-16,0.00072633,0.96579,0.353539,0.196355,0,0,0,0,0,0,0,0
127,7,1.74958,1.6382,0,0,0,0,0,0,5.09062E-10,0.0392942,0.919416,0.679491,0,0,0,0,0,0,0,0
127,8,2.38447,2.16992,1,0,0,0,0,0,5.63963E-11,0.00255446,0.170975,1.99639,0,0,0,0,0,0,0,0
128,1,0.393634,0.365938,0,1,0.271967,0.0924011,0.00154353,2.53714E-05,1.16162E-07,7.65806E-08,1.72091E-08,1.37656E-08,0.0943397,0.0391089,0.000102302,2.13394E-07,1.16346E-10,4.91862E-11,6.32758E-12,2.66424E-12
128,2,0.981366,0.972347,0,0,0,0.850007,0.120482,0.00184188,8.43293E-06,5.55948E-06,1.24932E-06,9.99333E-07,0,0.32829,0.0470077,0.000103415,5.63832E-08,2.38366E-08,3.06646E-09,1.29114E-09
128,3,1.46899,1.45565,0,0,0,0,1.27017,0.183973,0.000784119,0.000516938,0.000116166,9.29211E-05,0,0,0.51636,0.071001,4.08238E-05,1.72587E-05,2.22025E-06,9.3484E-07
128,4,1.52581,1.47861,0,0,0,0,0,1.29754,0.104754,0.0550692,0.0123535,0.00889107,0,0,0,0.484573,0.00909333,0.00384429,0.00049455,0.000208232
128,5,1.49715,1.46011,0,0,0,0,0,0.000197452,0.739179,0.554188,0.0992376,0.0673088,0,0,0,0,0,0,0,0
128,6,1.5876,1.5165,0,0,0,0,0,6.17316E-16,0.000723688,0.965017,0.354186,0.196577,0,0,0,0,0,0,0,0
128,7,1.74994,1.63847,0,0,0,0,0,0,5.05948E-10,0.0389905,0.918507,0.680972,0,0,0,0,0,0,0,0
128,8,2.38498,2.17035,1,0,0,0,0,0,5.63573E-11,0.00255266,0.170776,1.99702,0,0,0,0,0,0,0,0
129,1,0.393684,0.365994,0,1,0.271935,0.0924882,0.00154467,2.53901E-05,1.16247E-07,7.6637E-08,1.72218E-08,1.37757E-08,0.0943188,0.0391475,0.000102415,2.13631E-07,1.16475E-10,4.92409E-11,6.33461E-12,2.6672E-12
129,2,0.981895,0.972885,0,0,0,0.850139,0.120881,0.00184775,8.45984E-06,5.57723E-06,1.25331E-06,1.00252E-06,0,0.328353,0.047186,0.000103813,5.66005E-08,2.39284E-08,3.07828E-09,1.29612E-09
129,3,1.46907,1.45571,0,0,0,0,1.26962,0.184571,0.000786577,0.000518558,0.00011653,9.32123E-05,0,0,0.516115,0.071274,4.09829E-05,1.73259E-05,2.2289E-06,9.38483E-07
129,4,1.52575,1.47855,0,0,0,0,0,1.29666,0.105251,0.0553063,0.0124066,0.00892792,0,0,0,0.483944,0.00911475,0.00385334,0.000495715,0.000208722
129,5,1.49715,1.46011,0,0,0,0,0,0.000197294,0.739086,0.554271,0.0992462,0.0673147,0,0,0,0,0,0,0,0
129,6,1.58762,1.51652,0,0,0,0,0,6.1691E-16,0.000723211,0.964854,0.354322,0.196622,0,0,0,0,0,0,0,0
129,7,1.75008,1.63858,0,0,0,0,0,0,5.0469E-10,0.038868,0.918135,0.681575,0,0,0,0,0,0,0,0
129,8,2.38525,2.17058,1,0,0,0,0,0,5.63383E-11,0.00255179,0.170679,1.99735,0,0,0,0,0,0,0,0
130,1,0.393707,0.366022,0,1,0.271901,0.0925493,0.00154543,2.54026E-05,1.16304E-07,7.66747E-08,1.72303E-08,1.37825E-08,0.094299,0.0391744,0.000102496,2.138E-07,1.16567E-10,4.92797E-11,6.33961E-12,2.66931E-12
130,2,0.982234,0.97323,0,0,0,0.850229,0.121132,0.00185145,8.47678E-06,5.58839E-06,1.25582E-06,1.00453E-06,0,0.328396,0.0472975,0.000104062,5.67362E-08,2.39858E-08,3.08566E-09,1.29922E-09
130,3,1.4691,1.45573,0,0,0,0,1.26943,0.184785,0.000787461,0.000519141,0.000116661,0.000093317,0,0,0.516029,0.0713708,4.10392E-05,1.73497E-05,2.23196E-06,9.39772E-07
130,4,1.52578,1.47856,0,0,0,0,0,1.29687,0.105132,0.0552497,0.0123939,0.00891982,0,0,0,0.484149,0.00912523,0.00385778,0.000496285,0.000208962
130,5,1.49715,1.46011,0,0,0,0,0,0.000197306,0.739175,0.554189,0.0992395,0.0673102,0,0,0,0,0,0,0,0
130,6,1.58736,1.51636,0,0,0,0,0,6.21241E-16,0.000728291,0.966094,0.353289,0.19625,0,0,0,0,0,0,0,0
130,7,1.74991,1.63845,0,0,0,0,0,0,5.06215E-10,0.0390172,0.918564,0.680868,0,0,0,0,0,0,0,0
130,8,2.38533,2.17065,1,0,0,0,0,0,5.63432E-11,0.00255201,0.170704,1.9974,0,0,0,0,0,0,0,0
131,1,0.393754,0.366075,0,1,0.271866,0.0926359,0.00154655,0.000025421,1.16389E-07,7.67304E-08,1.72428E-08,1.37925E-08,0.0942776,0.0392126,0.000102609,2.14035E-07,1.16695E-10,4.93341E-11,6.3466E-12,2.67225E-12
131,2,0.982478,0.973478,0,0,0,0.850319,0.121288,0.00185379,8.48747E-06,5.59544E-06,1.2574E-06,1.0058E-06,0,0.328441,0.0473653,0.000104212,5.6818E-08,2.40204E-08,3.09011E-09,1.3011E-09
131,3,1.46906,1.4557,0,0,0,0,1.26976,0.184428,0.000786007,0.000518182,0.000116445,9.31447E-05,0,0,0.516181,0.071205,4.09422E-05,1.73087E-05,2.22669E-06,9.37551E-07
131,4,1.52604,1.47872,0,0,0,0,0,1.29905,0.103953,0.0546317,0.0122555,0.00882739,0,0,0,0.486283,0.00915066,0.00386853,0.000497668,0.000209544
131,5,1.49713,1.46008,0,0,0,0,0,0.000197902,0.740131,0.553326,0.0991636,0.0672587,0,0,0,0,0,0,0,0
131,6,1.58614,1.51561,0,0,0,0,0,6.43467E-16,0.00075436,0.971749,0.348584,0.194519,0,0,0,0,0,0,0,0
131,7,1.74937,1.63804,0,0,0,0,0,0,5.11051E-10,0.0394902,0.919932,0.678619,0,0,0,0,0,0,0,0
131,8,2.38734,2.17246,1,0,0,0,0,0,5.63323E-11,0.00255152,0.170643,1.99926,0,0,0,0,0,0,0,0
132,1,0.386182,0.359211,0,1,0.265012,0.0926203,0.00155369,2.55384E-05,1.16926E-07,7.70846E-08,1.73224E-08,1.38562E-08,0.0939121,0.0395663,0.000103177,2.1522E-07,1.17341E-10,4.96071E-11,6.38172E-12,2.68704E-12
132,2,0.966763,0.957741,0,0,0,0.834476,0.121388,0.00185984,8.51517E-06,5.6137E-06,1.26151E-06,1.00908E-06,0,0.327808,0.0476258,0.000104586,5.70219E-08,2.41066E-08,3.1012E-09,1.30577E-09
132,3,1.48149,1.45918,0,0,0,0,1.27309,0.184573,0.000788194,0.000519624,0.000116769,9.34039E-05,0,0,0.518477,0.0714616,4.10272E-05,1.73447E-05,2.23131E-06,9.39498E-07
132,4,1.6072,1.50649,0,0,0,0,0,1.32356,0.10544,0.0559097,0.0125423,0.00903934,0,0,0,0.503423,0.0094548,0.0039971,0.000514209,0.000216509
132,5,1.58,1.48669,0,0,0,0,0,0.000200427,0.748134,0.566309,0.102515,0.0695317,0,0,0,0,0,0,0,0
132,6,2.30798,1.85251,0,0,0,0,0,8.31173E-16,0.000937573,1.1652,0.436706,0.249666,0,0,0,0,0,0,0,0
132,7,3.38146,2.56112,0,0,0,0,0,0,8.66394E-10,0.0624729,1.38292,1.11573,0,0,0,0,0,0,0,0
132,8,4.20073,3.37484,0,0,0,0,0,0,9.24447E-11,0.00418477,0.26989,3.10076,0,0,0,0,0,0,0,0
133,1,0.386134,0.359163,0,1,0.26498,0.0926037,0.00155336,0.000025533,1.16901E-07,7.70683E-08,1.73187E-08,1.38532E-08,0.0939002,0.0395582,0.000103158,2.1518E-07,1.1732E-10,4.9598E-11,6.38055E-12,2.68655E-12
133,2,0.966719,0.957697,0,0,0,0.834478,0.121343,0.0018592,8.51224E-06,5.61177E-06,1.26107E-06,1.00873E-06,0,0.327809,0.047605,0.000104539,5.69964E-08,2.40958E-08,3.09981E-09,1.30518E-09
133,3,1.48142,1.45914,0,0,0,0,1.27342,0.184201,0.000786669,0.000518618,0.000116543,9.32231E-05,0,0,0.518629,0.0712893,4.09268E-05,1.73022E-05,2.22585E-06,9.37198E-07
133,4,1.60659,1.50626,0,0,0,0,0,1.32501,0.104444,0.0554099,0.0124302,0.00896364,0,0,0,0.50479,0.00945536,0.00399734,0.000514239,0.000216522
133,5,1.5799,1.48664,0,0,0,0,0,0.000200727,0.748627,0.565838,0.102471,0.069502,0,0,0,0,0,0,0,0
133,6,2.29923,1.84763,0,0,0,0,0,8.51187E-16,0.000960159,1.16871,0.430793,0.247168,0,0,0,0,0,0,0,0
133,7,3.37951,2.55943,0,0,0,0,0,0,8.79466E-10,0.063642,1.3861,1.10969,0,0,0,0,0,0,0,0
133,8,4.20324,3.37739,0,0,0,0,0,0,9.24435E-11,0.00418473,0.269898,3.10331,0,0,0,0,0,0,0,0
134,1,0.393695,0.36602,0,1,0.271775,0.0926727,0.0015468,2.54251E-05,1.16407E-07,7.67426E-08,1.72455E-08,1.37947E-08,0.0942361,0.0392271,0.000102663,2.14147E-07,1.16756E-10,4.93598E-11,6.3499E-12,2.67364E-12
134,2,0.982638,0.973641,0,0,0,0.850401,0.121368,0.00185503,8.49315E-06,5.59919E-06,1.25824E-06,1.00647E-06,0,0.328481,0.0473987,0.000104285,5.68577E-08,2.40371E-08,3.09227E-09,1.30201E-09
134,3,1.46897,1.45564,0,0,0,0,1.27047,0.18366,0.000782873,0.000516116,0.000115981,9.27734E-05,0,0,0.516504,0.0708498,4.07347E-05,0.000017221,2.2154E-06,9.328E-07
134,4,1.52649,1.47899,0,0,0,0,0,1.30302,0.10178,0.0535174,0.0120058,0.00866006,0,0,0,0.489986,0.00918171,0.00388165,0.000499357,0.000210255
134,5,1.4971,1.46002,0,0,0,0,0,0.000198788,0.741659,0.551946,0.099043,0.0671769,0,0,0,0,0,0,0,0
134,6,1.58376,1.51414,0,0,0,0,0,6.86494E-16,0.000804829,0.982778,0.339407,0.19115,0,0,0,0,0,0,0,0
134,7,1.74794,1.63697,0,0,0,0,0,0,5.23853E-10,0.0407429,0.923535,0.672687,0,0,0,0,0,0,0,0
134,8,2.39144,2.17613,1,0,0,0,0,0,5.63254E-11,0.00255121,0.170597,2.00298,0,0,0,0,0,0,0,0
135,1,0.39372,0.366049,0,1,0.271748,0.092728,0.0015475,2.54366E-05,1.1646E-07,7.67774E-08,1.72533E-08,1.38009E-08,0.09422,0.0392515,0.000102735,2.14299E-07,1.16839E-10,4.93947E-11,6.3544E-12,2.67554E-12
135,2,0.98329,0.974302,0,0,0,0.850532,0.121891,0.00186268,8.52819E-06,5.62229E-06,1.26343E-06,1.01062E-06,0,0.328542,0.047634,0.000104812,5.71452E-08,2.41587E-08,3.10791E-09,1.30859E-09
135,3,1.46914,1.45577,0,0,0,0,1.26919,0.185061,0.000788613,0.000519901,0.000116832,9.34536E-05,0,0,0.515925,0.0714924,4.11095E-05,1.73794E-05,2.23578E-06,9.41382E-07
135,4,1.5261,1.47872,0,0,0,0,0,1.29904,0.103974,0.0546242,0.0122538,0.00882806,0,0,0,0.486502,0.0091911,0.00388562,0.000499867,0.000210471
135,5,1.49712,1.46007,0,0,0,0,0,0.000197825,0.740371,0.553106,0.0991472,0.0672475,0,0,0,0,0,0,0,0
135,6,1.5855,1.51521,0,0,0,0,0,6.55097E-16,0.000768002,0.974681,0.346146,0.193616,0,0,0,0,0,0,0,0
135,7,1.74933,1.63801,0,0,0,0,0,0,5.11521E-10,0.0395376,0.920017,0.678455,0,0,0,0,0,0,0,0
135,8,2.3887,2.17365,1,0,0,0,0,0,5.62894E-11,0.00254954,0.170423,2.00067,0,0,0,0,0,0,0,0
136,1,0.39405,0.366404,0,1,0.271713,0.0931124,0.00155284,2.55243E-05,1.16862E-07,7.70422E-08,1.73128E-08,1.38485E-08,0.0941762,0.0394231,0.000103227,2.15325E-07,1.17398E-10,4.96313E-11,6.38484E-12,2.68835E-12
136,2,0.985634,0.976684,0,0,0,0.851089,0.123688,0.00188909,8.6491E-06,0.000005702,1.28135E-06,1.02495E-06,0,0.328805,0.0484378,0.00010661,5.81253E-08,2.4573E-08,3.16121E-09,1.33103E-09
136,3,1.46952,1.45606,0,0,0,0,1.26635,0.188162,0.000801323,0.000528279,0.000118714,9.49597E-05,0,0,0.514644,0.0729136,4.19383E-05,1.77298E-05,2.28086E-06,9.60362E-07
136,4,1.52558,1.47832,0,0,0,0,0,1.29291,0.107362,0.0563258,0.0126352,0.00908882,0,0,0,0.481419,0.00926113,0.00391523,0.000503676,0.000212074
136,5,1.49715,1.46012,0,0,0,0,0,0.000196798,0.73887,0.55446,0.0992676,0.0673292,0,0,0,0,0,0,0,0
136,6,1.58744,1.51642,0,0,0,0,0,6.21367E-16,0.000728439,0.965337,0.353934,0.196422,0,0,0,0,0,0,0,0
136,7,1.7511,1.63935,0,0,0,0,0,0,4.958E-10,0.0380027,0.915483,0.685866,0,0,0,0,0,0,0,0
136,8,2.38882,2.17365,1,0,0,0,0,0,5.61513E-11,0.00254318,0.169728,2.00138,0,0,0,0,0,0,0,0
137,1,0.395479,0.367932,0,1,0.271692,0.0946392,0.00157438,2.58785E-05,1.18483E-07,7.81112E-08,1.75531E-08,1.40407E-08,0.094051,0.0401071,0.000105174,2.19385E-07,1.19612E-10,5.05671E-11,6.50522E-12,2.73904E-12
137,2,0.992218,0.983373,0,0,0,0.852822,0.128571,0.00196111,8.97883E-06,5.91937E-06,1.3302E-06,1.06402E-06,0,0.329623,0.0506139,0.000111469,6.07744E-08,2.5693E-08,3.30528E-09,1.3917E-09
137,3,1.47017,1.45657,0,0,0,0,1.26134,0.193644,0.00082378,0.000543084,0.000122041,0.000097621,0,0,0.512373,0.0754301,4.34063E-05,1.83504E-05,2.3607E-06,9.93978E-07
137,4,1.52551,1.47806,0,0,0,0,0,1.28835,0.10983,0.0576477,0.0129317,0.00929879,0,0,0,0.478042,0.00948185,0.00400854,0.00051568,0.000217128
137,5,1.49718,1.46018,0,0,0,0,0,0.000196307,0.737411,0.555783,0.0993796,0.0674052,0,0,0,0,0,0,0,0
137,6,1.58883,1.51731,0,0,0,0,0,5.99692E-16,0.00070302,0.958109,0.359977,0.198525,0,0,0,0,0,0,0,0
137,7,1.75291,1.64071,0,0,0,0,0,0,4.79907E-10,0.0364517,0.910879,0.693381,0,0,0,0,0,0,0,0
137,8,2.40022,2.1836,1,0,0,0,0,0,5.57587E-11,0.00252513,0.16772,2.01336,0,0,0,0,0,0,0,0
138,1,0.544133,0.544123,0,0,0.361147,0.179852,0.0030721,5.04969E-05,2.31197E-07,1.52419E-07,3.42514E-08,2.73977E-08,0.168225,0.0810228,0.0002084,4.34707E-07,2.37009E-10,1.00198E-10,1.289E-11,5.42736E-12
138,2,1.55206,1.55204,0,0,0,1.29564,0.252452,0.00391183,1.79101E-05,1.18074E-05,2.65335E-06,2.12241E-06,0,0.607922,0.103397,0.000224874,1.22604E-07,5.18322E-08,6.66798E-09,2.80757E-09
138,3,2.35753,2.35736,0,0,0,0,1.98907,0.365243,0.00157849,0.00104063,0.00023385,0.000187057,0,0,0.933117,0.147507,0.000083825,3.54378E-05,4.55891E-06,1.91954E-06
138,4,2.39705,2.39526,0,0,0,0,0,2.05735,0.191943,0.105335,0.0236295,0.0170092,0,0,0,0.862456,0.0177677,0.00751146,0.000966314,0.000406869
138,5,2.42917,2.42313,0,0,0,0,0,0.000300887,1.13125,0.984418,0.183027,0.12414,0,0,0,0,0,0,0,0
138,6,2.49461,2.48439,0,0,0,0,0,1.05663E-15,0.00107485,1.48837,0.634374,0.360572,0,0,0,0,0,0,0,0
138,7,2.66644,2.64929,0,0,0,0,0,0,8.27479E-10,0.0579365,1.40221,1.18914,0,0,0,0,0,0,0,0
138,8,3.44742,3.41336,0,0,0,0,0,0,9.17102E-11,0.00415068,0.26526,3.14395,0,0,0,0,0,0,0,0
139,1,0.55005,0.55004,0,0,0.360395,0.186419,0.00317327,5.21598E-05,2.38811E-07,1.57438E-07,3.53794E-08,2.82999E-08,0.167581,0.084371,0.000217421,4.53525E-07,2.47269E-10,1.04535E-10,1.3448E-11,5.6623E-12
139,2,1.57172,1.5717,0,0,0,1.30024,0.267287,0.00413549,1.89341E-05,1.24825E-05,2.80506E-06,2.24377E-06,0,0.609988,0.110328,0.000240112,1.30913E-07,5.53446E-08,7.11983E-09,2.99782E-09
139,3,2.35868,2.3585,0,0,0,0,1.97578,0.379568,0.00163859,0.00108026,0.000242754,0.000194179,0,0,0.926762,0.15438,8.77713E-05,3.71062E-05,4.77354E-06,2.00991E-06
139,4,2.3973,2.39547,0,0,0,0,0,2.04446,0.199557,0.1093,0.0245184,0.0176312,0,0,0,0.852168,0.0182604,0.00771977,0.000993112,0.000418152
139,5,2.4292,2.42317,0,0,0,0,0,0.000299164,1.12906,0.986316,0.183222,0.124272,0,0,0,0,0,0,0,0
139,6,2.49604,2.48574,0,0,0,0,0,1.0133E-15,0.00103077,1.46983,0.649059,0.36582,0,0,0,0,0,0,0,0
139,7,2.66958,2.65231,0,0,0,0,0,0,7.81715E-10,0.0539272,1.38958,1.2088,0,0,0,0,0,0,0,0
139,8,3.45534,3.42112,0,0,0,0,0,0,9.11418E-11,0.00412463,0.262709,3.15428,0,0,0,0,0,0,0,0
140,1,0.544979,0.544969,0,0,0.361591,0.180247,0.00307933,5.06156E-05,2.31741E-07,1.52777E-07,3.4332E-08,2.74621E-08,0.168426,0.0812103,0.000208862,4.3567E-07,2.37534E-10,1.0042E-10,1.29185E-11,5.43938E-12
140,2,1.55249,1.55246,0,0,0,1.29564,0.252869,0.00391799,1.79383E-05,0.000011826,2.65752E-06,2.12575E-06,0,0.607914,0.103599,0.000225322,1.22849E-07,5.19355E-08,6.68127E-09,2.81316E-09
140,3,2.3577,2.35753,0,0,0,0,1.98697,0.367502,0.00158795,0.00104687,0.000235252,0.000188178,0,0,0.932104,0.148597,8.44515E-05,3.57027E-05,4.59299E-06,1.93389E-06
140,4,2.39714,2.39534,0,0,0,0,0,2.05222,0.195018,0.106878,0.0239753,0.0172482,0,0,0,0.858348,0.0178918,0.00756395,0.000973066,0.000409712
140,5,2.42918,2.42315,0,0,0,0,0,0.000299968,1.13053,0.985031,0.183095,0.124186,0,0,0,0,0,0,0,0
140,6,2.49542,2.48515,0,0,0,0,0,1.03386E-15,0.00105168,1.47782,0.642749,0.363526,0,0,0,0,0,0,0,0
140,7,2.66868,2.65145,0,0,0,0,0,0,7.94857E-10,0.0550793,1.39318,1.20319,0,0,0,0,0,0,0,0
140,8,3.4515,3.41736,0,0,0,0,0,0,9.1358E-11,0.00413454,0.263675,3.14955,0,0,0,0,0,0,0,0
141,1,0.395647,0.368084,0,1,0.272014,0.0944706,0.00157296,2.58551E-05,1.18376E-07,7.80406E-08,1.75372E-08,1.4028E-08,0.0941996,0.0400381,0.000104936,2.18888E-07,1.19341E-10,5.04526E-11,6.49049E-12,2.73284E-12
141,2,0.990068,0.981189,0,0,0,0.852286,0.126947,0.0019372,8.86937E-06,5.84721E-06,1.31398E-06,1.05105E-06,0,0.329371,0.0498886,0.000109848,5.98907E-08,2.53194E-08,3.25722E-09,1.37146E-09
141,3,1.46996,1.4564,0,0,0,0,1.2629,0.191923,0.000816718,0.000538429,0.000120995,9.67841E-05,0,0,0.513079,0.0746437,4.29479E-05,1.81567E-05,2.33577E-06,9.83481E-07
141,4,1.52558,1.47814,0,0,0,0,0,1.28958,0.109146,0.0573057,0.012855,0.00924556,0,0,0,0.478967,0.00945034,0.00399522,0.000513966,0.000216407
141,5,1.49718,1.46017,0,0,0,0,0,0.000196381,0.737567,0.555642,0.0993675,0.067397,0,0,0,0,0,0,0,0
141,6,1.58908,1.5175,0,0,0,0,0,5.98054E-16,0.000701101,0.956126,0.361655,0.199018,0,0,0,0,0,0,0,0
141,7,1.75435,1.6418,0,0,0,0,0,0,4.67396E-10,0.0352336,0.907159,0.699405,0,0,0,0,0,0,0,0
141,8,2.40339,2.18634,1,0,0,0,0,0,5.55943E-11,0.00251756,0.166881,2.01694,0,0,0,0,0,0,0,0
142,1,0.394451,0.366806,0,1,0.272023,0.0932021,0.00155504,2.55605E-05,1.17027E-07,7.71513E-08,1.73374E-08,1.38682E-08,0.0943007,0.0394696,0.000103319,2.15516E-07,1.17503E-10,4.96753E-11,6.3905E-12,2.69073E-12
142,2,0.984135,0.975162,0,0,0,0.850756,0.122516,0.00187191,8.57043E-06,5.65013E-06,1.26969E-06,1.01563E-06,0,0.328648,0.0479125,0.000105434,5.74842E-08,2.4302E-08,3.12634E-09,1.31635E-09
142,3,1.46923,1.45584,0,0,0,0,1.26848,0.185835,0.000791783,0.00052199,0.000117301,9.38292E-05,0,0,0.515603,0.0718484,4.13173E-05,1.74673E-05,2.24708E-06,9.4614E-07
142,4,1.52599,1.47862,0,0,0,0,0,1.29745,0.104846,0.0550721,0.0123542,0.00889746,0,0,0,0.485228,0.00922669,0.00390067,0.000501803,0.000211285
142,5,1.49713,1.46008,0,0,0,0,0,0.00019789,0.740101,0.553354,0.099166,0.0672603,0,0,0,0,0,0,0,0
142,6,1.58651,1.51587,0,0,0,0,0,6.40143E-16,0.000750465,0.969188,0.350746,0.195183,0,0,0,0,0,0,0,0
142,7,1.75174,1.63983,0,0,0,0,0,0,4.90331E-10,0.0374711,0.913831,0.688529,0,0,0,0,0,0,0,0
142,8,2.39181,2.17626,1,0,0,0,0,0,5.60327E-11,0.00253772,0.169118,2.0046,0,0,0,0,0,0,0,0
143,1,0.38658,0.359617,0,1,0.26522,0.0928144,0.00155708,0.000025594,1.17181E-07,7.72526E-08,1.73601E-08,1.38864E-08,0.093986,0.039658,0.00010341,2.15705E-07,1.17605E-10,4.97188E-11,6.3961E-12,2.69309E-12
143,2,0.966397,0.957371,0,0,0,0.834403,0.121095,0.00185555,8.49555E-06,5.60077E-06,1.2586E-06,1.00675E-06,0,0.327776,0.0474934,0.00010429,5.68605E-08,2.40383E-08,3.09242E-09,1.30207E-09
143,3,1.48131,1.45906,0,0,0,0,1.27391,0.183646,0.000784382,0.000517111,0.000116205,9.29521E-05,0,0,0.518851,0.071035,4.07789E-05,1.72397E-05,2.21781E-06,9.33813E-07
143,4,1.6066,1.50629,0,0,0,0,0,1.32574,0.10402,0.055216,0.0123868,0.00893323,0,0,0,0.505256,0.00943205,0.00398749,0.000512971,0.000215988
143,5,1.57987,1.48662,0,0,0,0,0,0.000201165,0.748787,0.565689,0.102453,0.0694894,0,0,0,0,0,0,0,0
143,6,2.30368,1.85015,0,0,0,0,0,8.43114E-16,0.000951051,1.16662,0.434084,0.248495,0,0,0,0,0,0,0,0
143,7,3.38249,2.562,0,0,0,0,0,0,8.59708E-10,0.0618784,1.38117,1.11895,0,0,0,0,0,0,0,0
143,8,4.20211,3.37625,0,0,0,0,0,0,9.23174E-11,0.00417893,0.26931,3.10276,0,0,0,0,0,0,0,0
144,1,0.386413,0.359438,0,1,0.26523,0.0926278,0.00155442,2.55504E-05,1.16981E-07,7.71208E-08,1.73305E-08,1.38627E-08,0.094006,0.0395721,0.000103167,2.15199E-07,1.1733E-10,4.96022E-11,6.38109E-12,2.68677E-12
144,2,0.965553,0.956515,0,0,0,0.834189,0.120463,0.00184622,8.45282E-06,5.5726E-06,1.25227E-06,1.00169E-06,0,0.327681,0.047209,0.000103656,5.65146E-08,2.38921E-08,3.07361E-09,1.29415E-09
144,3,1.48107,1.4589,0,0,0,0,1.27495,0.182451,0.000779469,0.000513872,0.000115477,9.23699E-05,0,0,0.519332,0.0704861,4.04595E-05,1.71047E-05,2.20043E-06,9.26498E-07
144,4,1.60632,1.50627,0,0,0,0,0,1.32862,0.102262,0.0543796,0.0121993,0.00880414,0,0,0,0.507382,0.00937785,0.00396457,0.000510024,0.000214747
144,5,1.57977,1.48657,0,0,0,0,0,0.000201784,0.749272,0.565229,0.102405,0.0694574,0,0,0,0,0,0,0,0
144,6,2.29568,1.84565,0,0,0,0,0,8.59383E-16,0.000969408,1.17019,0.428342,0.246145,0,0,0,0,0,0,0,0
144,7,3.37749,2.55768,0,0,0,0,0,0,8.92925E-10,0.0648438,1.38945,1.10339,0,0,0,0,0,0,0,0
144,8,4.20229,3.37642,0,0,0,0,0,0,9.26052E-11,0.00419215,0.270636,3.10159,0,0,0,0,0,0,0,0
145,1,0.393842,0.366152,0,1,0.272051,0.0925298,0.0015456,2.54055E-05,1.16318E-07,7.66834E-08,1.72322E-08,1.37841E-08,0.0943665,0.0391679,0.000102458,2.13721E-07,1.16524E-10,4.92616E-11,6.33728E-12,2.66832E-12
145,2,0.980825,0.971799,0,0,0,0.849954,0.119994,0.00183482,8.4006E-06,5.53817E-06,1.24453E-06,9.95503E-07,0,0.328269,0.0467852,0.000102913,5.61099E-08,2.3721E-08,3.0516E-09,1.28488E-09
145,3,1.46868,1.45541,0,0,0,0,1.27263,0.181292,0.000773149,0.000509706,0.000114541,9.16211E-05,0,0,0.517476,0.0697679,4.01042E-05,1.69544E-05,2.18111E-06,9.18361E-07
145,4,1.52677,1.47926,0,0,0,0,0,1.30752,0.0991905,0.0523357,0.0117408,0.0084759,0,0,0,0.492935,0.00906484,0.00383225,0.000493,0.000207579
145,5,1.4971,1.46,0,0,0,0,0,0.000200029,0.742197,0.551475,0.0989897,0.0671407,0,0,0,0,0,0,0,0
145,6,1.58365,1.51406,0,0,0,0,0,6.87459E-16,0.000805959,0.983628,0.338688,0.190938,0,0,0,0,0,0,0,0
145,7,1.74621,1.63566,0,0,0,0,0,0,5.39051E-10,0.0422251,0.927968,0.665465,0,0,0,0,0,0,0,0
145,8,2.38842,2.17357,1,0,0,0,0,0,5.65489E-11,0.0025615,0.171739,1.99927,0,0,0,0,0,0,0,0
146,1,0.393676,0.365975,0,1,0.272051,0.0923558,0.00154314,0.000025365,1.16132E-07,7.65612E-08,1.72048E-08,1.37621E-08,0.0943801,0.0390898,0.000102237,2.13258E-07,1.16272E-10,4.91549E-11,6.32355E-12,2.66255E-12
146,2,0.980331,0.971296,0,0,0,0.849801,0.119648,0.00182969,8.37713E-06,5.5227E-06,1.24106E-06,9.92721E-07,0,0.328195,0.0466326,0.000102574,5.59248E-08,2.36427E-08,3.04153E-09,1.28064E-09
146,3,1.46868,1.45541,0,0,0,0,1.27258,0.181337,0.000773324,0.000509821,0.000114566,9.16418E-05,0,0,0.517452,0.0697913,4.01181E-05,1.69603E-05,2.18187E-06,9.18679E-07
146,4,1.52654,1.47914,0,0,0,0,0,1.30586,0.100073,0.0528125,0.0118476,0.00854643,0,0,0,0.49118,0.00902761,0.00381651,0.000490976,0.000206727
146,5,1.49712,1.46004,0,0,0,0,0,0.000199479,0.741229,0.55235,0.099066,0.0671925,0,0,0,0,0,0,0,0
146,6,1.58503,1.5149,0,0,0,0,0,6.61745E-16,0.000775797,0.977408,0.343857,0.192862,0,0,0,0,0,0,0,0
146,7,1.74683,1.63613,0,0,0,0,0,0,5.33452E-10,0.0416764,0.92642,0.668029,0,0,0,0,0,0,0,0
146,8,2.38493,2.17046,1,0,0,0,0,0,5.65879E-11,0.00256329,0.171948,1.99595,0,0,0,0,0,0,0,0
147,1,0.393518,0.365807,0,1,0.27204,0.0922009,0.00154092,2.53284E-05,1.15965E-07,7.64508E-08,1.718E-08,1.37422E-08,0.0943881,0.0390199,0.00010204,2.12847E-07,1.16047E-10,4.90602E-11,6.31136E-12,2.65741E-12
147,2,0.979989,0.970949,0,0,0,0.849685,0.11942,0.00182628,8.36154E-06,5.51242E-06,1.23875E-06,9.90873E-07,0,0.328138,0.0465325,0.000102352,5.58036E-08,2.35915E-08,3.03494E-09,1.27787E-09
147,3,1.46871,1.45543,0,0,0,0,1.27232,0.181613,0.000774445,0.00051056,0.000114733,9.17746E-05,0,0,0.517333,0.06992,4.01935E-05,1.69922E-05,2.18597E-06,9.20406E-07
147,4,1.52629,1.479,0,0,0,0,0,1.3037,0.101251,0.0534194,0.0119836,0.00863733,0,0,0,0.489126,0.00900552,0.00380717,0.000489774,0.000206221
147,5,1.49714,1.46007,0,0,0,0,0,0.000198809,0.740261,0.553222,0.0991436,0.0672451,0,0,0,0,0,0,0,0
147,6,1.5863,1.51568,0,0,0,0,0,6.38689E-16,0.000748754,0.971592,0.348695,0.194644,0,0,0,0,0,0,0,0
147,7,1.74765,1.63675,0,0,0,0,0,0,5.26086E-10,0.0409561,0.924338,0.671453,0,0,0,0,0,0,0,0
147,8,2.38286,2.1686,1,0,0,0,0,0,5.65761E-11,0.00256274,0.171894,1.99414,0,0,0,0,0,0,0,0
148,1,0.393479,0.365767,0,1,0.272028,0.092173,0.00154049,2.53213E-05,1.15932E-07,7.64295E-08,1.71752E-08,1.37384E-08,0.0943849,0.0390073,0.000102005,2.12775E-07,1.16008E-10,4.90436E-11,6.30923E-12,2.65652E-12
148,2,0.980039,0.970999,0,0,0,0.849684,0.119471,0.00182702,8.3649E-06,5.51464E-06,1.23924E-06,9.91272E-07,0,0.328137,0.0465562,0.000102405,5.58329E-08,2.36039E-08,3.03653E-09,1.27854E-09
148,3,1.46876,1.45547,0,0,0,0,1.27191,0.182061,0.000776279,0.000511769,0.000115004,9.19919E-05,0,0,0.517146,0.0701265,0.000040314,1.70431E-05,2.19252E-06,9.23166E-07
148,4,1.52612,1.47888,0,0,0,0,0,1.30182,0.102313,0.0539251,0.012097,0.00871441,0,0,0,0.487657,0.00901675,0.00381192,0.000490385,0.000206478
148,5,1.49714,1.46009,0,0,0,0,0,0.000198383,0.739822,0.553616,0.0991803,0.06727,0,0,0,0,0,0,0,0
148,6,1.58692,1.51607,0,0,0,0,0,6.27949E-16,0.000736157,0.968552,0.351229,0.195554,0,0,0,0,0,0,0,0
148,7,1.74842,1.63733,0,0,0,0,0,0,5.19264E-10,0.0402896,0.92238,0.674658,0,0,0,0,0,0,0,0
148,8,2.38315,2.16882,1,0,0,0,0,0,5.65138E-11,0.00255987,0.171575,1.99468,0,0,0,0,0,0,0,0
149,1,0.39353,0.365823,0,1,0.272008,0.0922479,0.00154149,2.53378E-05,1.16008E-07,7.64791E-08,1.71863E-08,1.37473E-08,0.0943707,0.0390405,0.000102102,2.12977E-07,1.16119E-10,4.90902E-11,6.31523E-12,2.65904E-12
149,2,0.980543,0.971512,0,0,0,0.849803,0.119859,0.00183271,8.39095E-06,5.53181E-06,1.2431E-06,9.94358E-07,0,0.328193,0.0467295,0.000102793,5.60441E-08,2.36932E-08,3.04802E-09,1.28338E-09
149,3,1.46886,1.45554,0,0,0,0,1.27118,0.182866,0.000779579,0.000513945,0.000115493,0.000092383,0,0,0.516815,0.070495,4.05288E-05,0.000017134,2.20421E-06,9.28086E-07
149,4,1.52597,1.47875,0,0,0,0,0,1.29984,0.103441,0.0544544,0.0122156,0.00879601,0,0,0,0.486221,0.00904962,0.00382581,0.000492173,0.000207231
149,5,1.49715,1.4601,0,0,0,0,0,0.000197977,0.739521,0.553884,0.0992067,0.0672879,0,0,0,0,0,0,0,0
149,6,1.58729,1.5163,0,0,0,0,0,6.22143E-16,0.000729349,0.966678,0.352795,0.1961,0,0,0,0,0,0,0,0
149,7,1.74917,1.63789,0,0,0,0,0,0,5.12693E-10,0.0396485,0.920473,0.677769,0,0,0,0,0,0,0,0
149,8,2.38406,2.16958,1,0,0,0,0,0,5.64345E-11,0.00255622,0.171171,1.99585,0,0,0,0,0,0,0,0
150,1,0.393694,0.366,0,1,0.271985,0.092445,0.00154421,2.53825E-05,1.16212E-07,7.6614E-08,1.72166E-08,1.37716E-08,0.0943449,0.0391286,0.000102355,2.13506E-07,1.16407E-10,4.9212E-11,6.3309E-12,2.66564E-12
150,2,0.981602,0.972587,0,0,0,0.850068,0.120658,0.00184447,8.44481E-06,5.56732E-06,1.25108E-06,1.00074E-06,0,0.328319,0.0470862,0.00010359,5.64788E-08,2.3877E-08,3.07166E-09,1.29333E-09
150,3,1.46902,1.45567,0,0,0,0,1.27001,0.184145,0.000784827,0.000517405,0.000116271,0.000093005,0,0,0.516289,0.0710798,4.08698E-05,1.72781E-05,2.22275E-06,9.35892E-07
150,4,1.52582,1.47861,0,0,0,0,0,1.29754,0.104746,0.0550762,0.012355,0.00889249,0,0,0,0.48456,0.00910136,0.00384769,0.000494987,0.000208416
150,5,1.49715,1.46011,0,0,0,0,0,0.000197595,0.739231,0.554143,0.0992322,0.0673052,0,0,0,0,0,0,0,0
150,6,1.58759,1.5165,0,0,0,0,0,6.17511E-16,0.000723917,0.965042,0.354165,0.196569,0,0,0,0,0,0,0,0
150,7,1.74994,1.63847,0,0,0,0,0,0,5.05927E-10,0.0389886,0.918496,0.680988,0,0,0,0,0,0,0,0
150,8,2.38543,2.17074,1,0,0,0,0,0,5.63385E-11,0.0025518,0.170682,1.9975,0,0,0,0,0,0,0,0
151,1,0.394001,0.366329,0,1,0.271969,0.0927855,0.00154898,2.54609E-05,1.16571E-07,7.68507E-08,1.72698E-08,1.38141E-08,0.09431,0.0392816,0.000102792,2.14416E-07,1.16903E-10,4.94219E-11,6.3579E-12,2.67701E-12
151,2,0.983104,0.974113,0,0,0,0.850456,0.121779,0.001861,8.52048E-06,5.6172E-06,1.26229E-06,1.00971E-06,0,0.328503,0.0475861,0.000104707,5.70877E-08,2.41344E-08,3.10478E-09,1.30727E-09
151,3,1.46921,1.45582,0,0,0,0,1.26858,0.185714,0.000791263,0.000521647,0.000117224,9.37676E-05,0,0,0.515644,0.0717972,0.000041288,1.74549E-05,2.24549E-06,9.45469E-07
151,4,1.52569,1.47847,0,0,0,0,0,1.29529,0.106005,0.0556882,0.0124922,0.00898794,0,0,0,0.482944,0.00916402,0.00387418,0.000498395,0.00020985
151,5,1.49715,1.46012,0,0,0,0,0,0.000197298,0.73895,0.554394,0.0992559,0.0673213,0,0,0,0,0,0,0,0
151,6,1.58786,1.51667,0,0,0,0,0,6.13539E-16,0.000719258,0.963576,0.355394,0.196985,0,0,0,0,0,0,0,0
151,7,1.75063,1.63899,0,0,0,0,0,0,4.999E-10,0.038401,0.916729,0.68386,0,0,0,0,0,0,0,0
151,8,2.38713,2.1722,1,0,0,0,0,0,5.62396E-11,0.00254725,0.170178,1.99947,0,0,0,0,0,0,0,0
152,1,0.394138,0.36648,0,1,0.271931,0.0929716,0.0015515,2.55023E-05,1.16761E-07,7.69757E-08,1.72979E-08,1.38366E-08,0.0942792,0.0393644,0.000103032,2.14917E-07,1.17176E-10,4.95374E-11,6.37276E-12,2.68326E-12
152,2,0.984188,0.975215,0,0,0,0.850726,0.122598,0.00187305,8.57567E-06,5.65359E-06,1.27047E-06,1.01625E-06,0,0.328631,0.0479517,0.000105524,5.75331E-08,2.43227E-08,3.129E-09,1.31747E-09
152,3,1.46935,1.45593,0,0,0,0,1.26754,0.186858,0.000795961,0.000524744,0.00011792,9.43243E-05,0,0,0.515174,0.0723203,4.15929E-05,1.75838E-05,2.26207E-06,9.52451E-07
152,4,1.52559,1.47837,0,0,0,0,0,1.29374,0.106876,0.0561104,0.0125869,0.00905373,0,0,0,0.481824,0.00920565,0.00389178,0.000500659,0.000210804
152,5,1.49716,1.46012,0,0,0,0,0,0.00019712,0.738799,0.554529,0.0992689,0.0673301,0,0,0,0,0,0,0,0
152,6,1.58798,1.51675,0,0,0,0,0,6.11727E-16,0.000717133,0.962881,0.355976,0.197181,0,0,0,0,0,0,0,0
152,7,1.75098,1.63926,0,0,0,0,0,0,4.96817E-10,0.0381007,0.915822,0.685334,0,0,0,0,0,0,0,0
152,8,2.38798,2.17292,1,0,0,0,0,0,5.61893E-11,0.00254493,0.169923,2.00046,0,0,0,0,0,0,0,0
153,1,0.394153,0.366499,0,1,0.271893,0.0930276,0.00155218,2.55135E-05,1.16812E-07,7.70095E-08,1.73055E-08,1.38427E-08,0.0942588,0.0393888,0.000103106,2.15073E-07,1.17261E-10,4.95732E-11,6.37736E-12,2.6852E-12
153,2,0.98455,0.975583,0,0,0,0.850819,0.122869,0.00187704,8.59395E-06,5.66564E-06,1.27318E-06,1.01841E-06,0,0.328676,0.0480725,0.000105794,5.76803E-08,2.43849E-08,3.137E-09,1.32084E-09
153,3,1.46939,1.45596,0,0,0,0,1.26728,0.187145,0.000797141,0.000525523,0.000118095,9.44642E-05,0,0,0.515058,0.0724508,4.16688E-05,1.76159E-05,2.2662E-06,9.5419E-07
153,4,1.5256,1.47836,0,0,0,0,0,1.29368,0.106908,0.0561288,0.012591,0.00905694,0,0,0,0.481793,0.00921497,0.00389572,0.000501166,0.000211017
153,5,1.49715,1.46012,0,0,0,0,0,0.000197111,0.738821,0.55451,0.0992675,0.0673292,0,0,0,0,0,0,0,0
153,6,1.58785,1.51668,0,0,0,0,0,6.13733E-16,0.000719486,0.963495,0.355463,0.196999,0,0,0,0,0,0,0,0
153,7,1.75089,1.63919,0,0,0,0,0,0,4.97632E-10,0.0381804,0.916052,0.684956,0,0,0,0,0,0,0,0
153,8,2.38805,2.17299,1,0,0,0,0,0,5.61906E-11,0.00254499,0.169929,2.00051,0,0,0,0,0,0,0,0
154,1,0.394055,0.366397,0,1,0.271862,0.0929586,0.0015511,2.54959E-05,1.16731E-07,7.69563E-08,1.72935E-08,1.38331E-08,0.0942503,0.0393573,0.000103021,2.14895E-07,1.17164E-10,4.95321E-11,6.37208E-12,2.68298E-12
154,2,0.984152,0.975178,0,0,0,0.85073,0.122557,0.00187247,8.57301E-06,5.65183E-06,1.27007E-06,1.01593E-06,0,0.328635,0.0479326,0.00010548,5.75095E-08,2.43127E-08,3.12772E-09,1.31693E-09
154,3,1.46931,1.45589,0,0,0,0,1.26791,0.18645,0.000794296,0.000523647,0.000117673,0.000094127,0,0,0.515347,0.0721312,4.14823E-05,1.75371E-05,2.25606E-06,9.4992E-07
154,4,1.52575,1.47848,0,0,0,0,0,1.29549,0.105892,0.055634,0.0124801,0.00898117,0,0,0,0.483225,0.00919616,0.00388776,0.000500142,0.000210586
154,5,1.49715,1.46011,0,0,0,0,0,0.000197329,0.739155,0.554208,0.0992408,0.067311,0,0,0,0,0,0,0,0
154,6,1.58728,1.51632,0,0,0,0,0,6.2323E-16,0.000730623,0.966322,0.353105,0.19616,0,0,0,0,0,0,0,0
154,7,1.7503,1.63875,0,0,0,0,0,0,5.02814E-10,0.0386863,0.917546,0.682514,0,0,0,0,0,0,0,0
154,8,2.38763,2.17264,1,0,0,0,0,0,5.62384E-11,0.00254719,0.170173,1.99993,0,0,0,0,0,0,0,0
155,1,0.393824,0.366154,0,1,0.271821,0.092759,0.00154816,2.54474E-05,1.1651E-07,7.68101E-08,1.72607E-08,1.38068E-08,0.0942497,0.0392666,0.000102769,2.14368E-07,1.16877E-10,4.94108E-11,6.35646E-12,2.6764E-12
155,2,0.983255,0.974268,0,0,0,0.850521,0.121867,0.00186233,8.52659E-06,5.62123E-06,1.2632E-06,1.01043E-06,0,0.328536,0.0476236,0.000104789,5.71326E-08,2.41534E-08,3.10722E-09,1.3083E-09
155,3,1.46914,1.45576,0,0,0,0,1.26921,0.185037,0.000788511,0.000519833,0.000116816,9.34415E-05,0,0,0.515933,0.0714822,4.11036E-05,0.000017377,2.23547E-06,9.41248E-07
155,4,1.52606,1.4787,0,0,0,0,0,1.29888,0.104034,0.054685,0.0122674,0.00883654,0,0,0,0.486175,0.00917502,0.00387882,0.000498993,0.000210102
155,5,1.49713,1.46008,0,0,0,0,0,0.000197969,0.740186,0.553277,0.0991589,0.0672555,0,0,0,0,0,0,0,0
155,6,1.58592,1.51547,0,0,0,0,0,6.47181E-16,0.000758716,0.972793,0.347714,0.194205,0,0,0,0,0,0,0,0
155,7,1.74923,1.63794,0,0,0,0,0,0,5.12294E-10,0.0396122,0.920268,0.678059,0,0,0,0,0,0,0,0
155,8,2.38799,2.17302,1,0,0,0,0,0,5.63092E-11,0.00255046,0.170528,1.99994,0,0,0,0,0,0,0,0
156,1,0.393718,0.366043,0,1,0.271797,0.092673,0.00154687,2.54262E-05,1.16413E-07,7.67461E-08,1.72463E-08,1.37953E-08,0.0942464,0.0392275,0.000102661,2.14143E-07,1.16754E-10,4.93589E-11,6.34979E-12,2.67359E-12
156,2,0.982694,0.973698,0,0,0,0.850406,0.121419,0.00185577,8.49656E-06,5.60143E-06,1.25875E-06,1.00687E-06,0,0.328483,0.0474221,0.000104338,5.68864E-08,2.40493E-08,3.09383E-09,1.30266E-09
156,3,1.469,1.45566,0,0,0,0,1.27027,0.183871,0.000783736,0.000516685,0.000116109,9.28756E-05,0,0,0.516417,0.0709467,4.07912E-05,1.72449E-05,2.21848E-06,9.34094E-07
156,4,1.5264,1.47893,0,0,0,0,0,1.30228,0.102177,0.0537313,0.0120537,0.00869207,0,0,0,0.489238,0.00917304,0.00387799,0.000498885,0.000210057
156,5,1.49711,1.46003,0,0,0,0,0,0.000198696,0.741355,0.552222,0.0990661,0.0671925,0,0,0,0,0,0,0,0
156,6,1.58428,1.51446,0,0,0,0,0,6.7684E-16,0.000793505,0.980463,0.34133,0.191868,0,0,0,0,0,0,0,0
156,7,1.74799,1.637,0,0,0,0,0,0,5.23388E-10,0.0406964,0.923434,0.672868,0,0,0,0,0,0,0,0
156,8,2.38993,2.17479,1,0,0,0,0,0,5.63596E-11,0.00255278,0.170775,2.00147,0,0,0,0,0,0,0,0
157,1,0.386128,0.359158,0,1,0.264961,0.0926178,0.00155351,2.55354E-05,1.16912E-07,7.70755E-08,1.73203E-08,1.38545E-08,0.0938906,0.0395645,0.000103178,2.15222E-07,1.17342E-10,4.96076E-11,6.38179E-12,2.68707E-12
157,2,0.966863,0.957843,0,0,0,0.834515,0.12145,0.00186078,8.51947E-06,5.61653E-06,1.26214E-06,1.00959E-06,0,0.327826,0.047653,0.000104646,5.70547E-08,2.41204E-08,3.10298E-09,1.30652E-09
157,3,1.48145,1.45916,0,0,0,0,1.27328,0.184364,0.000787342,0.000519062,0.000116643,9.33029E-05,0,0,0.518564,0.0713643,4.09704E-05,1.73206E-05,2.22822E-06,9.38197E-07
157,4,1.60645,1.50619,0,0,0,0,0,1.32474,0.104571,0.0554601,0.0124415,0.00897173,0,0,0,0.504693,0.00946626,0.00400195,0.000514832,0.000216771
157,5,1.57988,1.48663,0,0,0,0,0,0.000200745,0.748707,0.565761,0.102464,0.0694974,0,0,0,0,0,0,0,0
157,6,2.29814,1.84702,0,0,0,0,0,8.53798E-16,0.000963106,1.16914,0.430061,0.246858,0,0,0,0,0,0,0,0
157,7,3.37924,2.5592,0,0,0,0,0,0,8.81278E-10,0.0638038,1.38655,1.10884,0,0,0,0,0,0,0,0
157,8,4.20352,3.37768,0,0,0,0,0,0,9.24502E-11,0.00418504,0.26993,3.10357,0,0,0,0,0,0,0,0
158,1,0.386233,0.359272,0,1,0.264939,0.0927517,0.00155537,2.55661E-05,1.17053E-07,7.71681E-08,1.73411E-08,1.38712E-08,0.0938703,0.0396259,0.000103353,2.15588E-07,1.17542E-10,4.96919E-11,6.39263E-12,2.69163E-12
158,2,0.967603,0.958593,0,0,0,0.8347,0.122007,0.00186899,8.55707E-06,5.64133E-06,1.26771E-06,1.01404E-06,0,0.327908,0.0479036,0.000105205,5.73595E-08,2.42493E-08,3.11956E-09,1.3135E-09
158,3,1.48165,1.4593,0,0,0,0,1.27236,0.185415,0.000791663,0.000521911,0.000117283,0.000093815,0,0,0.51814,0.0718475,4.12516E-05,1.74395E-05,2.24352E-06,9.44637E-07
158,4,1.60688,1.50631,0,0,0,0,0,1.32237,0.106065,0.056185,0.012604,0.00908318,0,0,0,0.502813,0.00950291,0.00401745,0.000516826,0.000217611
158,5,1.57997,1.48668,0,0,0,0,0,0.000200317,0.748253,0.566192,0.102506,0.069526,0,0,0,0,0,0,0,0
158,6,2.30564,1.85122,0,0,0,0,0,8.37441E-16,0.000944647,1.16599,0.435261,0.249025,0,0,0,0,0,0,0,0
158,7,3.38207,2.56164,0,0,0,0,0,0,8.62433E-10,0.0621204,1.38189,1.11763,0,0,0,0,0,0,0,0
158,8,4.20214,3.37628,0,0,0,0,0,0,9.23473E-11,0.0041803,0.269449,3.10265,0,0,0,0,0,0,0,0
159,1,0.394163,0.366524,0,1,0.271732,0.0932116,0.0015543,2.55483E-05,1.16972E-07,7.71146E-08,1.73291E-08,1.38616E-08,0.094176,0.0394681,0.000103353,2.15587E-07,1.17541E-10,4.96917E-11,6.3926E-12,2.69162E-12
159,2,0.985707,0.976758,0,0,0,0.851135,0.123716,0.00188955,8.65119E-06,5.70337E-06,1.28166E-06,1.0252E-06,0,0.328827,0.0484488,0.000106633,5.81381E-08,2.45784E-08,3.1619E-09,1.33133E-09
159,3,1.46947,1.45602,0,0,0,0,1.26676,0.187719,0.000799511,0.000527085,0.000118446,0.000094745,0,0,0.514829,0.0727093,0.000041819,1.76794E-05,2.27437E-06,9.5763E-07
159,4,1.52579,1.47844,0,0,0,0,0,1.29462,0.106443,0.0558357,0.0125254,0.00901555,0,0,0,0.483146,0.00928144,0.00392382,0.000504781,0.000212539
159,5,1.49713,1.46009,0,0,0,0,0,0.00019739,0.739702,0.553709,0.0992006,0.0672838,0,0,0,0,0,0,0,0
159,6,1.58654,1.51587,0,0,0,0,0,6.3776E-16,0.000747668,0.969481,0.350486,0.195156,0,0,0,0,0,0,0,0
159,7,1.75069,1.63904,0,0,0,0,0,0,4.9951E-10,0.0383651,0.916548,0.684122,0,0,0,0,0,0,0,0
159,8,2.39031,2.17498,1,0,0,0,0,0,5.61437E-11,0.00254284,0.169685,2.00275,0,0,0,0,0,0,0,0
160,1,0.395534,0.367989,0,1,0.271713,0.0946744,0.00157494,2.58877E-05,1.18525E-07,7.8139E-08,1.75593E-08,1.40457E-08,0.0940565,0.0401234,0.000105217,2.19476E-07,1.19662E-10,5.05881E-11,6.50792E-12,2.74018E-12
160,2,0.992162,0.983316,0,0,0,0.852819,0.128519,0.00196036,8.97538E-06,5.9171E-06,1.32969E-06,1.06362E-06,0,0.329622,0.05059,0.000111415,6.0745E-08,2.56805E-08,3.30368E-09,1.39102E-09
160,3,1.47014,1.45654,0,0,0,0,1.26158,0.193376,0.000822686,0.000542363,0.000121879,9.74913E-05,0,0,0.512485,0.0753068,4.33344E-05,0.00001832,2.35679E-06,9.9233E-07
160,4,1.52558,1.47811,0,0,0,0,0,1.28917,0.109363,0.0574284,0.0128825,0.00926531,0,0,0,0.47867,0.00947598,0.00400606,0.000515361,0.000216994
160,5,1.49718,1.46017,0,0,0,0,0,0.000196491,0.737572,0.555639,0.0993659,0.0673959,0,0,0,0,0,0,0,0
160,6,1.58858,1.51715,0,0,0,0,0,6.03579E-16,0.000707577,0.959445,0.358859,0.198141,0,0,0,0,0,0,0,0
160,7,1.75254,1.64043,0,0,0,0,0,0,4.83157E-10,0.0367686,0.911829,0.691833,0,0,0,0,0,0,0,0
160,8,2.40012,2.18353,1,0,0,0,0,0,5.57801E-11,0.00252612,0.167829,2.01317,0,0,0,0,0,0,0,0
161,1,0.544213,0.544203,0,0,0.361177,0.179901,0.00307294,5.05107E-05,2.3126E-07,1.52461E-07,3.42608E-08,2.74052E-08,0.168238,0.081047,0.000208462,4.34836E-07,2.37079E-10,1.00228E-10,1.28938E-11,5.42897E-12
161,2,1.55193,1.55191,0,0,0,1.29562,0.252342,0.00391018,1.79025E-05,1.18024E-05,2.65223E-06,2.12152E-06,0,0.607915,0.103344,0.000224758,1.22541E-07,5.18055E-08,6.66455E-09,2.80612E-09
161,3,2.3575,2.35733,0,0,0,0,1.98941,0.364881,0.00157697,0.00103963,0.000233625,0.000186877,0,0,0.933279,0.147332,8.37246E-05,3.53954E-05,4.55345E-06,1.91724E-06
161,4,2.39703,2.39525,0,0,0,0,0,2.05818,0.191439,0.105086,0.0235737,0.0169709,0,0,0,0.863119,0.0177521,0.00750485,0.000965465,0.000406511
161,5,2.42916,2.42313,0,0,0,0,0,0.000301109,1.13141,0.984276,0.183011,0.124129,0,0,0,0,0,0,0,0
161,6,2.49449,2.48427,0,0,0,0,0,1.06064E-15,0.00107892,1.48998,0.633099,0.360113,0,0,0,0,0,0,0,0
161,7,2.66609,2.64895,0,0,0,0,0,0,8.32616E-10,0.0583867,1.40362,1.18694,0,0,0,0,0,0,0,0
161,8,3.44698,3.41292,0,0,0,0,0,0,9.17576E-11,0.00415286,0.265474,3.1433,0,0,0,0,0,0,0,0
162,1,0.550028,0.550017,0,0,0.360417,0.186375,0.00317263,5.21493E-05,2.38763E-07,1.57406E-07,3.53722E-08,2.82942E-08,0.167594,0.0843481,0.000217358,4.53393E-07,2.47197E-10,1.04505E-10,1.34441E-11,5.66065E-12
162,2,1.57157,1.57154,0,0,0,1.30021,0.267164,0.00413365,1.89257E-05,1.24769E-05,2.8038E-06,2.24276E-06,0,0.609975,0.11027,0.000239985,1.30843E-07,5.53152E-08,7.11605E-09,2.99623E-09
162,3,2.35866,2.35849,0,0,0,0,1.97596,0.379371,0.00163777,0.00107971,0.000242632,0.000194082,0,0,0.92685,0.154285,8.77169E-05,3.70832E-05,4.77058E-06,2.00866E-06
162,4,2.39729,2.39547,0,0,0,0,0,2.04479,0.199361,0.109202,0.0244966,0.0176162,0,0,0,0.852427,0.0182531,0.00771668,0.000992715,0.000417985
162,5,2.4292,2.42317,0,0,0,0,0,0.000299248,1.12912,0.986261,0.183216,0.124268,0,0,0,0,0,0,0,0
162,6,2.49597,2.48568,0,0,0,0,0,1.0153E-15,0.0010328,1.47078,0.648311,0.365557,0,0,0,0,0,0,0,0
162,7,2.66944,2.65218,0,0,0,0,0,0,7.83745E-10,0.0541049,1.39014,1.20793,0,0,0,0,0,0,0,0
162,8,3.45515,3.42094,0,0,0,0,0,0,9.11591E-11,0.00412543,0.262788,3.15402,0,0,0,0,0,0,0,0
163,1,0.544934,0.544924,0,0,0.361613,0.180182,0.00307835,5.05995E-05,2.31667E-07,1.52729E-07,3.4321E-08,2.74534E-08,0.168439,0.0811763,0.000208769,4.35476E-07,2.37428E-10,1.00375E-10,1.29128E-11,5.43696E-12
163,2,1.55228,1.55226,0,0,0,1.2956,0.252711,0.0039156,1.79274E-05,1.18188E-05,2.65591E-06,2.12446E-06,0,0.607894,0.103525,0.000225159,1.2276E-07,5.18979E-08,6.67643E-09,2.81112E-09
163,3,2.35768,2.35751,0,0,0,0,1.98718,0.367271,0.00158698,0.00104623,0.000235108,0.000188063,0,0,0.932206,0.148486,8.43878E-05,3.56758E-05,4.58952E-06,1.93243E-06
163,4,2.39714,2.39534,0,0,0,0,0,2.05257,0.194804,0.106772,0.0239516,0.0172319,0,0,0,0.858628,0.0178842,0.00756071,0.00097265,0.000409537
163,5,2.42918,2.42314,0,0,0,0,0,0.000300062,1.1306,0.984974,0.183088,0.124181,0,0,0,0,0,0,0,0
163,6,2.49536,2.48509,0,0,0,0,0,1.03559E-15,0.00105344,1.47863,0.642112,0.363302,0,0,0,0,0,0,0,0
163,7,2.66854,2.65131,0,0,0,0,0,0,7.96938E-10,0.0552616,1.39375,1.20229,0,0,0,0,0,0,0,0
163,8,3.45132,3.41718,0,0,0,0,0,0,9.1376E-11,0.00413536,0.263756,3.14929,0,0,0,0,0,0,0,0
164,1,0.395599,0.368032,0,1,0.272018,0.0944151,0.00157219,2.58424E-05,1.18318E-07,7.80023E-08,1.75286E-08,1.40211E-08,0.0942061,0.0400132,0.000104864,2.18739E-07,1.1926E-10,5.04183E-11,6.48608E-12,2.73098E-12
164,2,0.989894,0.981012,0,0,0,0.852244,0.126815,0.00193526,8.86047E-06,5.84135E-06,1.31266E-06,0.00000105,0,0.329351,0.0498295,0.000109716,5.98187E-08,2.52889E-08,3.25331E-09,1.36981E-09
164,3,1.46994,1.45638,0,0,0,0,1.26306,0.19175,0.000816008,0.000537961,0.00012089,0.0000967,0,0,0.51315,0.0745647,4.29019E-05,1.81372E-05,2.33327E-06,9.82428E-07
164,4,1.52559,1.47815,0,0,0,0,0,1.28983,0.109008,0.0572412,0.0128405,0.00923556,0,0,0,0.479138,0.0094451,0.00399301,0.000513681,0.000216287
164,5,1.49718,1.46017,0,0,0,0,0,0.000196454,0.737603,0.55561,0.099364,0.0673946,0,0,0,0,0,0,0,0
164,6,1.58904,1.51747,0,0,0,0,0,5.98573E-16,0.00070171,0.956425,0.361404,0.198939,0,0,0,0,0,0,0,0
164,7,1.7542,1.64169,0,0,0,0,0,0,4.68663E-10,0.035357,0.907534,0.698797,0,0,0,0,0,0,0,0
164,8,2.40325,2.18622,1,0,0,0,0,0,5.56053E-11,0.00251807,0.166937,2.01676,0,0,0,0,0,0,0,0
165,1,0.394384,0.366733,0,1,0.272026,0.0931276,0.00155399,2.55433E-05,1.16949E-07,7.70994E-08,1.73257E-08,1.38588E-08,0.0943082,0.039436,0.000103223,2.15316E-07,1.17394E-10,4.96293E-11,6.38458E-12,2.68824E-12
165,2,0.983893,0.974915,0,0,0,0.850694,0.122335,0.00186924,8.55821E-06,5.64208E-06,1.26788E-06,1.01418E-06,0,0.328618,0.0478319,0.000105254,5.7386E-08,2.42605E-08,3.121E-09,1.3141E-09
165,3,1.46921,1.45582,0,0,0,0,1.26866,0.185634,0.000790956,0.000521445,0.000117179,9.37312E-05,0,0,0.515685,0.071757,4.12641E-05,1.74448E-05,2.24419E-06,9.44922E-07
165,4,1.526,1.47863,0,0,0,0,0,1.29759,0.104764,0.0550342,0.0123457,0.00889134,0,0,0,0.485309,0.00921847,0.00389719,0.000501356,0.000211097
165,5,1.49713,1.46008,0,0,0,0,0,0.00019795,0.740103,0.553353,0.0991652,0.0672597,0,0,0,0,0,0,0,0
165,6,1.58654,1.51588,0,0,0,0,0,6.39345E-16,0.000749529,0.969102,0.350816,0.195218,0,0,0,0,0,0,0,0
165,7,1.75159,1.63972,0,0,0,0,0,0,4.91613E-10,0.0375959,0.914212,0.687912,0,0,0,0,0,0,0,0
165,8,2.39164,2.17611,1,0,0,0,0,0,5.60471E-11,0.00253839,0.169192,2.00438,0,0,0,0,0,0,0,0
166,1,0.386482,0.359513,0,1,0.265223,0.0927086,0.00155556,2.55691E-05,1.17067E-07,7.71774E-08,1.73432E-08,1.38729E-08,0.093996,0.0396093,0.000103272,2.15418E-07,1.17449E-10,4.96528E-11,6.38761E-12,2.68952E-12
166,2,0.96607,0.957039,0,0,0,0.83431,0.12086,0.00185206,8.47958E-06,5.59024E-06,1.25623E-06,1.00486E-06,0,0.327734,0.0473881,0.000104056,5.67327E-08,2.39843E-08,3.08547E-09,1.29914E-09
166,3,1.48127,1.45904,0,0,0,0,1.27406,0.183469,0.00078365,0.000516629,0.000116096,9.28655E-05,0,0,0.51892,0.0709551,4.07326E-05,1.72201E-05,2.21528E-06,9.3275E-07
166,4,1.60684,1.50641,0,0,0,0,0,1.32562,0.104149,0.0552884,0.012403,0.00894358,0,0,0,0.505022,0.00941796,0.00398153,0.000512205,0.000215665
166,5,1.5799,1.48664,0,0,0,0,0,0.000201123,0.748617,0.565852,0.102467,0.0694992,0,0,0,0,0,0,0,0
166,6,2.30655,1.85175,0,0,0,0,0,8.35975E-16,0.000942993,1.16556,0.435944,0.2493,0,0,0,0,0,0,0,0
166,7,3.38241,2.56194,0,0,0,0,0,0,8.60146E-10,0.0619163,1.38132,1.1187,0,0,0,0,0,0,0,0
166,8,4.20122,3.37534,0,0,0,0,0,0,9.23643E-11,0.00418108,0.269522,3.10164,0,0,0,0,0,0,0,0
167,1,0.38629,0.359307,0,1,0.265233,0.0924957,0.00155253,2.55193E-05,1.16839E-07,7.7027E-08,1.73094E-08,1.38458E-08,0.0940181,0.0395114,0.000102996,2.14842E-07,1.17135E-10,4.952E-11,6.37051E-12,2.68232E-12
167,2,0.965142,0.956099,0,0,0,0.834068,0.120172,0.0018419,8.43306E-06,5.55957E-06,1.24934E-06,9.99349E-07,0,0.327625,0.0470793,0.000103367,5.63573E-08,2.38256E-08,3.06506E-09,1.29055E-09
167,3,1.48105,1.45888,0,0,0,0,1.27504,0.18234,0.000779003,0.000513565,0.000115408,9.23147E-05,0,0,0.519373,0.0704368,0.000040431,1.70926E-05,2.19889E-06,9.25845E-07
167,4,1.60687,1.5065,0,0,0,0,0,1.32801,0.102752,0.0546371,0.012257,0.00884227,0,0,0,0.506626,0.00935795,0.00395616,0.000508942,0.000214291
167,5,1.57985,1.48661,0,0,0,0,0,0.000201605,0.748864,0.56562,0.102441,0.0694816,0,0,0,0,0,0,0,0
167,6,2.30301,1.84972,0,0,0,0,0,8.41885E-16,0.000949661,1.16737,0.433182,0.248216,0,0,0,0,0,0,0,0
167,7,3.37836,2.55843,0,0,0,0,0,0,8.87021E-10,0.0643141,1.38807,1.10605,0,0,0,0,0,0,0,0
167,8,4.19962,3.3737,0,0,0,0,0,0,9.26771E-11,0.00419544,0.270954,3.09856,0,0,0,0,0,0,0,0
168,1,0.393676,0.365975,0,1,0.272051,0.0923558,0.00154314,0.000025365,1.16132E-07,7.65612E-08,1.72048E-08,1.37621E-08,0.0943801,0.0390898,0.000102237,2.13258E-07,1.16272E-10,4.91549E-11,6.32355E-12,2.66255E-12
168,2,0.980331,0.971296,0,0,0,0.849801,0.119648,0.00182969,8.37713E-06,5.5227E-06,1.24106E-06,9.92721E-07,0,0.328195,0.0466326,0.000102574,5.59248E-08,2.36427E-08,3.04153E-09,1.28064E-09
168,3,1.46868,1.45541,0,0,0,0,1.27258,0.181337,0.000773324,0.000509821,0.000114566,9.16418E-05,0,0,0.517452,0.0697913,4.01181E-05,1.69603E-05,2.18187E-06,9.18679E-07
168,4,1.52654,1.47914,0,0,0,0,0,1.30586,0.100073,0.0528125,0.0118476,0.00854643,0,0,0,0.49118,0.00902761,0.00381651,0.000490976,0.000206727
168,5,1.49712,1.46004,0,0,0,0,0,0.000199479,0.741229,0.55235,0.099066,0.0671925,0,0,0,0,0,0,0,0
168,6,1.58503,1.5149,0,0,0,0,0,6.61745E-16,0.000775797,0.977408,0.343857,0.192862,0,0,0,0,0,0,0,0
168,7,1.74683,1.63613,0,0,0,0,0,0,5.33452E-10,0.0416764,0.92642,0.668029,0,0,0,0,0,0,0,0
168,8,2.38493,2.17046,1,0,0,0,0,0,5.65879E-11,0.00256329,0.171948,1.99595,0,0,0,0,0,0,0,0
169,1,0.393543,0.365833,0,1,0.27205,0.0922163,0.00154116,2.53325E-05,1.15983E-07,7.64631E-08,1.71827E-08,1.37444E-08,0.0943904,0.0390272,0.000102059,2.12887E-07,1.16069E-10,4.90695E-11,6.31256E-12,2.65792E-12
169,2,0.979951,0.97091,0,0,0,0.849679,0.119388,0.00182582,8.35943E-06,5.51103E-06,1.23843E-06,9.90623E-07,0,0.328136,0.0465182,0.000102319,5.57861E-08,2.35841E-08,3.03399E-09,1.27747E-09
169,3,1.46869,1.45542,0,0,0,0,1.27244,0.181483,0.000773913,0.000510209,0.000114654,9.17115E-05,0,0,0.517387,0.0698603,4.01586E-05,1.69774E-05,2.18407E-06,9.19608E-07
169,4,1.52632,1.47902,0,0,0,0,0,1.30413,0.101,0.0533084,0.0119587,0.00862012,0,0,0,0.489398,0.00899669,0.00380343,0.000489294,0.000206019
169,5,1.49714,1.46007,0,0,0,0,0,0.000198907,0.740299,0.55319,0.0991398,0.0672425,0,0,0,0,0,0,0,0
169,6,1.58623,1.51564,0,0,0,0,0,6.39595E-16,0.000749816,0.971985,0.348365,0.194535,0,0,0,0,0,0,0,0
169,7,1.74736,1.63653,0,0,0,0,0,0,5.28686E-10,0.0412098,0.925091,0.670224,0,0,0,0,0,0,0,0
169,8,2.38233,2.16815,1,0,0,0,0,0,5.66103E-11,0.00256432,0.172069,1.99351,0,0,0,0,0,0,0,0
170,1,0.393493,0.36578,0,1,0.27204,0.0921741,0.00154054,2.53222E-05,1.15936E-07,7.6432E-08,1.71757E-08,1.37389E-08,0.0943898,0.0390081,0.000102006,2.12776E-07,1.16009E-10,4.90439E-11,6.30927E-12,2.65653E-12
170,2,0.979937,0.970896,0,0,0,0.849663,0.11939,0.00182583,8.35948E-06,5.51106E-06,1.23844E-06,9.90629E-07,0,0.328127,0.0465199,0.000102324,5.57885E-08,2.35851E-08,3.03412E-09,1.27752E-09
170,3,1.46873,1.45545,0,0,0,0,1.27213,0.181823,0.000775302,0.000511125,0.00011486,9.18762E-05,0,0,0.517245,0.0700172,4.02502E-05,1.70162E-05,2.18905E-06,9.21706E-07
170,4,1.52617,1.47892,0,0,0,0,0,1.30255,0.101901,0.0537338,0.0120541,0.00868494,0,0,0,0.488174,0.00900572,0.00380725,0.000489785,0.000206225
170,5,1.49714,1.46008,0,0,0,0,0,0.000198568,0.73995,0.553503,0.0991689,0.0672623,0,0,0,0,0,0,0,0
170,6,1.58677,1.51597,0,0,0,0,0,6.3038E-16,0.000739008,0.96936,0.350554,0.19532,0,0,0,0,0,0,0,0
170,7,1.74805,1.63704,0,0,0,0,0,0,5.22577E-10,0.040613,0.923342,0.673089,0,0,0,0,0,0,0,0
170,8,2.38271,2.16845,1,0,0,0,0,0,5.65539E-11,0.00256171,0.17178,1.9941,0,0,0,0,0,0,0,0
171,1,0.393538,0.36583,0,1,0.272026,0.0922371,0.00154139,2.53361E-05,0.000000116,7.64741E-08,1.71852E-08,1.37464E-08,0.0943785,0.0390361,0.000102087,2.12947E-07,1.16102E-10,4.90831E-11,6.31432E-12,2.65866E-12
171,2,0.980359,0.971325,0,0,0,0.849761,0.119716,0.00183062,8.38139E-06,5.52551E-06,1.24169E-06,9.93226E-07,0,0.328173,0.0466658,0.00010265,5.59665E-08,2.36604E-08,3.0438E-09,1.2816E-09
171,3,1.46882,1.45552,0,0,0,0,1.27145,0.182564,0.000778341,0.000513128,0.00011531,9.22363E-05,0,0,0.516939,0.0703568,4.04482E-05,1.70999E-05,2.19982E-06,9.2624E-07
171,4,1.52602,1.4788,0,0,0,0,0,1.30057,0.103026,0.0542599,0.012172,0.00876598,0,0,0,0.486744,0.00903643,0.00382024,0.000491456,0.000206929
171,5,1.49715,1.46009,0,0,0,0,0,0.00019814,0.739636,0.553782,0.0991966,0.0672811,0,0,0,0,0,0,0,0
171,6,1.58715,1.51622,0,0,0,0,0,6.24164E-16,0.000731719,0.967379,0.352209,0.195899,0,0,0,0,0,0,0,0
171,7,1.74883,1.63764,0,0,0,0,0,0,5.15625E-10,0.0399345,0.921327,0.676377,0,0,0,0,0,0,0,0
171,8,2.38361,2.1692,1,0,0,0,0,0,5.64716E-11,0.00255792,0.17136,1.99528,0,0,0,0,0,0,0,0
172,1,0.393716,0.366022,0,1,0.272004,0.0924476,0.0015443,0.000025384,1.16219E-07,7.66187E-08,1.72177E-08,1.37724E-08,0.0943528,0.0391302,0.000102357,2.1351E-07,1.16409E-10,4.9213E-11,6.33102E-12,2.66569E-12
172,2,0.981503,0.972487,0,0,0,0.850044,0.120582,0.00184336,8.43974E-06,5.56397E-06,1.25033E-06,1.00014E-06,0,0.328308,0.0470525,0.000103515,5.64377E-08,2.38596E-08,3.06943E-09,1.29239E-09
172,3,1.469,1.45565,0,0,0,0,1.27014,0.183999,0.000784228,0.00051701,0.000116182,0.000092934,0,0,0.516349,0.071013,4.08308E-05,1.72616E-05,2.22063E-06,9.34999E-07
172,4,1.52584,1.47863,0,0,0,0,0,1.29786,0.104562,0.0549901,0.0123357,0.00887918,0,0,0,0.484791,0.00909536,0.00384515,0.00049466,0.000208278
172,5,1.49715,1.46011,0,0,0,0,0,0.000197675,0.739285,0.554095,0.0992273,0.0673019,0,0,0,0,0,0,0,0
172,6,1.58753,1.51646,0,0,0,0,0,6.18373E-16,0.000724928,0.965347,0.35391,0.196482,0,0,0,0,0,0,0,0
172,7,1.7498,1.63837,0,0,0,0,0,0,5.0711E-10,0.039104,0.91884,0.680426,0,0,0,0,0,0,0,0
172,8,2.38527,2.17061,1,0,0,0,0,0,5.63517E-11,0.0025524,0.170749,1.99731,0,0,0,0,0,0,0,0
173,1,0.394153,0.36649,0,1,0.271977,0.0929367,0.00155114,2.54965E-05,1.16734E-07,7.69581E-08,1.7294E-08,1.38334E-08,0.0943035,0.039349,0.000102983,2.14814E-07,1.1712E-10,4.95136E-11,6.3697E-12,2.68198E-12
173,2,0.983961,0.974984,0,0,0,0.850678,0.122418,0.00187042,8.56359E-06,5.64563E-06,1.26868E-06,1.01482E-06,0,0.328608,0.047871,0.000105343,5.74344E-08,2.4281E-08,3.12364E-09,1.31521E-09
173,3,1.4693,1.45589,0,0,0,0,1.26788,0.186482,0.000794412,0.000523723,0.000117691,9.41408E-05,0,0,0.515327,0.0721493,4.14933E-05,1.75417E-05,2.25666E-06,9.50171E-07
173,4,1.52568,1.47843,0,0,0,0,0,1.29463,0.106362,0.0558799,0.0125352,0.00901859,0,0,0,0.482467,0.00920019,0.00388947,0.000500362,0.000210679
173,5,1.49716,1.46012,0,0,0,0,0,0.000197271,0.738791,0.554539,0.0992679,0.0673294,0,0,0,0,0,0,0,0
173,6,1.588,1.51677,0,0,0,0,0,6.11453E-16,0.000716812,0.962755,0.356081,0.197217,0,0,0,0,0,0,0,0
173,7,1.75099,1.63927,0,0,0,0,0,0,4.96712E-10,0.0380903,0.915794,0.685381,0,0,0,0,0,0,0,0
173,8,2.38931,2.17408,1,0,0,0,0,0,5.615E-11,0.00254312,0.169724,2.00182,0,0,0,0,0,0,0,0
174,1,0.395148,0.367554,0,1,0.271978,0.0939841,0.00156597,2.57402E-05,1.1785E-07,7.76936E-08,1.74592E-08,1.39656E-08,0.0942208,0.0398195,0.000104319,2.17602E-07,1.1864E-10,5.01562E-11,6.45236E-12,2.71678E-12
174,2,0.988069,0.979159,0,0,0,0.851795,0.125431,0.00191489,8.76722E-06,5.77987E-06,1.29885E-06,1.03895E-06,0,0.329138,0.0492111,0.000108333,5.90649E-08,2.49703E-08,3.21231E-09,1.35255E-09
174,3,1.46971,1.45621,0,0,0,0,1.26475,0.189901,0.000808425,0.000532962,0.000119767,9.58014E-05,0,0,0.513912,0.0737181,4.24083E-05,1.79285E-05,2.30642E-06,9.71124E-07
174,4,1.52573,1.47831,0,0,0,0,0,1.29232,0.107605,0.0565629,0.0126885,0.0091291,0,0,0,0.48088,0.00936016,0.00395709,0.000509062,0.000214342
174,5,1.49718,1.46016,0,0,0,0,0,0.000196882,0.737878,0.555366,0.0993391,0.0673777,0,0,0,0,0,0,0,0
174,6,1.58857,1.51714,0,0,0,0,0,6.03186E-16,0.000707117,0.959645,0.358686,0.198104,0,0,0,0,0,0,0,0
174,7,1.75213,1.64013,0,0,0,0,0,0,4.86701E-10,0.0371136,0.912883,0.690127,0,0,0,0,0,0,0,0
174,8,2.39854,2.18217,1,0,0,0,0,0,5.58563E-11,0.00252962,0.168215,2.01142,0,0,0,0,0,0,0,0
175,1,0.395541,0.367978,0,1,0.271923,0.0944563,0.00157249,2.58473E-05,1.18341E-07,7.80171E-08,1.75319E-08,1.40238E-08,0.0941629,0.0400297,0.000104924,2.18863E-07,1.19327E-10,5.04468E-11,6.48975E-12,2.73252E-12
175,2,0.990561,0.98169,0,0,0,0.852424,0.127305,0.0019425,8.89362E-06,5.8632E-06,1.31757E-06,1.05393E-06,0,0.329434,0.050048,0.000110203,6.00845E-08,2.54013E-08,3.26776E-09,1.3759E-09
175,3,1.46998,1.45642,0,0,0,0,1.26276,0.192085,0.000817377,0.000538863,0.000121093,9.68623E-05,0,0,0.513011,0.0747183,4.29915E-05,1.81751E-05,2.33814E-06,9.8448E-07
175,4,1.52564,1.47819,0,0,0,0,0,1.29025,0.108748,0.0571422,0.0128183,0.00922042,0,0,0,0.479388,0.00944124,0.00399137,0.000513471,0.000216198
175,5,1.49718,1.46017,0,0,0,0,0,0.000196724,0.73758,0.555636,0.0993626,0.0673937,0,0,0,0,0,0,0,0
175,6,1.58883,1.51731,0,0,0,0,0,5.99479E-16,0.000702769,0.958188,0.359907,0.198515,0,0,0,0,0,0,0,0
175,7,1.75267,1.64053,0,0,0,0,0,0,4.81964E-10,0.0366519,0.91149,0.69239,0,0,0,0,0,0,0,0
175,8,2.4009,2.18421,1,0,0,0,0,0,5.57578E-11,0.00252509,0.167714,2.01397,0,0,0,0,0,0,0,0
176,1,0.39557,0.368012,0,1,0.271883,0.0945289,0.00157339,2.58622E-05,1.18409E-07,7.80621E-08,1.75421E-08,1.40319E-08,0.0941403,0.0400615,0.000105019,2.19062E-07,1.19436E-10,5.04928E-11,6.49566E-12,2.73501E-12
176,2,0.990976,0.982111,0,0,0,0.852529,0.127618,0.00194709,8.91467E-06,5.87708E-06,1.32069E-06,1.05642E-06,0,0.329484,0.0501873,0.000110515,6.02542E-08,2.5473E-08,3.27699E-09,1.37978E-09
176,3,1.47002,1.45645,0,0,0,0,1.26248,0.19239,0.000818633,0.000539691,0.000121279,9.70111E-05,0,0,0.512886,0.0748578,4.30728E-05,1.82094E-05,2.34256E-06,9.8634E-07
176,4,1.52564,1.47818,0,0,0,0,0,1.29014,0.10881,0.0571764,0.012826,0.00922597,0,0,0,0.479306,0.00944933,0.00399479,0.000513912,0.000216384
176,5,1.49718,1.46017,0,0,0,0,0,0.000196729,0.737578,0.555638,0.0993627,0.0673937,0,0,0,0,0,0,0,0
176,6,1.58879,1.51728,0,0,0,0,0,6.00218E-16,0.000703637,0.95845,0.359689,0.198439,0,0,0,0,0,0,0,0
176,7,1.75262,1.64049,0,0,0,0,0,0,4.82446E-10,0.036699,0.911629,0.692163,0,0,0,0,0,0,0,0
176,8,2.401,2.1843,1,0,0,0,0,0,5.57573E-11,0.00252507,0.167712,2.01406,0,0,0,0,0,0,0,0
177,1,0.395211,0.36763,0,1,0.271868,0.0941678,0.00156824,2.57775E-05,1.18021E-07,7.78063E-08,1.74846E-08,1.39859E-08,0.0941594,0.0398999,0.000104562,2.18108E-07,1.18916E-10,5.02729E-11,6.46737E-12,2.7231E-12
177,2,0.989147,0.980253,0,0,0,0.852071,0.126237,0.00192677,8.82163E-06,5.81574E-06,1.30691E-06,1.0454E-06,0,0.329269,0.0495709,0.000109137,5.95031E-08,2.51555E-08,3.23614E-09,1.36258E-09
177,3,1.46981,1.45629,0,0,0,0,1.26403,0.19069,0.000811669,0.0005351,0.000120247,9.61858E-05,0,0,0.51359,0.0740778,4.26178E-05,1.80171E-05,2.31782E-06,9.75921E-07
177,4,1.52574,1.4783,0,0,0,0,0,1.29213,0.107705,0.0566234,0.012702,0.0091393,0,0,0,0.480756,0.00938328,0.00396687,0.000510319,0.000214871
177,5,1.49718,1.46016,0,0,0,0,0,0.000196892,0.737892,0.555354,0.099338,0.067377,0,0,0,0,0,0,0,0
177,6,1.58837,1.51701,0,0,0,0,0,6.06349E-16,0.000710826,0.960677,0.357824,0.197802,0,0,0,0,0,0,0,0
177,7,1.75195,1.63999,0,0,0,0,0,0,4.88316E-10,0.0372714,0.913344,0.689371,0,0,0,0,0,0,0,0
177,8,2.39894,2.18252,1,0,0,0,0,0,5.58523E-11,0.00252944,0.168195,2.0118,0,0,0,0,0,0,0,0
178,1,0.394175,0.36653,0,1,0.271813,0.0931373,0.00155349,2.55351E-05,1.16911E-07,7.70746E-08,1.73201E-08,1.38544E-08,0.0942175,0.039436,0.000103251,2.15375E-07,1.17425E-10,4.96427E-11,6.38631E-12,2.68897E-12
178,2,0.985331,0.976376,0,0,0,0.851036,0.123437,0.00188544,8.63236E-06,5.69096E-06,1.27887E-06,1.02297E-06,0,0.328779,0.0483248,0.000106356,5.79869E-08,2.45145E-08,3.15368E-09,1.32786E-09
178,3,1.46943,1.45599,0,0,0,0,1.26699,0.187458,0.000798433,0.000526374,0.000118286,9.46172E-05,0,0,0.514932,0.0725928,4.17514E-05,1.76508E-05,2.2707E-06,9.56082E-07
178,4,1.52574,1.47844,0,0,0,0,0,1.29473,0.106298,0.0558576,0.0125303,0.00901683,0,0,0,0.482643,0.0092365,0.00390482,0.000502337,0.00021151
178,5,1.49715,1.46012,0,0,0,0,0,0.000197286,0.738952,0.554393,0.0992561,0.0673214,0,0,0,0,0,0,0,0
178,6,1.58742,1.51641,0,0,0,0,0,6.21075E-16,0.000728096,0.965597,0.353711,0.19637,0,0,0,0,0,0,0,0
178,7,1.75059,1.63896,0,0,0,0,0,0,5.00339E-10,0.0384451,0.916816,0.683699,0,0,0,0,0,0,0,0
178,8,2.38983,2.17455,1,0,0,0,0,0,5.61487E-11,0.00254307,0.16972,2.00229,0,0,0,0,0,0,0,0
179,1,0.393777,0.366106,0,1,0.271799,0.0927335,0.00154773,2.54404E-05,1.16478E-07,7.67889E-08,1.72559E-08,1.3803E-08,0.0942422,0.0392547,0.000102738,2.14304E-07,1.16842E-10,4.9396E-11,6.35456E-12,2.6756E-12
179,2,0.98325,0.974262,0,0,0,0.850519,0.121863,0.00186227,8.52629E-06,5.62103E-06,1.26315E-06,1.0104E-06,0,0.328536,0.0476217,0.000104785,5.71302E-08,2.41523E-08,3.10709E-09,1.30825E-09
179,3,1.46914,1.45576,0,0,0,0,1.26921,0.185034,0.000788499,0.000519825,0.000116815,9.34401E-05,0,0,0.515934,0.0714808,4.11029E-05,1.73766E-05,2.23542E-06,9.4123E-07
179,4,1.52607,1.47871,0,0,0,0,0,1.29893,0.104011,0.0546693,0.0122639,0.00883424,0,0,0,0.486245,0.00917666,0.00387952,0.000499082,0.00021014
179,5,1.49713,1.46007,0,0,0,0,0,0.000197995,0.740239,0.553229,0.0991547,0.0672527,0,0,0,0,0,0,0,0
179,6,1.58585,1.51542,0,0,0,0,0,6.4848E-16,0.00076024,0.973179,0.347392,0.194091,0,0,0,0,0,0,0,0
179,7,1.7491,1.63784,0,0,0,0,0,0,5.13443E-10,0.0397244,0.920602,0.677514,0,0,0,0,0,0,0,0
179,8,2.38796,2.173,1,0,0,0,0,0,5.632E-11,0.00255095,0.170583,1.99987,0,0,0,0,0,0,0,0
180,1,0.386126,0.359155,0,1,0.264969,0.0926065,0.00155337,2.55331E-05,1.16902E-07,7.70687E-08,1.73188E-08,1.38533E-08,0.093895,0.0395595,0.000103163,2.1519E-07,1.17325E-10,4.96003E-11,6.38085E-12,2.68667E-12
180,2,0.966923,0.957904,0,0,0,0.834516,0.121509,0.00186163,8.52336E-06,5.6191E-06,1.26272E-06,1.01005E-06,0,0.327825,0.0476804,0.000104708,5.70884E-08,2.41347E-08,3.10482E-09,1.30729E-09
180,3,1.48153,1.45922,0,0,0,0,1.27289,0.184807,0.000789161,0.000520262,0.000116913,9.35185E-05,0,0,0.518382,0.0715694,4.10899E-05,1.73712E-05,2.23472E-06,9.40934E-07
180,4,1.6072,1.50648,0,0,0,0,0,1.32318,0.105668,0.0560155,0.012566,0.00905577,0,0,0,0.503163,0.00946365,0.00400085,0.00051469,0.000216712
180,5,1.58,1.48669,0,0,0,0,0,0.000200375,0.748115,0.566327,0.102517,0.0695332,0,0,0,0,0,0,0,0
180,6,2.3076,1.85229,0,0,0,0,0,8.31646E-16,0.000938106,1.16542,0.436385,0.249545,0,0,0,0,0,0,0,0
180,7,3.38091,2.56064,0,0,0,0,0,0,8.70068E-10,0.0628006,1.38384,1.11399,0,0,0,0,0,0,0,0
180,8,4.20039,3.37449,0,0,0,0,0,0,9.24918E-11,0.00418693,0.270105,3.1002,0,0,0,0,0,0,0,0
181,1,0.386212,0.359248,0,1,0.26495,0.0927171,0.00155491,2.55584E-05,1.17018E-07,7.7145E-08,1.7336E-08,1.3867E-08,0.0938778,0.0396102,0.000103308,2.15492E-07,1.1749E-10,4.96699E-11,6.38981E-12,2.69044E-12
181,2,0.967509,0.958498,0,0,0,0.834666,0.121946,0.00186808,8.55291E-06,5.63859E-06,1.2671E-06,1.01355E-06,0,0.327892,0.0478769,0.000105146,5.73273E-08,2.42357E-08,3.11781E-09,1.31276E-09
181,3,1.48167,1.45931,0,0,0,0,1.27225,0.185536,0.000792159,0.000522238,0.000117357,9.38737E-05,0,0,0.518089,0.0719041,4.12847E-05,1.74535E-05,2.24531E-06,9.45394E-07
181,4,1.60728,1.50647,0,0,0,0,0,1.32174,0.106532,0.0564251,0.0126578,0.00911923,0,0,0,0.502136,0.00949562,0.00401436,0.000516429,0.000217444
181,5,1.58003,1.48671,0,0,0,0,0,0.000200142,0.747948,0.566484,0.102534,0.0695444,0,0,0,0,0,0,0,0
181,6,2.30986,1.85357,0,0,0,0,0,8.27122E-16,0.000933001,1.16439,0.438027,0.250214,0,0,0,0,0,0,0,0
181,7,3.38228,2.56183,0,0,0,0,0,0,8.60933E-10,0.0619852,1.38156,1.11828,0,0,0,0,0,0,0,0
181,8,4.20088,3.375,0,0,0,0,0,0,9.23939E-11,0.00418243,0.269657,3.10116,0,0,0,0,0,0,0,0
182,1,0.394159,0.366518,0,1,0.271746,0.093192,0.00155406,2.55445E-05,1.16954E-07,7.71029E-08,1.73265E-08,1.38595E-08,0.0941833,0.0394596,0.000103327,2.15532E-07,1.17512E-10,4.96791E-11,6.39099E-12,2.69094E-12
182,2,0.985609,0.976658,0,0,0,0.851108,0.123644,0.00188849,8.64633E-06,5.70017E-06,1.28094E-06,1.02462E-06,0,0.328814,0.048417,0.000106562,5.80993E-08,2.4562E-08,3.15979E-09,1.33044E-09
182,3,1.46946,1.45601,0,0,0,0,1.26679,0.187684,0.000799367,0.00052699,0.000118425,0.000094728,0,0,0.514843,0.0726938,4.18101E-05,1.76756E-05,2.27389E-06,9.57425E-07
182,4,1.52578,1.47843,0,0,0,0,0,1.2945,0.106507,0.0558674,0.0125325,0.00902015,0,0,0,0.483035,0.00927727,0.00392205,0.000504554,0.000212444
182,5,1.49714,1.46009,0,0,0,0,0,0.000197402,0.739666,0.553743,0.0992031,0.0672855,0,0,0,0,0,0,0,0
182,6,1.58661,1.51591,0,0,0,0,0,6.36358E-16,0.000746023,0.969232,0.350691,0.19524,0,0,0,0,0,0,0,0
182,7,1.75055,1.63894,0,0,0,0,0,0,5.00652E-10,0.0384762,0.91689,0.68357,0,0,0,0,0,0,0,0
182,8,2.39011,2.17482,1,0,0,0,0,0,5.61591E-11,0.00254355,0.169764,2.00251,0,0,0,0,0,0,0,0
183,1,0.395543,0.367997,0,1,0.271729,0.0946677,0.00157489,2.58869E-05,1.18522E-07,7.81366E-08,1.75588E-08,1.40453E-08,0.0940636,0.0401207,0.000105208,2.19456E-07,1.19651E-10,5.05834E-11,6.50732E-12,2.73992E-12
183,2,0.992093,0.983246,0,0,0,0.852802,0.128466,0.00195957,8.97179E-06,5.91473E-06,1.32915E-06,1.06319E-06,0,0.329614,0.0505662,0.000111361,6.07159E-08,2.56682E-08,3.3021E-09,1.39036E-09
183,3,1.47013,1.45654,0,0,0,0,1.26165,0.1933,0.000822374,0.000542158,0.000121833,9.74544E-05,0,0,0.512516,0.0752721,4.33141E-05,1.83115E-05,2.35569E-06,9.91867E-07
183,4,1.52559,1.47812,0,0,0,0,0,1.2893,0.109289,0.0573939,0.0128748,0.00925995,0,0,0,0.47876,0.00947279,0.00400471,0.000515187,0.000216921
183,5,1.49718,1.46017,0,0,0,0,0,0.000196546,0.737599,0.555616,0.0993633,0.0673941,0,0,0,0,0,0,0,0
183,6,1.58855,1.51713,0,0,0,0,0,6.03906E-16,0.000707962,0.959668,0.35867,0.198083,0,0,0,0,0,0,0,0
183,7,1.75238,1.64031,0,0,0,0,0,0,4.84563E-10,0.0369055,0.912245,0.691159,0,0,0,0,0,0,0,0
183,8,2.39991,2.18335,1,0,0,0,0,0,5.57951E-11,0.00252681,0.167906,2.01292,0,0,0,0,0,0,0,0
184,1,0.544252,0.544242,0,0,0.361204,0.179913,0.00307319,5.05147E-05,2.31279E-07,1.52473E-07,3.42635E-08,2.74074E-08,0.168251,0.0810521,0.000208473,4.34859E-07,2.37092E-10,1.00233E-10,1.28945E-11,5.42926E-12
184,2,1.55185,1.55182,0,0,0,1.2956,0.252273,0.00390915,1.78978E-05,1.17993E-05,2.65153E-06,2.12096E-06,0,0.607907,0.103312,0.000224687,1.22503E-07,5.17892E-08,6.66245E-09,2.80524E-09
184,3,2.35749,2.35732,0,0,0,0,1.98954,0.364741,0.00157638,0.00103924,0.000233538,0.000186807,0,0,0.933342,0.147264,0.000083686,3.53791E-05,4.55135E-06,1.91636E-06
184,4,2.39703,2.39525,0,0,0,0,0,2.05845,0.191275,0.105005,0.0235554,0.0169583,0,0,0,0.863336,0.0177461,0.00750235,0.000965142,0.000406376
184,5,2.42916,2.42313,0,0,0,0,0,0.000301193,1.13148,0.984224,0.183005,0.124125,0,0,0,0,0,0,0,0
184,6,2.49444,2.48422,0,0,0,0,0,1.06201E-15,0.00108032,1.49059,0.632615,0.359941,0,0,0,0,0,0,0,0
184,7,2.66593,2.64879,0,0,0,0,0,0,8.35022E-10,0.0585975,1.40428,1.1859,0,0,0,0,0,0,0,0
184,8,3.44672,3.41267,0,0,0,0,0,0,9.17827E-11,0.00415401,0.265588,3.14293,0,0,0,0,0,0,0,0
185,1,0.549956,0.549945,0,0,0.360429,0.186291,0.00317135,5.21283E-05,2.38666E-07,1.57343E-07,3.5358E-08,2.82828E-08,0.167604,0.0843053,0.000217243,4.53153E-07,2.47066E-10,1.04449E-10,1.34369E-11,5.65765E-12
185,2,1.57142,1.5714,0,0,0,1.30017,0.267052,0.00413196,0.000018918,1.24718E-05,2.80266E-06,2.24185E-06,0,0.60996,0.110218,0.000239869,1.3078E-07,5.52886E-08,7.11263E-09,2.99479E-09
185,3,2.35865,2.35848,0,0,0,0,1.97607,0.379259,0.0016373,0.0010794,0.000242563,0.000194026,0,0,0.926899,0.154232,8.76862E-05,3.70702E-05,4.76891E-06,2.00796E-06
185,4,2.39729,2.39547,0,0,0,0,0,2.0449,0.199293,0.109168,0.0244889,0.0176108,0,0,0,0.852518,0.0182502,0.00771543,0.000992554,0.000417917
185,5,2.4292,2.42317,0,0,0,0,0,0.000299273,1.12914,0.986246,0.183214,0.124267,0,0,0,0,0,0,0,0
185,6,2.49594,2.48565,0,0,0,0,0,1.01597E-15,0.00103348,1.47112,0.648033,0.36546,0,0,0,0,0,0,0,0
185,7,2.66938,2.65212,0,0,0,0,0,0,7.84614E-10,0.0541811,1.39038,1.20755,0,0,0,0,0,0,0,0
185,8,3.45507,3.42085,0,0,0,0,0,0,9.1167E-11,0.00412579,0.262823,3.1539,0,0,0,0,0,0,0,0
186,1,0.544815,0.544805,0,0,0.361629,0.180047,0.00307627,5.05654E-05,2.31511E-07,1.52626E-07,3.42979E-08,2.74349E-08,0.168453,0.0811072,0.000208583,4.35089E-07,2.37217E-10,1.00286E-10,1.29013E-11,5.43212E-12
186,2,1.55204,1.55201,0,0,0,1.29553,0.252529,0.00391287,1.79148E-05,1.18105E-05,2.65405E-06,2.12298E-06,0,0.607866,0.10344,0.000224973,1.22659E-07,5.18551E-08,6.67093E-09,2.80881E-09
186,3,2.35767,2.3575,0,0,0,0,1.9873,0.367147,0.00158646,0.00104589,0.00023503,0.000188001,0,0,0.93226,0.148427,8.43542E-05,3.56616E-05,4.5877E-06,1.93166E-06
186,4,2.39714,2.39534,0,0,0,0,0,2.05259,0.194794,0.106766,0.0239503,0.0172309,0,0,0,0.858641,0.0178813,0.00755948,0.000972492,0.00040947
186,5,2.42918,2.42314,0,0,0,0,0,0.000300075,1.1306,0.984973,0.183088,0.124181,0,0,0,0,0,0,0,0
186,6,2.49535,2.48509,0,0,0,0,0,1.03553E-15,0.00105338,1.47874,0.642019,0.363275,0,0,0,0,0,0,0,0
186,7,2.66848,2.65126,0,0,0,0,0,0,7.97765E-10,0.055334,1.39398,1.20193,0,0,0,0,0,0,0,0
186,8,3.45119,3.41704,0,0,0,0,0,0,9.13864E-11,0.00413584,0.263802,3.14911,0,0,0,0,0,0,0,0
187,1,0.39548,0.367905,0,1,0.272012,0.0942968,0.00157049,2.58146E-05,1.18191E-07,7.79183E-08,1.75097E-08,1.4006E-08,0.0942134,0.0399597,0.000104713,2.18424E-07,1.19088E-10,5.03457E-11,6.47674E-12,2.72705E-12
187,2,0.989646,0.98076,0,0,0,0.852174,0.126636,0.0019326,8.84832E-06,5.83334E-06,1.31086E-06,1.04856E-06,0,0.329317,0.0497499,0.000109538,5.97219E-08,2.5248E-08,3.24804E-09,1.36759E-09
187,3,1.46993,1.45638,0,0,0,0,1.26311,0.191698,0.000815789,0.000537816,0.000120858,9.66741E-05,0,0,0.51317,0.0745417,4.28886E-05,1.81316E-05,2.33254E-06,9.82122E-07
187,4,1.52556,1.47813,0,0,0,0,0,1.28953,0.109175,0.0573222,0.0128587,0.0092476,0,0,0,0.478875,0.00943986,0.00399079,0.000513397,0.000216167
187,5,1.49718,1.46017,0,0,0,0,0,0.000196425,0.737522,0.555684,0.0993703,0.0673989,0,0,0,0,0,0,0,0
187,6,1.58917,1.51755,0,0,0,0,0,5.96021E-16,0.000698717,0.955824,0.361902,0.199128,0,0,0,0,0,0,0,0
187,7,1.75414,1.64165,0,0,0,0,0,0,4.69145E-10,0.0354037,0.907685,0.698556,0,0,0,0,0,0,0,0
187,8,2.40291,2.18592,1,0,0,0,0,0,5.56192E-11,0.00251871,0.167007,2.0164,0,0,0,0,0,0,0,0
188,1,0.394173,0.366509,0,1,0.272016,0.0929158,0.00155096,2.54935E-05,1.16721E-07,7.69493E-08,1.7292E-08,1.38318E-08,0.0943216,0.0393405,0.000102953,2.14753E-07,1.17087E-10,4.94995E-11,6.36788E-12,2.68121E-12
188,2,0.983424,0.974439,0,0,0,0.850545,0.122012,0.00186443,8.53621E-06,5.62757E-06,1.26462E-06,1.01157E-06,0,0.328546,0.0476893,0.000104937,5.72131E-08,2.41874E-08,3.1116E-09,1.31014E-09
188,3,1.46922,1.45582,0,0,0,0,1.26855,0.185746,0.000791402,0.000521739,0.000117245,0.000093784,0,0,0.515634,0.0718101,4.12953E-05,0.000017458,2.24589E-06,9.45637E-07
188,4,1.52579,1.47852,0,0,0,0,0,1.29616,0.105516,0.0554517,0.0124392,0.00895296,0,0,0,0.483725,0.00918306,0.00388222,0.00049943,0.000210286
188,5,1.49715,1.46011,0,0,0,0,0,0.000197445,0.739252,0.554121,0.0992325,0.0673054,0,0,0,0,0,0,0,0
188,6,1.58748,1.51645,0,0,0,0,0,6.21568E-16,0.000728676,0.964949,0.354264,0.196513,0,0,0,0,0,0,0,0
188,7,1.75153,1.63967,0,0,0,0,0,0,4.92121E-10,0.0376444,0.914394,0.687632,0,0,0,0,0,0,0,0
188,8,2.38954,2.17426,1,0,0,0,0,0,5.61031E-11,0.00254096,0.169482,2.00224,0,0,0,0,0,0,0,0
189,1,0.393831,0.366142,0,1,0.272031,0.092539,0.00154568,2.54067E-05,1.16323E-07,7.6687E-08,1.7233E-08,1.37847E-08,0.0943574,0.0391717,0.000102472,2.13749E-07,1.16539E-10,4.9268E-11,6.3381E-12,2.66867E-12
189,2,0.981327,0.972308,0,0,0,0.850039,0.120411,0.0018409,8.42845E-06,5.55653E-06,1.24866E-06,9.98803E-07,0,0.328308,0.0469737,0.000103337,5.63407E-08,2.38186E-08,3.06415E-09,1.29017E-09
189,3,1.46887,1.45555,0,0,0,0,1.27117,0.182878,0.000779644,0.000513988,0.000115503,9.23907E-05,0,0,0.516817,0.0704966,4.05293E-05,1.71342E-05,2.20423E-06,9.28097E-07
189,4,1.52626,1.4789,0,0,0,0,0,1.30202,0.102259,0.0538364,0.0120772,0.00870447,0,0,0,0.488421,0.00909487,0.00384494,0.000494634,0.000208267
189,5,1.49713,1.46006,0,0,0,0,0,0.000198625,0.740613,0.552898,0.0991204,0.0672294,0,0,0,0,0,0,0,0
189,6,1.58587,1.51544,0,0,0,0,0,6.48586E-16,0.000760366,0.973022,0.347525,0.19413,0,0,0,0,0,0,0,0
189,7,1.74917,1.6379,0,0,0,0,0,0,5.12803E-10,0.0396617,0.920424,0.677809,0,0,0,0,0,0,0,0
189,8,2.38749,2.17259,1,0,0,0,0,0,5.63388E-11,0.00255182,0.170675,1.99937,0,0,0,0,0,0,0,0
190,1,0.393666,0.365965,0,1,0.27204,0.0923562,0.00154312,2.53646E-05,1.1613E-07,7.65599E-08,1.72045E-08,1.37619E-08,0.0943756,0.0390898,0.000102238,2.13261E-07,1.16273E-10,4.91555E-11,6.32363E-12,2.66258E-12
190,2,0.980466,0.971433,0,0,0,0.849826,0.119759,0.0018313,8.38453E-06,5.52758E-06,1.24215E-06,9.93598E-07,0,0.328206,0.0466826,0.000102686,5.59859E-08,2.36686E-08,3.04486E-09,1.28204E-09
190,3,1.46873,1.45545,0,0,0,0,1.27218,0.181776,0.000775122,0.000511006,0.000114833,9.18548E-05,0,0,0.51727,0.0699931,4.02358E-05,1.70101E-05,2.18827E-06,9.21376E-07
190,4,1.52641,1.47904,0,0,0,0,0,1.30425,0.100991,0.0532408,0.0119436,0.0086121,0,0,0,0.489997,0.00904585,0.00382422,0.000491968,0.000207144
190,5,1.49712,1.46005,0,0,0,0,0,0.0001991,0.740911,0.552634,0.0990934,0.067211,0,0,0,0,0,0,0,0
190,6,1.58554,1.51522,0,0,0,0,0,6.53422E-16,0.000766037,0.974884,0.345964,0.193606,0,0,0,0,0,0,0,0
190,7,1.74786,1.6369,0,0,0,0,0,0,5.2435E-10,0.0407877,0.923797,0.672317,0,0,0,0,0,0,0,0
190,8,2.38554,2.17095,1,0,0,0,0,0,5.64938E-11,0.00255895,0.171467,1.99692,0,0,0,0,0,0,0,0
191,1,0.393518,0.365807,0,1,0.27204,0.0922009,0.00154092,2.53284E-05,1.15965E-07,7.64508E-08,1.718E-08,1.37422E-08,0.0943881,0.0390199,0.00010204,2.12847E-07,1.16047E-10,4.90602E-11,6.31136E-12,2.65741E-12
191,2,0.979989,0.970949,0,0,0,0.849685,0.11942,0.00182628,8.36154E-06,5.51242E-06,1.23875E-06,9.90873E-07,0,0.328138,0.0465325,0.000102352,5.58036E-08,2.35915E-08,3.03494E-09,1.27787E-09
191,3,1.46871,1.45543,0,0,0,0,1.27232,0.181613,0.000774445,0.00051056,0.000114733,9.17746E-05,0,0,0.517333,0.06992,4.01935E-05,1.69922E-05,2.18597E-06,9.20406E-07
191,4,1.52629,1.479,0,0,0,0,0,1.3037,0.101251,0.0534194,0.0119836,0.00863733,0,0,0,0.489126,0.00900552,0.00380717,0.000489774,0.000206221
191,5,1.49714,1.46007,0,0,0,0,0,0.000198809,0.740261,0.553222,0.0991436,0.0672451,0,0,0,0,0,0,0,0
191,6,1.5863,1.51568,0,0,0,0,0,6.38689E-16,0.000748754,0.971592,0.348695,0.194644,0,0,0,0,0,0,0,0
191,7,1.74765,1.63675,0,0,0,0,0,0,5.26086E-10,0.0409561,0.924338,0.671453,0,0,0,0,0,0,0,0
191,8,2.38286,2.1686,1,0,0,0,0,0,5.65761E-11,0.00256274,0.171894,1.99414,0,0,0,0,0,0,0,0
192,1,0.393493,0.36578,0,1,0.27204,0.0921741,0.00154054,2.53222E-05,1.15936E-07,7.6432E-08,1.71757E-08,1.37389E-08,0.0943898,0.0390081,0.000102006,2.12776E-07,1.16009E-10,4.90439E-11,6.30927E-12,2.65653E-12
192,2,0.979937,0.970896,0,0,0,0.849663,0.11939,0.00182583,8.35948E-06,5.51106E-06,1.23844E-06,9.90629E-07,0,0.328127,0.0465199,0.000102324,5.57885E-08,2.35851E-08,3.03412E-09,1.27752E-09
192,3,1.46873,1.45545,0,0,0,0,1.27213,0.181823,0.000775302,0.000511125,0.00011486,9.18762E-05,0,0,0.517245,0.0700172,4.02502E-05,1.70162E-05,2.18905E-06,9.21706E-07
192,4,1.52617,1.47892,0,0,0,0,0,1.30255,0.101901,0.0537338,0.0120541,0.00868494,0,0,0,0.488174,0.00900572,0.00380725,0.000489785,0.000206225
192,5,1.49714,1.46008,0,0,0,0,0,0.000198568,0.73995,0.553503,0.0991689,0.0672623,0,0,0,0,0,0,0,0
192,6,1.58677,1.51597,0,0,0,0,0,6.3038E-16,0.000739008,0.96936,0.350554,0.19532,0,0,0,0,0,0,0,0
192,7,1.74805,1.63704,0,0,0,0,0,0,5.22577E-10,0.040613,0.923342,0.673089,0,0,0,0,0,0,0,0
192,8,2.38271,2.16845,1,0,0,0,0,0,5.65539E-11,0.00256171,0.17178,1.9941,0,0,0,0,0,0,0,0
193,1,0.393544,0.365836,0,1,0.272034,0.0922348,0.00154138,0.000025336,0.000000116,7.64738E-08,1.71851E-08,1.37464E-08,0.0943819,0.0390354,0.000102084,2.1294E-07,1.16098E-10,4.90816E-11,6.31411E-12,2.65857E-12
193,2,0.98026,0.971224,0,0,0,0.849738,0.11964,0.0018295,8.37625E-06,5.52212E-06,1.24093E-06,9.92616E-07,0,0.328162,0.0466316,0.000102574,5.59247E-08,2.36427E-08,3.04153E-09,1.28064E-09
193,3,1.4688,1.4555,0,0,0,0,1.27159,0.182414,0.000777723,0.000512721,0.000115218,9.21631E-05,0,0,0.517001,0.0702878,0.000040408,1.70829E-05,2.19764E-06,9.25319E-07
193,4,1.52605,1.47882,0,0,0,0,0,1.30089,0.102843,0.0541732,0.0121526,0.00875255,0,0,0,0.486977,0.00902974,0.00381741,0.000491091,0.000206775
193,5,1.49715,1.46009,0,0,0,0,0,0.000198197,0.739677,0.553745,0.0991929,0.0672786,0,0,0,0,0,0,0,0
193,6,1.5871,1.51619,0,0,0,0,0,6.2495E-16,0.00073264,0.967665,0.35197,0.195818,0,0,0,0,0,0,0,0
193,7,1.74868,1.63752,0,0,0,0,0,0,5.16987E-10,0.0400673,0.921725,0.675729,0,0,0,0,0,0,0,0
193,8,2.38337,2.16899,1,0,0,0,0,0,5.64907E-11,0.00255881,0.171458,1.99498,0,0,0,0,0,0,0,0
194,1,0.393697,0.366001,0,1,0.272022,0.0924093,0.00154381,0.000025376,1.16183E-07,7.65944E-08,1.72122E-08,1.37681E-08,0.0943622,0.0391137,0.000102308,2.13407E-07,1.16353E-10,4.91893E-11,6.32797E-12,2.66441E-12
194,2,0.98112,0.972097,0,0,0,0.849948,0.120293,0.0018391,8.42021E-06,5.5511E-06,1.24744E-06,9.97826E-07,0,0.328262,0.0469231,0.000103226,5.62801E-08,2.3793E-08,3.06086E-09,1.28878E-09
194,3,1.46895,1.45561,0,0,0,0,1.27052,0.183583,0.000782523,0.000515886,0.000115929,9.27319E-05,0,0,0.51652,0.0708229,4.07199E-05,1.72147E-05,2.2146E-06,9.32461E-07
194,4,1.52587,1.47866,0,0,0,0,0,1.29844,0.104239,0.0548297,0.0122998,0.00885409,0,0,0,0.485215,0.00907729,0.00383751,0.000493678,0.000207864
194,5,1.49715,1.4601,0,0,0,0,0,0.000197705,0.739343,0.554042,0.0992227,0.0672988,0,0,0,0,0,0,0,0
194,6,1.58744,1.5164,0,0,0,0,0,6.19657E-16,0.000726433,0.965859,0.353481,0.196338,0,0,0,0,0,0,0,0
194,7,1.74952,1.63816,0,0,0,0,0,0,5.0959E-10,0.0393458,0.919569,0.679241,0,0,0,0,0,0,0,0
194,8,2.3845,2.16995,1,0,0,0,0,0,5.63981E-11,0.00255454,0.170985,1.99641,0,0,0,0,0,0,0,0
195,1,0.394097,0.366429,0,1,0.272006,0.0928468,0.00154996,0.000025477,1.16645E-07,7.68993E-08,1.72807E-08,1.38229E-08,0.0943208,0.03931,0.000102868,2.14574E-07,1.16989E-10,4.94583E-11,6.36258E-12,2.67898E-12
195,2,0.983163,0.974173,0,0,0,0.850468,0.121826,0.00186168,8.5236E-06,5.61926E-06,1.26275E-06,1.01008E-06,0,0.328509,0.047607,0.000104754,5.71132E-08,2.41451E-08,3.10616E-09,1.30786E-09
195,3,1.46922,1.45583,0,0,0,0,1.26847,0.185832,0.000791748,0.000521967,0.000117296,0.000093825,0,0,0.515595,0.0718513,4.13195E-05,1.74682E-05,2.2472E-06,9.4619E-07
195,4,1.52566,1.47845,0,0,0,0,0,1.29495,0.106201,0.0557774,0.0125122,0.00900164,0,0,0,0.482702,0.00916823,0.00387596,0.000498624,0.000209947
195,5,1.49715,1.46012,0,0,0,0,0,0.000197216,0.738909,0.55443,0.0992598,0.067324,0,0,0,0,0,0,0,0
195,6,1.58789,1.51669,0,0,0,0,0,6.13024E-16,0.000718654,0.963412,0.35553,0.197033,0,0,0,0,0,0,0,0
195,7,1.75068,1.63903,0,0,0,0,0,0,4.99409E-10,0.0383531,0.916587,0.684092,0,0,0,0,0,0,0,0
195,8,2.38709,2.17216,1,0,0,0,0,0,5.62382E-11,0.00254718,0.170171,1.99944,0,0,0,0,0,0,0,0
196,1,0.395226,0.367635,0,1,0.271998,0.0940438,0.00156687,2.57551E-05,1.17918E-07,7.77386E-08,1.74694E-08,1.39737E-08,0.0942243,0.0398469,0.000104394,2.17759E-07,1.18725E-10,5.01923E-11,6.457E-12,2.71874E-12
196,2,0.988183,0.979274,0,0,0,0.851819,0.125522,0.00191622,8.77333E-06,5.78389E-06,1.29975E-06,1.03967E-06,0,0.329149,0.0492521,0.000108425,5.9115E-08,2.49914E-08,3.21503E-09,1.3537E-09
196,3,1.46974,1.45623,0,0,0,0,1.26456,0.190111,0.000809284,0.000533528,0.000119894,9.59032E-05,0,0,0.513826,0.0738139,4.24641E-05,1.79521E-05,2.30946E-06,9.72402E-07
196,4,1.52567,1.47827,0,0,0,0,0,1.29175,0.107936,0.0567132,0.0127221,0.0091521,0,0,0,0.480467,0.00936584,0.0039595,0.000509371,0.000214472
196,5,1.49718,1.46016,0,0,0,0,0,0.000196742,0.73782,0.555417,0.0993449,0.0673816,0,0,0,0,0,0,0,0
196,6,1.58863,1.51718,0,0,0,0,0,6.02353E-16,0.00070614,0.959364,0.358921,0.198184,0,0,0,0,0,0,0,0
196,7,1.75222,1.64019,0,0,0,0,0,0,4.8591E-10,0.0370365,0.912653,0.690502,0,0,0,0,0,0,0,0
196,8,2.39814,2.18181,1,0,0,0,0,0,5.58616E-11,0.00252986,0.168243,2.01104,0,0,0,0,0,0,0,0
197,1,0.542017,0.542006,0,0,0.362041,0.176888,0.00302767,4.97665E-05,2.27853E-07,1.50214E-07,3.3756E-08,2.70014E-08,0.16879,0.0794917,0.000204228,4.26005E-07,2.32264E-10,9.8192E-11,1.26319E-11,5.31871E-12
197,2,1.54096,1.54094,0,0,0,1.29284,0.24428,0.00378838,1.73449E-05,1.14348E-05,2.56962E-06,2.05544E-06,0,0.606645,0.0995944,0.000216521,1.18051E-07,4.9907E-08,6.42031E-09,2.70328E-09
197,3,2.35694,2.35677,0,0,0,0,1.99566,0.358126,0.00154859,0.00102092,0.00022942,0.000183513,0,0,0.936255,0.144103,8.18717E-05,3.46121E-05,4.45268E-06,1.87481E-06
197,4,2.39697,2.3952,0,0,0,0,0,2.06127,0.189669,0.10409,0.0233503,0.0168105,0,0,0,0.865553,0.0175359,0.00741348,0.00095371,0.000401562
197,5,2.42915,2.42312,0,0,0,0,0,0.000301413,1.13229,0.983514,0.182938,0.124079,0,0,0,0,0,0,0,0
197,6,2.49434,2.48413,0,0,0,0,0,1.0661E-15,0.00108448,1.49178,0.631682,0.359581,0,0,0,0,0,0,0,0
197,7,2.66587,2.64873,0,0,0,0,0,0,8.35982E-10,0.0586824,1.40452,1.18553,0,0,0,0,0,0,0,0
197,8,3.44408,3.41007,0,0,0,0,0,0,9.1891E-11,0.00415896,0.266067,3.13984,0,0,0,0,0,0,0,0
198,1,0.544401,0.544391,0,0,0.361498,0.17977,0.0030716,5.04887E-05,2.3116E-07,1.52394E-07,3.42459E-08,2.73933E-08,0.168402,0.0809694,0.000208227,4.34347E-07,2.36812E-10,1.00115E-10,1.28793E-11,5.42285E-12
198,2,1.55114,1.55112,0,0,0,1.2954,0.251777,0.00390164,1.78634E-05,1.17766E-05,2.64643E-06,2.11688E-06,0,0.607813,0.103084,0.000224185,1.22229E-07,5.16736E-08,6.64757E-09,2.79897E-09
198,3,2.35748,2.35731,0,0,0,0,1.98956,0.364716,0.00157626,0.00103917,0.00023352,0.000186793,0,0,0.933345,0.147257,8.36821E-05,3.53774E-05,4.55114E-06,1.91627E-06
198,4,2.39704,2.39526,0,0,0,0,0,2.05785,0.191628,0.105192,0.0235973,0.0169876,0,0,0,0.862844,0.0177698,0.00751236,0.000966431,0.000406918
198,5,2.42916,2.42313,0,0,0,0,0,0.000301181,1.13137,0.984315,0.183013,0.124131,0,0,0,0,0,0,0,0
198,6,2.49463,2.4844,0,0,0,0,0,1.05657E-15,0.00107478,1.4882,0.634508,0.360617,0,0,0,0,0,0,0,0
198,7,2.66648,2.64932,0,0,0,0,0,0,8.26892E-10,0.0578852,1.40204,1.1894,0,0,0,0,0,0,0,0
198,8,3.44805,3.41397,0,0,0,0,0,0,9.16778E-11,0.0041492,0.265117,3.14471,0,0,0,0,0,0,0,0
199,1,0.544425,0.544415,0,0,0.361414,0.179877,0.00307308,0.000050513,2.31271E-07,1.52468E-07,3.42624E-08,2.74065E-08,0.168356,0.081026,0.000208386,4.34678E-07,2.36993E-10,1.00191E-10,1.28891E-11,5.42699E-12
199,2,1.55166,1.55163,0,0,0,1.29553,0.252158,0.00390739,1.78898E-05,0.000011794,2.65034E-06,0.00000212,0,0.607872,0.103261,0.000224575,1.22442E-07,5.17633E-08,6.65912E-09,2.80384E-09
199,3,2.3575,2.35733,0,0,0,0,1.98937,0.364926,0.00157715,0.00103975,0.000233652,0.000186898,0,0,0.933254,0.147357,8.37392E-05,3.54016E-05,4.55425E-06,1.91758E-06
199,4,2.39704,2.39526,0,0,0,0,0,2.058,0.191537,0.105151,0.0235882,0.0169815,0,0,0,0.862957,0.0177713,0.00751298,0.00096651,0.000406952
199,5,2.42916,2.42313,0,0,0,0,0,0.000301266,1.13143,0.984269,0.183008,0.124127,0,0,0,0,0,0,0,0
199,6,2.49459,2.48436,0,0,0,0,0,1.05785E-15,0.00107608,1.48868,0.634128,0.360479,0,0,0,0,0,0,0,0
199,7,2.6664,2.64924,0,0,0,0,0,0,8.28147E-10,0.0579952,1.40238,1.18886,0,0,0,0,0,0,0,0
199,8,3.44799,3.41391,0,0,0,0,0,0,9.16867E-11,0.00414961,0.265157,3.14461,0,0,0,0,0,0,0,0
200,1,0.541998,0.541988,0,0,0.361828,0.177079,0.00303018,4.98077E-05,2.28042E-07,1.50339E-07,3.3784E-08,2.70238E-08,0.168678,0.0795953,0.000204524,4.26622E-07,2.32601E-10,9.83342E-11,1.26502E-11,5.32641E-12
200,2,1.5422,1.54217,0,0,0,1.29315,0.245184,0.00380205,1.74075E-05,0.000011476,2.57889E-06,2.06285E-06,0,0.606788,0.100015,0.000217445,1.18554E-07,5.01199E-08,6.4477E-09,2.71482E-09
200,3,2.35699,2.35682,0,0,0,0,1.99517,0.358668,0.00155087,0.00102243,0.000229759,0.000183784,0,0,0.936021,0.144359,8.20186E-05,3.46742E-05,4.46067E-06,1.87818E-06
200,4,2.39696,2.39519,0,0,0,0,0,2.06176,0.189366,0.103954,0.0233197,0.0167901,0,0,0,0.865932,0.0175419,0.00741599,0.000954033,0.000401698
200,5,2.42915,2.42312,0,0,0,0,0,0.000301646,1.13243,0.983395,0.182924,0.12407,0,0,0,0,0,0,0,0
200,6,2.49423,2.48402,0,0,0,0,0,1.0701E-15,0.00108854,1.49322,0.630549,0.359164,0,0,0,0,0,0,0,0
200,7,2.66561,2.64848,0,0,0,0,0,0,8.39704E-10,0.0590089,1.40553,1.18394,0,0,0,0,0,0,0,0
200,8,3.44412,3.41011,0,0,0,0,0,0,9.19089E-11,0.00415979,0.26615,3.1398,0,0,0,0,0,0,0,0
201,1,0.395075,0.367488,0,1,0.27184,0.0940557,0.00156657,0.00002575,1.17895E-07,7.77234E-08,1.74659E-08,1.3971E-08,0.0941562,0.039849,0.000104421,2.17815E-07,1.18756E-10,5.02052E-11,6.45866E-12,2.71943E-12
201,2,0.988861,0.979963,0,0,0,0.851998,0.126024,0.00192364,8.80726E-06,5.80626E-06,1.30478E-06,1.04369E-06,0,0.329235,0.0494758,0.000108925,5.93873E-08,2.51066E-08,3.22984E-09,1.35993E-09
201,3,1.46978,1.45626,0,0,0,0,1.26426,0.190438,0.000810635,0.000534419,0.000120094,9.60633E-05,0,0,0.513695,0.0739618,4.25501E-05,1.79885E-05,2.31413E-06,9.74371E-07
201,4,1.52575,1.47831,0,0,0,0,0,1.2924,0.107555,0.0565475,0.012685,0.00912728,0,0,0,0.480947,0.00937167,0.00396196,0.000509688,0.000214606
201,5,1.49718,1.46015,0,0,0,0,0,0.000196946,0.737965,0.555288,0.0993321,0.0673729,0,0,0,0,0,0,0,0
201,6,1.5883,1.51696,0,0,0,0,0,6.07435E-16,0.000712099,0.961103,0.357467,0.197682,0,0,0,0,0,0,0,0
201,7,1.75178,1.63986,0,0,0,0,0,0,4.89766E-10,0.0374129,0.913768,0.688681,0,0,0,0,0,0,0,0
201,8,2.39852,2.18215,1,0,0,0,0,0,5.58727E-11,0.00253038,0.168299,2.01133,0,0,0,0,0,0,0,0
202,1,0.393922,0.366259,0,1,0.271813,0.0928711,0.00154972,2.54731E-05,1.16627E-07,7.68875E-08,1.72781E-08,1.38207E-08,0.0942363,0.0393171,0.000102913,2.14669E-07,1.17041E-10,4.94802E-11,6.3654E-12,2.68017E-12
202,2,0.984027,0.975051,0,0,0,0.850698,0.122465,0.00187111,8.56677E-06,5.64772E-06,1.26915E-06,1.01519E-06,0,0.328619,0.0478915,0.000105388,5.74594E-08,2.42915E-08,3.12499E-09,1.31578E-09
202,3,1.46929,1.45588,0,0,0,0,1.26802,0.186336,0.000793829,0.000523339,0.000117604,9.40717E-05,0,0,0.515394,0.0720788,4.14517E-05,1.75241E-05,2.2544E-06,9.49219E-07
202,4,1.52576,1.47849,0,0,0,0,0,1.29573,0.105756,0.0555682,0.0124654,0.00897092,0,0,0,0.483401,0.00918977,0.00388506,0.000499795,0.00021044
202,5,1.49715,1.46011,0,0,0,0,0,0.000197369,0.739198,0.55417,0.0992373,0.0673086,0,0,0,0,0,0,0,0
202,6,1.58719,1.51625,0,0,0,0,0,6.24529E-16,0.000732147,0.966871,0.352644,0.196007,0,0,0,0,0,0,0,0
202,7,1.75,1.63852,0,0,0,0,0,0,5.05512E-10,0.0389494,0.918334,0.68123,0,0,0,0,0,0,0,0
202,8,2.38721,2.17229,1,0,0,0,0,0,5.62706E-11,0.00254868,0.170337,1.9994,0,0,0,0,0,0,0,0
203,1,0.393642,0.365961,0,1,0.271799,0.0925906,0.00154571,2.54072E-05,1.16325E-07,7.66886E-08,1.72334E-08,1.3785E-08,0.0942525,0.0391909,0.000102557,2.13925E-07,1.16635E-10,4.93087E-11,6.34334E-12,2.67088E-12
203,2,0.982626,0.973628,0,0,0,0.850353,0.121402,0.00185547,8.49518E-06,5.60053E-06,1.25855E-06,1.00671E-06,0,0.328456,0.0474167,0.000104327,5.68808E-08,2.40469E-08,3.09353E-09,1.30254E-09
203,3,1.46909,1.45572,0,0,0,0,1.26955,0.184655,0.00078694,0.000518797,0.000116584,9.32553E-05,0,0,0.516088,0.0713087,4.10026E-05,1.73342E-05,2.22997E-06,9.38935E-07
203,4,1.52602,1.4787,0,0,0,0,0,1.29874,0.104123,0.0547154,0.0122742,0.00884023,0,0,0,0.486038,0.00915426,0.00387005,0.000497864,0.000209627
203,5,1.49713,1.46008,0,0,0,0,0,0.000197853,0.740079,0.553373,0.099168,0.0672616,0,0,0,0,0,0,0,0
203,6,1.5861,1.51558,0,0,0,0,0,6.4359E-16,0.000754504,0.972084,0.3483,0.194438,0,0,0,0,0,0,0,0
203,7,1.74892,1.63771,0,0,0,0,0,0,5.14946E-10,0.03987,0.921073,0.676763,0,0,0,0,0,0,0,0
203,8,2.38669,2.1719,1,0,0,0,0,0,5.63813E-11,0.00255377,0.170893,1.99846,0,0,0,0,0,0,0,0
204,1,0.393663,0.365985,0,1,0.271781,0.0926326,0.00154625,0.000025416,1.16366E-07,7.67153E-08,1.72394E-08,1.37898E-08,0.0942414,0.0392094,0.000102611,2.1404E-07,1.16698E-10,4.93351E-11,6.34673E-12,2.67231E-12
204,2,0.982949,0.973956,0,0,0,0.850429,0.12165,0.00185912,8.51186E-06,5.61152E-06,1.26102E-06,1.00869E-06,0,0.328493,0.0475276,0.000104575,5.70161E-08,2.41041E-08,3.10088E-09,1.30563E-09
204,3,1.46914,1.45577,0,0,0,0,1.26914,0.185104,0.000788783,0.000520012,0.000116857,9.34737E-05,0,0,0.515903,0.0715141,4.11224E-05,1.73849E-05,2.23649E-06,9.41677E-07
204,4,1.52596,1.47864,0,0,0,0,0,1.29787,0.104622,0.054949,0.0123266,0.0088764,0,0,0,0.485418,0.00917219,0.00387763,0.000498839,0.000210037
204,5,1.49713,1.46008,0,0,0,0,0,0.000197684,0.739973,0.553467,0.0991776,0.0672682,0,0,0,0,0,0,0,0
204,6,1.58619,1.51563,0,0,0,0,0,6.42146E-16,0.000752811,0.97161,0.348696,0.194575,0,0,0,0,0,0,0,0
204,7,1.74915,1.63788,0,0,0,0,0,0,5.12955E-10,0.0396757,0.920494,0.677707,0,0,0,0,0,0,0,0
204,8,2.38709,2.17224,1,0,0,0,0,0,5.63548E-11,0.00255255,0.170758,1.99893,0,0,0,0,0,0,0,0
205,1,0.394034,0.366384,0,1,0.271755,0.0930512,0.0015521,2.55121E-05,1.16806E-07,7.70054E-08,1.73046E-08,1.38419E-08,0.0941986,0.0393965,0.000103146,2.15156E-07,1.17306E-10,4.95924E-11,6.37983E-12,2.68624E-12
205,2,0.985278,0.976322,0,0,0,0.850998,0.123422,0.00188517,8.63115E-06,5.69017E-06,1.27869E-06,1.02282E-06,0,0.328761,0.0483192,0.000106345,5.79809E-08,2.4512E-08,3.15335E-09,1.32773E-09
205,3,1.46948,1.45603,0,0,0,0,1.26662,0.187861,0.000800088,0.000527465,0.000118532,9.48134E-05,0,0,0.514766,0.0727769,4.18587E-05,1.76962E-05,2.27653E-06,9.58539E-07
205,4,1.52559,1.47833,0,0,0,0,0,1.29317,0.107211,0.056258,0.01262,0.00907788,0,0,0,0.481559,0.00924558,0.00390866,0.000502831,0.000211718
205,5,1.49715,1.46012,0,0,0,0,0,0.000196958,0.738901,0.554434,0.0992635,0.0673264,0,0,0,0,0,0,0,0
205,6,1.58747,1.51643,0,0,0,0,0,6.20135E-16,0.000726994,0.965404,0.353871,0.196431,0,0,0,0,0,0,0,0
205,7,1.75055,1.63893,0,0,0,0,0,0,5.00651E-10,0.0384752,0.916921,0.683535,0,0,0,0,0,0,0,0
205,8,2.38798,2.17294,1,0,0,0,0,0,5.62124E-11,0.002546,0.170041,2.00035,0,0,0,0,0,0,0,0
206,1,0.395499,0.367949,0,1,0.27174,0.0946088,0.0015741,2.58738E-05,1.18462E-07,7.80969E-08,1.75499E-08,1.40381E-08,0.0940733,0.0400944,0.000105132,2.19297E-07,1.19564E-10,5.05468E-11,6.50261E-12,2.73794E-12
206,2,0.991939,0.983089,0,0,0,0.852758,0.128356,0.00195794,8.96433E-06,5.90981E-06,1.32805E-06,1.06231E-06,0,0.329592,0.0505174,0.000111253,6.06566E-08,2.56432E-08,3.29888E-09,1.389E-09
206,3,1.47013,1.45653,0,0,0,0,1.26166,0.193286,0.000822313,0.000542117,0.000121824,9.74471E-05,0,0,0.512521,0.0752661,4.33107E-05,0.00001831,2.3555E-06,9.91788E-07
206,4,1.52556,1.47811,0,0,0,0,0,1.28907,0.109418,0.0574573,0.012889,0.00926936,0,0,0,0.478552,0.00946827,0.0040028,0.000514941,0.000216817
206,5,1.49718,1.46017,0,0,0,0,0,0.000196535,0.73754,0.555669,0.0993677,0.0673971,0,0,0,0,0,0,0,0
206,6,1.58866,1.5172,0,0,0,0,0,6.01806E-16,0.000705499,0.959177,0.359078,0.198238,0,0,0,0,0,0,0,0
206,7,1.75232,1.64027,0,0,0,0,0,0,4.8504E-10,0.0369518,0.912394,0.690921,0,0,0,0,0,0,0,0
206,8,2.39957,2.18305,1,0,0,0,0,0,5.58095E-11,0.00252747,0.167979,2.01255,0,0,0,0,0,0,0,0
207,1,0.544237,0.544226,0,0,0.361235,0.179868,0.00307255,5.05042E-05,2.31231E-07,1.52441E-07,3.42564E-08,2.74017E-08,0.168267,0.0810283,0.000208407,4.34721E-07,2.37017E-10,1.00201E-10,1.28904E-11,5.42753E-12
207,2,1.55169,1.55167,0,0,0,1.29556,0.252159,0.00390742,1.78899E-05,1.17941E-05,2.65036E-06,2.12002E-06,0,0.607889,0.103259,0.00022457,1.22439E-07,5.17622E-08,6.65897E-09,2.80377E-09
207,3,2.35748,2.35731,0,0,0,0,1.98962,0.364652,0.00157601,0.001039,0.000233483,0.000186763,0,0,0.93338,0.147223,8.36619E-05,3.53689E-05,4.55005E-06,1.91581E-06
207,4,2.39703,2.39525,0,0,0,0,0,2.05849,0.191251,0.104992,0.0235526,0.0169563,0,0,0,0.863366,0.0177432,0.0075011,0.000964982,0.000406308
207,5,2.42916,2.42313,0,0,0,0,0,0.000301217,1.13149,0.984213,0.183004,0.124124,0,0,0,0,0,0,0,0
207,6,2.49444,2.48422,0,0,0,0,0,1.06199E-15,0.0010803,1.49068,0.632539,0.359919,0,0,0,0,0,0,0,0
207,7,2.66586,2.64872,0,0,0,0,0,0,8.36007E-10,0.0586836,1.40456,1.18548,0,0,0,0,0,0,0,0
207,8,3.44655,3.4125,0,0,0,0,0,0,9.17964E-11,0.00415464,0.26565,3.1427,0,0,0,0,0,0,0,0
208,1,0.549897,0.549887,0,0,0.360429,0.186234,0.00317045,5.21134E-05,2.38598E-07,1.57298E-07,3.53479E-08,2.82748E-08,0.167606,0.0842761,0.000217165,4.5299E-07,2.46977E-10,1.04412E-10,1.34321E-11,5.65562E-12
208,2,1.57135,1.57133,0,0,0,1.30016,0.267,0.00413117,1.89144E-05,1.24695E-05,2.80213E-06,2.24142E-06,0,0.609953,0.110193,0.000239816,1.30751E-07,5.52763E-08,7.11104E-09,2.99412E-09
208,3,2.35865,2.35848,0,0,0,0,1.9761,0.379224,0.00163715,0.00107931,0.000242541,0.000194008,0,0,0.926915,0.154215,8.76766E-05,3.70661E-05,4.76839E-06,2.00774E-06
208,4,2.39729,2.39547,0,0,0,0,0,2.04489,0.199301,0.109172,0.0244897,0.0176114,0,0,0,0.852508,0.0182501,0.00771538,0.000992548,0.000417915
208,5,2.4292,2.42317,0,0,0,0,0,0.000299263,1.12913,0.986252,0.183215,0.124267,0,0,0,0,0,0,0,0
208,6,2.49594,2.48565,0,0,0,0,0,1.01592E-15,0.00103343,1.47114,0.648022,0.365458,0,0,0,0,0,0,0,0
208,7,2.66937,2.65211,0,0,0,0,0,0,7.84767E-10,0.0541944,1.39043,1.20749,0,0,0,0,0,0,0,0
208,8,3.45505,3.42083,0,0,0,0,0,0,9.11688E-11,0.00412587,0.262831,3.15387,0,0,0,0,0,0,0,0
209,1,0.544734,0.544724,0,0,0.361632,0.179966,0.003075,5.05444E-05,2.31415E-07,1.52562E-07,3.42837E-08,2.74235E-08,0.168458,0.0810655,0.000208471,4.34856E-07,2.3709E-10,1.00232E-10,1.28944E-11,5.42922E-12
209,2,1.55191,1.55189,0,0,0,1.2955,0.252438,0.00391148,1.79085E-05,1.18064E-05,2.65311E-06,2.12223E-06,0,0.607851,0.103398,0.00022488,1.22608E-07,5.18336E-08,6.66816E-09,2.80764E-09
209,3,2.35767,2.3575,0,0,0,0,1.98732,0.367119,0.00158634,0.00104581,0.000235013,0.000187987,0,0,0.932271,0.148414,8.43469E-05,3.56585E-05,4.5873E-06,1.93149E-06
209,4,2.39714,2.39534,0,0,0,0,0,2.05247,0.194872,0.106803,0.0239586,0.0172365,0,0,0,0.858541,0.0178822,0.00755986,0.000972541,0.000409491
209,5,2.42918,2.42315,0,0,0,0,0,0.000300044,1.13057,0.984997,0.183091,0.124183,0,0,0,0,0,0,0,0
209,6,2.49536,2.4851,0,0,0,0,0,1.03483E-15,0.00105266,1.47855,0.642166,0.363332,0,0,0,0,0,0,0,0
209,7,2.66848,2.65125,0,0,0,0,0,0,7.97797E-10,0.0553367,1.394,1.20192,0,0,0,0,0,0,0,0
209,8,3.45112,3.41698,0,0,0,0,0,0,9.13899E-11,0.004136,0.263818,3.14903,0,0,0,0,0,0,0,0
210,1,0.39541,0.36783,0,1,0.272005,0.0942291,0.00156952,2.57985E-05,1.18117E-07,7.78698E-08,1.74988E-08,1.39973E-08,0.0942161,0.0399292,0.000104627,2.18245E-07,1.18991E-10,5.03044E-11,6.47143E-12,2.72481E-12
210,2,0.989505,0.980617,0,0,0,0.852134,0.126534,0.0019311,8.84143E-06,5.82879E-06,1.30984E-06,1.04774E-06,0,0.329298,0.0497048,0.000109438,5.9667E-08,2.52248E-08,3.24506E-09,1.36634E-09
210,3,1.46993,1.45638,0,0,0,0,1.2631,0.191703,0.000815806,0.000537827,0.00012086,0.000096676,0,0,0.513166,0.0745447,4.28905E-05,1.81324E-05,2.33264E-06,9.82165E-07
210,4,1.52552,1.47811,0,0,0,0,0,1.28918,0.109378,0.0574163,0.0128798,0.00926183,0,0,0,0.478603,0.00943974,0.00399074,0.00051339,0.000216164
210,5,1.49718,1.46017,0,0,0,0,0,0.000196366,0.737452,0.555746,0.0993759,0.0674027,0,0,0,0,0,0,0,0
210,6,1.5893,1.51763,0,0,0,0,0,5.93904E-16,0.000696233,0.955229,0.362398,0.199307,0,0,0,0,0,0,0,0
210,7,1.75416,1.64166,0,0,0,0,0,0,4.68961E-10,0.0353855,0.907639,0.698635,0,0,0,0,0,0,0,0
210,8,2.40269,2.18573,1,0,0,0,0,0,5.56255E-11,0.002519,0.167039,2.01617,0,0,0,0,0,0,0,0
211,1,0.394071,0.3664,0,1,0.27201,0.0928153,0.00154952,2.54699E-05,1.16612E-07,7.68778E-08,1.72759E-08,1.3819E-08,0.0943267,0.0392953,0.000102826,2.14487E-07,1.16942E-10,4.94381E-11,6.35999E-12,2.67789E-12
211,2,0.983171,0.974181,0,0,0,0.850469,0.121834,0.00186179,8.5241E-06,5.61959E-06,1.26283E-06,1.01014E-06,0,0.328509,0.0476105,0.000104761,5.71174E-08,2.41469E-08,3.10639E-09,1.30795E-09
211,3,1.46922,1.45583,0,0,0,0,1.26848,0.18582,0.000791701,0.000521936,0.000117289,9.38195E-05,0,0,0.5156,0.071846,4.13164E-05,1.74669E-05,2.24704E-06,9.46119E-07
211,4,1.52568,1.47846,0,0,0,0,0,1.29513,0.106093,0.0557328,0.0125022,0.00899521,0,0,0,0.482841,0.0091758,0.00387916,0.000499035,0.00021012
211,5,1.49715,1.46012,0,0,0,0,0,0.000197248,0.738948,0.554395,0.0992567,0.0673218,0,0,0,0,0,0,0,0
211,6,1.58795,1.51675,0,0,0,0,0,6.13258E-16,0.000718929,0.962753,0.356092,0.197181,0,0,0,0,0,0,0,0
211,7,1.75166,1.63977,0,0,0,0,0,0,4.90915E-10,0.037526,0.914066,0.688178,0,0,0,0,0,0,0,0
211,8,2.38904,2.17382,1,0,0,0,0,0,5.61133E-11,0.00254143,0.169535,2.00174,0,0,0,0,0,0,0,0
212,1,0.393667,0.365968,0,1,0.272022,0.0923768,0.00154335,2.53684E-05,1.16148E-07,7.65717E-08,1.72071E-08,1.3764E-08,0.0943661,0.0390987,0.000102266,2.13319E-07,1.16305E-10,4.91689E-11,6.32535E-12,2.6633E-12
212,2,0.980943,0.971918,0,0,0,0.849912,0.120152,0.00183704,8.41077E-06,5.54487E-06,1.24604E-06,9.96707E-07,0,0.328246,0.0468598,0.000103084,5.62027E-08,2.37602E-08,3.05665E-09,1.28701E-09
212,3,1.46889,1.45557,0,0,0,0,1.27093,0.183137,0.000780694,0.000514679,0.000115658,9.25151E-05,0,0,0.516705,0.0706176,4.06002E-05,1.71641E-05,2.20809E-06,9.2972E-07
212,4,1.526,1.47876,0,0,0,0,0,1.2999,0.103411,0.0544405,0.0122125,0.00879462,0,0,0,0.486316,0.00906571,0.00383261,0.000493048,0.000207599
212,5,1.49714,1.4601,0,0,0,0,0,0.000197955,0.739597,0.553815,0.0992016,0.0672844,0,0,0,0,0,0,0,0
212,6,1.58711,1.5162,0,0,0,0,0,6.25693E-16,0.000733513,0.96733,0.352258,0.19588,0,0,0,0,0,0,0,0
212,7,1.74961,1.63822,0,0,0,0,0,0,5.08875E-10,0.0392771,0.919328,0.679618,0,0,0,0,0,0,0,0
212,8,2.38509,2.17046,1,0,0,0,0,0,5.63675E-11,0.00255313,0.170829,1.99707,0,0,0,0,0,0,0,0
213,1,0.393525,0.365815,0,1,0.272028,0.09222,0.00154115,2.53323E-05,1.15983E-07,7.64626E-08,1.71826E-08,1.37444E-08,0.0943813,0.0390284,0.000102065,2.129E-07,1.16077E-10,4.90725E-11,6.31294E-12,2.65808E-12
213,2,0.980182,0.971145,0,0,0,0.849724,0.119575,0.00182855,8.37191E-06,5.51926E-06,1.24028E-06,9.92102E-07,0,0.328156,0.0466022,0.000102508,5.58888E-08,2.36275E-08,3.03957E-09,1.27982E-09
213,3,1.46877,1.45548,0,0,0,0,1.27184,0.182142,0.000776612,0.000511988,0.000115054,9.20314E-05,0,0,0.517114,0.070163,4.03352E-05,1.70521E-05,2.19367E-06,9.23651E-07
213,4,1.52614,1.47888,0,0,0,0,0,1.3019,0.102276,0.0539043,0.0120923,0.00871156,0,0,0,0.48775,0.00902359,0.00381481,0.000490757,0.000206635
213,5,1.49714,1.46009,0,0,0,0,0,0.000198357,0.739863,0.553579,0.0991777,0.0672682,0,0,0,0,0,0,0,0
213,6,1.58682,1.51601,0,0,0,0,0,6.29988E-16,0.000738549,0.968991,0.350866,0.195413,0,0,0,0,0,0,0,0
213,7,1.74856,1.63743,0,0,0,0,0,0,5.181E-10,0.0401765,0.922028,0.675224,0,0,0,0,0,0,0,0
213,8,2.38352,2.16913,1,0,0,0,0,0,5.64904E-11,0.00255879,0.171456,1.99512,0,0,0,0,0,0,0,0
214,1,0.393479,0.365767,0,1,0.272028,0.092173,0.00154049,2.53213E-05,1.15932E-07,7.64295E-08,1.71752E-08,1.37384E-08,0.0943849,0.0390073,0.000102005,2.12775E-07,1.16008E-10,4.90436E-11,6.30923E-12,2.65652E-12
214,2,0.980039,0.970999,0,0,0,0.849684,0.119471,0.00182702,8.3649E-06,5.51464E-06,1.23924E-06,9.91272E-07,0,0.328137,0.0465562,0.000102405,5.58329E-08,2.36039E-08,3.03653E-09,1.27854E-09
214,3,1.46876,1.45547,0,0,0,0,1.27191,0.182061,0.000776279,0.000511769,0.000115004,9.19919E-05,0,0,0.517146,0.0701265,0.000040314,1.70431E-05,2.19252E-06,9.23166E-07
214,4,1.52612,1.47888,0,0,0,0,0,1.30182,0.102313,0.0539251,0.012097,0.00871441,0,0,0,0.487657,0.00901675,0.00381192,0.000490385,0.000206478
214,5,1.49714,1.46009,0,0,0,0,0,0.000198383,0.739822,0.553616,0.0991803,0.06727,0,0,0,0,0,0,0,0
214,6,1.58692,1.51607,0,0,0,0,0,6.27949E-16,0.000736157,0.968552,0.351229,0.195554,0,0,0,0,0,0,0,0
214,7,1.74842,1.63733,0,0,0,0,0,0,5.19264E-10,0.0402896,0.92238,0.674658,0,0,0,0,0,0,0,0
214,8,2.38315,2.16882,1,0,0,0,0,0,5.65138E-11,0.00255987,0.171575,1.99468,0,0,0,0,0,0,0,0
215,1,0.393538,0.36583,0,1,0.272026,0.0922371,0.00154139,2.53361E-05,0.000000116,7.64741E-08,1.71852E-08,1.37464E-08,0.0943785,0.0390361,0.000102087,2.12947E-07,1.16102E-10,4.90831E-11,6.31432E-12,2.65866E-12
215,2,0.980359,0.971325,0,0,0,0.849761,0.119716,0.00183062,8.38139E-06,5.52551E-06,1.24169E-06,9.93226E-07,0,0.328173,0.0466658,0.00010265,5.59665E-08,2.36604E-08,3.0438E-09,1.2816E-09
215,3,1.46882,1.45552,0,0,0,0,1.27145,0.182564,0.000778341,0.000513128,0.00011531,9.22363E-05,0,0,0.516939,0.0703568,4.04482E-05,1.70999E-05,2.19982E-06,9.2624E-07
215,4,1.52602,1.4788,0,0,0,0,0,1.30057,0.103026,0.0542599,0.012172,0.00876598,0,0,0,0.486744,0.00903643,0.00382024,0.000491456,0.000206929
215,5,1.49715,1.46009,0,0,0,0,0,0.00019814,0.739636,0.553782,0.0991966,0.0672811,0,0,0,0,0,0,0,0
215,6,1.58715,1.51622,0,0,0,0,0,6.24164E-16,0.000731719,0.967379,0.352209,0.195899,0,0,0,0,0,0,0,0
215,7,1.74883,1.63764,0,0,0,0,0,0,5.15625E-10,0.0399345,0.921327,0.676377,0,0,0,0,0,0,0,0
215,8,2.38361,2.1692,1,0,0,0,0,0,5.64716E-11,0.00255792,0.17136,1.99528,0,0,0,0,0,0,0,0
216,1,0.393697,0.366001,0,1,0.272022,0.0924093,0.00154381,0.000025376,1.16183E-07,7.65944E-08,1.72122E-08,1.37681E-08,0.0943622,0.0391137,0.000102308,2.13407E-07,1.16353E-10,4.91893E-11,6.32797E-12,2.66441E-12
216,2,0.98112,0.972097,0,0,0,0.849948,0.120293,0.0018391,8.42021E-06,5.5511E-06,1.24744E-06,9.97826E-07,0,0.328262,0.0469231,0.000103226,5.62801E-08,2.3793E-08,3.06086E-09,1.28878E-09
216,3,1.46895,1.45561,0,0,0,0,1.27052,0.183583,0.000782523,0.000515886,0.000115929,9.27319E-05,0,0,0.51652,0.0708229,4.07199E-05,1.72147E-05,2.2146E-06,9.32461E-07
216,4,1.52587,1.47866,0,0,0,0,0,1.29844,0.104239,0.0548297,0.0122998,0.00885409,0,0,0,0.485215,0.00907729,0.00383751,0.000493678,0.000207864
216,5,1.49715,1.4601,0,0,0,0,0,0.000197705,0.739343,0.554042,0.0992227,0.0672988,0,0,0,0,0,0,0,0
216,6,1.58744,1.5164,0,0,0,0,0,6.19657E-16,0.000726433,0.965859,0.353481,0.196338,0,0,0,0,0,0,0,0
216,7,1.74952,1.63816,0,0,0,0,0,0,5.0959E-10,0.0393458,0.919569,0.679241,0,0,0,0,0,0,0,0
216,8,2.3845,2.16995,1,0,0,0,0,0,5.63981E-11,0.00255454,0.170985,1.99641,0,0,0,0,0,0,0,0
217,1,0.393943,0.366264,0,1,0.272006,0.0926848,0.00154766,2.54393E-05,1.16472E-07,7.67856E-08,1.72552E-08,1.38024E-08,0.0943331,0.0392373,0.000102661,2.14144E-07,1.16754E-10,4.93591E-11,6.34982E-12,2.6736E-12
217,2,0.982446,0.973445,0,0,0,0.850275,0.121299,0.0018539,8.48798E-06,5.59578E-06,1.25748E-06,1.00586E-06,0,0.328417,0.0473725,0.00010423,5.68278E-08,2.40245E-08,3.09064E-09,1.30132E-09
217,3,1.46915,1.45577,0,0,0,0,1.26901,0.185238,0.000789314,0.000520363,0.000116935,9.35367E-05,0,0,0.51584,0.0715793,4.11609E-05,1.74012E-05,2.23858E-06,9.42559E-07
217,4,1.52566,1.47847,0,0,0,0,0,1.29539,0.10597,0.0556479,0.0124832,0.0089808,0,0,0,0.483024,0.00914058,0.00386427,0.00049712,0.000209314
217,5,1.49715,1.46012,0,0,0,0,0,0.000197166,0.738978,0.554367,0.0992554,0.0673209,0,0,0,0,0,0,0,0
217,6,1.58779,1.51663,0,0,0,0,0,6.14338E-16,0.000720194,0.963978,0.355055,0.196875,0,0,0,0,0,0,0,0
217,7,1.75039,1.63881,0,0,0,0,0,0,5.01983E-10,0.038604,0.917347,0.682859,0,0,0,0,0,0,0,0
217,8,2.38571,2.17097,1,0,0,0,0,0,5.63041E-11,0.00255021,0.170505,1.99792,0,0,0,0,0,0,0,0
218,1,0.394472,0.366831,0,1,0.271984,0.0932652,0.00155581,2.55732E-05,1.17086E-07,7.71898E-08,1.7346E-08,1.38751E-08,0.0942781,0.0394974,0.000103403,2.15691E-07,1.17598E-10,4.97158E-11,6.3957E-12,2.69293E-12
218,2,0.985167,0.976208,0,0,0,0.850962,0.123345,0.00188402,8.6259E-06,5.6867E-06,1.27791E-06,1.0222E-06,0,0.328743,0.0482853,0.00010627,5.79398E-08,2.44946E-08,3.15112E-09,1.32679E-09
218,3,1.4695,1.45604,0,0,0,0,1.26642,0.188083,0.000800986,0.000528057,0.000118664,9.49198E-05,0,0,0.51467,0.0728808,4.19196E-05,1.77219E-05,2.27985E-06,9.59934E-07
218,4,1.52542,1.47822,0,0,0,0,0,1.29139,0.108212,0.0567361,0.0127272,0.00915041,0,0,0,0.480141,0.00924902,0.00391011,0.000503017,0.000211797
218,5,1.49716,1.46013,0,0,0,0,0,0.000196691,0.738523,0.554774,0.0992939,0.067347,0,0,0,0,0,0,0,0
218,6,1.58826,1.51694,0,0,0,0,0,6.07435E-16,0.000712099,0.961372,0.357239,0.197613,0,0,0,0,0,0,0,0
218,7,1.75153,1.63967,0,0,0,0,0,0,4.91988E-10,0.0376296,0.914414,0.687628,0,0,0,0,0,0,0,0
218,8,2.38842,2.17328,1,0,0,0,0,0,5.61455E-11,0.00254291,0.169698,2.00104,0,0,0,0,0,0,0,0
219,1,0.395881,0.368338,0,1,0.271959,0.0947759,0.00157712,2.59234E-05,1.18689E-07,7.82468E-08,1.75836E-08,1.40651E-08,0.094152,0.0401742,0.000105329,2.19709E-07,1.19789E-10,5.06419E-11,6.51484E-12,2.74309E-12
219,2,0.991558,0.982702,0,0,0,0.852658,0.128072,0.00195376,8.94517E-06,5.89719E-06,1.32521E-06,1.06004E-06,0,0.329545,0.050391,0.000110971,6.05028E-08,2.55781E-08,3.29051E-09,1.38548E-09
219,3,1.47012,1.45653,0,0,0,0,1.26169,0.193251,0.000822161,0.000542017,0.000121802,9.74292E-05,0,0,0.512531,0.0752523,4.33029E-05,1.83067E-05,2.35508E-06,9.9161E-07
219,4,1.52548,1.47805,0,0,0,0,0,1.2881,0.109979,0.0577132,0.0129464,0.00930843,0,0,0,0.477842,0.00947571,0.00400595,0.000515346,0.000216988
219,5,1.49718,1.46018,0,0,0,0,0,0.000196287,0.737344,0.555844,0.0993847,0.0674086,0,0,0,0,0,0,0,0
219,6,1.58906,1.51746,0,0,0,0,0,5.96063E-16,0.000698764,0.956982,0.360918,0.198859,0,0,0,0,0,0,0,0
219,7,1.75303,1.64081,0,0,0,0,0,0,4.78803E-10,0.0363436,0.910567,0.693893,0,0,0,0,0,0,0,0
219,8,2.40036,2.18372,1,0,0,0,0,0,5.5753E-11,0.00252487,0.16769,2.01351,0,0,0,0,0,0,0,0
220,1,0.544736,0.544726,0,0,0.361456,0.180141,0.00307733,5.05827E-05,2.3159E-07,1.52678E-07,3.43097E-08,2.74443E-08,0.168365,0.0811589,0.000208737,4.35411E-07,2.37393E-10,1.0036E-10,1.29108E-11,5.43614E-12
220,2,1.55231,1.55228,0,0,0,1.29566,0.252676,0.00391515,1.79253E-05,1.18174E-05,2.6556E-06,2.12422E-06,0,0.607925,0.103505,0.000225112,1.22734E-07,5.18871E-08,6.67504E-09,2.81054E-09
220,3,2.35759,2.35742,0,0,0,0,1.98836,0.366006,0.00158168,0.00104274,0.000234323,0.000187435,0,0,0.932775,0.147875,8.40365E-05,3.55272E-05,4.57042E-06,1.92438E-06
220,4,2.39707,2.39529,0,0,0,0,0,2.05597,0.19276,0.105752,0.023723,0.0170742,0,0,0,0.861354,0.0178079,0.00752845,0.0009685,0.000407789
220,5,2.42917,2.42314,0,0,0,0,0,0.00030077,1.13111,0.984539,0.183039,0.124148,0,0,0,0,0,0,0,0
220,6,2.49472,2.48449,0,0,0,0,0,1.05289E-15,0.00107104,1.48696,0.63548,0.360977,0,0,0,0,0,0,0,0
220,7,2.66667,2.64951,0,0,0,0,0,0,8.2411E-10,0.0576412,1.40128,1.19058,0,0,0,0,0,0,0,0
220,8,3.44796,3.41389,0,0,0,0,0,0,9.16673E-11,0.00414872,0.265068,3.14467,0,0,0,0,0,0,0,0
221,1,0.548113,0.548103,0,0,0.360652,0.184258,0.00313999,5.16127E-05,2.36306E-07,1.55787E-07,3.50083E-08,2.80031E-08,0.167799,0.083268,0.000214449,4.47325E-07,2.43889E-10,1.03106E-10,1.32641E-11,5.5849E-12
221,2,1.56512,1.5651,0,0,0,1.29883,0.262172,0.00405854,1.85818E-05,1.22502E-05,2.75286E-06,2.20201E-06,0,0.609366,0.107928,0.000234831,1.28033E-07,5.41273E-08,6.96323E-09,2.93188E-09
221,3,2.35817,2.358,0,0,0,0,1.98169,0.373207,0.00161192,0.00106267,0.000238803,0.000191018,0,0,0.929591,0.151324,8.60165E-05,3.63643E-05,4.6781E-06,1.96972E-06
221,4,2.39714,2.39534,0,0,0,0,0,2.05296,0.194465,0.106737,0.0239439,0.0172336,0,0,0,0.858958,0.0180425,0.00762764,0.00098126,0.000413162
221,5,2.42918,2.42315,0,0,0,0,0,0.000300709,1.13028,0.985269,0.183106,0.124194,0,0,0,0,0,0,0,0
221,6,2.49499,2.48474,0,0,0,0,0,1.04421E-15,0.00106221,1.48358,0.638153,0.361953,0,0,0,0,0,0,0,0
221,7,2.66721,2.65002,0,0,0,0,0,0,8.16256E-10,0.0569524,1.39914,1.19393,0,0,0,0,0,0,0,0
221,8,3.45171,3.41756,0,0,0,0,0,0,9.1472E-11,0.00413977,0.264198,3.14922,0,0,0,0,0,0,0,0
222,1,0.547846,0.547835,0,0,0.360655,0.183992,0.00313583,5.15444E-05,2.35993E-07,1.55581E-07,3.4962E-08,2.79661E-08,0.167811,0.0831335,0.000214089,4.46575E-07,2.43479E-10,1.02933E-10,1.32419E-11,5.57553E-12
222,2,1.56442,1.56439,0,0,0,1.29868,0.261622,0.00405028,0.000018544,1.22253E-05,2.74726E-06,2.19753E-06,0,0.609302,0.10767,0.000234263,1.27724E-07,5.39964E-08,6.94639E-09,2.92479E-09
222,3,2.35811,2.35794,0,0,0,0,1.9824,0.372443,0.00160871,0.00106056,0.000238328,0.000190638,0,0,0.92993,0.150957,8.58058E-05,3.62752E-05,4.66664E-06,1.9649E-06
222,4,2.39712,2.39533,0,0,0,0,0,2.05401,0.193836,0.106422,0.0238733,0.0171848,0,0,0,0.859791,0.0180171,0.00761688,0.000979876,0.00041258
222,5,2.42918,2.42315,0,0,0,0,0,0.00030094,1.13045,0.98512,0.18309,0.124182,0,0,0,0,0,0,0,0
222,6,2.49491,2.48467,0,0,0,0,0,1.04687E-15,0.00106491,1.48453,0.637399,0.361676,0,0,0,0,0,0,0,0
222,7,2.66706,2.64988,0,0,0,0,0,0,8.18455E-10,0.0571452,1.39974,1.19299,0,0,0,0,0,0,0,0
222,8,3.45153,3.41738,0,0,0,0,0,0,9.14906E-11,0.00414063,0.264282,3.14896,0,0,0,0,0,0,0,0
223,1,0.544074,0.544064,0,0,0.361427,0.179518,0.0030675,5.04212E-05,2.30851E-07,1.5219E-07,3.42001E-08,2.73566E-08,0.168378,0.0808441,0.000207898,4.3366E-07,2.36438E-10,9.99566E-11,1.28589E-11,5.41429E-12
223,2,1.55061,1.55059,0,0,0,1.29529,0.251367,0.00389546,1.78352E-05,0.000011758,2.64224E-06,2.11353E-06,0,0.607763,0.102891,0.000223762,1.21998E-07,5.15759E-08,6.635E-09,2.79368E-09
223,3,2.35743,2.35726,0,0,0,0,1.99018,0.364053,0.00157348,0.00103733,0.000233109,0.000186464,0,0,0.93364,0.146938,0.000083499,0.0000353,4.54118E-06,1.91208E-06
223,4,2.39702,2.39524,0,0,0,0,0,2.0589,0.191002,0.104875,0.0235264,0.0169384,0,0,0,0.863674,0.0177403,0.00749989,0.000964826,0.000406243
223,5,2.42916,2.42313,0,0,0,0,0,0.000301416,1.13158,0.984136,0.182994,0.124118,0,0,0,0,0,0,0,0
223,6,2.49451,2.48429,0,0,0,0,0,1.06034E-15,0.00107861,1.48961,0.633397,0.360212,0,0,0,0,0,0,0,0
223,7,2.66623,2.64908,0,0,0,0,0,0,8.30636E-10,0.0582133,1.40307,1.1878,0,0,0,0,0,0,0,0
223,8,3.44766,3.41359,0,0,0,0,0,0,9.17144E-11,0.00415088,0.265282,3.14416,0,0,0,0,0,0,0,0
224,1,0.395339,0.367771,0,1,0.271832,0.0943424,0.0015706,2.58163E-05,1.18199E-07,7.79235E-08,1.75109E-08,1.4007E-08,0.0941325,0.0399769,0.000104785,2.18575E-07,1.1917E-10,5.03804E-11,6.4812E-12,2.72893E-12
224,2,0.990439,0.981566,0,0,0,0.852397,0.127211,0.00194111,8.88725E-06,0.000005859,1.31663E-06,1.05317E-06,0,0.329422,0.0500054,0.000110108,6.00324E-08,2.53793E-08,3.26493E-09,1.3747E-09
224,3,1.46995,1.4564,0,0,0,0,1.26298,0.191843,0.000816392,0.000538214,0.000120947,9.67455E-05,0,0,0.513114,0.0746063,4.29261E-05,1.81474E-05,2.33458E-06,9.82981E-07
224,4,1.52568,1.47822,0,0,0,0,0,1.2909,0.108381,0.0569672,0.0127791,0.00919326,0,0,0,0.47985,0.00942581,0.00398485,0.000512632,0.000215845
224,5,1.49718,1.46016,0,0,0,0,0,0.00019687,0.737724,0.555507,0.0993505,0.0673855,0,0,0,0,0,0,0,0
224,6,1.58862,1.51717,0,0,0,0,0,6.02637E-16,0.000706473,0.959392,0.358899,0.198174,0,0,0,0,0,0,0,0
224,7,1.75228,1.64024,0,0,0,0,0,0,4.85355E-10,0.0369826,0.91248,0.690778,0,0,0,0,0,0,0,0
224,8,2.40036,2.18375,1,0,0,0,0,0,5.57922E-11,0.00252668,0.16789,2.01333,0,0,0,0,0,0,0,0
225,1,0.393975,0.366315,0,1,0.271821,0.0929181,0.00155041,2.54844E-05,1.16679E-07,7.69218E-08,1.72858E-08,1.38269E-08,0.0942363,0.0393383,0.000102972,2.14793E-07,1.17108E-10,4.95087E-11,6.36906E-12,2.68171E-12
225,2,0.984392,0.975422,0,0,0,0.850781,0.122749,0.00187527,8.58583E-06,5.66029E-06,1.27197E-06,1.01745E-06,0,0.328658,0.0480186,0.000105673,5.76145E-08,2.43571E-08,3.13343E-09,1.31934E-09
225,3,1.46936,1.45594,0,0,0,0,1.26748,0.186917,0.000796209,0.000524908,0.000117957,9.43537E-05,0,0,0.515153,0.0723458,4.16075E-05,0.00001759,2.26287E-06,9.52786E-07
225,4,1.52564,1.4784,0,0,0,0,0,1.29432,0.106545,0.0559576,0.0125526,0.00903045,0,0,0,0.482252,0.0092023,0.00389036,0.000500476,0.000210727
225,5,1.49715,1.46012,0,0,0,0,0,0.000197228,0.738922,0.554419,0.0992588,0.0673233,0,0,0,0,0,0,0,0
225,6,1.58766,1.51655,0,0,0,0,0,6.16544E-16,0.000722782,0.964597,0.35454,0.196688,0,0,0,0,0,0,0,0
225,7,1.7504,1.63882,0,0,0,0,0,0,5.01967E-10,0.0386031,0.917316,0.682897,0,0,0,0,0,0,0,0
225,8,2.38743,2.17247,1,0,0,0,0,0,5.62384E-11,0.00254719,0.170174,1.99975,0,0,0,0,0,0,0,0
226,1,0.393582,0.365897,0,1,0.271812,0.0925139,0.00154466,0.00002539,1.16247E-07,7.66367E-08,1.72217E-08,1.37757E-08,0.0942636,0.0391569,0.000102458,2.1372E-07,1.16523E-10,4.92614E-11,6.33725E-12,2.66831E-12
226,2,0.982469,0.973468,0,0,0,0.850288,0.121309,0.00185405,8.48869E-06,5.59624E-06,1.25758E-06,1.00594E-06,0,0.328425,0.0473763,0.000104238,5.68322E-08,2.40264E-08,3.09088E-09,1.30142E-09
226,3,1.46913,1.45575,0,0,0,0,1.26924,0.184996,0.000788329,0.000519713,0.000116789,9.34199E-05,0,0,0.515944,0.0714663,4.10947E-05,1.73732E-05,2.23498E-06,9.41044E-07
226,4,1.52579,1.47857,0,0,0,0,0,1.29694,0.105085,0.0552317,0.0123899,0.00891722,0,0,0,0.484202,0.00912805,0.00385897,0.000496438,0.000209027
226,5,1.49715,1.46011,0,0,0,0,0,0.000197349,0.739221,0.554148,0.0992358,0.0673076,0,0,0,0,0,0,0,0
226,6,1.58716,1.51622,0,0,0,0,0,6.24094E-16,0.000731636,0.967274,0.352299,0.195919,0,0,0,0,0,0,0,0
226,7,1.74927,1.63797,0,0,0,0,0,0,5.11866E-10,0.0395684,0.920211,0.678185,0,0,0,0,0,0,0,0
226,8,2.3846,2.17004,1,0,0,0,0,0,5.64058E-11,0.00255489,0.171025,1.99646,0,0,0,0,0,0,0,0
227,1,0.393584,0.3659,0,1,0.271795,0.0925342,0.0015449,2.53939E-05,1.16264E-07,7.66484E-08,1.72244E-08,1.37778E-08,0.094255,0.0391656,0.000102485,2.13776E-07,1.16554E-10,4.92744E-11,6.33892E-12,2.66902E-12
227,2,0.982669,0.973671,0,0,0,0.850334,0.121463,0.00185633,8.49909E-06,5.6031E-06,1.25912E-06,1.00717E-06,0,0.328446,0.0474456,0.000104393,5.69168E-08,2.40621E-08,3.09548E-09,1.30336E-09
227,3,1.46916,1.45578,0,0,0,0,1.26895,0.185311,0.000789621,0.000520565,0.000116981,0.000093573,0,0,0.515814,0.0716104,4.11787E-05,1.74087E-05,2.23955E-06,9.42968E-07
227,4,1.52575,1.47853,0,0,0,0,0,1.29631,0.105448,0.0554011,0.0124279,0.00894341,0,0,0,0.483748,0.00914002,0.00386403,0.000497089,0.000209301
227,5,1.49715,1.46011,0,0,0,0,0,0.000197204,0.739131,0.554228,0.0992439,0.0673132,0,0,0,0,0,0,0,0
227,6,1.58721,1.51626,0,0,0,0,0,6.23141E-16,0.000730518,0.966984,0.352541,0.196004,0,0,0,0,0,0,0,0
227,7,1.74938,1.63805,0,0,0,0,0,0,5.10905E-10,0.0394747,0.919933,0.67864,0,0,0,0,0,0,0,0
227,8,2.38471,2.17013,1,0,0,0,0,0,5.63953E-11,0.00255441,0.170971,1.99661,0,0,0,0,0,0,0,0
228,1,0.394009,0.366356,0,1,0.271771,0.0930073,0.00155152,2.55027E-05,1.16763E-07,7.6977E-08,1.72982E-08,1.38368E-08,0.0942085,0.0393772,0.00010309,2.15037E-07,1.17242E-10,4.9565E-11,6.37631E-12,2.68476E-12
228,2,0.985105,0.976146,0,0,0,0.850946,0.123299,0.00188336,8.62285E-06,5.68469E-06,1.27746E-06,1.02184E-06,0,0.328735,0.0482652,0.000106225,5.79153E-08,2.44843E-08,3.14979E-09,1.32622E-09
228,3,1.46948,1.45603,0,0,0,0,1.26659,0.187894,0.000800219,0.000527552,0.000118551,9.48289E-05,0,0,0.514751,0.0727929,4.18682E-05,1.77002E-05,2.27705E-06,9.58755E-07
228,4,1.52551,1.47829,0,0,0,0,0,1.29257,0.107539,0.0564235,0.0126571,0.00910251,0,0,0,0.481003,0.00923596,0.00390459,0.000502307,0.000211498
228,5,1.49715,1.46013,0,0,0,0,0,0.000196878,0.738703,0.554613,0.0992787,0.0673368,0,0,0,0,0,0,0,0
228,6,1.5878,1.51664,0,0,0,0,0,6.14187E-16,0.000720018,0.963891,0.355129,0.196896,0,0,0,0,0,0,0,0
228,7,1.7506,1.63897,0,0,0,0,0,0,5.00195E-10,0.0384302,0.916805,0.683732,0,0,0,0,0,0,0,0
228,8,2.38748,2.1725,1,0,0,0,0,0,5.62257E-11,0.00254661,0.170109,1.99984,0,0,0,0,0,0,0,0
229,1,0.395495,0.367944,0,1,0.271755,0.0945891,0.00157386,2.58699E-05,1.18444E-07,7.80853E-08,1.75473E-08,1.4036E-08,0.0940811,0.0400859,0.000105105,2.19242E-07,1.19534E-10,5.05342E-11,6.50099E-12,2.73726E-12
229,2,0.991841,0.98299,0,0,0,0.852731,0.128284,0.00195689,8.95949E-06,5.90663E-06,1.32733E-06,1.06173E-06,0,0.329579,0.0504856,0.000111182,6.0618E-08,2.56268E-08,3.29678E-09,1.38811E-09
229,3,1.47013,1.45653,0,0,0,0,1.26169,0.193258,0.000822198,0.000542041,0.000121807,9.74335E-05,0,0,0.512531,0.0752537,4.33035E-05,0.000018307,2.35511E-06,9.91624E-07
229,4,1.52555,1.4781,0,0,0,0,0,1.28896,0.109481,0.0574868,0.0128956,0.00927372,0,0,0,0.478457,0.00946581,0.00400176,0.000514808,0.000216761
229,5,1.49718,1.46017,0,0,0,0,0,0.000196541,0.737521,0.555687,0.099369,0.067398,0,0,0,0,0,0,0,0
229,6,1.58872,1.51724,0,0,0,0,0,6.00713E-16,0.000704216,0.958906,0.359303,0.198322,0,0,0,0,0,0,0,0
229,7,1.75229,1.64025,0,0,0,0,0,0,4.85242E-10,0.0369713,0.912459,0.690819,0,0,0,0,0,0,0,0
229,8,2.39939,2.18289,1,0,0,0,0,0,5.58169E-11,0.00252781,0.168017,2.01235,0,0,0,0,0,0,0,0
230,1,0.544253,0.544243,0,0,0.361262,0.179857,0.00307245,5.05025E-05,2.31223E-07,1.52436E-07,3.42553E-08,2.74008E-08,0.168281,0.0810221,0.000208388,4.34682E-07,2.36995E-10,1.00192E-10,1.28892E-11,5.42704E-12
230,2,1.55158,1.55156,0,0,0,1.29554,0.252077,0.00390618,1.78843E-05,1.17904E-05,2.64952E-06,2.11935E-06,0,0.607877,0.103221,0.000224486,1.22393E-07,5.17429E-08,6.65648E-09,2.80273E-09
230,3,2.35748,2.35731,0,0,0,0,1.98969,0.364581,0.00157571,0.0010388,0.000233439,0.000186728,0,0,0.933411,0.147189,8.36425E-05,3.53607E-05,4.54899E-06,1.91536E-06
230,4,2.39703,2.39525,0,0,0,0,0,2.05853,0.191228,0.10498,0.0235498,0.0169542,0,0,0,0.863398,0.017741,0.00750017,0.000964862,0.000406258
230,5,2.42916,2.42313,0,0,0,0,0,0.000301235,1.1315,0.984204,0.183003,0.124123,0,0,0,0,0,0,0,0
230,6,2.49443,2.48422,0,0,0,0,0,1.06198E-15,0.00108028,1.49073,0.632502,0.359908,0,0,0,0,0,0,0,0
230,7,2.66582,2.64869,0,0,0,0,0,0,8.36545E-10,0.0587308,1.40471,1.18524,0,0,0,0,0,0,0,0
230,8,3.44645,3.4124,0,0,0,0,0,0,9.18043E-11,0.004155,0.265685,3.14256,0,0,0,0,0,0,0,0
231,1,0.549857,0.549847,0,0,0.360413,0.18621,0.00317004,5.21067E-05,2.38568E-07,1.57278E-07,3.53434E-08,2.82711E-08,0.167599,0.0842645,0.000217135,4.52928E-07,2.46944E-10,1.04398E-10,1.34303E-11,5.65485E-12
231,2,1.57139,1.57136,0,0,0,1.30017,0.267029,0.00413161,1.89163E-05,1.24708E-05,2.80242E-06,2.24166E-06,0,0.609956,0.110207,0.000239845,1.30767E-07,5.52831E-08,7.11192E-09,2.99449E-09
231,3,2.35865,2.35848,0,0,0,0,1.97605,0.379271,0.00163735,0.00107944,0.00024257,0.000194032,0,0,0.926894,0.154238,8.76896E-05,3.70716E-05,4.76909E-06,2.00804E-06
231,4,2.39729,2.39547,0,0,0,0,0,2.04478,0.199365,0.109203,0.0244968,0.0176163,0,0,0,0.852424,0.0182523,0.00771633,0.00099267,0.000417966
231,5,2.4292,2.42317,0,0,0,0,0,0.000299234,1.12911,0.986272,0.183217,0.124269,0,0,0,0,0,0,0,0
231,6,2.49596,2.48566,0,0,0,0,0,1.01549E-15,0.00103299,1.47097,0.648153,0.365506,0,0,0,0,0,0,0,0
231,7,2.66939,2.65213,0,0,0,0,0,0,7.84517E-10,0.0541725,1.39036,1.20759,0,0,0,0,0,0,0,0
231,8,3.45506,3.42085,0,0,0,0,0,0,9.1167E-11,0.00412579,0.262823,3.1539,0,0,0,0,0,0,0,0
232,1,0.54469,0.54468,0,0,0.361617,0.179937,0.00307452,5.05366E-05,2.31379E-07,1.52539E-07,3.42784E-08,2.74193E-08,0.168452,0.0810517,0.000208436,4.34782E-07,2.3705E-10,1.00215E-10,1.28922E-11,5.42829E-12
232,2,1.55195,1.55193,0,0,0,1.29551,0.252468,0.00391194,1.79106E-05,1.18077E-05,2.65342E-06,2.12247E-06,0,0.607854,0.103412,0.000224911,1.22625E-07,5.18409E-08,6.6691E-09,2.80804E-09
232,3,2.35767,2.3575,0,0,0,0,1.98725,0.367197,0.00158666,0.00104602,0.000235061,0.000188025,0,0,0.932236,0.148452,8.43686E-05,3.56676E-05,4.58848E-06,1.93199E-06
232,4,2.39714,2.39534,0,0,0,0,0,2.05226,0.194996,0.106864,0.0239722,0.0172459,0,0,0,0.85838,0.0178861,0.00756153,0.000972755,0.000409581
232,5,2.42918,2.42315,0,0,0,0,0,0.000299989,1.13053,0.985034,0.183095,0.124186,0,0,0,0,0,0,0,0
232,6,2.49539,2.48512,0,0,0,0,0,1.03398E-15,0.00105181,1.47826,0.642395,0.363417,0,0,0,0,0,0,0,0
232,7,2.66851,2.65128,0,0,0,0,0,0,7.97407E-10,0.0553024,1.39389,1.20208,0,0,0,0,0,0,0,0
232,8,3.45111,3.41697,0,0,0,0,0,0,9.13886E-11,0.00413594,0.263812,3.14903,0,0,0,0,0,0,0,0
233,1,0.395373,0.367792,0,1,0.271994,0.0942028,0.00156911,2.57918E-05,1.18087E-07,7.78496E-08,1.74943E-08,1.39937E-08,0.0942131,0.0399172,0.000104595,2.18177E-07,1.18954E-10,5.02888E-11,6.46941E-12,2.72396E-12
233,2,0.989499,0.98061,0,0,0,0.85213,0.126531,0.00193105,8.84122E-06,5.82865E-06,1.30981E-06,1.04772E-06,0,0.329296,0.0497036,0.000109435,5.96656E-08,2.52242E-08,3.24498E-09,1.36631E-09
233,3,1.46994,1.45638,0,0,0,0,1.26304,0.191773,0.000816091,0.000538015,0.000120902,9.67098E-05,0,0,0.513136,0.0745773,4.29095E-05,1.81404E-05,2.33368E-06,9.82602E-07
233,4,1.5255,1.47809,0,0,0,0,0,1.28886,0.109559,0.0574994,0.0128984,0.00927456,0,0,0,0.478377,0.00944313,0.00399217,0.000513574,0.000216242
233,5,1.49718,1.46018,0,0,0,0,0,0.000196292,0.737395,0.555797,0.0993809,0.0674061,0,0,0,0,0,0,0,0
233,6,1.58938,1.51768,0,0,0,0,0,5.92617E-16,0.000694724,0.954816,0.362743,0.199428,0,0,0,0,0,0,0,0
233,7,1.75422,1.6417,0,0,0,0,0,0,4.68494E-10,0.0353398,0.907505,0.698853,0,0,0,0,0,0,0,0
233,8,2.40261,2.18566,1,0,0,0,0,0,5.56259E-11,0.00251902,0.167042,2.0161,0,0,0,0,0,0,0,0
234,1,0.394023,0.366351,0,1,0.271997,0.0927786,0.00154897,2.54607E-05,1.1657E-07,7.68502E-08,1.72697E-08,1.3814E-08,0.0943242,0.0392786,0.00010278,2.14391E-07,1.16889E-10,4.94162E-11,6.35716E-12,2.6767E-12
234,2,0.983131,0.974141,0,0,0,0.850454,0.121808,0.00186141,8.52235E-06,5.61844E-06,1.26257E-06,1.00993E-06,0,0.328502,0.0475994,0.000104737,5.71041E-08,2.41413E-08,3.10567E-09,1.30765E-09
234,3,1.46923,1.45584,0,0,0,0,1.26837,0.185937,0.000792178,0.00052225,0.00011736,0.000093876,0,0,0.515551,0.0719004,4.13482E-05,1.74803E-05,2.24877E-06,9.46848E-07
234,4,1.52563,1.47842,0,0,0,0,0,1.29447,0.106471,0.0559074,0.0125414,0.00902184,0,0,0,0.482352,0.00918023,0.00388103,0.000499276,0.000210221
234,5,1.49715,1.46012,0,0,0,0,0,0.000197107,0.738821,0.554509,0.0992675,0.0673291,0,0,0,0,0,0,0,0
234,6,1.58814,1.51687,0,0,0,0,0,6.09982E-16,0.000715088,0.96177,0.356913,0.197473,0,0,0,0,0,0,0,0
234,7,1.75181,1.63989,0,0,0,0,0,0,4.89551E-10,0.0373927,0.913678,0.688814,0,0,0,0,0,0,0,0
234,8,2.38901,2.17379,1,0,0,0,0,0,5.61078E-11,0.00254118,0.169506,2.00175,0,0,0,0,0,0,0,0
235,1,0.393609,0.365907,0,1,0.272007,0.0923319,0.00154267,2.53573E-05,1.16097E-07,7.65379E-08,1.71995E-08,1.37579E-08,0.094363,0.0390783,0.00010221,2.13202E-07,1.16241E-10,4.9142E-11,6.32188E-12,2.66184E-12
235,2,0.980912,0.971886,0,0,0,0.849895,0.120137,0.00183681,8.40973E-06,5.54419E-06,1.24589E-06,9.96584E-07,0,0.328237,0.0468539,0.000103071,5.61958E-08,2.37573E-08,3.05627E-09,1.28685E-09
235,3,1.46892,1.45559,0,0,0,0,1.27072,0.183367,0.000781632,0.000515298,0.000115797,9.26263E-05,0,0,0.516609,0.0707239,4.06623E-05,1.71904E-05,2.21146E-06,9.31141E-07
235,4,1.5259,1.47868,0,0,0,0,0,1.29876,0.104055,0.0547427,0.0122803,0.00884067,0,0,0,0.485451,0.00907201,0.00383528,0.00049339,0.000207743
235,5,1.49715,1.4601,0,0,0,0,0,0.000197712,0.739355,0.554032,0.0992219,0.0672982,0,0,0,0,0,0,0,0
235,6,1.58748,1.51643,0,0,0,0,0,6.19539E-16,0.000726295,0.965549,0.353743,0.196411,0,0,0,0,0,0,0,0
235,7,1.74996,1.63849,0,0,0,0,0,0,5.0574E-10,0.0389707,0.918432,0.681086,0,0,0,0,0,0,0,0
235,8,2.38518,2.17052,1,0,0,0,0,0,5.63464E-11,0.00255216,0.17072,1.99725,0,0,0,0,0,0,0,0
236,1,0.393495,0.365786,0,1,0.272011,0.0922084,0.00154094,2.53287E-05,1.15966E-07,7.64518E-08,1.71802E-08,1.37424E-08,0.0943746,0.0390229,0.000102052,2.12872E-07,1.16061E-10,4.9066E-11,6.31211E-12,2.65773E-12
236,2,0.98031,0.971274,0,0,0,0.849746,0.119681,0.00183009,8.37897E-06,5.52391E-06,1.24133E-06,9.92939E-07,0,0.328166,0.04665,0.000102615,5.59473E-08,2.36522E-08,3.04275E-09,1.28116E-09
236,3,1.46882,1.45552,0,0,0,0,1.27144,0.182576,0.000778389,0.00051316,0.000115317,0.000092242,0,0,0.516934,0.0703625,4.04516E-05,1.71013E-05,0.0000022,9.26317E-07
236,4,1.52601,1.47878,0,0,0,0,0,1.30036,0.103149,0.0543144,0.0121842,0.00877432,0,0,0,0.486599,0.00903856,0.00382114,0.000491571,0.000206977
236,5,1.49715,1.4601,0,0,0,0,0,0.00019802,0.739564,0.553845,0.0992032,0.0672855,0,0,0,0,0,0,0,0
236,6,1.58723,1.51627,0,0,0,0,0,6.23082E-16,0.000730449,0.966947,0.352571,0.19602,0,0,0,0,0,0,0,0
236,7,1.74912,1.63785,0,0,0,0,0,0,5.13152E-10,0.0396933,0.920605,0.677553,0,0,0,0,0,0,0,0
236,8,2.38392,2.16945,1,0,0,0,0,0,5.64435E-11,0.00255663,0.171216,1.99568,0,0,0,0,0,0,0,0
237,1,0.39353,0.365823,0,1,0.272008,0.0922479,0.00154149,2.53378E-05,1.16008E-07,7.64791E-08,1.71863E-08,1.37473E-08,0.0943707,0.0390405,0.000102102,2.12977E-07,1.16119E-10,4.90902E-11,6.31523E-12,2.65904E-12
237,2,0.980543,0.971512,0,0,0,0.849803,0.119859,0.00183271,8.39095E-06,5.53181E-06,1.2431E-06,9.94358E-07,0,0.328193,0.0467295,0.000102793,5.60441E-08,2.36932E-08,3.04802E-09,1.28338E-09
237,3,1.46886,1.45554,0,0,0,0,1.27118,0.182866,0.000779579,0.000513945,0.000115493,0.000092383,0,0,0.516815,0.070495,4.05288E-05,0.000017134,2.20421E-06,9.28086E-07
237,4,1.52597,1.47875,0,0,0,0,0,1.29984,0.103441,0.0544544,0.0122156,0.00879601,0,0,0,0.486221,0.00904962,0.00382581,0.000492173,0.000207231
237,5,1.49715,1.4601,0,0,0,0,0,0.000197977,0.739521,0.553884,0.0992067,0.0672879,0,0,0,0,0,0,0,0
237,6,1.58729,1.5163,0,0,0,0,0,6.22143E-16,0.000729349,0.966678,0.352795,0.1961,0,0,0,0,0,0,0,0
237,7,1.74917,1.63789,0,0,0,0,0,0,5.12693E-10,0.0396485,0.920473,0.677769,0,0,0,0,0,0,0,0
237,8,2.38406,2.16958,1,0,0,0,0,0,5.64345E-11,0.00255622,0.171171,1.99585,0,0,0,0,0,0,0,0
238,1,0.393716,0.366022,0,1,0.272004,0.0924476,0.0015443,0.000025384,1.16219E-07,7.66187E-08,1.72177E-08,1.37724E-08,0.0943528,0.0391302,0.000102357,2.1351E-07,1.16409E-10,4.9213E-11,6.33102E-12,2.66569E-12
238,2,0.981503,0.972487,0,0,0,0.850044,0.120582,0.00184336,8.43974E-06,5.56397E-06,1.25033E-06,1.00014E-06,0,0.328308,0.0470525,0.000103515,5.64377E-08,2.38596E-08,3.06943E-09,1.29239E-09
238,3,1.469,1.45565,0,0,0,0,1.27014,0.183999,0.000784228,0.00051701,0.000116182,0.000092934,0,0,0.516349,0.071013,4.08308E-05,1.72616E-05,2.22063E-06,9.34999E-07
238,4,1.52584,1.47863,0,0,0,0,0,1.29786,0.104562,0.0549901,0.0123357,0.00887918,0,0,0,0.484791,0.00909536,0.00384515,0.00049466,0.000208278
238,5,1.49715,1.46011,0,0,0,0,0,0.000197675,0.739285,0.554095,0.0992273,0.0673019,0,0,0,0,0,0,0,0
238,6,1.58753,1.51646,0,0,0,0,0,6.18373E-16,0.000724928,0.965347,0.35391,0.196482,0,0,0,0,0,0,0,0
238,7,1.7498,1.63837,0,0,0,0,0,0,5.0711E-10,0.039104,0.91884,0.680426,0,0,0,0,0,0,0,0
238,8,2.38527,2.17061,1,0,0,0,0,0,5.63517E-11,0.0025524,0.170749,1.99731,0,0,0,0,0,0,0,0
239,1,0.394097,0.366429,0,1,0.272006,0.0928468,0.00154996,0.000025477,1.16645E-07,7.68993E-08,1.72807E-08,1.38229E-08,0.0943208,0.03931,0.000102868,2.14574E-07,1.16989E-10,4.94583E-11,6.36258E-12,2.67898E-12
239,2,0.983163,0.974173,0,0,0,0.850468,0.121826,0.00186168,8.5236E-06,5.61926E-06,1.26275E-06,1.01008E-06,0,0.328509,0.047607,0.000104754,5.71132E-08,2.41451E-08,3.10616E-09,1.30786E-09
239,3,1.46922,1.45583,0,0,0,0,1.26847,0.185832,0.000791748,0.000521967,0.000117296,0.000093825,0,0,0.515595,0.0718513,4.13195E-05,1.74682E-05,2.2472E-06,9.4619E-07
239,4,1.52566,1.47845,0,0,0,0,0,1.29495,0.106201,0.0557774,0.0125122,0.00900164,0,0,0,0.482702,0.00916823,0.00387596,0.000498624,0.000209947
239,5,1.49715,1.46012,0,0,0,0,0,0.000197216,0.738909,0.55443,0.0992598,0.067324,0,0,0,0,0,0,0,0
239,6,1.58789,1.51669,0,0,0,0,0,6.13024E-16,0.000718654,0.963412,0.35553,0.197033,0,0,0,0,0,0,0,0
239,7,1.75068,1.63903,0,0,0,0,0,0,4.99409E-10,0.0383531,0.916587,0.684092,0,0,0,0,0,0,0,0
239,8,2.38709,2.17216,1,0,0,0,0,0,5.62382E-11,0.00254718,0.170171,1.99944,0,0,0,0,0,0,0,0
240,1,0.394472,0.366831,0,1,0.271984,0.0932652,0.00155581,2.55732E-05,1.17086E-07,7.71898E-08,1.7346E-08,1.38751E-08,0.0942781,0.0394974,0.000103403,2.15691E-07,1.17598E-10,4.97158E-11,6.3957E-12,2.69293E-12
240,2,0.985167,0.976208,0,0,0,0.850962,0.123345,0.00188402,8.6259E-06,5.6867E-06,1.27791E-06,1.0222E-06,0,0.328743,0.0482853,0.00010627,5.79398E-08,2.44946E-08,3.15112E-09,1.32679E-09
240,3,1.4695,1.45604,0,0,0,0,1.26642,0.188083,0.000800986,0.000528057,0.000118664,9.49198E-05,0,0,0.51467,0.0728808,4.19196E-05,1.77219E-05,2.27985E-06,9.59934E-07
240,4,1.52542,1.47822,0,0,0,0,0,1.29139,0.108212,0.0567361,0.0127272,0.00915041,0,0,0,0.480141,0.00924902,0.00391011,0.000503017,0.000211797
240,5,1.49716,1.46013,0,0,0,0,0,0.000196691,0.738523,0.554774,0.0992939,0.067347,0,0,0,0,0,0,0,0
240,6,1.58826,1.51694,0,0,0,0,0,6.07435E-16,0.000712099,0.961372,0.357239,0.197613,0,0,0,0,0,0,0,0
240,7,1.75153,1.63967,0,0,0,0,0,0,4.91988E-10,0.0376296,0.914414,0.687628,0,0,0,0,0,0,0,0
240,8,2.38842,2.17328,1,0,0,0,0,0,5.61455E-11,0.00254291,0.169698,2.00104,0,0,0,0,0,0,0,0
241,1,0.395105,0.36751,0,1,0.271955,0.0939631,0.0015656,2.57342E-05,1.17822E-07,7.76755E-08,1.74552E-08,1.39624E-08,0.0942112,0.0398101,0.000104295,2.17552E-07,1.18613E-10,5.01447E-11,6.45089E-12,2.71616E-12
241,2,0.98827,0.979362,0,0,0,0.851742,0.125684,0.00191846,8.78357E-06,5.79065E-06,1.30127E-06,1.04089E-06,0,0.329112,0.0493294,0.000108603,5.92119E-08,2.50324E-08,3.2203E-09,1.35592E-09
241,3,1.46987,1.45633,0,0,0,0,1.26367,0.191093,0.000813333,0.000536197,0.000120494,0.000096383,0,0,0.513431,0.0742583,4.27227E-05,1.80614E-05,2.32352E-06,9.78323E-07
241,4,1.52519,1.47798,0,0,0,0,0,1.28758,0.110351,0.0577758,0.0129603,0.00931249,0,0,0,0.477387,0.00935355,0.0039543,0.000508702,0.000214191
241,5,1.49716,1.46015,0,0,0,0,0,0.000196267,0.738108,0.555146,0.0993288,0.0673707,0,0,0,0,0,0,0,0
241,6,1.58868,1.51721,0,0,0,0,0,6.01337E-16,0.000704948,0.959055,0.35918,0.198268,0,0,0,0,0,0,0,0
241,7,1.75241,1.64034,0,0,0,0,0,0,4.843E-10,0.0368803,0.912158,0.691296,0,0,0,0,0,0,0,0
241,8,2.39041,2.17499,1,0,0,0,0,0,5.60308E-11,0.00253763,0.169116,2.00334,0,0,0,0,0,0,0,0
242,1,0.396611,0.369121,0,1,0.271923,0.0955822,0.00158842,2.61092E-05,1.1954E-07,7.88077E-08,1.77096E-08,1.41659E-08,0.0940743,0.0405353,0.00010636,2.21859E-07,1.20961E-10,5.11374E-11,6.57858E-12,2.76993E-12
242,2,0.994622,0.985815,0,0,0,0.85342,0.130388,0.00198785,9.10125E-06,6.00008E-06,1.34833E-06,1.07853E-06,0,0.329905,0.0514254,0.000113282,6.17632E-08,2.6111E-08,3.35906E-09,1.41434E-09
242,3,1.47044,1.45677,0,0,0,0,1.25932,0.195846,0.000832803,0.000549033,0.000123378,9.86903E-05,0,0,0.511461,0.0764405,4.39957E-05,1.85996E-05,2.39276E-06,1.00748E-06
242,4,1.5253,1.47787,0,0,0,0,0,1.28518,0.111617,0.0585069,0.0131243,0.00943208,0,0,0,0.475738,0.00955385,0.00403898,0.000519596,0.000218777
242,5,1.49719,1.46019,0,0,0,0,0,0.000195935,0.73703,0.556125,0.0994115,0.0674268,0,0,0,0,0,0,0,0
242,6,1.58935,1.51765,0,0,0,0,0,5.91754E-16,0.000693711,0.955362,0.362275,0.199317,0,0,0,0,0,0,0,0
242,7,1.75352,1.64117,0,0,0,0,0,0,4.74524E-10,0.0359265,0.909311,0.695935,0,0,0,0,0,0,0,0
242,8,2.40083,2.18412,1,0,0,0,0,0,5.57097E-11,0.00252287,0.16747,2.01412,0,0,0,0,0,0,0,0
243,1,0.545645,0.545635,0,0,0.361197,0.181291,0.00309477,5.08694E-05,2.32903E-07,1.53543E-07,3.45041E-08,2.75998E-08,0.168189,0.0817502,0.000210341,4.38755E-07,2.39216E-10,1.01131E-10,1.301E-11,5.4779E-12
243,2,1.55613,1.55611,0,0,0,1.29654,0.25557,0.00395877,0.000018125,1.19491E-05,2.68519E-06,2.14788E-06,0,0.608323,0.104857,0.000228086,1.24356E-07,5.25726E-08,6.76323E-09,2.84767E-09
243,3,2.35783,2.35766,0,0,0,0,1.98563,0.368955,0.00159407,0.00105091,0.000236158,0.000188903,0,0,0.931476,0.149284,8.48453E-05,3.58692E-05,4.61441E-06,1.94291E-06
243,4,2.39713,2.39533,0,0,0,0,0,2.05306,0.194503,0.106633,0.0239205,0.017211,0,0,0,0.859028,0.017886,0.00756146,0.000972746,0.000409577
243,5,2.42918,2.42314,0,0,0,0,0,0.000300336,1.13078,0.984822,0.183071,0.12417,0,0,0,0,0,0,0,0
243,6,2.49485,2.48461,0,0,0,0,0,1.04837E-15,0.00106644,1.48543,0.636687,0.361423,0,0,0,0,0,0,0,0
243,7,2.6669,2.64973,0,0,0,0,0,0,8.20775E-10,0.0573489,1.40037,1.19201,0,0,0,0,0,0,0,0
243,8,3.44802,3.41394,0,0,0,0,0,0,9.16465E-11,0.00414776,0.264973,3.14482,0,0,0,0,0,0,0,0
244,1,0.54839,0.54838,0,0,0.360544,0.184637,0.00314568,5.17063E-05,2.36735E-07,1.56069E-07,3.50718E-08,2.80539E-08,0.16773,0.0834635,0.000214982,4.48436E-07,2.44494E-10,1.03362E-10,1.32971E-11,5.59876E-12
244,2,1.56633,1.5663,0,0,0,1.29909,0.2631,0.00407252,1.86458E-05,1.22924E-05,2.76234E-06,2.2096E-06,0,0.609484,0.108363,0.000235788,1.28555E-07,5.43478E-08,6.9916E-09,2.94383E-09
244,3,2.35826,2.35808,0,0,0,0,1.98075,0.374219,0.00161617,0.00106547,0.000239432,0.000191522,0,0,0.929144,0.151808,8.62943E-05,3.64818E-05,4.69321E-06,1.97609E-06
244,4,2.39716,2.39536,0,0,0,0,0,2.05186,0.195124,0.107066,0.0240176,0.0172846,0,0,0,0.858089,0.0180688,0.00763875,0.00098269,0.000413764
244,5,2.42919,2.42315,0,0,0,0,0,0.000300483,1.13012,0.985406,0.183122,0.124204,0,0,0,0,0,0,0,0
244,6,2.49504,2.48479,0,0,0,0,0,1.04231E-15,0.00106028,1.48297,0.638633,0.362131,0,0,0,0,0,0,0,0
244,7,2.66728,2.6501,0,0,0,0,0,0,8.15154E-10,0.0568558,1.39884,1.1944,0,0,0,0,0,0,0,0
244,8,3.45173,3.41758,0,0,0,0,0,0,9.14662E-11,0.00413951,0.264171,3.14927,0,0,0,0,0,0,0,0
245,1,0.547636,0.547626,0,0,0.360693,0.183749,0.0031321,0.000051483,2.35712E-07,1.55395E-07,3.49203E-08,2.79328E-08,0.16784,0.0830087,0.000213752,4.45872E-07,2.43096E-10,1.02771E-10,1.3221E-11,5.56675E-12
245,2,1.56373,1.56371,0,0,0,1.29852,0.261107,0.00404251,1.85084E-05,1.22018E-05,2.74198E-06,2.19331E-06,0,0.60923,0.107429,0.000233733,1.27435E-07,5.38742E-08,6.93068E-09,2.91818E-09
245,3,2.35808,2.35791,0,0,0,0,1.98276,0.372048,0.00160705,0.00105946,0.000238081,0.000190441,0,0,0.930104,0.150768,8.56975E-05,3.62294E-05,4.66075E-06,1.96242E-06
245,4,2.39712,2.39532,0,0,0,0,0,2.05424,0.193704,0.106351,0.0238573,0.0171736,0,0,0,0.859977,0.0180071,0.00761269,0.000979336,0.000412352
245,5,2.42918,2.42315,0,0,0,0,0,0.000300911,1.13044,0.985129,0.183091,0.124183,0,0,0,0,0,0,0,0
245,6,2.49491,2.48467,0,0,0,0,0,1.04697E-15,0.00106502,1.48461,0.63734,0.361656,0,0,0,0,0,0,0,0
245,7,2.66704,2.64986,0,0,0,0,0,0,8.18776E-10,0.0571732,1.39983,1.19285,0,0,0,0,0,0,0,0
245,8,3.45144,3.4173,0,0,0,0,0,0,9.14966E-11,0.0041409,0.264309,3.14885,0,0,0,0,0,0,0,0
246,1,0.543824,0.543814,0,0,0.361497,0.179203,0.00306272,5.03426E-05,2.30491E-07,1.51953E-07,3.41468E-08,2.7314E-08,0.168426,0.080682,0.000207459,4.32744E-07,2.35939E-10,9.97453E-11,1.28318E-11,5.40285E-12
246,2,1.54946,1.54944,0,0,0,1.29502,0.2505,0.00388239,1.77753E-05,1.17185E-05,2.63338E-06,2.10644E-06,0,0.607644,0.102486,0.00022287,1.21512E-07,5.13705E-08,6.60858E-09,2.78256E-09
246,3,2.35735,2.35718,0,0,0,0,1.99103,0.363127,0.0015696,0.00103477,0.000232533,0.000186003,0,0,0.934048,0.146496,0.000083245,3.51926E-05,4.52737E-06,1.90626E-06
246,4,2.39701,2.39523,0,0,0,0,0,2.05977,0.190486,0.104611,0.023467,0.0168971,0,0,0,0.86437,0.0177128,0.00748826,0.000963329,0.000405612
246,5,2.42916,2.42313,0,0,0,0,0,0.000301509,1.13167,0.984061,0.182986,0.124112,0,0,0,0,0,0,0,0
246,6,2.49448,2.48426,0,0,0,0,0,1.06165E-15,0.00107995,1.49008,0.633028,0.360076,0,0,0,0,0,0,0,0
246,7,2.66614,2.64899,0,0,0,0,0,0,8.31899E-10,0.058324,1.40341,1.18725,0,0,0,0,0,0,0,0
246,8,3.44748,3.41341,0,0,0,0,0,0,9.17296E-11,0.00415158,0.26535,3.14391,0,0,0,0,0,0,0,0
247,1,0.39528,0.367706,0,1,0.271848,0.0942621,0.00156951,2.57985E-05,1.18117E-07,7.78696E-08,1.74988E-08,1.39973E-08,0.0941457,0.0399412,0.000104682,2.18359E-07,1.19053E-10,5.03307E-11,6.47481E-12,2.72623E-12
247,2,0.990014,0.981134,0,0,0,0.852295,0.126885,0.00193632,8.86534E-06,5.84456E-06,1.31338E-06,1.05058E-06,0,0.329375,0.0498597,0.000109782,5.98548E-08,2.53042E-08,3.25527E-09,1.37064E-09
247,3,1.4699,1.45635,0,0,0,0,1.2634,0.191388,0.000814525,0.000536983,0.00012067,9.65242E-05,0,0,0.513301,0.0743978,4.28044E-05,0.000018096,2.32797E-06,9.80196E-07
247,4,1.52572,1.47826,0,0,0,0,0,1.29152,0.108032,0.0567992,0.0127415,0.00916714,0,0,0,0.480296,0.00941053,0.00397839,0.000511801,0.000215495
247,5,1.49718,1.46016,0,0,0,0,0,0.000196963,0.737799,0.55544,0.099344,0.067381,0,0,0,0,0,0,0,0
247,6,1.58855,1.51713,0,0,0,0,0,6.03645E-16,0.000707655,0.959747,0.358602,0.198072,0,0,0,0,0,0,0,0
247,7,1.75217,1.64015,0,0,0,0,0,0,4.86378E-10,0.0370824,0.91278,0.69029,0,0,0,0,0,0,0,0
247,8,2.40016,2.18358,1,0,0,0,0,0,5.58044E-11,0.00252724,0.167953,2.0131,0,0,0,0,0,0,0,0
248,1,0.393963,0.366302,0,1,0.271836,0.0928891,0.00155005,2.54785E-05,1.16652E-07,7.69037E-08,1.72817E-08,1.38237E-08,0.0942452,0.0393256,0.000102934,2.14713E-07,1.17065E-10,4.94903E-11,6.3667E-12,2.68071E-12
248,2,0.984175,0.975202,0,0,0,0.85073,0.122582,0.00187282,8.57461E-06,5.65289E-06,1.27031E-06,1.01612E-06,0,0.328634,0.0479439,0.000105506,5.75234E-08,2.43186E-08,3.12848E-09,1.31725E-09
248,3,1.46932,1.45591,0,0,0,0,1.26776,0.186612,0.000794959,0.000524084,0.000117772,9.42056E-05,0,0,0.515278,0.0722063,4.15262E-05,1.75556E-05,2.25845E-06,9.50924E-07
248,4,1.52568,1.47844,0,0,0,0,0,1.2949,0.106215,0.0558014,0.0125176,0.00900633,0,0,0,0.482676,0.00919187,0.00388595,0.000499909,0.000210488
248,5,1.49715,1.46012,0,0,0,0,0,0.000197332,0.739002,0.554348,0.0992518,0.0673185,0,0,0,0,0,0,0,0
248,6,1.58758,1.5165,0,0,0,0,0,6.17867E-16,0.000724333,0.96501,0.354194,0.196567,0,0,0,0,0,0,0,0
248,7,1.75027,1.63872,0,0,0,0,0,0,5.0309E-10,0.0387127,0.917642,0.682365,0,0,0,0,0,0,0,0
248,8,2.38729,2.17235,1,0,0,0,0,0,5.62504E-11,0.00254775,0.170235,1.99957,0,0,0,0,0,0,0,0
249,1,0.393601,0.365915,0,1,0.271828,0.0925166,0.00154475,2.53914E-05,1.16253E-07,7.66409E-08,1.72227E-08,1.37764E-08,0.09427,0.0391584,0.00010246,2.13725E-07,1.16526E-10,4.92625E-11,6.33739E-12,2.66837E-12
249,2,0.982381,0.973379,0,0,0,0.85027,0.121239,0.00185303,0.000008484,5.59316E-06,1.25689E-06,1.00539E-06,0,0.328416,0.0473449,0.000104168,5.67938E-08,2.40101E-08,3.08879E-09,1.30054E-09
249,3,1.4691,1.45573,0,0,0,0,1.26942,0.184801,0.000787531,0.000519187,0.000116671,9.33254E-05,0,0,0.516025,0.071377,4.10427E-05,1.73512E-05,2.23215E-06,9.39852E-07
249,4,1.52583,1.4786,0,0,0,0,0,1.29745,0.104796,0.0550949,0.0123592,0.00889626,0,0,0,0.484586,0.00912244,0.0038566,0.000496133,0.000208898
249,5,1.49715,1.46011,0,0,0,0,0,0.000197451,0.739313,0.554066,0.0992279,0.0673023,0,0,0,0,0,0,0,0
249,6,1.58705,1.51616,0,0,0,0,0,6.25993E-16,0.000733863,0.967812,0.35185,0.195758,0,0,0,0,0,0,0,0
249,7,1.74915,1.63787,0,0,0,0,0,0,5.12943E-10,0.0396736,0.92052,0.677679,0,0,0,0,0,0,0,0
249,8,2.38454,2.16999,1,0,0,0,0,0,5.64147E-11,0.00255531,0.17107,1.99637,0,0,0,0,0,0,0,0
250,1,0.393614,0.365931,0,1,0.27181,0.0925493,0.00154516,2.53981E-05,1.16284E-07,7.66612E-08,1.72272E-08,1.37801E-08,0.0942601,0.0391727,0.000102503,2.13814E-07,1.16575E-10,4.92831E-11,6.34004E-12,2.66949E-12
250,2,0.982638,0.97364,0,0,0,0.85033,0.121437,0.00185594,8.49733E-06,5.60194E-06,1.25886E-06,1.00696E-06,0,0.328444,0.0474336,0.000104366,5.69021E-08,2.40559E-08,3.09468E-09,1.30302E-09
250,3,1.46915,1.45577,0,0,0,0,1.26906,0.185186,0.000789112,0.000520229,0.000116905,9.35126E-05,0,0,0.515866,0.0715532,4.11453E-05,1.73946E-05,2.23773E-06,9.42203E-07
250,4,1.52578,1.47855,0,0,0,0,0,1.2967,0.105223,0.0552949,0.0124041,0.00892719,0,0,0,0.484051,0.009137,0.00386275,0.000496925,0.000209232
250,5,1.49715,1.46011,0,0,0,0,0,0.000197286,0.739211,0.554156,0.0992372,0.0673086,0,0,0,0,0,0,0,0
250,6,1.58711,1.5162,0,0,0,0,0,6.24927E-16,0.000732613,0.967485,0.352124,0.195854,0,0,0,0,0,0,0,0
250,7,1.74928,1.63797,0,0,0,0,0,0,5.11769E-10,0.0395591,0.920179,0.678236,0,0,0,0,0,0,0,0
250,8,2.38469,2.17012,1,0,0,0,0,0,5.64011E-11,0.00255468,0.171001,1.99656,0,0,0,0,0,0,0,0
251,1,0.394037,0.366384,0,1,0.271785,0.0930213,0.00155176,2.55067E-05,1.16781E-07,7.69889E-08,1.73009E-08,1.3839E-08,0.0942135,0.0393838,0.000103106,2.15072E-07,1.17261E-10,4.95731E-11,6.37734E-12,2.6852E-12
251,2,0.985085,0.976126,0,0,0,0.850943,0.123283,0.00188311,8.62174E-06,5.68396E-06,1.27729E-06,1.02171E-06,0,0.328734,0.0482576,0.000106208,5.7906E-08,2.44803E-08,3.14928E-09,1.32601E-09
251,3,1.46947,1.45602,0,0,0,0,1.26666,0.187817,0.000799904,0.000527344,0.000118504,9.47916E-05,0,0,0.514783,0.0727575,4.18475E-05,1.76914E-05,2.27592E-06,9.58282E-07
251,4,1.52554,1.47831,0,0,0,0,0,1.29282,0.107399,0.0563585,0.0126425,0.00909256,0,0,0,0.481184,0.00923358,0.00390358,0.000502178,0.000211443
251,5,1.49715,1.46013,0,0,0,0,0,0.000196932,0.738748,0.554573,0.0992748,0.0673341,0,0,0,0,0,0,0,0
251,6,1.58774,1.5166,0,0,0,0,0,6.15158E-16,0.000721156,0.964182,0.354886,0.196809,0,0,0,0,0,0,0,0
251,7,1.75053,1.63892,0,0,0,0,0,0,5.00764E-10,0.0384858,0.916969,0.683464,0,0,0,0,0,0,0,0
251,8,2.38746,2.17248,1,0,0,0,0,0,5.62298E-11,0.00254679,0.17013,1.9998,0,0,0,0,0,0,0,0
252,1,0.395522,0.367972,0,1,0.271769,0.0946024,0.00157409,2.58737E-05,1.18461E-07,7.80967E-08,1.75498E-08,1.40381E-08,0.0940862,0.0400921,0.000105121,2.19275E-07,1.19552E-10,5.05418E-11,6.50197E-12,2.73767E-12
252,2,0.991821,0.98297,0,0,0,0.852727,0.128268,0.00195665,8.95841E-06,5.90592E-06,1.32717E-06,1.06161E-06,0,0.329578,0.0504784,0.000111166,6.06091E-08,2.56231E-08,3.29629E-09,1.38791E-09
252,3,1.47012,1.45653,0,0,0,0,1.26173,0.193209,0.000821995,0.000541908,0.000121777,9.74095E-05,0,0,0.512552,0.075231,4.32902E-05,1.83014E-05,2.35439E-06,9.91319E-07
252,4,1.52556,1.47811,0,0,0,0,0,1.2891,0.109402,0.0574502,0.0128874,0.00926809,0,0,0,0.478557,0.00946399,0.00400099,0.000514709,0.00021672
252,5,1.49718,1.46017,0,0,0,0,0,0.000196577,0.737546,0.555664,0.0993668,0.0673965,0,0,0,0,0,0,0,0
252,6,1.58869,1.51722,0,0,0,0,0,6.01188E-16,0.000704774,0.95907,0.359166,0.198275,0,0,0,0,0,0,0,0
252,7,1.75225,1.64022,0,0,0,0,0,0,4.85648E-10,0.0370109,0.912577,0.690626,0,0,0,0,0,0,0,0
252,8,2.39937,2.18288,1,0,0,0,0,0,5.58198E-11,0.00252794,0.168032,2.01232,0,0,0,0,0,0,0,0
253,1,0.544301,0.54429,0,0,0.361282,0.179884,0.00307291,5.05102E-05,2.31258E-07,1.52459E-07,3.42604E-08,2.74049E-08,0.16829,0.081035,0.00020842,4.3475E-07,2.37032E-10,1.00208E-10,1.28912E-11,5.42789E-12
253,2,1.55155,1.55153,0,0,0,1.29553,0.252052,0.00390581,1.78825E-05,1.17892E-05,2.64926E-06,2.11915E-06,0,0.607875,0.103209,0.00022446,1.22379E-07,5.17369E-08,6.65571E-09,2.8024E-09
253,3,2.35747,2.3573,0,0,0,0,1.98974,0.364522,0.00157546,0.00103864,0.000233402,0.000186698,0,0,0.933437,0.14716,8.36261E-05,3.53538E-05,4.5481E-06,1.91499E-06
253,4,2.39703,2.39525,0,0,0,0,0,2.05867,0.191147,0.10494,0.0235409,0.0169481,0,0,0,0.863504,0.0177383,0.00749904,0.000964716,0.000406196
253,5,2.42916,2.42313,0,0,0,0,0,0.000301274,1.13153,0.98418,0.183,0.124122,0,0,0,0,0,0,0,0
253,6,2.49442,2.4842,0,0,0,0,0,1.06254E-15,0.00108086,1.49094,0.632336,0.359848,0,0,0,0,0,0,0,0
253,7,2.66578,2.64864,0,0,0,0,0,0,8.37178E-10,0.0587862,1.40488,1.18497,0,0,0,0,0,0,0,0
253,8,3.4464,3.41235,0,0,0,0,0,0,9.18102E-11,0.00415527,0.265712,3.14248,0,0,0,0,0,0,0,0
254,1,0.549822,0.549812,0,0,0.360383,0.186206,0.00316991,5.21046E-05,2.38558E-07,1.57271E-07,3.53419E-08,2.827E-08,0.167584,0.0842635,0.000217135,4.52928E-07,2.46943E-10,1.04398E-10,1.34303E-11,5.65485E-12
254,2,1.57151,1.57148,0,0,0,1.30019,0.267122,0.00413301,1.89227E-05,0.000012475,2.80337E-06,2.24242E-06,0,0.609967,0.110251,0.000239941,1.3082E-07,5.53053E-08,7.11477E-09,2.99569E-09
254,3,2.35866,2.35849,0,0,0,0,1.97595,0.379386,0.00163783,0.00107975,0.000242641,0.000194089,0,0,0.926842,0.154293,8.77215E-05,3.70851E-05,4.77083E-06,2.00877E-06
254,4,2.3973,2.39547,0,0,0,0,0,2.04461,0.199469,0.109255,0.0245084,0.0176243,0,0,0,0.852287,0.0182563,0.00771802,0.000992888,0.000418058
254,5,2.4292,2.42317,0,0,0,0,0,0.000299192,1.12908,0.986299,0.18322,0.124271,0,0,0,0,0,0,0,0
254,6,2.49598,2.48568,0,0,0,0,0,1.01486E-15,0.00103235,1.47072,0.648353,0.365578,0,0,0,0,0,0,0,0
254,7,2.66942,2.65216,0,0,0,0,0,0,7.84074E-10,0.0541337,1.39024,1.20778,0,0,0,0,0,0,0,0
254,8,3.4551,3.42088,0,0,0,0,0,0,9.11635E-11,0.00412563,0.262807,3.15395,0,0,0,0,0,0,0,0
255,1,0.544663,0.544653,0,0,0.361585,0.179942,0.00307452,5.05366E-05,2.31379E-07,1.52539E-07,3.42784E-08,2.74193E-08,0.168436,0.0810551,0.000208448,4.34806E-07,2.37063E-10,1.00221E-10,1.28929E-11,5.42859E-12
255,2,1.55211,1.55209,0,0,0,1.29555,0.252592,0.0039138,1.79191E-05,1.18133E-05,2.65468E-06,2.12348E-06,0,0.60787,0.10347,0.000225038,1.22694E-07,5.18702E-08,6.67286E-09,2.80962E-09
255,3,2.35769,2.35752,0,0,0,0,1.98709,0.367363,0.00158736,0.00104648,0.000235164,0.000188108,0,0,0.932162,0.148532,8.44143E-05,3.56869E-05,4.59096E-06,1.93303E-06
255,4,2.39715,2.39535,0,0,0,0,0,2.052,0.195152,0.106942,0.0239897,0.017258,0,0,0,0.858174,0.0178921,0.00756405,0.00097308,0.000409718
255,5,2.42918,2.42315,0,0,0,0,0,0.000299924,1.13048,0.985076,0.183099,0.124189,0,0,0,0,0,0,0,0
255,6,2.49541,2.48515,0,0,0,0,0,1.03314E-15,0.00105094,1.47794,0.642643,0.363508,0,0,0,0,0,0,0,0
255,7,2.66854,2.65132,0,0,0,0,0,0,7.9685E-10,0.0552536,1.39374,1.20232,0,0,0,0,0,0,0,0
255,8,3.45114,3.417,0,0,0,0,0,0,9.13849E-11,0.00413577,0.263796,3.14907,0,0,0,0,0,0,0,0
256,1,0.395354,0.367773,0,1,0.271976,0.0942021,0.00156905,2.57908E-05,1.18082E-07,7.78465E-08,1.74936E-08,1.39931E-08,0.0942054,0.0399166,0.000104595,2.18178E-07,1.18954E-10,5.0289E-11,6.46945E-12,2.72398E-12
256,2,0.989591,0.980704,0,0,0,0.852152,0.126602,0.00193209,8.84597E-06,5.83178E-06,1.31051E-06,1.04828E-06,0,0.329306,0.0497352,0.000109506,5.97042E-08,2.52405E-08,3.24708E-09,1.36719E-09
256,3,1.46995,1.45639,0,0,0,0,1.26292,0.191904,0.000816629,0.00053837,0.000120982,9.67736E-05,0,0,0.513082,0.0746377,4.29448E-05,1.81553E-05,2.3356E-06,9.83409E-07
256,4,1.52548,1.47808,0,0,0,0,0,1.28856,0.109731,0.0575791,0.0129163,0.00928686,0,0,0,0.478163,0.00944816,0.0039943,0.000513848,0.000216357
256,5,1.49718,1.46018,0,0,0,0,0,0.000196213,0.737343,0.555844,0.0993857,0.0674093,0,0,0,0,0,0,0,0
256,6,1.58943,1.51772,0,0,0,0,0,5.91782E-16,0.000693745,0.954526,0.362986,0.199511,0,0,0,0,0,0,0,0
256,7,1.75427,1.64174,0,0,0,0,0,0,4.67993E-10,0.035291,0.90736,0.69909,0,0,0,0,0,0,0,0
256,8,2.4026,2.18565,1,0,0,0,0,0,5.56238E-11,0.00251892,0.167031,2.0161,0,0,0,0,0,0,0,0
257,1,0.394005,0.366333,0,1,0.271979,0.0927792,0.00154892,2.54599E-05,1.16567E-07,7.68478E-08,1.72692E-08,1.38136E-08,0.0943161,0.0392786,0.000102782,2.14396E-07,1.16892E-10,4.94173E-11,6.3573E-12,2.67676E-12
257,2,0.983236,0.974247,0,0,0,0.850478,0.121889,0.00186259,8.52779E-06,5.62202E-06,1.26338E-06,1.01057E-06,0,0.328513,0.0476357,0.000104818,5.71483E-08,2.416E-08,3.10807E-09,1.30866E-09
257,3,1.46926,1.45586,0,0,0,0,1.2682,0.18613,0.000792967,0.000522771,0.000117477,9.39695E-05,0,0,0.515471,0.0719888,4.13998E-05,1.75022E-05,2.25157E-06,9.4803E-07
257,4,1.52559,1.47838,0,0,0,0,0,1.29394,0.106777,0.0560486,0.012573,0.00904357,0,0,0,0.481971,0.0091881,0.00388435,0.000499704,0.000210402
257,5,1.49716,1.46013,0,0,0,0,0,0.000196971,0.738729,0.554591,0.0992758,0.0673348,0,0,0,0,0,0,0,0
257,6,1.58824,1.51693,0,0,0,0,0,6.08404E-16,0.000713237,0.961257,0.357341,0.197622,0,0,0,0,0,0,0,0
257,7,1.75194,1.63998,0,0,0,0,0,0,4.8846E-10,0.0372862,0.913364,0.689328,0,0,0,0,0,0,0,0
257,8,2.38907,2.17384,1,0,0,0,0,0,5.61003E-11,0.00254083,0.169468,2.00183,0,0,0,0,0,0,0,0
258,1,0.393603,0.365903,0,1,0.271987,0.0923473,0.00154283,2.53599E-05,1.16109E-07,7.65457E-08,1.72013E-08,1.37593E-08,0.094353,0.0390849,0.000102231,2.13246E-07,1.16265E-10,4.91522E-11,6.3232E-12,2.6624E-12
258,2,0.981097,0.972074,0,0,0,0.849938,0.12028,0.00183891,8.41934E-06,5.55053E-06,1.24731E-06,9.97723E-07,0,0.328257,0.0469179,0.000103214,5.62739E-08,2.37903E-08,3.06052E-09,1.28864E-09
258,3,1.46896,1.45562,0,0,0,0,1.27042,0.1837,0.000782998,0.000516198,0.000116,9.27881E-05,0,0,0.516471,0.0708766,4.07513E-05,0.000017228,2.21631E-06,9.3318E-07
258,4,1.52583,1.47863,0,0,0,0,0,1.29787,0.104567,0.0549801,0.0123335,0.00887722,0,0,0,0.48481,0.00908561,0.00384103,0.00049413,0.000208055
258,5,1.49715,1.46011,0,0,0,0,0,0.000197495,0.739206,0.554164,0.0992352,0.0673072,0,0,0,0,0,0,0,0
258,6,1.58764,1.51653,0,0,0,0,0,6.16949E-16,0.000723257,0.964722,0.354435,0.196653,0,0,0,0,0,0,0,0
258,7,1.75022,1.63869,0,0,0,0,0,0,5.03458E-10,0.0387479,0.917773,0.682163,0,0,0,0,0,0,0,0
258,8,2.3854,2.1707,1,0,0,0,0,0,5.63249E-11,0.00255117,0.170611,1.99754,0,0,0,0,0,0,0,0
259,1,0.393538,0.365833,0,1,0.271989,0.0922767,0.00154184,2.53436E-05,1.16034E-07,7.64965E-08,1.71902E-08,1.37505E-08,0.0943597,0.0390532,0.000102141,2.13058E-07,1.16163E-10,4.91088E-11,6.31762E-12,2.66005E-12
259,2,0.980747,0.971718,0,0,0,0.849852,0.120015,0.001835,8.40144E-06,5.53872E-06,1.24466E-06,9.95601E-07,0,0.328216,0.0467992,0.000102949,5.61292E-08,2.37291E-08,3.05265E-09,1.28532E-09
259,3,1.4689,1.45558,0,0,0,0,1.27085,0.183218,0.000781022,0.000514896,0.000115707,0.000092554,0,0,0.516669,0.0706561,4.06228E-05,1.71737E-05,2.20932E-06,9.30237E-07
259,4,1.5259,1.47869,0,0,0,0,0,1.29891,0.103977,0.0547021,0.0122711,0.00883419,0,0,0,0.485555,0.00906448,0.00383209,0.000492981,0.000207571
259,5,1.49715,1.4601,0,0,0,0,0,0.00019771,0.739352,0.554034,0.0992221,0.0672984,0,0,0,0,0,0,0,0
259,6,1.58745,1.51641,0,0,0,0,0,6.19569E-16,0.00072633,0.96579,0.353539,0.196355,0,0,0,0,0,0,0,0
259,7,1.74958,1.6382,0,0,0,0,0,0,5.09062E-10,0.0392942,0.919416,0.679491,0,0,0,0,0,0,0,0
259,8,2.38447,2.16992,1,0,0,0,0,0,5.63963E-11,0.00255446,0.170975,1.99639,0,0,0,0,0,0,0,0
260,1,0.393694,0.366,0,1,0.271985,0.092445,0.00154421,2.53825E-05,1.16212E-07,7.6614E-08,1.72166E-08,1.37716E-08,0.0943449,0.0391286,0.000102355,2.13506E-07,1.16407E-10,4.9212E-11,6.3309E-12,2.66564E-12
260,2,0.981602,0.972587,0,0,0,0.850068,0.120658,0.00184447,8.44481E-06,5.56732E-06,1.25108E-06,1.00074E-06,0,0.328319,0.0470862,0.00010359,5.64788E-08,2.3877E-08,3.07166E-09,1.29333E-09
260,3,1.46902,1.45567,0,0,0,0,1.27001,0.184145,0.000784827,0.000517405,0.000116271,0.000093005,0,0,0.516289,0.0710798,4.08698E-05,1.72781E-05,2.22275E-06,9.35892E-07
260,4,1.52582,1.47861,0,0,0,0,0,1.29754,0.104746,0.0550762,0.012355,0.00889249,0,0,0,0.48456,0.00910136,0.00384769,0.000494987,0.000208416
260,5,1.49715,1.46011,0,0,0,0,0,0.000197595,0.739231,0.554143,0.0992322,0.0673052,0,0,0,0,0,0,0,0
260,6,1.58759,1.5165,0,0,0,0,0,6.17511E-16,0.000723917,0.965042,0.354165,0.196569,0,0,0,0,0,0,0,0
260,7,1.74994,1.63847,0,0,0,0,0,0,5.05927E-10,0.0389886,0.918496,0.680988,0,0,0,0,0,0,0,0
260,8,2.38543,2.17074,1,0,0,0,0,0,5.63385E-11,0.0025518,0.170682,1.9975,0,0,0,0,0,0,0,0
261,1,0.394153,0.36649,0,1,0.271977,0.0929367,0.00155114,2.54965E-05,1.16734E-07,7.69581E-08,1.7294E-08,1.38334E-08,0.0943035,0.039349,0.000102983,2.14814E-07,1.1712E-10,4.95136E-11,6.3697E-12,2.68198E-12
261,2,0.983961,0.974984,0,0,0,0.850678,0.122418,0.00187042,8.56359E-06,5.64563E-06,1.26868E-06,1.01482E-06,0,0.328608,0.047871,0.000105343,5.74344E-08,2.4281E-08,3.12364E-09,1.31521E-09
261,3,1.4693,1.45589,0,0,0,0,1.26788,0.186482,0.000794412,0.000523723,0.000117691,9.41408E-05,0,0,0.515327,0.0721493,4.14933E-05,1.75417E-05,2.25666E-06,9.50171E-07
261,4,1.52568,1.47843,0,0,0,0,0,1.29463,0.106362,0.0558799,0.0125352,0.00901859,0,0,0,0.482467,0.00920019,0.00388947,0.000500362,0.000210679
261,5,1.49716,1.46012,0,0,0,0,0,0.000197271,0.738791,0.554539,0.0992679,0.0673294,0,0,0,0,0,0,0,0
261,6,1.588,1.51677,0,0,0,0,0,6.11453E-16,0.000716812,0.962755,0.356081,0.197217,0,0,0,0,0,0,0,0
261,7,1.75099,1.63927,0,0,0,0,0,0,4.96712E-10,0.0380903,0.915794,0.685381,0,0,0,0,0,0,0,0
261,8,2.38931,2.17408,1,0,0,0,0,0,5.615E-11,0.00254312,0.169724,2.00182,0,0,0,0,0,0,0,0
262,1,0.395226,0.367635,0,1,0.271998,0.0940438,0.00156687,2.57551E-05,1.17918E-07,7.77386E-08,1.74694E-08,1.39737E-08,0.0942243,0.0398469,0.000104394,2.17759E-07,1.18725E-10,5.01923E-11,6.457E-12,2.71874E-12
262,2,0.988183,0.979274,0,0,0,0.851819,0.125522,0.00191622,8.77333E-06,5.78389E-06,1.29975E-06,1.03967E-06,0,0.329149,0.0492521,0.000108425,5.9115E-08,2.49914E-08,3.21503E-09,1.3537E-09
262,3,1.46974,1.45623,0,0,0,0,1.26456,0.190111,0.000809284,0.000533528,0.000119894,9.59032E-05,0,0,0.513826,0.0738139,4.24641E-05,1.79521E-05,2.30946E-06,9.72402E-07
262,4,1.52567,1.47827,0,0,0,0,0,1.29175,0.107936,0.0567132,0.0127221,0.0091521,0,0,0,0.480467,0.00936584,0.0039595,0.000509371,0.000214472
262,5,1.49718,1.46016,0,0,0,0,0,0.000196742,0.73782,0.555417,0.0993449,0.0673816,0,0,0,0,0,0,0,0
262,6,1.58863,1.51718,0,0,0,0,0,6.02353E-16,0.00070614,0.959364,0.358921,0.198184,0,0,0,0,0,0,0,0
262,7,1.75222,1.64019,0,0,0,0,0,0,4.8591E-10,0.0370365,0.912653,0.690502,0,0,0,0,0,0,0,0
262,8,2.39814,2.18181,1,0,0,0,0,0,5.58616E-11,0.00252986,0.168243,2.01104,0,0,0,0,0,0,0,0
263,1,0.395881,0.368338,0,1,0.271959,0.0947759,0.00157712,2.59234E-05,1.18689E-07,7.82468E-08,1.75836E-08,1.40651E-08,0.094152,0.0401742,0.000105329,2.19709E-07,1.19789E-10,5.06419E-11,6.51484E-12,2.74309E-12
263,2,0.991558,0.982702,0,0,0,0.852658,0.128072,0.00195376,8.94517E-06,5.89719E-06,1.32521E-06,1.06004E-06,0,0.329545,0.050391,0.000110971,6.05028E-08,2.55781E-08,3.29051E-09,1.38548E-09
263,3,1.47012,1.45653,0,0,0,0,1.26169,0.193251,0.000822161,0.000542017,0.000121802,9.74292E-05,0,0,0.512531,0.0752523,4.33029E-05,1.83067E-05,2.35508E-06,9.9161E-07
263,4,1.52548,1.47805,0,0,0,0,0,1.2881,0.109979,0.0577132,0.0129464,0.00930843,0,0,0,0.477842,0.00947571,0.00400595,0.000515346,0.000216988
263,5,1.49718,1.46018,0,0,0,0,0,0.000196287,0.737344,0.555844,0.0993847,0.0674086,0,0,0,0,0,0,0,0
263,6,1.58906,1.51746,0,0,0,0,0,5.96063E-16,0.000698764,0.956982,0.360918,0.198859,0,0,0,0,0,0,0,0
263,7,1.75303,1.64081,0,0,0,0,0,0,4.78803E-10,0.0363436,0.910567,0.693893,0,0,0,0,0,0,0,0
263,8,2.40036,2.18372,1,0,0,0,0,0,5.5753E-11,0.00252487,0.16769,2.01351,0,0,0,0,0,0,0,0
264,1,0.396611,0.369121,0,1,0.271923,0.0955822,0.00158842,2.61092E-05,1.1954E-07,7.88077E-08,1.77096E-08,1.41659E-08,0.0940743,0.0405353,0.00010636,2.21859E-07,1.20961E-10,5.11374E-11,6.57858E-12,2.76993E-12
264,2,0.994622,0.985815,0,0,0,0.85342,0.130388,0.00198785,9.10125E-06,6.00008E-06,1.34833E-06,1.07853E-06,0,0.329905,0.0514254,0.000113282,6.17632E-08,2.6111E-08,3.35906E-09,1.41434E-09
264,3,1.47044,1.45677,0,0,0,0,1.25932,0.195846,0.000832803,0.000549033,0.000123378,9.86903E-05,0,0,0.511461,0.0764405,4.39957E-05,1.85996E-05,2.39276E-06,1.00748E-06
264,4,1.5253,1.47787,0,0,0,0,0,1.28518,0.111617,0.0585069,0.0131243,0.00943208,0,0,0,0.475738,0.00955385,0.00403898,0.000519596,0.000218777
264,5,1.49719,1.46019,0,0,0,0,0,0.000195935,0.73703,0.556125,0.0994115,0.0674268,0,0,0,0,0,0,0,0
264,6,1.58935,1.51765,0,0,0,0,0,5.91754E-16,0.000693711,0.955362,0.362275,0.199317,0,0,0,0,0,0,0,0
264,7,1.75352,1.64117,0,0,0,0,0,0,4.74524E-10,0.0359265,0.909311,0.695935,0,0,0,0,0,0,0,0
264,8,2.40083,2.18412,1,0,0,0,0,0,5.57097E-11,0.00252287,0.16747,2.01412,0,0,0,0,0,0,0,0
265,1,0.397896,0.370494,0,1,0.271911,0.0969488,0.00160772,2.64265E-05,1.20992E-07,7.97653E-08,1.79248E-08,1.4338E-08,0.0939626,0.0411483,0.000108103,2.25495E-07,1.22943E-10,5.19755E-11,6.6864E-12,2.81533E-12
265,2,0.998685,0.989943,0,0,0,0.854512,0.133381,0.00203201,9.30344E-06,6.13337E-06,1.37829E-06,1.10249E-06,0,0.330421,0.0527577,0.000116256,6.33845E-08,2.67964E-08,3.44724E-09,1.45147E-09
265,3,1.47075,1.45701,0,0,0,0,1.25695,0.198432,0.000843394,0.000556015,0.000124947,9.99453E-05,0,0,0.510388,0.0776287,4.46889E-05,1.88927E-05,2.43045E-06,1.02335E-06
265,4,1.5254,1.47783,0,0,0,0,0,1.28431,0.112068,0.0587886,0.0131875,0.00947928,0,0,0,0.475178,0.00965659,0.00408241,0.000525183,0.00022113
265,5,1.4972,1.46021,0,0,0,0,0,0.000195665,0.736354,0.556738,0.0994641,0.0674625,0,0,0,0,0,0,0,0
265,6,1.58968,1.51786,0,0,0,0,0,5.86965E-16,0.000688094,0.953594,0.363755,0.199824,0,0,0,0,0,0,0,0
265,7,1.75393,1.64148,0,0,0,0,0,0,4.70889E-10,0.0355716,0.908266,0.697645,0,0,0,0,0,0,0,0
265,8,2.4054,2.18814,1,0,0,0,0,0,5.55849E-11,0.00251714,0.166827,2.01879,0,0,0,0,0,0,0,0
266,1,0.544568,0.544558,0,0,0.361366,0.180065,0.00307594,0.00005056,2.31486E-07,1.52609E-07,3.42942E-08,2.7432E-08,0.168323,0.0811244,0.000208652,4.35233E-07,2.37295E-10,1.00319E-10,1.29056E-11,5.43392E-12
266,2,1.55207,1.55205,0,0,0,1.29549,0.252605,0.00391395,1.79198E-05,1.18138E-05,2.65479E-06,2.12356E-06,0,0.607843,0.103479,0.00022506,1.22706E-07,5.18753E-08,6.67352E-09,2.8099E-09
266,3,2.35766,2.35749,0,0,0,0,1.98773,0.366705,0.00158464,0.00104469,0.000234761,0.000187785,0,0,0.93248,0.148201,8.42233E-05,3.56062E-05,4.58058E-06,1.92866E-06
266,4,2.39712,2.39533,0,0,0,0,0,2.05281,0.194721,0.106659,0.0239261,0.0172101,0,0,0,0.858778,0.0177774,0.00751556,0.000966842,0.000407091
266,5,2.42917,2.42313,0,0,0,0,0,0.000300265,1.13132,0.984341,0.183028,0.12414,0,0,0,0,0,0,0,0
266,6,2.49472,2.48449,0,0,0,0,0,1.05244E-15,0.00107058,1.48706,0.635401,0.360953,0,0,0,0,0,0,0,0
266,7,2.66664,2.64948,0,0,0,0,0,0,8.24595E-10,0.0576841,1.4014,1.19039,0,0,0,0,0,0,0,0
266,8,3.44419,3.41018,0,0,0,0,0,0,9.18102E-11,0.00415525,0.265701,3.14033,0,0,0,0,0,0,0,0
267,1,0.54506,0.54505,0,0,0.361261,0.180652,0.0030849,5.07072E-05,2.3216E-07,1.53054E-07,3.43941E-08,2.75118E-08,0.168248,0.0814243,0.000209464,4.36926E-07,2.38219E-10,1.00709E-10,1.29558E-11,5.45507E-12
267,2,1.5543,1.55428,0,0,0,1.29612,0.254187,0.00393793,1.80296E-05,1.18862E-05,2.67105E-06,2.13658E-06,0,0.608134,0.104211,0.000226665,1.23581E-07,5.22451E-08,6.72109E-09,2.82993E-09
267,3,2.35772,2.35755,0,0,0,0,1.98695,0.367532,0.0015881,0.00104697,0.000235273,0.000188195,0,0,0.932105,0.148603,8.44542E-05,3.57038E-05,4.59313E-06,1.93395E-06
267,4,2.3971,2.39531,0,0,0,0,0,2.05442,0.193695,0.106219,0.0238277,0.0171464,0,0,0,0.860109,0.0178418,0.00754278,0.000970343,0.000408566
267,5,2.42917,2.42314,0,0,0,0,0,0.000300558,1.13099,0.984639,0.183051,0.124156,0,0,0,0,0,0,0,0
267,6,2.49476,2.48452,0,0,0,0,0,1.05142E-15,0.00106954,1.48653,0.635817,0.361104,0,0,0,0,0,0,0,0
267,7,2.66672,2.64955,0,0,0,0,0,0,8.23399E-10,0.0575789,1.40109,1.19088,0,0,0,0,0,0,0,0
267,8,3.44767,3.4136,0,0,0,0,0,0,9.16751E-11,0.00414907,0.265101,3.14435,0,0,0,0,0,0,0,0
268,1,0.544007,0.543997,0,0,0.361491,0.17939,0.00306563,5.03905E-05,2.3071E-07,1.52098E-07,3.41792E-08,2.734E-08,0.168414,0.080777,0.000207713,4.33274E-07,2.36228E-10,9.98676E-11,1.28475E-11,5.40947E-12
268,2,1.55007,1.55004,0,0,0,1.29515,0.250972,0.00388949,1.78078E-05,0.00001174,2.63819E-06,2.11029E-06,0,0.607698,0.102708,0.000223359,1.21779E-07,5.14831E-08,6.62307E-09,2.78866E-09
268,3,2.35742,2.35725,0,0,0,0,1.99024,0.363984,0.0015732,0.00103714,0.000233066,0.000186429,0,0,0.933669,0.146906,8.34806E-05,3.52922E-05,4.54019E-06,1.91166E-06
268,4,2.39703,2.39525,0,0,0,0,0,2.05826,0.191394,0.105057,0.0235672,0.0169659,0,0,0,0.863178,0.0177397,0.00749962,0.000964792,0.000406228
268,5,2.42916,2.42313,0,0,0,0,0,0.000301162,1.13145,0.984242,0.183007,0.124126,0,0,0,0,0,0,0,0
268,6,2.49457,2.48434,0,0,0,0,0,1.05834E-15,0.00107658,1.48896,0.633909,0.360402,0,0,0,0,0,0,0,0
268,7,2.66633,2.64917,0,0,0,0,0,0,8.29224E-10,0.0580895,1.40268,1.18839,0,0,0,0,0,0,0,0
268,8,3.44736,3.41329,0,0,0,0,0,0,9.17208E-11,0.00415117,0.265309,3.14383,0,0,0,0,0,0,0,0
269,1,0.541399,0.541389,0,0,0.361998,0.176322,0.0030187,0.000049619,2.27178E-07,1.49769E-07,3.3656E-08,2.69214E-08,0.168794,0.079206,0.000203468,4.2442E-07,2.314E-10,9.78266E-11,1.25849E-11,5.29892E-12
269,2,1.53928,1.53926,0,0,0,1.29245,0.242997,0.00376906,1.72564E-05,1.13765E-05,2.55651E-06,2.04495E-06,0,0.606473,0.0989943,0.000215201,1.17331E-07,4.96028E-08,6.38118E-09,2.68681E-09
269,3,2.35679,2.35663,0,0,0,0,1.99737,0.356282,0.00154085,0.00101582,0.000228274,0.000182597,0,0,0.937072,0.143219,8.13643E-05,3.43976E-05,4.42509E-06,1.86319E-06
269,4,2.39692,2.39516,0,0,0,0,0,2.06381,0.188154,0.103322,0.0231779,0.0166908,0,0,0,0.867569,0.0174619,0.00738219,0.000949684,0.000399867
269,5,2.42914,2.42311,0,0,0,0,0,0.000301891,1.13272,0.983138,0.182897,0.124052,0,0,0,0,0,0,0,0
269,6,2.49413,2.48393,0,0,0,0,0,1.07372E-15,0.00109223,1.49452,0.629528,0.358789,0,0,0,0,0,0,0,0
269,7,2.66535,2.64823,0,0,0,0,0,0,8.43581E-10,0.0593487,1.40659,1.18228,0,0,0,0,0,0,0,0
269,8,3.44322,3.40923,0,0,0,0,0,0,9.19706E-11,0.00416261,0.266427,3.13864,0,0,0,0,0,0,0,0
270,1,0.394908,0.367306,0,1,0.271883,0.0938331,0.00156355,2.57004E-05,1.17668E-07,7.75735E-08,1.74323E-08,1.39441E-08,0.0941917,0.0397501,0.000104134,2.17216E-07,1.1843E-10,5.00673E-11,6.44092E-12,2.71196E-12
270,2,0.987729,0.978814,0,0,0,0.851722,0.125163,0.00191097,8.74928E-06,5.76804E-06,1.29619E-06,1.03682E-06,0,0.329105,0.049091,0.000108064,5.89183E-08,2.49083E-08,3.20434E-09,1.34919E-09
270,3,1.46964,1.45615,0,0,0,0,1.26535,0.189251,0.000805767,0.000531209,0.000119373,9.54863E-05,0,0,0.514184,0.0734184,4.22333E-05,1.78545E-05,2.2969E-06,9.67116E-07
270,4,1.52584,1.47841,0,0,0,0,0,1.29397,0.106669,0.0561199,0.0125891,0.00906067,0,0,0,0.482077,0.00932975,0.00394424,0.000507408,0.000213645
270,5,1.49717,1.46015,0,0,0,0,0,0.000197204,0.738177,0.555099,0.0993138,0.0673605,0,0,0,0,0,0,0,0
270,6,1.58814,1.51686,0,0,0,0,0,6.09863E-16,0.000714947,0.961969,0.356742,0.197435,0,0,0,0,0,0,0,0
270,7,1.75144,1.63961,0,0,0,0,0,0,4.92725E-10,0.0377013,0.914636,0.68727,0,0,0,0,0,0,0,0
270,8,2.39779,2.18154,1,0,0,0,0,0,5.59135E-11,0.00253226,0.168508,2.0105,0,0,0,0,0,0,0,0
271,1,0.393878,0.366209,0,1,0.271856,0.0927786,0.00154854,2.54537E-05,1.16538E-07,7.6829E-08,1.72649E-08,1.38102E-08,0.094262,0.0392764,0.000102792,2.14416E-07,1.16903E-10,4.94219E-11,6.3579E-12,2.67701E-12
271,2,0.98341,0.974425,0,0,0,0.85055,0.121993,0.00186417,8.53498E-06,5.62676E-06,1.26444E-06,1.01143E-06,0,0.32855,0.0476802,0.000104916,5.72018E-08,2.41826E-08,3.11098E-09,1.30988E-09
271,3,1.46919,1.4558,0,0,0,0,1.26877,0.185511,0.000790447,0.00052111,0.000117103,0.000093671,0,0,0.515733,0.0717017,4.12319E-05,1.74312E-05,2.24244E-06,9.44186E-07
271,4,1.52587,1.47859,0,0,0,0,0,1.29725,0.104897,0.0551598,0.0123738,0.00890785,0,0,0,0.484514,0.00916181,0.00387324,0.000498275,0.0002098
271,5,1.49715,1.4601,0,0,0,0,0,0.000197672,0.739432,0.553961,0.0992168,0.0672948,0,0,0,0,0,0,0,0
271,6,1.58698,1.51612,0,0,0,0,0,6.27972E-16,0.000736184,0.967914,0.351773,0.1957,0,0,0,0,0,0,0,0
271,7,1.74965,1.63825,0,0,0,0,0,0,5.08577E-10,0.0392485,0.919225,0.679778,0,0,0,0,0,0,0,0
271,8,2.38683,2.17197,1,0,0,0,0,0,5.63049E-11,0.00255026,0.170512,1.99891,0,0,0,0,0,0,0,0
272,1,0.393687,0.366006,0,1,0.271845,0.0925897,0.00154583,2.54092E-05,1.16335E-07,7.66947E-08,1.72348E-08,1.37861E-08,0.0942717,0.0391915,0.000102552,2.13916E-07,1.1663E-10,4.93066E-11,6.34307E-12,2.67076E-12
272,2,0.982346,0.973344,0,0,0,0.850294,0.121181,0.00185223,8.48032E-06,5.59073E-06,1.25634E-06,1.00495E-06,0,0.328429,0.0473172,0.000104104,5.67593E-08,2.39955E-08,3.08692E-09,1.29975E-09
272,3,1.46902,1.45567,0,0,0,0,1.27007,0.184085,0.000784602,0.000517256,0.000116237,9.29783E-05,0,0,0.516323,0.0710475,4.08503E-05,1.72699E-05,2.22169E-06,9.35447E-07
272,4,1.52614,1.47879,0,0,0,0,0,1.30016,0.10333,0.054331,0.0121881,0.00878149,0,0,0,0.487167,0.00914221,0.00386495,0.000497208,0.000209351
272,5,1.49713,1.46007,0,0,0,0,0,0.000198213,0.740439,0.55305,0.0991377,0.0672411,0,0,0,0,0,0,0,0
272,6,1.58573,1.51535,0,0,0,0,0,6.50276E-16,0.000762346,0.973831,0.346846,0.193908,0,0,0,0,0,0,0,0
272,7,1.7486,1.63746,0,0,0,0,0,0,5.17824E-10,0.0401512,0.921894,0.675417,0,0,0,0,0,0,0,0
272,8,2.38697,2.17216,1,0,0,0,0,0,5.63966E-11,0.00255448,0.17097,1.99864,0,0,0,0,0,0,0,0
273,1,0.393743,0.366067,0,1,0.271825,0.092669,0.0015469,2.54267E-05,1.16415E-07,7.67475E-08,1.72466E-08,1.37956E-08,0.0942574,0.0392266,0.000102655,2.1413E-07,1.16747E-10,4.93559E-11,6.3494E-12,2.67343E-12
273,2,0.982826,0.973831,0,0,0,0.850409,0.121548,0.00185762,8.50501E-06,0.000005607,0.00000126,1.00788E-06,0,0.328483,0.0474812,0.000104471,5.69592E-08,2.40801E-08,3.09779E-09,1.30433E-09
273,3,1.4691,1.45573,0,0,0,0,1.2695,0.184714,0.000787185,0.000518959,0.00011662,9.32844E-05,0,0,0.516065,0.0713351,0.000041018,1.73407E-05,2.23081E-06,9.39286E-07
273,4,1.52606,1.47871,0,0,0,0,0,1.299,0.103986,0.0546394,0.0122572,0.00882929,0,0,0,0.48635,0.00916705,0.00387545,0.000498559,0.00020992
273,5,1.49713,1.46007,0,0,0,0,0,0.00019799,0.740301,0.553173,0.0991503,0.0672497,0,0,0,0,0,0,0,0
273,6,1.58584,1.51541,0,0,0,0,0,6.48587E-16,0.000760366,0.973277,0.347309,0.194068,0,0,0,0,0,0,0,0
273,7,1.74889,1.63768,0,0,0,0,0,0,5.15249E-10,0.0399,0.921145,0.676638,0,0,0,0,0,0,0,0
273,8,2.38747,2.17259,1,0,0,0,0,0,5.63616E-11,0.00255287,0.170792,1.99924,0,0,0,0,0,0,0,0
274,1,0.394109,0.366461,0,1,0.271798,0.0930845,0.00155269,0.000025522,1.16851E-07,7.70351E-08,1.73113E-08,1.38473E-08,0.0942142,0.0394123,0.000103186,2.15238E-07,1.17351E-10,4.96112E-11,6.38225E-12,2.68726E-12
274,2,0.985191,0.976234,0,0,0,0.850982,0.12335,0.00188413,8.62638E-06,5.68702E-06,1.27798E-06,1.02226E-06,0,0.328753,0.048287,0.000106273,5.79416E-08,2.44954E-08,3.15122E-09,1.32683E-09
274,3,1.46945,1.45601,0,0,0,0,1.26685,0.187618,0.000799091,0.000526808,0.000118384,9.46953E-05,0,0,0.514867,0.072665,4.17934E-05,1.76686E-05,2.27298E-06,9.57044E-07
274,4,1.52565,1.47838,0,0,0,0,0,1.29386,0.106817,0.0560731,0.0125786,0.00904957,0,0,0,0.48208,0.00923898,0.00390586,0.000502471,0.000211567
274,5,1.49715,1.46012,0,0,0,0,0,0.000197125,0.739044,0.554306,0.0992512,0.0673181,0,0,0,0,0,0,0,0
274,6,1.5873,1.51633,0,0,0,0,0,6.22926E-16,0.000730267,0.966217,0.353192,0.196189,0,0,0,0,0,0,0,0
274,7,1.75037,1.6388,0,0,0,0,0,0,5.02237E-10,0.0386301,0.917377,0.682789,0,0,0,0,0,0,0,0
274,8,2.38793,2.1729,1,0,0,0,0,0,5.62234E-11,0.0025465,0.170097,2.00026,0,0,0,0,0,0,0,0
275,1,0.395574,0.368025,0,1,0.271783,0.0946413,0.00157468,2.58834E-05,1.18506E-07,7.81261E-08,1.75564E-08,1.40434E-08,0.0940891,0.0401099,0.00010517,2.19377E-07,1.19607E-10,5.05652E-11,6.50498E-12,2.73894E-12
275,2,0.991857,0.983007,0,0,0,0.852741,0.128291,0.00195699,8.95998E-06,5.90695E-06,1.3274E-06,1.06179E-06,0,0.329584,0.0504883,0.000111187,6.0621E-08,2.56281E-08,3.29694E-09,1.38818E-09
275,3,1.47011,1.45652,0,0,0,0,1.26181,0.193124,0.000821651,0.000541681,0.000121726,9.73687E-05,0,0,0.512588,0.0751917,4.32673E-05,1.82917E-05,2.35314E-06,9.90793E-07
275,4,1.52559,1.47813,0,0,0,0,0,1.28948,0.109185,0.0573494,0.0128648,0.00925276,0,0,0,0.478845,0.00946263,0.00400041,0.000514635,0.000216688
275,5,1.49718,1.46017,0,0,0,0,0,0.000196643,0.737614,0.555603,0.099361,0.0673926,0,0,0,0,0,0,0,0
275,6,1.58857,1.51714,0,0,0,0,0,6.03135E-16,0.000707057,0.959638,0.358692,0.198105,0,0,0,0,0,0,0,0
275,7,1.75218,1.64016,0,0,0,0,0,0,4.86268E-10,0.0370715,0.912753,0.690337,0,0,0,0,0,0,0,0
275,8,2.39949,2.18299,1,0,0,0,0,0,5.5819E-11,0.00252791,0.168028,2.01244,0,0,0,0,0,0,0,0
276,1,0.544371,0.544361,0,0,0.361299,0.179937,0.00307379,5.05245E-05,2.31324E-07,1.52502E-07,3.42702E-08,2.74127E-08,0.168296,0.0810616,0.00020849,4.34895E-07,2.37111E-10,1.00241E-10,1.28955E-11,5.4297E-12
276,2,1.55157,1.55154,0,0,0,1.29554,0.252061,0.00390596,1.78832E-05,1.17897E-05,2.64936E-06,2.11923E-06,0,0.607878,0.103213,0.000224469,1.22384E-07,5.17389E-08,6.65598E-09,2.80251E-09
276,3,2.35747,2.3573,0,0,0,0,1.98981,0.36445,0.00157516,0.00103844,0.000233357,0.000186663,0,0,0.93347,0.147125,8.36061E-05,3.53453E-05,4.54701E-06,1.91453E-06
276,4,2.39702,2.39524,0,0,0,0,0,2.05891,0.191,0.104868,0.0235248,0.0169371,0,0,0,0.863696,0.0177346,0.00749745,0.000964512,0.00040611
276,5,2.42916,2.42313,0,0,0,0,0,0.000301336,1.13158,0.984138,0.182995,0.124118,0,0,0,0,0,0,0,0
276,6,2.49439,2.48417,0,0,0,0,0,1.06368E-15,0.00108201,1.49131,0.632039,0.359737,0,0,0,0,0,0,0,0
276,7,2.66573,2.64859,0,0,0,0,0,0,8.3797E-10,0.0588557,1.4051,1.18464,0,0,0,0,0,0,0,0
276,8,3.44637,3.41233,0,0,0,0,0,0,9.18152E-11,0.0041555,0.265735,3.14244,0,0,0,0,0,0,0,0
277,1,0.549778,0.549768,0,0,0.360341,0.186204,0.00316978,5.21024E-05,2.38548E-07,1.57265E-07,3.53404E-08,2.82688E-08,0.167564,0.0842637,0.000217139,4.52937E-07,2.46948E-10,1.044E-10,1.34305E-11,5.65496E-12
277,2,1.57167,1.57164,0,0,0,1.30022,0.267247,0.00413489,1.89314E-05,1.24807E-05,2.80465E-06,2.24344E-06,0,0.609982,0.110309,0.000240071,1.3089E-07,5.53351E-08,7.11861E-09,2.9973E-09
277,3,2.35867,2.3585,0,0,0,0,1.9758,0.37954,0.00163848,0.00108018,0.000242737,0.000194165,0,0,0.926774,0.154367,8.77639E-05,3.71031E-05,4.77314E-06,2.00974E-06
277,4,2.3973,2.39547,0,0,0,0,0,2.0444,0.199593,0.109317,0.0245223,0.0176339,0,0,0,0.852122,0.0182612,0.00772011,0.000993156,0.000418171
277,5,2.42921,2.42317,0,0,0,0,0,0.000299146,1.12904,0.98633,0.183224,0.124273,0,0,0,0,0,0,0,0
277,6,2.496,2.4857,0,0,0,0,0,1.01419E-15,0.00103167,1.47044,0.648572,0.365656,0,0,0,0,0,0,0,0
277,7,2.66945,2.65219,0,0,0,0,0,0,7.83571E-10,0.0540896,1.3901,1.208,0,0,0,0,0,0,0,0
277,8,3.45514,3.42093,0,0,0,0,0,0,9.11593E-11,0.00412544,0.262789,3.15401,0,0,0,0,0,0,0,0
278,1,0.544634,0.544623,0,0,0.361541,0.179956,0.00307464,5.05385E-05,2.31388E-07,1.52545E-07,3.42797E-08,2.74203E-08,0.168414,0.0810634,0.000208474,4.34861E-07,2.37093E-10,1.00233E-10,1.28945E-11,5.42928E-12
278,2,1.55233,1.55231,0,0,0,1.29559,0.25276,0.00391634,1.79307E-05,0.000011821,2.65641E-06,2.12486E-06,0,0.607893,0.103549,0.000225212,1.22789E-07,5.19102E-08,6.67801E-09,2.81179E-09
278,3,2.3577,2.35753,0,0,0,0,1.9869,0.367575,0.00158825,0.00104707,0.000235296,0.000188213,0,0,0.932069,0.148633,8.44726E-05,3.57116E-05,4.59414E-06,1.93437E-06
278,4,2.39715,2.39535,0,0,0,0,0,2.05172,0.19532,0.107026,0.0240085,0.017271,0,0,0,0.857953,0.0178988,0.0075669,0.000973446,0.000409872
278,5,2.42918,2.42315,0,0,0,0,0,0.000299861,1.13044,0.985117,0.183104,0.124192,0,0,0,0,0,0,0,0
278,6,2.49544,2.48517,0,0,0,0,0,1.03237E-15,0.00105016,1.47765,0.642873,0.363591,0,0,0,0,0,0,0,0
278,7,2.66858,2.65135,0,0,0,0,0,0,7.96285E-10,0.0552041,1.39358,1.20256,0,0,0,0,0,0,0,0
278,8,3.45118,3.41704,0,0,0,0,0,0,9.13805E-11,0.00413557,0.263775,3.14913,0,0,0,0,0,0,0,0
279,1,0.39534,0.36776,0,1,0.271952,0.0942126,0.00156913,2.57921E-05,1.18088E-07,7.78504E-08,1.74945E-08,1.39938E-08,0.0941943,0.0399209,0.000104611,2.18211E-07,1.18972E-10,5.02964E-11,6.4704E-12,2.72438E-12
279,2,0.989734,0.98085,0,0,0,0.852187,0.126711,0.0019337,8.85336E-06,5.83666E-06,1.31161E-06,1.04916E-06,0,0.329322,0.0497843,0.000109616,5.97641E-08,2.52658E-08,3.25033E-09,1.36856E-09
279,3,1.46997,1.45641,0,0,0,0,1.26277,0.192069,0.000817304,0.000538815,0.000121082,9.68536E-05,0,0,0.513014,0.0747131,4.29888E-05,1.81739E-05,2.33799E-06,9.84416E-07
279,4,1.52546,1.47806,0,0,0,0,0,1.28828,0.10989,0.0576532,0.0129329,0.00929831,0,0,0,0.477965,0.00945351,0.00399656,0.000514139,0.000216479
279,5,1.49718,1.46018,0,0,0,0,0,0.000196145,0.737298,0.555884,0.0993897,0.067412,0,0,0,0,0,0,0,0
279,6,1.58947,1.51774,0,0,0,0,0,5.91245E-16,0.000693115,0.954334,0.363146,0.199566,0,0,0,0,0,0,0,0
279,7,1.75432,1.64178,0,0,0,0,0,0,4.67587E-10,0.0352513,0.907241,0.699284,0,0,0,0,0,0,0,0
279,8,2.40262,2.18567,1,0,0,0,0,0,5.56211E-11,0.0025188,0.167017,2.01613,0,0,0,0,0,0,0,0
280,1,0.394,0.366329,0,1,0.271956,0.0927984,0.00154912,2.54633E-05,1.16582E-07,7.68578E-08,1.72714E-08,1.38154E-08,0.0943042,0.0392869,0.000102809,2.14452E-07,1.16922E-10,4.943E-11,6.35894E-12,2.67745E-12
280,2,0.983418,0.974432,0,0,0,0.850522,0.122028,0.00186463,8.53712E-06,5.62817E-06,1.26476E-06,1.01168E-06,0,0.328534,0.0476976,0.000104956,5.72238E-08,2.41919E-08,3.11218E-09,1.31039E-09
280,3,1.46929,1.45588,0,0,0,0,1.26798,0.186367,0.00079394,0.000523412,0.000117621,9.40849E-05,0,0,0.515373,0.0720973,0.000041463,1.75289E-05,2.25501E-06,9.49478E-07
280,4,1.52555,1.47835,0,0,0,0,0,1.29348,0.107038,0.0561701,0.0126003,0.00906235,0,0,0,0.481645,0.00919649,0.0038879,0.00050016,0.000210594
280,5,1.49716,1.46013,0,0,0,0,0,0.000196856,0.738656,0.554656,0.0992824,0.0673393,0,0,0,0,0,0,0,0
280,6,1.58829,1.51697,0,0,0,0,0,6.07589E-16,0.000712281,0.960991,0.357563,0.197699,0,0,0,0,0,0,0,0
280,7,1.75201,1.64004,0,0,0,0,0,0,4.87767E-10,0.0372186,0.913163,0.689656,0,0,0,0,0,0,0,0
280,8,2.38913,2.17389,1,0,0,0,0,0,5.60946E-11,0.00254057,0.169439,2.00191,0,0,0,0,0,0,0,0
281,1,0.393624,0.365928,0,1,0.271964,0.0923949,0.00154343,2.53698E-05,1.16154E-07,7.65756E-08,1.7208E-08,1.37647E-08,0.0943387,0.039106,0.000102294,2.13378E-07,1.16337E-10,4.91825E-11,6.32709E-12,2.66404E-12
281,2,0.981396,0.972378,0,0,0,0.850011,0.120507,0.00184225,8.43462E-06,5.5606E-06,1.24957E-06,9.99534E-07,0,0.328292,0.0470192,0.000103441,5.63974E-08,2.38425E-08,3.06723E-09,1.29146E-09
281,3,1.46901,1.45566,0,0,0,0,1.27005,0.184095,0.000784619,0.000517267,0.00011624,9.29803E-05,0,0,0.516309,0.0710572,4.08566E-05,1.72725E-05,2.22203E-06,9.35591E-07
281,4,1.52577,1.47858,0,0,0,0,0,1.29709,0.10501,0.0551874,0.0123799,0.00890927,0,0,0,0.484254,0.00910035,0.00384726,0.000494932,0.000208392
281,5,1.49715,1.46011,0,0,0,0,0,0.000197312,0.73909,0.554267,0.0992456,0.0673143,0,0,0,0,0,0,0,0
281,6,1.58772,1.51659,0,0,0,0,0,6.15613E-16,0.00072169,0.964288,0.354798,0.196779,0,0,0,0,0,0,0,0
281,7,1.75039,1.63881,0,0,0,0,0,0,5.02002E-10,0.0386059,0.917349,0.682854,0,0,0,0,0,0,0,0
281,8,2.38557,2.17085,1,0,0,0,0,0,5.63098E-11,0.00255047,0.170533,1.99777,0,0,0,0,0,0,0,0
282,1,0.393634,0.365938,0,1,0.271967,0.0924011,0.00154353,2.53714E-05,1.16162E-07,7.65806E-08,1.72091E-08,1.37656E-08,0.0943397,0.0391089,0.000102302,2.13394E-07,1.16346E-10,4.91862E-11,6.32758E-12,2.66424E-12
282,2,0.981366,0.972347,0,0,0,0.850007,0.120482,0.00184188,8.43293E-06,5.55948E-06,1.24932E-06,9.99333E-07,0,0.32829,0.0470077,0.000103415,5.63832E-08,2.38366E-08,3.06646E-09,1.29114E-09
282,3,1.46899,1.45565,0,0,0,0,1.27017,0.183973,0.000784119,0.000516938,0.000116166,9.29211E-05,0,0,0.51636,0.071001,4.08238E-05,1.72587E-05,2.22025E-06,9.3484E-07
282,4,1.52581,1.47861,0,0,0,0,0,1.29754,0.104754,0.0550692,0.0123535,0.00889107,0,0,0,0.484573,0.00909333,0.00384429,0.00049455,0.000208232
282,5,1.49715,1.46011,0,0,0,0,0,0.000197452,0.739179,0.554188,0.0992376,0.0673088,0,0,0,0,0,0,0,0
282,6,1.5876,1.5165,0,0,0,0,0,6.17316E-16,0.000723688,0.965017,0.354186,0.196577,0,0,0,0,0,0,0,0
282,7,1.74994,1.63847,0,0,0,0,0,0,5.05948E-10,0.0389905,0.918507,0.680972,0,0,0,0,0,0,0,0
282,8,2.38498,2.17035,1,0,0,0,0,0,5.63573E-11,0.00255266,0.170776,1.99702,0,0,0,0,0,0,0,0
283,1,0.394001,0.366329,0,1,0.271969,0.0927855,0.00154898,2.54609E-05,1.16571E-07,7.68507E-08,1.72698E-08,1.38141E-08,0.09431,0.0392816,0.000102792,2.14416E-07,1.16903E-10,4.94219E-11,6.3579E-12,2.67701E-12
283,2,0.983104,0.974113,0,0,0,0.850456,0.121779,0.001861,8.52048E-06,5.6172E-06,1.26229E-06,1.00971E-06,0,0.328503,0.0475861,0.000104707,5.70877E-08,2.41344E-08,3.10478E-09,1.30727E-09
283,3,1.46921,1.45582,0,0,0,0,1.26858,0.185714,0.000791263,0.000521647,0.000117224,9.37676E-05,0,0,0.515644,0.0717972,0.000041288,1.74549E-05,2.24549E-06,9.45469E-07
283,4,1.52569,1.47847,0,0,0,0,0,1.29529,0.106005,0.0556882,0.0124922,0.00898794,0,0,0,0.482944,0.00916402,0.00387418,0.000498395,0.00020985
283,5,1.49715,1.46012,0,0,0,0,0,0.000197298,0.73895,0.554394,0.0992559,0.0673213,0,0,0,0,0,0,0,0
283,6,1.58786,1.51667,0,0,0,0,0,6.13539E-16,0.000719258,0.963576,0.355394,0.196985,0,0,0,0,0,0,0,0
283,7,1.75063,1.63899,0,0,0,0,0,0,4.999E-10,0.038401,0.916729,0.68386,0,0,0,0,0,0,0,0
283,8,2.38713,2.1722,1,0,0,0,0,0,5.62396E-11,0.00254725,0.170178,1.99947,0,0,0,0,0,0,0,0
284,1,0.395148,0.367554,0,1,0.271978,0.0939841,0.00156597,2.57402E-05,1.1785E-07,7.76936E-08,1.74592E-08,1.39656E-08,0.0942208,0.0398195,0.000104319,2.17602E-07,1.1864E-10,5.01562E-11,6.45236E-12,2.71678E-12
284,2,0.988069,0.979159,0,0,0,0.851795,0.125431,0.00191489,8.76722E-06,5.77987E-06,1.29885E-06,1.03895E-06,0,0.329138,0.0492111,0.000108333,5.90649E-08,2.49703E-08,3.21231E-09,1.35255E-09
284,3,1.46971,1.45621,0,0,0,0,1.26475,0.189901,0.000808425,0.000532962,0.000119767,9.58014E-05,0,0,0.513912,0.0737181,4.24083E-05,1.79285E-05,2.30642E-06,9.71124E-07
284,4,1.52573,1.47831,0,0,0,0,0,1.29232,0.107605,0.0565629,0.0126885,0.0091291,0,0,0,0.48088,0.00936016,0.00395709,0.000509062,0.000214342
284,5,1.49718,1.46016,0,0,0,0,0,0.000196882,0.737878,0.555366,0.0993391,0.0673777,0,0,0,0,0,0,0,0
284,6,1.58857,1.51714,0,0,0,0,0,6.03186E-16,0.000707117,0.959645,0.358686,0.198104,0,0,0,0,0,0,0,0
284,7,1.75213,1.64013,0,0,0,0,0,0,4.86701E-10,0.0371136,0.912883,0.690127,0,0,0,0,0,0,0,0
284,8,2.39854,2.18217,1,0,0,0,0,0,5.58563E-11,0.00252962,0.168215,2.01142,0,0,0,0,0,0,0,0
285,1,0.542017,0.542006,0,0,0.362041,0.176888,0.00302767,4.97665E-05,2.27853E-07,1.50214E-07,3.3756E-08,2.70014E-08,0.16879,0.0794917,0.000204228,4.26005E-07,2.32264E-10,9.8192E-11,1.26319E-11,5.31871E-12
285,2,1.54096,1.54094,0,0,0,1.29284,0.24428,0.00378838,1.73449E-05,1.14348E-05,2.56962E-06,2.05544E-06,0,0.606645,0.0995944,0.000216521,1.18051E-07,4.9907E-08,6.42031E-09,2.70328E-09
285,3,2.35694,2.35677,0,0,0,0,1.99566,0.358126,0.00154859,0.00102092,0.00022942,0.000183513,0,0,0.936255,0.144103,8.18717E-05,3.46121E-05,4.45268E-06,1.87481E-06
285,4,2.39697,2.3952,0,0,0,0,0,2.06127,0.189669,0.10409,0.0233503,0.0168105,0,0,0,0.865553,0.0175359,0.00741348,0.00095371,0.000401562
285,5,2.42915,2.42312,0,0,0,0,0,0.000301413,1.13229,0.983514,0.182938,0.124079,0,0,0,0,0,0,0,0
285,6,2.49434,2.48413,0,0,0,0,0,1.0661E-15,0.00108448,1.49178,0.631682,0.359581,0,0,0,0,0,0,0,0
285,7,2.66587,2.64873,0,0,0,0,0,0,8.35982E-10,0.0586824,1.40452,1.18553,0,0,0,0,0,0,0,0
285,8,3.44408,3.41007,0,0,0,0,0,0,9.1891E-11,0.00415896,0.266067,3.13984,0,0,0,0,0,0,0,0
286,1,0.544736,0.544726,0,0,0.361456,0.180141,0.00307733,5.05827E-05,2.3159E-07,1.52678E-07,3.43097E-08,2.74443E-08,0.168365,0.0811589,0.000208737,4.35411E-07,2.37393E-10,1.0036E-10,1.29108E-11,5.43614E-12
286,2,1.55231,1.55228,0,0,0,1.29566,0.252676,0.00391515,1.79253E-05,1.18174E-05,2.6556E-06,2.12422E-06,0,0.607925,0.103505,0.000225112,1.22734E-07,5.18871E-08,6.67504E-09,2.81054E-09
286,3,2.35759,2.35742,0,0,0,0,1.98836,0.366006,0.00158168,0.00104274,0.000234323,0.000187435,0,0,0.932775,0.147875,8.40365E-05,3.55272E-05,4.57042E-06,1.92438E-06
286,4,2.39707,2.39529,0,0,0,0,0,2.05597,0.19276,0.105752,0.023723,0.0170742,0,0,0,0.861354,0.0178079,0.00752845,0.0009685,0.000407789
286,5,2.42917,2.42314,0,0,0,0,0,0.00030077,1.13111,0.984539,0.183039,0.124148,0,0,0,0,0,0,0,0
286,6,2.49472,2.48449,0,0,0,0,0,1.05289E-15,0.00107104,1.48696,0.63548,0.360977,0,0,0,0,0,0,0,0
286,7,2.66667,2.64951,0,0,0,0,0,0,8.2411E-10,0.0576412,1.40128,1.19058,0,0,0,0,0,0,0,0
286,8,3.44796,3.41389,0,0,0,0,0,0,9.16673E-11,0.00414872,0.265068,3.14467,0,0,0,0,0,0,0,0
287,1,0.545645,0.545635,0,0,0.361197,0.181291,0.00309477,5.08694E-05,2.32903E-07,1.53543E-07,3.45041E-08,2.75998E-08,0.168189,0.0817502,0.000210341,4.38755E-07,2.39216E-10,1.01131E-10,1.301E-11,5.4779E-12
287,2,1.55613,1.55611,0,0,0,1.29654,0.25557,0.00395877,0.000018125,1.19491E-05,2.68519E-06,2.14788E-06,0,0.608323,0.104857,0.000228086,1.24356E-07,5.25726E-08,6.76323E-09,2.84767E-09
287,3,2.35783,2.35766,0,0,0,0,1.98563,0.368955,0.00159407,0.00105091,0.000236158,0.000188903,0,0,0.931476,0.149284,8.48453E-05,3.58692E-05,4.61441E-06,1.94291E-06
287,4,2.39713,2.39533,0,0,0,0,0,2.05306,0.194503,0.106633,0.0239205,0.017211,0,0,0,0.859028,0.017886,0.00756146,0.000972746,0.000409577
287,5,2.42918,2.42314,0,0,0,0,0,0.000300336,1.13078,0.984822,0.183071,0.12417,0,0,0,0,0,0,0,0
287,6,2.49485,2.48461,0,0,0,0,0,1.04837E-15,0.00106644,1.48543,0.636687,0.361423,0,0,0,0,0,0,0,0
287,7,2.6669,2.64973,0,0,0,0,0,0,8.20775E-10,0.0573489,1.40037,1.19201,0,0,0,0,0,0,0,0
287,8,3.44802,3.41394,0,0,0,0,0,0,9.16465E-11,0.00414776,0.264973,3.14482,0,0,0,0,0,0,0,0
288,1,0.544568,0.544558,0,0,0.361366,0.180065,0.00307594,0.00005056,2.31486E-07,1.52609E-07,3.42942E-08,2.7432E-08,0.168323,0.0811244,0.000208652,4.35233E-07,2.37295E-10,1.00319E-10,1.29056E-11,5.43392E-12
288,2,1.55207,1.55205,0,0,0,1.29549,0.252605,0.00391395,1.79198E-05,1.18138E-05,2.65479E-06,2.12356E-06,0,0.607843,0.103479,0.00022506,1.22706E-07,5.18753E-08,6.67352E-09,2.8099E-09
288,3,2.35766,2.35749,0,0,0,0,1.98773,0.366705,0.00158464,0.00104469,0.000234761,0.000187785,0,0,0.93248,0.148201,8.42233E-05,3.56062E-05,4.58058E-06,1.92866E-06
288,4,2.39712,2.39533,0,0,0,0,0,2.05281,0.194721,0.106659,0.0239261,0.0172101,0,0,0,0.858778,0.0177774,0.00751556,0.000966842,0.000407091
288,5,2.42917,2.42313,0,0,0,0,0,0.000300265,1.13132,0.984341,0.183028,0.12414,0,0,0,0,0,0,0,0
288,6,2.49472,2.48449,0,0,0,0,0,1.05244E-15,0.00107058,1.48706,0.635401,0.360953,0,0,0,0,0,0,0,0
288,7,2.66664,2.64948,0,0,0,0,0,0,8.24595E-10,0.0576841,1.4014,1.19039,0,0,0,0,0,0,0,0
288,8,3.44419,3.41018,0,0,0,0,0,0,9.18102E-11,0.00415525,0.265701,3.14033,0,0,0,0,0,0,0,0
289,1,0.397451,0.370022,0,1,0.271879,0.0965147,0.00160148,0.000026324,1.20523E-07,7.94558E-08,1.78552E-08,1.42824E-08,0.0939829,0.0409528,0.000107552,2.24345E-07,1.22317E-10,5.17105E-11,6.65232E-12,2.80097E-12
289,2,0.997559,0.988799,0,0,0,0.854229,0.132532,0.0020195,9.24619E-06,6.09564E-06,1.36981E-06,1.09571E-06,0,0.330288,0.0523783,0.000115408,6.29223E-08,2.6601E-08,3.4221E-09,1.44088E-09
289,3,1.47064,1.45693,0,0,0,0,1.25773,0.197582,0.000839913,0.00055372,0.000124431,9.95328E-05,0,0,0.51074,0.0772386,4.44613E-05,1.87964E-05,2.41808E-06,1.01814E-06
289,4,1.52543,1.47788,0,0,0,0,0,1.28508,0.111636,0.058575,0.0131396,0.00944571,0,0,0,0.475724,0.00962864,0.0040706,0.000523663,0.00022049
289,5,1.4972,1.46021,0,0,0,0,0,0.000195814,0.736515,0.556593,0.0994507,0.0674534,0,0,0,0,0,0,0,0
289,6,1.58956,1.51778,0,0,0,0,0,5.88748E-16,0.000690185,0.95426,0.363197,0.199635,0,0,0,0,0,0,0,0
289,7,1.75376,1.64135,0,0,0,0,0,0,4.72412E-10,0.03572,0.908711,0.69692,0,0,0,0,0,0,0,0
289,8,2.40494,2.18774,1,0,0,0,0,0,5.56049E-11,0.00251806,0.166929,2.01829,0,0,0,0,0,0,0,0
290,1,0.396139,0.368621,0,1,0.271871,0.095142,0.00158203,2.60043E-05,1.19059E-07,7.84908E-08,1.76384E-08,1.41089E-08,0.0940861,0.0403367,0.000105803,2.20697E-07,1.20327E-10,5.08695E-11,6.54412E-12,2.75542E-12
290,2,0.993291,0.984463,0,0,0,0.853095,0.129377,0.00197297,9.03315E-06,5.95518E-06,1.33824E-06,1.07046E-06,0,0.329752,0.0509734,0.000112272,6.12123E-08,2.58781E-08,3.3291E-09,1.40172E-09
290,3,1.47029,1.45666,0,0,0,0,1.26043,0.194632,0.000827827,0.000545752,0.000122641,9.81006E-05,0,0,0.511963,0.0758836,4.36709E-05,1.84623E-05,2.37509E-06,1.00004E-06
290,4,1.52538,1.47796,0,0,0,0,0,1.28667,0.11078,0.0581026,0.0130337,0.00936906,0,0,0,0.476801,0.00951305,0.00402173,0.000517377,0.000217843
290,5,1.49718,1.46018,0,0,0,0,0,0.000196199,0.73726,0.555919,0.0993918,0.0674134,0,0,0,0,0,0,0,0
290,6,1.58914,1.51751,0,0,0,0,0,5.94787E-16,0.000697267,0.956506,0.361316,0.198993,0,0,0,0,0,0,0,0
290,7,1.75318,1.64092,0,0,0,0,0,0,4.77501E-10,0.0362168,0.910183,0.694517,0,0,0,0,0,0,0,0
290,8,2.40021,2.18359,1,0,0,0,0,0,5.57436E-11,0.00252443,0.167644,2.01342,0,0,0,0,0,0,0,0
291,1,0.395476,0.367912,0,1,0.271886,0.0944276,0.00157197,2.58388E-05,1.18302E-07,7.79914E-08,1.75262E-08,1.40192E-08,0.0941479,0.0400165,0.000104891,2.18795E-07,1.1929E-10,5.04311E-11,6.48773E-12,2.73167E-12
291,2,0.990491,0.981619,0,0,0,0.852402,0.127257,0.00194178,8.89032E-06,5.86102E-06,1.31708E-06,1.05354E-06,0,0.329425,0.0500264,0.000110155,6.00582E-08,2.53902E-08,3.26633E-09,1.3753E-09
291,3,1.46998,1.45642,0,0,0,0,1.26276,0.192081,0.000817366,0.000538856,0.000121091,9.68609E-05,0,0,0.513015,0.0747153,4.29897E-05,1.81743E-05,2.33804E-06,9.84437E-07
291,4,1.52558,1.47816,0,0,0,0,0,1.28988,0.108975,0.057233,0.0128387,0.00923376,0,0,0,0.479112,0.00943166,0.00398732,0.00051295,0.000215979
291,5,1.49718,1.46017,0,0,0,0,0,0.000196633,0.737624,0.555594,0.0993604,0.0673922,0,0,0,0,0,0,0,0
291,6,1.58878,1.51728,0,0,0,0,0,6.00132E-16,0.000703535,0.95851,0.359637,0.198426,0,0,0,0,0,0,0,0
291,7,1.75253,1.64043,0,0,0,0,0,0,4.83146E-10,0.0367671,0.911839,0.691824,0,0,0,0,0,0,0,0
291,8,2.39955,2.18303,1,0,0,0,0,0,5.58009E-11,0.00252707,0.167935,2.01257,0,0,0,0,0,0,0,0
292,1,0.394911,0.367308,0,1,0.271907,0.0938116,0.00156331,2.56965E-05,1.1765E-07,7.75619E-08,1.74296E-08,1.3942E-08,0.0942027,0.039741,0.000104105,2.17156E-07,1.18397E-10,5.00534E-11,6.43914E-12,2.71121E-12
292,2,0.987572,0.978654,0,0,0,0.851676,0.125051,0.00190931,8.74166E-06,5.76302E-06,1.29506E-06,1.03592E-06,0,0.329083,0.0490412,0.000107953,5.88577E-08,2.48827E-08,3.20104E-09,1.34781E-09
292,3,1.46964,1.45615,0,0,0,0,1.26535,0.189244,0.000805737,0.00053119,0.000119368,9.54829E-05,0,0,0.514186,0.0734157,4.22318E-05,1.78539E-05,2.29682E-06,9.67081E-07
292,4,1.52579,1.47838,0,0,0,0,0,1.2935,0.10694,0.0562408,0.0126162,0.00907888,0,0,0,0.481725,0.00932743,0.00394326,0.000507282,0.000213592
292,5,1.49717,1.46015,0,0,0,0,0,0.000197115,0.738125,0.555145,0.0993185,0.0673637,0,0,0,0,0,0,0,0
292,6,1.58827,1.51694,0,0,0,0,0,6.07732E-16,0.000712447,0.961318,0.357285,0.197627,0,0,0,0,0,0,0,0
292,7,1.75156,1.6397,0,0,0,0,0,0,4.91657E-10,0.0375969,0.91433,0.687771,0,0,0,0,0,0,0,0
292,8,2.39722,2.18102,1,0,0,0,0,0,5.59226E-11,0.00253267,0.168554,2.00994,0,0,0,0,0,0,0,0
293,1,0.393967,0.366302,0,1,0.271871,0.0928557,0.00154968,2.54724E-05,1.16624E-07,7.68854E-08,1.72776E-08,1.38204E-08,0.0942639,0.0393108,0.000102888,2.14617E-07,1.17012E-10,4.94681E-11,6.36384E-12,2.67951E-12
293,2,0.983942,0.974965,0,0,0,0.850689,0.12239,0.00187002,8.56177E-06,5.64442E-06,1.26841E-06,1.0146E-06,0,0.328614,0.0478572,0.000105311,5.74173E-08,2.42737E-08,3.1227E-09,1.31482E-09
293,3,1.46925,1.45585,0,0,0,0,1.26829,0.186031,0.000792572,0.00052251,0.000117418,9.39227E-05,0,0,0.515517,0.0719406,4.13713E-05,1.74901E-05,2.25002E-06,9.47378E-07
293,4,1.52583,1.47855,0,0,0,0,0,1.29653,0.105282,0.0553721,0.0124214,0.0089408,0,0,0,0.483887,0.00918016,0.003881,0.000499272,0.00021022
293,5,1.49715,1.46011,0,0,0,0,0,0.000197653,0.739163,0.554206,0.0992366,0.0673082,0,0,0,0,0,0,0,0
293,6,1.58739,1.51638,0,0,0,0,0,6.21197E-16,0.000728239,0.965893,0.353459,0.196301,0,0,0,0,0,0,0,0
293,7,1.75012,1.63861,0,0,0,0,0,0,5.04428E-10,0.0388435,0.918025,0.681737,0,0,0,0,0,0,0,0
293,8,2.3886,2.1735,1,0,0,0,0,0,5.6219E-11,0.0025463,0.170077,2.00087,0,0,0,0,0,0,0,0
294,1,0.393685,0.366001,0,1,0.271864,0.0925658,0.00154555,2.54046E-05,1.16314E-07,7.66808E-08,1.72316E-08,1.37836E-08,0.0942833,0.0391807,0.000102519,2.13847E-07,1.16593E-10,4.92907E-11,6.34102E-12,2.6699E-12
294,2,0.982311,0.973308,0,0,0,0.850287,0.121152,0.00185181,8.4784E-06,5.58946E-06,1.25606E-06,1.00472E-06,0,0.328425,0.0473043,0.000104075,5.67435E-08,2.39889E-08,3.08606E-09,1.29939E-09
294,3,1.469,1.45566,0,0,0,0,1.2702,0.183947,0.000784034,0.000516881,0.000116153,9.29109E-05,0,0,0.51638,0.0709844,4.08136E-05,1.72543E-05,2.21969E-06,9.34606E-07
294,4,1.52617,1.47881,0,0,0,0,0,1.30058,0.103074,0.0542271,0.0121648,0.00876538,0,0,0,0.4874,0.00913374,0.00386138,0.000496748,0.000209157
294,5,1.49713,1.46006,0,0,0,0,0,0.000198428,0.74048,0.553016,0.0991323,0.0672374,0,0,0,0,0,0,0,0
294,6,1.58581,1.5154,0,0,0,0,0,6.4897E-16,0.000760815,0.973445,0.347167,0.194023,0,0,0,0,0,0,0,0
294,7,1.74868,1.63752,0,0,0,0,0,0,5.17128E-10,0.0400834,0.921688,0.675751,0,0,0,0,0,0,0,0
294,8,2.38721,2.17236,1,0,0,0,0,0,5.63761E-11,0.00255354,0.170868,1.99894,0,0,0,0,0,0,0,0
295,1,0.386147,0.359172,0,1,0.265041,0.0925518,0.00155279,2.55235E-05,1.16858E-07,7.70398E-08,1.73123E-08,1.38481E-08,0.0939301,0.0395352,0.000103086,2.1503E-07,1.17238E-10,4.95633E-11,6.37609E-12,2.68467E-12
295,2,0.966358,0.957331,0,0,0,0.834377,0.121082,0.00185533,8.49452E-06,5.60009E-06,1.25845E-06,1.00663E-06,0,0.327763,0.0474882,0.000104279,5.68545E-08,2.40358E-08,3.0921E-09,1.30193E-09
295,3,1.48137,1.45911,0,0,0,0,1.2736,0.183993,0.000785808,0.000518051,0.000116416,9.31212E-05,0,0,0.518709,0.0711957,4.08725E-05,1.72793E-05,2.2229E-06,9.35956E-07
295,4,1.60687,1.50639,0,0,0,0,0,1.32463,0.10474,0.0555607,0.012464,0.00898572,0,0,0,0.504346,0.00943754,0.00398981,0.00051327,0.000216114
295,5,1.57992,1.48665,0,0,0,0,0,0.000200862,0.7485,0.565962,0.10248,0.0695078,0,0,0,0,0,0,0,0
295,6,2.30488,1.85077,0,0,0,0,0,8.38108E-16,0.0009454,1.16651,0.434546,0.248768,0,0,0,0,0,0,0,0
295,7,3.38007,2.55992,0,0,0,0,0,0,8.75622E-10,0.0632966,1.38522,1.1114,0,0,0,0,0,0,0,0
295,8,4.20088,3.37499,0,0,0,0,0,0,9.25227E-11,0.00418835,0.270249,3.10055,0,0,0,0,0,0,0,0
296,1,0.386288,0.359323,0,1,0.265022,0.0927198,0.00155515,2.55624E-05,1.17036E-07,7.71571E-08,1.73387E-08,1.38692E-08,0.0939083,0.0396123,0.000103305,2.15487E-07,1.17487E-10,4.96686E-11,6.38963E-12,2.69037E-12
296,2,0.967164,0.958147,0,0,0,0.834585,0.121681,0.00186417,8.53502E-06,5.62679E-06,1.26445E-06,1.01143E-06,0,0.327856,0.0477572,0.000104879,5.71815E-08,2.41741E-08,3.10988E-09,1.30942E-09
296,3,1.48156,1.45923,0,0,0,0,1.27277,0.184937,0.000789695,0.000520613,0.000116992,9.35818E-05,0,0,0.51833,0.0716289,4.11246E-05,1.73858E-05,2.2366E-06,9.41727E-07
296,4,1.60697,1.50637,0,0,0,0,0,1.32295,0.105749,0.0560415,0.0125718,0.00906038,0,0,0,0.503144,0.00947893,0.0040073,0.000515521,0.000217062
296,5,1.57996,1.48667,0,0,0,0,0,0.000200547,0.748296,0.566154,0.1025,0.0695217,0,0,0,0,0,0,0,0
296,6,2.30691,1.85192,0,0,0,0,0,8.34078E-16,0.000940852,1.16558,0.436033,0.249371,0,0,0,0,0,0,0,0
296,7,3.38156,2.5612,0,0,0,0,0,0,8.65792E-10,0.0624194,1.38276,1.11602,0,0,0,0,0,0,0,0
296,8,4.20131,3.37543,0,0,0,0,0,0,9.2415E-11,0.00418341,0.269756,3.10149,0,0,0,0,0,0,0,0
297,1,0.394247,0.366606,0,1,0.271816,0.0932095,0.00155452,0.000025552,1.16988E-07,7.71257E-08,1.73316E-08,1.38636E-08,0.0942122,0.0394688,0.000103344,2.15568E-07,1.17531E-10,4.96873E-11,6.39203E-12,2.69138E-12
297,2,0.985356,0.976401,0,0,0,0.851051,0.123447,0.00188559,8.63309E-06,5.69144E-06,1.27898E-06,1.02305E-06,0,0.328787,0.0483286,0.000106365,5.79915E-08,2.45165E-08,3.15393E-09,1.32797E-09
297,3,1.46941,1.45597,0,0,0,0,1.26718,0.187261,0.000797632,0.000525846,0.000118168,9.45224E-05,0,0,0.515018,0.0724999,0.000041697,1.76278E-05,2.26774E-06,9.54835E-07
297,4,1.52585,1.47849,0,0,0,0,0,1.29543,0.105976,0.0556194,0.0124769,0.00898199,0,0,0,0.483712,0.00926339,0.00391618,0.000503799,0.000212126
297,5,1.49713,1.46009,0,0,0,0,0,0.000197657,0.739849,0.55358,0.0991869,0.0672745,0,0,0,0,0,0,0,0
297,6,1.58645,1.51581,0,0,0,0,0,6.39047E-16,0.000749178,0.970061,0.349999,0.194998,0,0,0,0,0,0,0,0
297,7,1.75027,1.63872,0,0,0,0,0,0,5.03157E-10,0.0387207,0.917617,0.682384,0,0,0,0,0,0,0,0
297,8,2.38987,2.17462,1,0,0,0,0,0,5.61824E-11,0.00254462,0.169883,2.00219,0,0,0,0,0,0,0,0
298,1,0.395642,0.368096,0,1,0.2718,0.0946946,0.00157549,2.58967E-05,1.18567E-07,7.81661E-08,1.75654E-08,1.40506E-08,0.094092,0.0401342,0.000105237,2.19516E-07,1.19683E-10,5.05973E-11,6.50911E-12,2.74068E-12
298,2,0.991882,0.983032,0,0,0,0.852755,0.128302,0.00195717,8.96078E-06,5.90747E-06,1.32752E-06,1.06189E-06,0,0.329591,0.0504927,0.000111197,6.06262E-08,2.56303E-08,3.29723E-09,1.3883E-09
298,3,1.4701,1.45651,0,0,0,0,1.26194,0.19299,0.000821102,0.000541319,0.000121645,9.73036E-05,0,0,0.512645,0.0751295,4.32309E-05,1.82763E-05,2.35116E-06,9.89962E-07
298,4,1.52564,1.47816,0,0,0,0,0,1.28996,0.108914,0.0572198,0.0128358,0.00923311,0,0,0,0.47923,0.00946201,0.00400015,0.000514601,0.000216674
298,5,1.49718,1.46016,0,0,0,0,0,0.000196729,0.737719,0.555509,0.0993525,0.0673868,0,0,0,0,0,0,0,0
298,6,1.58843,1.51705,0,0,0,0,0,6.05727E-16,0.000710097,0.960343,0.358105,0.197892,0,0,0,0,0,0,0,0
298,7,1.75212,1.64012,0,0,0,0,0,0,4.86773E-10,0.0371209,0.912893,0.690105,0,0,0,0,0,0,0,0
298,8,2.39969,2.18317,1,0,0,0,0,0,5.58148E-11,0.00252771,0.168007,2.01264,0,0,0,0,0,0,0,0
299,1,0.544445,0.544435,0,0,0.361318,0.179991,0.00307468,5.05392E-05,2.31391E-07,1.52547E-07,3.42802E-08,2.74207E-08,0.168303,0.0810887,0.00020856,4.35042E-07,2.37192E-10,1.00275E-10,1.28999E-11,5.43154E-12
299,2,1.55154,1.55152,0,0,0,1.29554,0.252037,0.0039056,1.78816E-05,1.17886E-05,2.64912E-06,2.11903E-06,0,0.607879,0.103202,0.000224443,1.2237E-07,5.1733E-08,6.65522E-09,2.80219E-09
299,3,2.35746,2.35729,0,0,0,0,1.98993,0.364324,0.00157463,0.00103809,0.000233279,0.0001866,0,0,0.933527,0.147064,0.000083571,3.53305E-05,4.5451E-06,1.91372E-06
299,4,2.39702,2.39524,0,0,0,0,0,2.05921,0.190817,0.104778,0.0235045,0.0169231,0,0,0,0.863938,0.0177295,0.00749533,0.000964239,0.000405995
299,5,2.42916,2.42313,0,0,0,0,0,0.000301405,1.13163,0.984089,0.18299,0.124115,0,0,0,0,0,0,0,0
299,6,2.49435,2.48414,0,0,0,0,0,1.0649E-15,0.00108325,1.4917,0.631737,0.359623,0,0,0,0,0,0,0,0
299,7,2.66568,2.64855,0,0,0,0,0,0,8.38664E-10,0.0589166,1.40529,1.18434,0,0,0,0,0,0,0,0
299,8,3.44637,3.41232,0,0,0,0,0,0,9.18189E-11,0.00415567,0.265752,3.14241,0,0,0,0,0,0,0,0
300,1,0.549713,0.549702,0,0,0.360291,0.186189,0.00316943,5.20966E-05,2.38522E-07,1.57248E-07,3.53365E-08,2.82657E-08,0.16754,0.0842575,0.000217128,4.52912E-07,2.46935E-10,1.04394E-10,1.34298E-11,5.65465E-12
300,2,1.57183,1.57181,0,0,0,1.30026,0.267375,0.00413682,1.89402E-05,1.24865E-05,2.80595E-06,2.24448E-06,0,0.609998,0.11037,0.000240203,1.30962E-07,5.53656E-08,7.12253E-09,2.99896E-09
300,3,2.35869,2.35851,0,0,0,0,1.97565,0.379701,0.00163915,0.00108063,0.000242837,0.000194245,0,0,0.926702,0.154444,8.78083E-05,3.71218E-05,4.77555E-06,2.01076E-06
300,4,2.3973,2.39548,0,0,0,0,0,2.0442,0.199716,0.109379,0.0245361,0.0176434,0,0,0,0.85196,0.0182662,0.0077222,0.000993426,0.000418284
300,5,2.42921,2.42317,0,0,0,0,0,0.000299103,1.12901,0.986358,0.183227,0.124275,0,0,0,0,0,0,0,0
300,6,2.49602,2.48572,0,0,0,0,0,1.01356E-15,0.00103103,1.47018,0.648779,0.36573,0,0,0,0,0,0,0,0
300,7,2.66948,2.65222,0,0,0,0,0,0,7.83077E-10,0.0540463,1.38996,1.20821,0,0,0,0,0,0,0,0
300,8,3.45519,3.42097,0,0,0,0,0,0,9.11551E-11,0.00412525,0.26277,3.15408,0,0,0,0,0,0,0,0
301,1,0.544586,0.544575,0,0,0.361489,0.17996,0.00307458,5.05376E-05,2.31384E-07,1.52542E-07,3.42791E-08,2.74198E-08,0.168389,0.0810671,0.000208488,4.34891E-07,2.37109E-10,1.0024E-10,1.28954E-11,5.42966E-12
301,2,1.55256,1.55253,0,0,0,1.29565,0.252933,0.00391894,1.79427E-05,1.18289E-05,2.65817E-06,2.12627E-06,0,0.607915,0.10363,0.00022539,1.22886E-07,5.19512E-08,6.68329E-09,2.81401E-09
301,3,2.35772,2.35755,0,0,0,0,1.9867,0.367788,0.00158914,0.00104766,0.000235428,0.000188319,0,0,0.931975,0.148735,8.45311E-05,3.57364E-05,4.59732E-06,1.93571E-06
301,4,2.39716,2.39535,0,0,0,0,0,2.05148,0.195467,0.1071,0.0240251,0.0172824,0,0,0,0.857757,0.017905,0.00756952,0.000973784,0.000410014
301,5,2.42918,2.42315,0,0,0,0,0,0.00029981,1.1304,0.985149,0.183108,0.124194,0,0,0,0,0,0,0,0
301,6,2.49545,2.48518,0,0,0,0,0,1.03182E-15,0.0010496,1.47743,0.643047,0.363654,0,0,0,0,0,0,0,0
301,7,2.66862,2.65138,0,0,0,0,0,0,7.95795E-10,0.0551611,1.39345,1.20277,0,0,0,0,0,0,0,0
301,8,3.45124,3.41709,0,0,0,0,0,0,9.13758E-11,0.00413535,0.263754,3.1492,0,0,0,0,0,0,0,0
302,1,0.395319,0.367741,0,1,0.271923,0.0942225,0.00156918,2.57929E-05,1.18092E-07,7.7853E-08,1.7495E-08,1.39943E-08,0.0941808,0.0399249,0.000104626,2.18242E-07,1.18989E-10,5.03037E-11,6.47133E-12,2.72477E-12
302,2,0.989892,0.98101,0,0,0,0.852225,0.126832,0.00193547,8.86145E-06,5.84199E-06,1.31281E-06,1.05012E-06,0,0.32934,0.0498381,0.000109736,5.98296E-08,2.52935E-08,3.2539E-09,1.37006E-09
302,3,1.46999,1.45643,0,0,0,0,1.26262,0.19223,0.000817964,0.00053925,0.00012118,9.69317E-05,0,0,0.512948,0.0747866,4.30316E-05,0.000018192,2.34032E-06,9.85396E-07
302,4,1.52544,1.47805,0,0,0,0,0,1.28808,0.110002,0.0577065,0.0129448,0.00930658,0,0,0,0.477823,0.00945806,0.00399848,0.000514386,0.000216584
302,5,1.49718,1.46018,0,0,0,0,0,0.000196099,0.73727,0.555909,0.0993922,0.0674138,0,0,0,0,0,0,0,0
302,6,1.58948,1.51775,0,0,0,0,0,5.91103E-16,0.000692949,0.954277,0.363195,0.199582,0,0,0,0,0,0,0,0
302,7,1.75435,1.6418,0,0,0,0,0,0,4.67344E-10,0.0352277,0.907169,0.6994,0,0,0,0,0,0,0,0
302,8,2.40268,2.18571,1,0,0,0,0,0,5.56181E-11,0.00251866,0.167002,2.01619,0,0,0,0,0,0,0,0
303,1,0.393989,0.36632,0,1,0.271926,0.0928188,0.00154932,2.54666E-05,1.16597E-07,7.68678E-08,1.72737E-08,1.38172E-08,0.0942897,0.0392956,0.000102837,2.14511E-07,1.16955E-10,4.94437E-11,6.3607E-12,2.67819E-12
303,2,0.983623,0.97464,0,0,0,0.850573,0.122183,0.00186692,8.54757E-06,5.63507E-06,1.26631E-06,1.01292E-06,0,0.328558,0.0477669,0.000105111,5.73082E-08,2.42276E-08,3.11677E-09,1.31232E-09
303,3,1.46931,1.4559,0,0,0,0,1.26778,0.186589,0.000794851,0.000524013,0.000117756,9.41928E-05,0,0,0.515282,0.0721985,0.000041522,1.75538E-05,2.25822E-06,9.50827E-07
303,4,1.52553,1.47834,0,0,0,0,0,1.29321,0.107194,0.0562442,0.0126169,0.00907387,0,0,0,0.481449,0.0092034,0.00389083,0.000500537,0.000210752
303,5,1.49716,1.46013,0,0,0,0,0,0.000196785,0.738617,0.55469,0.099286,0.0673417,0,0,0,0,0,0,0,0
303,6,1.58828,1.51696,0,0,0,0,0,6.07707E-16,0.000712419,0.961031,0.357531,0.197687,0,0,0,0,0,0,0,0
303,7,1.75203,1.64005,0,0,0,0,0,0,4.8762E-10,0.0372043,0.913117,0.689729,0,0,0,0,0,0,0,0
303,8,2.38917,2.17393,1,0,0,0,0,0,5.60919E-11,0.00254045,0.169425,2.00196,0,0,0,0,0,0,0,0
304,1,0.393635,0.365943,0,1,0.271934,0.0924391,0.00154397,2.53786E-05,1.16194E-07,7.66023E-08,1.7214E-08,1.37695E-08,0.0943221,0.0391254,0.000102353,2.13501E-07,1.16404E-10,4.92108E-11,6.33075E-12,2.66558E-12
304,2,0.981702,0.972689,0,0,0,0.850088,0.120738,0.00184565,8.45019E-06,5.57087E-06,1.25188E-06,1.00138E-06,0,0.328329,0.0471223,0.000103671,5.6523E-08,2.38956E-08,3.07407E-09,1.29434E-09
304,3,1.46905,1.45569,0,0,0,0,1.26974,0.184435,0.000786018,0.00051819,0.000116447,9.31461E-05,0,0,0.51617,0.0712124,0.000040947,1.73107E-05,2.22695E-06,9.37661E-07
304,4,1.52574,1.47855,0,0,0,0,0,1.29664,0.105268,0.0553101,0.0124074,0.00892837,0,0,0,0.483931,0.00911207,0.00385221,0.000495569,0.000208661
304,5,1.49715,1.46012,0,0,0,0,0,0.000197202,0.739032,0.554318,0.0992511,0.067318,0,0,0,0,0,0,0,0
304,6,1.5877,1.51658,0,0,0,0,0,6.15832E-16,0.000721947,0.964355,0.354742,0.196758,0,0,0,0,0,0,0,0
304,7,1.75042,1.63883,0,0,0,0,0,0,5.01727E-10,0.0385792,0.917266,0.682989,0,0,0,0,0,0,0,0
304,8,2.38565,2.17091,1,0,0,0,0,0,5.63046E-11,0.00255024,0.170507,1.99786,0,0,0,0,0,0,0,0
305,1,0.393684,0.365994,0,1,0.271935,0.0924882,0.00154467,2.53901E-05,1.16247E-07,7.6637E-08,1.72218E-08,1.37757E-08,0.0943188,0.0391475,0.000102415,2.13631E-07,1.16475E-10,4.92409E-11,6.33461E-12,2.6672E-12
305,2,0.981895,0.972885,0,0,0,0.850139,0.120881,0.00184775,8.45984E-06,5.57723E-06,1.25331E-06,1.00252E-06,0,0.328353,0.047186,0.000103813,5.66005E-08,2.39284E-08,3.07828E-09,1.29612E-09
305,3,1.46907,1.45571,0,0,0,0,1.26962,0.184571,0.000786577,0.000518558,0.00011653,9.32123E-05,0,0,0.516115,0.071274,4.09829E-05,1.73259E-05,2.2289E-06,9.38483E-07
305,4,1.52575,1.47855,0,0,0,0,0,1.29666,0.105251,0.0553063,0.0124066,0.00892792,0,0,0,0.483944,0.00911475,0.00385334,0.000495715,0.000208722
305,5,1.49715,1.46011,0,0,0,0,0,0.000197294,0.739086,0.554271,0.0992462,0.0673147,0,0,0,0,0,0,0,0
305,6,1.58762,1.51652,0,0,0,0,0,6.1691E-16,0.000723211,0.964854,0.354322,0.196622,0,0,0,0,0,0,0,0
305,7,1.75008,1.63858,0,0,0,0,0,0,5.0469E-10,0.038868,0.918135,0.681575,0,0,0,0,0,0,0,0
305,8,2.38525,2.17058,1,0,0,0,0,0,5.63383E-11,0.00255179,0.170679,1.99735,0,0,0,0,0,0,0,0
306,1,0.394138,0.36648,0,1,0.271931,0.0929716,0.0015515,2.55023E-05,1.16761E-07,7.69757E-08,1.72979E-08,1.38366E-08,0.0942792,0.0393644,0.000103032,2.14917E-07,1.17176E-10,4.95374E-11,6.37276E-12,2.68326E-12
306,2,0.984188,0.975215,0,0,0,0.850726,0.122598,0.00187305,8.57567E-06,5.65359E-06,1.27047E-06,1.01625E-06,0,0.328631,0.0479517,0.000105524,5.75331E-08,2.43227E-08,3.129E-09,1.31747E-09
306,3,1.46935,1.45593,0,0,0,0,1.26754,0.186858,0.000795961,0.000524744,0.00011792,9.43243E-05,0,0,0.515174,0.0723203,4.15929E-05,1.75838E-05,2.26207E-06,9.52451E-07
306,4,1.52559,1.47837,0,0,0,0,0,1.29374,0.106876,0.0561104,0.0125869,0.00905373,0,0,0,0.481824,0.00920565,0.00389178,0.000500659,0.000210804
306,5,1.49716,1.46012,0,0,0,0,0,0.00019712,0.738799,0.554529,0.0992689,0.0673301,0,0,0,0,0,0,0,0
306,6,1.58798,1.51675,0,0,0,0,0,6.11727E-16,0.000717133,0.962881,0.355976,0.197181,0,0,0,0,0,0,0,0
306,7,1.75098,1.63926,0,0,0,0,0,0,4.96817E-10,0.0381007,0.915822,0.685334,0,0,0,0,0,0,0,0
306,8,2.38798,2.17292,1,0,0,0,0,0,5.61893E-11,0.00254493,0.169923,2.00046,0,0,0,0,0,0,0,0
307,1,0.395541,0.367978,0,1,0.271923,0.0944563,0.00157249,2.58473E-05,1.18341E-07,7.80171E-08,1.75319E-08,1.40238E-08,0.0941629,0.0400297,0.000104924,2.18863E-07,1.19327E-10,5.04468E-11,6.48975E-12,2.73252E-12
307,2,0.990561,0.98169,0,0,0,0.852424,0.127305,0.0019425,8.89362E-06,5.8632E-06,1.31757E-06,1.05393E-06,0,0.329434,0.050048,0.000110203,6.00845E-08,2.54013E-08,3.26776E-09,1.3759E-09
307,3,1.46998,1.45642,0,0,0,0,1.26276,0.192085,0.000817377,0.000538863,0.000121093,9.68623E-05,0,0,0.513011,0.0747183,4.29915E-05,1.81751E-05,2.33814E-06,9.8448E-07
307,4,1.52564,1.47819,0,0,0,0,0,1.29025,0.108748,0.0571422,0.0128183,0.00922042,0,0,0,0.479388,0.00944124,0.00399137,0.000513471,0.000216198
307,5,1.49718,1.46017,0,0,0,0,0,0.000196724,0.73758,0.555636,0.0993626,0.0673937,0,0,0,0,0,0,0,0
307,6,1.58883,1.51731,0,0,0,0,0,5.99479E-16,0.000702769,0.958188,0.359907,0.198515,0,0,0,0,0,0,0,0
307,7,1.75267,1.64053,0,0,0,0,0,0,4.81964E-10,0.0366519,0.91149,0.69239,0,0,0,0,0,0,0,0
307,8,2.4009,2.18421,1,0,0,0,0,0,5.57578E-11,0.00252509,0.167714,2.01397,0,0,0,0,0,0,0,0
308,1,0.544401,0.544391,0,0,0.361498,0.17977,0.0030716,5.04887E-05,2.3116E-07,1.52394E-07,3.42459E-08,2.73933E-08,0.168402,0.0809694,0.000208227,4.34347E-07,2.36812E-10,1.00115E-10,1.28793E-11,5.42285E-12
308,2,1.55114,1.55112,0,0,0,1.2954,0.251777,0.00390164,1.78634E-05,1.17766E-05,2.64643E-06,2.11688E-06,0,0.607813,0.103084,0.000224185,1.22229E-07,5.16736E-08,6.64757E-09,2.79897E-09
308,3,2.35748,2.35731,0,0,0,0,1.98956,0.364716,0.00157626,0.00103917,0.00023352,0.000186793,0,0,0.933345,0.147257,8.36821E-05,3.53774E-05,4.55114E-06,1.91627E-06
308,4,2.39704,2.39526,0,0,0,0,0,2.05785,0.191628,0.105192,0.0235973,0.0169876,0,0,0,0.862844,0.0177698,0.00751236,0.000966431,0.000406918
308,5,2.42916,2.42313,0,0,0,0,0,0.000301181,1.13137,0.984315,0.183013,0.124131,0,0,0,0,0,0,0,0
308,6,2.49463,2.4844,0,0,0,0,0,1.05657E-15,0.00107478,1.4882,0.634508,0.360617,0,0,0,0,0,0,0,0
308,7,2.66648,2.64932,0,0,0,0,0,0,8.26892E-10,0.0578852,1.40204,1.1894,0,0,0,0,0,0,0,0
308,8,3.44805,3.41397,0,0,0,0,0,0,9.16778E-11,0.0041492,0.265117,3.14471,0,0,0,0,0,0,0,0
309,1,0.548113,0.548103,0,0,0.360652,0.184258,0.00313999,5.16127E-05,2.36306E-07,1.55787E-07,3.50083E-08,2.80031E-08,0.167799,0.083268,0.000214449,4.47325E-07,2.43889E-10,1.03106E-10,1.32641E-11,5.5849E-12
309,2,1.56512,1.5651,0,0,0,1.29883,0.262172,0.00405854,1.85818E-05,1.22502E-05,2.75286E-06,2.20201E-06,0,0.609366,0.107928,0.000234831,1.28033E-07,5.41273E-08,6.96323E-09,2.93188E-09
309,3,2.35817,2.358,0,0,0,0,1.98169,0.373207,0.00161192,0.00106267,0.000238803,0.000191018,0,0,0.929591,0.151324,8.60165E-05,3.63643E-05,4.6781E-06,1.96972E-06
309,4,2.39714,2.39534,0,0,0,0,0,2.05296,0.194465,0.106737,0.0239439,0.0172336,0,0,0,0.858958,0.0180425,0.00762764,0.00098126,0.000413162
309,5,2.42918,2.42315,0,0,0,0,0,0.000300709,1.13028,0.985269,0.183106,0.124194,0,0,0,0,0,0,0,0
309,6,2.49499,2.48474,0,0,0,0,0,1.04421E-15,0.00106221,1.48358,0.638153,0.361953,0,0,0,0,0,0,0,0
309,7,2.66721,2.65002,0,0,0,0,0,0,8.16256E-10,0.0569524,1.39914,1.19393,0,0,0,0,0,0,0,0
309,8,3.45171,3.41756,0,0,0,0,0,0,9.1472E-11,0.00413977,0.264198,3.14922,0,0,0,0,0,0,0,0
310,1,0.54839,0.54838,0,0,0.360544,0.184637,0.00314568,5.17063E-05,2.36735E-07,1.56069E-07,3.50718E-08,2.80539E-08,0.16773,0.0834635,0.000214982,4.48436E-07,2.44494E-10,1.03362E-10,1.32971E-11,5.59876E-12
310,2,1.56633,1.5663,0,0,0,1.29909,0.2631,0.00407252,1.86458E-05,1.22924E-05,2.76234E-06,2.2096E-06,0,0.609484,0.108363,0.000235788,1.28555E-07,5.43478E-08,6.9916E-09,2.94383E-09
310,3,2.35826,2.35808,0,0,0,0,1.98075,0.374219,0.00161617,0.00106547,0.000239432,0.000191522,0,0,0.929144,0.151808,8.62943E-05,3.64818E-05,4.69321E-06,1.97609E-06
310,4,2.39716,2.39536,0,0,0,0,0,2.05186,0.195124,0.107066,0.0240176,0.0172846,0,0,0,0.858089,0.0180688,0.00763875,0.00098269,0.000413764
310,5,2.42919,2.42315,0,0,0,0,0,0.000300483,1.13012,0.985406,0.183122,0.124204,0,0,0,0,0,0,0,0
310,6,2.49504,2.48479,0,0,0,0,0,1.04231E-15,0.00106028,1.48297,0.638633,0.362131,0,0,0,0,0,0,0,0
310,7,2.66728,2.6501,0,0,0,0,0,0,8.15154E-10,0.0568558,1.39884,1.1944,0,0,0,0,0,0,0,0
310,8,3.45173,3.41758,0,0,0,0,0,0,9.14662E-11,0.00413951,0.264171,3.14927,0,0,0,0,0,0,0,0
311,1,0.54506,0.54505,0,0,0.361261,0.180652,0.0030849,5.07072E-05,2.3216E-07,1.53054E-07,3.43941E-08,2.75118E-08,0.168248,0.0814243,0.000209464,4.36926E-07,2.38219E-10,1.00709E-10,1.29558E-11,5.45507E-12
311,2,1.5543,1.55428,0,0,0,1.29612,0.254187,0.00393793,1.80296E-05,1.18862E-05,2.67105E-06,2.13658E-06,0,0.608134,0.104211,0.000226665,1.23581E-07,5.22451E-08,6.72109E-09,2.82993E-09
311,3,2.35772,2.35755,0,0,0,0,1.98695,0.367532,0.0015881,0.00104697,0.000235273,0.000188195,0,0,0.932105,0.148603,8.44542E-05,3.57038E-05,4.59313E-06,1.93395E-06
311,4,2.3971,2.39531,0,0,0,0,0,2.05442,0.193695,0.106219,0.0238277,0.0171464,0,0,0,0.860109,0.0178418,0.00754278,0.000970343,0.000408566
311,5,2.42917,2.42314,0,0,0,0,0,0.000300558,1.13099,0.984639,0.183051,0.124156,0,0,0,0,0,0,0,0
311,6,2.49476,2.48452,0,0,0,0,0,1.05142E-15,0.00106954,1.48653,0.635817,0.361104,0,0,0,0,0,0,0,0
311,7,2.66672,2.64955,0,0,0,0,0,0,8.23399E-10,0.0575789,1.40109,1.19088,0,0,0,0,0,0,0,0
311,8,3.44767,3.4136,0,0,0,0,0,0,9.16751E-11,0.00414907,0.265101,3.14435,0,0,0,0,0,0,0,0
312,1,0.396139,0.368621,0,1,0.271871,0.095142,0.00158203,2.60043E-05,1.19059E-07,7.84908E-08,1.76384E-08,1.41089E-08,0.0940861,0.0403367,0.000105803,2.20697E-07,1.20327E-10,5.08695E-11,6.54412E-12,2.75542E-12
312,2,0.993291,0.984463,0,0,0,0.853095,0.129377,0.00197297,9.03315E-06,5.95518E-06,1.33824E-06,1.07046E-06,0,0.329752,0.0509734,0.000112272,6.12123E-08,2.58781E-08,3.3291E-09,1.40172E-09
312,3,1.47029,1.45666,0,0,0,0,1.26043,0.194632,0.000827827,0.000545752,0.000122641,9.81006E-05,0,0,0.511963,0.0758836,4.36709E-05,1.84623E-05,2.37509E-06,1.00004E-06
312,4,1.52538,1.47796,0,0,0,0,0,1.28667,0.11078,0.0581026,0.0130337,0.00936906,0,0,0,0.476801,0.00951305,0.00402173,0.000517377,0.000217843
312,5,1.49718,1.46018,0,0,0,0,0,0.000196199,0.73726,0.555919,0.0993918,0.0674134,0,0,0,0,0,0,0,0
312,6,1.58914,1.51751,0,0,0,0,0,5.94787E-16,0.000697267,0.956506,0.361316,0.198993,0,0,0,0,0,0,0,0
312,7,1.75318,1.64092,0,0,0,0,0,0,4.77501E-10,0.0362168,0.910183,0.694517,0,0,0,0,0,0,0,0
312,8,2.40021,2.18359,1,0,0,0,0,0,5.57436E-11,0.00252443,0.167644,2.01342,0,0,0,0,0,0,0,0
313,1,0.3947,0.367085,0,1,0.27188,0.093618,0.00156049,2.56502E-05,1.17438E-07,7.7422E-08,1.73982E-08,1.39168E-08,0.0942063,0.0396537,0.000103861,2.16646E-07,1.18119E-10,4.99358E-11,6.42401E-12,2.70484E-12
313,2,0.987242,0.978318,0,0,0,0.851492,0.124901,0.00190695,8.73088E-06,5.75591E-06,1.29346E-06,1.03464E-06,0,0.328994,0.0489796,0.000107821,5.87855E-08,2.48521E-08,3.19711E-09,1.34615E-09
313,3,1.46973,1.45622,0,0,0,0,1.26472,0.189948,0.000808638,0.000533102,0.000119798,9.58266E-05,0,0,0.513904,0.0737336,4.24167E-05,1.79321E-05,2.30688E-06,9.71317E-07
313,4,1.52532,1.4781,0,0,0,0,0,1.28947,0.109282,0.0572692,0.0128467,0.00923397,0,0,0,0.47874,0.00931255,0.00393697,0.000506472,0.000213252
313,5,1.49716,1.46014,0,0,0,0,0,0.000196618,0.738364,0.554919,0.0993063,0.0673554,0,0,0,0,0,0,0,0
313,6,1.58842,1.51704,0,0,0,0,0,6.0512E-16,0.000709385,0.960462,0.358002,0.197869,0,0,0,0,0,0,0,0
313,7,1.75191,1.63996,0,0,0,0,0,0,4.88638E-10,0.0373032,0.913425,0.689233,0,0,0,0,0,0,0,0
313,8,2.38979,2.17447,1,0,0,0,0,0,5.60761E-11,0.00253972,0.169347,2.00258,0,0,0,0,0,0,0,0
314,1,0.394134,0.366479,0,1,0.271891,0.0930095,0.00155191,2.55092E-05,1.16792E-07,7.69964E-08,1.73026E-08,1.38403E-08,0.0942587,0.0393808,0.000103084,2.15026E-07,1.17235E-10,4.95623E-11,6.37596E-12,2.68461E-12
314,2,0.984528,0.97556,0,0,0,0.85081,0.122856,0.00187684,0.000008593,5.66501E-06,1.27304E-06,1.0183E-06,0,0.328671,0.0480666,0.00010578,5.76731E-08,2.43819E-08,3.13662E-09,1.32068E-09
314,3,1.4694,1.45596,0,0,0,0,1.26721,0.187212,0.000797414,0.000525702,0.000118135,9.44965E-05,0,0,0.51503,0.0724813,4.16866E-05,1.76234E-05,2.26717E-06,9.54598E-07
314,4,1.52555,1.47834,0,0,0,0,0,1.29324,0.107163,0.056244,0.0126168,0.00907431,0,0,0,0.48146,0.00921334,0.00389502,0.000501077,0.00021098
314,5,1.49715,1.46012,0,0,0,0,0,0.000197088,0.738799,0.554529,0.0992693,0.0673303,0,0,0,0,0,0,0,0
314,6,1.58796,1.51674,0,0,0,0,0,6.11921E-16,0.000717361,0.963008,0.355869,0.197147,0,0,0,0,0,0,0,0
314,7,1.7509,1.6392,0,0,0,0,0,0,4.97505E-10,0.0381677,0.916024,0.685006,0,0,0,0,0,0,0,0
314,8,2.38769,2.17267,1,0,0,0,0,0,5.62033E-11,0.00254557,0.169994,2.00013,0,0,0,0,0,0,0,0
315,1,0.393827,0.36615,0,1,0.271899,0.0926778,0.00154724,2.54324E-05,1.16441E-07,7.67647E-08,1.72505E-08,1.37987E-08,0.0942881,0.0392321,0.00010266,2.14142E-07,1.16753E-10,4.93587E-11,6.34976E-12,2.67358E-12
315,2,0.982916,0.973922,0,0,0,0.850414,0.121632,0.00185884,8.5106E-06,5.61069E-06,1.26083E-06,1.00854E-06,0,0.328484,0.0475201,0.000104559,5.7007E-08,2.41003E-08,3.10039E-09,1.30542E-09
315,3,1.46916,1.45578,0,0,0,0,1.26896,0.185299,0.000789569,0.00052053,0.000116973,9.35668E-05,0,0,0.515817,0.0716063,4.11765E-05,1.74078E-05,2.23943E-06,9.42916E-07
315,4,1.52578,1.47855,0,0,0,0,0,1.2966,0.105257,0.0553386,0.0124139,0.00893403,0,0,0,0.483886,0.00914191,0.00386483,0.000497192,0.000209344
315,5,1.49715,1.46011,0,0,0,0,0,0.000197605,0.739192,0.554178,0.0992349,0.067307,0,0,0,0,0,0,0,0
315,6,1.58751,1.51645,0,0,0,0,0,6.18848E-16,0.000725484,0.96545,0.353825,0.196447,0,0,0,0,0,0,0,0
315,7,1.74991,1.63845,0,0,0,0,0,0,5.06205E-10,0.0390162,0.918562,0.680872,0,0,0,0,0,0,0,0
315,8,2.38625,2.17145,1,0,0,0,0,0,5.63093E-11,0.00255046,0.170534,1.99837,0,0,0,0,0,0,0,0
316,1,0.393543,0.365848,0,1,0.271886,0.0923926,0.00154317,2.53654E-05,1.16134E-07,7.65625E-08,1.72051E-08,1.37623E-08,0.0943062,0.0391034,0.000102297,2.13383E-07,1.1634E-10,4.91838E-11,6.32726E-12,2.66411E-12
316,2,0.981705,0.972692,0,0,0,0.850109,0.120721,0.00184542,8.44915E-06,5.57018E-06,1.25173E-06,1.00126E-06,0,0.328339,0.0471133,0.00010365,5.65114E-08,2.38907E-08,3.07343E-09,1.29408E-09
316,3,1.46898,1.45564,0,0,0,0,1.27033,0.183795,0.000783401,0.000516464,0.000116059,0.000092836,0,0,0.516438,0.0709172,4.07747E-05,1.72379E-05,2.21757E-06,9.33715E-07
316,4,1.52599,1.47873,0,0,0,0,0,1.29957,0.103586,0.0545362,0.012234,0.00881,0,0,0,0.486076,0.00908514,0.00384083,0.000494105,0.000208044
316,5,1.49714,1.46009,0,0,0,0,0,0.000198047,0.739647,0.553771,0.0991969,0.0672812,0,0,0,0,0,0,0,0
316,6,1.58688,1.51605,0,0,0,0,0,6.2887E-16,0.000737237,0.968653,0.351149,0.195511,0,0,0,0,0,0,0,0
316,7,1.74881,1.63762,0,0,0,0,0,0,5.15937E-10,0.0399659,0.921385,0.676266,0,0,0,0,0,0,0,0
316,8,2.38449,2.16996,1,0,0,0,0,0,5.64351E-11,0.00255625,0.171176,1.99623,0,0,0,0,0,0,0,0
317,1,0.393505,0.365808,0,1,0.271878,0.0923611,0.0015427,2.53577E-05,1.16099E-07,7.65392E-08,1.71998E-08,1.37581E-08,0.0943056,0.039089,0.000102257,2.133E-07,1.16295E-10,4.91646E-11,6.3248E-12,2.66307E-12
317,2,0.981327,0.972309,0,0,0,0.850039,0.120411,0.0018409,8.42846E-06,5.55654E-06,1.24866E-06,9.98804E-07,0,0.328308,0.0469737,0.000103337,5.63407E-08,2.38186E-08,3.06415E-09,1.29017E-09
317,3,1.46886,1.45555,0,0,0,0,1.27123,0.182815,0.00077939,0.00051382,0.000115465,9.23605E-05,0,0,0.516845,0.0704671,0.000040512,1.71269E-05,2.20329E-06,9.277E-07
317,4,1.52631,1.47894,0,0,0,0,0,1.30264,0.101909,0.0536732,0.0120406,0.00867943,0,0,0,0.488873,0.00908707,0.00384164,0.000494209,0.000208088
317,5,1.49712,1.46005,0,0,0,0,0,0.000198779,0.740752,0.552774,0.0991085,0.0672213,0,0,0,0,0,0,0,0
317,6,1.58548,1.51518,0,0,0,0,0,6.54117E-16,0.000766851,0.975189,0.345709,0.19352,0,0,0,0,0,0,0,0
317,7,1.74776,1.63683,0,0,0,0,0,0,5.25223E-10,0.0408732,0.924042,0.671913,0,0,0,0,0,0,0,0
317,8,2.38588,2.17125,1,0,0,0,0,0,5.64874E-11,0.00255866,0.171435,1.99725,0,0,0,0,0,0,0,0
318,1,0.386051,0.359068,0,1,0.265054,0.0924367,0.00155117,2.54969E-05,1.16736E-07,7.69595E-08,1.72943E-08,1.38337E-08,0.0939454,0.0394823,0.000102936,2.14716E-07,1.17067E-10,4.94911E-11,6.36679E-12,2.68075E-12
318,2,0.965866,0.956832,0,0,0,0.834247,0.120718,0.00184996,8.46993E-06,5.58387E-06,1.2548E-06,1.00372E-06,0,0.327705,0.0473251,0.000103916,5.66563E-08,2.3952E-08,3.08131E-09,1.29739E-09
318,3,1.48126,1.45903,0,0,0,0,1.27408,0.183443,0.000783543,0.000516558,0.00011608,9.28528E-05,0,0,0.518929,0.0709434,4.07257E-05,1.72172E-05,2.21491E-06,9.32594E-07
318,4,1.60692,1.50645,0,0,0,0,0,1.3257,0.104124,0.055277,0.0124004,0.00894148,0,0,0,0.505036,0.00940893,0.00397771,0.000511714,0.000215459
318,5,1.57991,1.48664,0,0,0,0,0,0.000201078,0.748585,0.565882,0.10247,0.0695013,0,0,0,0,0,0,0,0
318,6,2.30395,1.85024,0,0,0,0,0,8.39499E-16,0.000946968,1.16701,0.433804,0.24848,0,0,0,0,0,0,0,0
318,7,3.37884,2.55885,0,0,0,0,0,0,8.83814E-10,0.0640276,1.38728,1.10754,0,0,0,0,0,0,0,0
318,8,4.20046,3.37456,0,0,0,0,0,0,9.26164E-11,0.00419266,0.270679,3.09969,0,0,0,0,0,0,0,0
319,1,0.386233,0.359264,0,1,0.265034,0.0926498,0.00155418,2.55464E-05,1.16963E-07,7.71088E-08,1.73278E-08,1.38605E-08,0.0939196,0.0395801,0.000103213,2.15295E-07,1.17382E-10,4.96244E-11,6.38395E-12,2.68798E-12
319,2,0.966877,0.957857,0,0,0,0.834509,0.12147,0.00186105,8.52073E-06,5.61737E-06,1.26233E-06,1.00974E-06,0,0.327822,0.0476625,0.000104668,5.70665E-08,2.41254E-08,3.10362E-09,1.30679E-09
319,3,1.4815,1.45919,0,0,0,0,1.27303,0.184644,0.000788488,0.000519818,0.000116813,9.34387E-05,0,0,0.518448,0.0714946,4.10464E-05,1.73528E-05,2.23235E-06,9.39938E-07
319,4,1.60709,1.50644,0,0,0,0,0,1.32347,0.105468,0.0559188,0.0125443,0.00904104,0,0,0,0.503424,0.00946168,0.00400002,0.000514583,0.000216667
319,5,1.57997,1.48667,0,0,0,0,0,0.000200653,0.748292,0.566159,0.102499,0.069521,0,0,0,0,0,0,0,0
319,6,2.30733,1.85215,0,0,0,0,0,8.32718E-16,0.000939317,1.16547,0.436257,0.249479,0,0,0,0,0,0,0,0
319,7,3.38116,2.56086,0,0,0,0,0,0,8.6841E-10,0.0626528,1.38342,1.11478,0,0,0,0,0,0,0,0
319,8,4.20063,3.37473,0,0,0,0,0,0,9.24644E-11,0.00418567,0.269981,3.10057,0,0,0,0,0,0,0,0
320,1,0.39422,0.366576,0,1,0.271828,0.0931684,0.00155397,0.000025543,1.16947E-07,7.70986E-08,1.73255E-08,1.38587E-08,0.0942207,0.0394505,0.00010329,2.15456E-07,1.1747E-10,4.96615E-11,6.38872E-12,2.68999E-12
320,2,0.985164,0.976207,0,0,0,0.851003,0.123303,0.00188347,8.62336E-06,5.68503E-06,1.27753E-06,1.0219E-06,0,0.328765,0.0482642,0.00010622,5.79129E-08,2.44833E-08,3.14966E-09,1.32617E-09
320,3,1.46938,1.45596,0,0,0,0,1.26736,0.18706,0.000796807,0.000525302,0.000118045,9.44246E-05,0,0,0.5151,0.072408,4.16435E-05,1.76052E-05,2.26483E-06,9.5361E-07
320,4,1.52587,1.47851,0,0,0,0,0,1.29574,0.1058,0.0555384,0.0124588,0.00896937,0,0,0,0.483918,0.00925531,0.00391277,0.00050336,0.000211941
320,5,1.49713,1.46009,0,0,0,0,0,0.000197741,0.739886,0.553548,0.0991832,0.067272,0,0,0,0,0,0,0,0
320,6,1.58644,1.5158,0,0,0,0,0,6.3905E-16,0.00074918,0.970092,0.349973,0.194991,0,0,0,0,0,0,0,0
320,7,1.75022,1.63868,0,0,0,0,0,0,5.03617E-10,0.0387655,0.917752,0.682165,0,0,0,0,0,0,0,0
320,8,2.38976,2.17452,1,0,0,0,0,0,5.61888E-11,0.00254491,0.169916,2.00206,0,0,0,0,0,0,0,0
321,1,0.395624,0.368076,0,1,0.271812,0.094663,0.00157508,2.58899E-05,1.18536E-07,7.81457E-08,1.75608E-08,1.40469E-08,0.0940997,0.0401202,0.000105195,2.1943E-07,1.19637E-10,5.05775E-11,6.50656E-12,2.7396E-12
321,2,0.991732,0.98288,0,0,0,0.852718,0.128188,0.00195549,8.9531E-06,5.90241E-06,1.32639E-06,1.06098E-06,0,0.329574,0.0504418,0.000111083,6.05641E-08,2.56041E-08,3.29385E-09,1.38688E-09
321,3,1.47008,1.45649,0,0,0,0,1.26207,0.192841,0.000820493,0.000540918,0.000121554,9.72315E-05,0,0,0.512706,0.0750616,4.31913E-05,1.82596E-05,2.34901E-06,9.89055E-07
321,4,1.52565,1.47818,0,0,0,0,0,1.29017,0.108794,0.0571634,0.0128231,0.00922437,0,0,0,0.479379,0.00945722,0.00399813,0.00051434,0.000216564
321,5,1.49718,1.46016,0,0,0,0,0,0.000196782,0.737751,0.555481,0.0993496,0.0673848,0,0,0,0,0,0,0,0
321,6,1.58841,1.51704,0,0,0,0,0,6.05945E-16,0.000710353,0.960413,0.358047,0.197872,0,0,0,0,0,0,0,0
321,7,1.7521,1.6401,0,0,0,0,0,0,4.86986E-10,0.0371417,0.912956,0.690004,0,0,0,0,0,0,0,0
321,8,2.39967,2.18315,1,0,0,0,0,0,5.58169E-11,0.00252781,0.168017,2.0126,0,0,0,0,0,0,0,0
322,1,0.544426,0.544416,0,0,0.361346,0.179945,0.00307402,5.05283E-05,2.31341E-07,1.52514E-07,3.42727E-08,2.74148E-08,0.168318,0.0810642,0.000208493,4.349E-07,2.37114E-10,1.00242E-10,1.28957E-11,5.42977E-12
322,2,1.55133,1.5513,0,0,0,1.29549,0.251874,0.00390315,1.78704E-05,1.17812E-05,2.64746E-06,2.1177E-06,0,0.607857,0.103125,0.000224276,1.22279E-07,5.16944E-08,6.65025E-09,2.8001E-09
322,3,2.35744,2.35727,0,0,0,0,1.99012,0.364121,0.00157378,0.00103753,0.000233153,0.000186499,0,0,0.933616,0.146967,8.35153E-05,3.53069E-05,4.54207E-06,1.91245E-06
322,4,2.39701,2.39523,0,0,0,0,0,2.05947,0.190664,0.104701,0.0234873,0.0169112,0,0,0,0.86414,0.017723,0.00749257,0.000963884,0.000405846
322,5,2.42916,2.42313,0,0,0,0,0,0.000301462,1.13168,0.984053,0.182986,0.124112,0,0,0,0,0,0,0,0
322,6,2.49434,2.48413,0,0,0,0,0,1.06535E-15,0.00108372,1.49183,0.63163,0.359583,0,0,0,0,0,0,0,0
322,7,2.66566,2.64853,0,0,0,0,0,0,8.38951E-10,0.0589418,1.40536,1.18422,0,0,0,0,0,0,0,0
322,8,3.44634,3.41229,0,0,0,0,0,0,9.18217E-11,0.0041558,0.265764,3.14237,0,0,0,0,0,0,0,0
323,1,0.549626,0.549616,0,0,0.360235,0.186159,0.00316883,5.20867E-05,2.38476E-07,1.57218E-07,3.53298E-08,2.82603E-08,0.167514,0.0842438,0.000217096,4.52846E-07,2.46899E-10,1.04379E-10,1.34278E-11,5.65382E-12
323,2,1.57198,1.57196,0,0,0,1.30029,0.267492,0.00413858,1.89483E-05,1.24918E-05,2.80715E-06,2.24544E-06,0,0.610012,0.110425,0.000240324,1.31028E-07,5.53935E-08,7.12613E-09,3.00047E-09
323,3,2.3587,2.35852,0,0,0,0,1.97552,0.379848,0.00163977,0.00108103,0.000242928,0.000194319,0,0,0.926637,0.154515,8.78489E-05,0.000037139,4.77776E-06,2.01169E-06
323,4,2.39731,2.39548,0,0,0,0,0,2.04403,0.19982,0.109431,0.0245478,0.0176515,0,0,0,0.851821,0.0182705,0.00772403,0.000993661,0.000418384
323,5,2.42921,2.42317,0,0,0,0,0,0.000299069,1.12898,0.98638,0.183229,0.124277,0,0,0,0,0,0,0,0
323,6,2.49604,2.48574,0,0,0,0,0,1.01302E-15,0.00103048,1.46994,0.648969,0.365797,0,0,0,0,0,0,0,0
323,7,2.66952,2.65226,0,0,0,0,0,0,7.82581E-10,0.054003,1.38982,1.20843,0,0,0,0,0,0,0,0
323,8,3.45524,3.42102,0,0,0,0,0,0,9.11507E-11,0.00412504,0.26275,3.15414,0,0,0,0,0,0,0,0
324,1,0.54452,0.54451,0,0,0.361431,0.179953,0.00307434,5.05336E-05,2.31365E-07,1.5253E-07,3.42763E-08,2.74176E-08,0.16836,0.0810652,0.000208488,4.34892E-07,2.3711E-10,1.0024E-10,1.28955E-11,5.42966E-12
324,2,1.55277,1.55275,0,0,0,1.29569,0.253094,0.00392137,1.79538E-05,1.18362E-05,2.65982E-06,2.12759E-06,0,0.607937,0.103705,0.000225556,1.22976E-07,5.19895E-08,6.68821E-09,2.81608E-09
324,3,2.35774,2.35757,0,0,0,0,1.98653,0.367971,0.00158991,0.00104816,0.000235542,0.00018841,0,0,0.931894,0.148823,8.45813E-05,3.57576E-05,4.60005E-06,1.93686E-06
324,4,2.39716,2.39536,0,0,0,0,0,2.05131,0.195564,0.107149,0.0240362,0.0172901,0,0,0,0.857627,0.0179098,0.00757155,0.000974044,0.000410124
324,5,2.42918,2.42315,0,0,0,0,0,0.000299778,1.13038,0.985168,0.18311,0.124196,0,0,0,0,0,0,0,0
324,6,2.49546,2.48519,0,0,0,0,0,1.03159E-15,0.00104937,1.47731,0.643143,0.363687,0,0,0,0,0,0,0,0
324,7,2.66865,2.65141,0,0,0,0,0,0,7.95368E-10,0.0551238,1.39333,1.20296,0,0,0,0,0,0,0,0
324,8,3.45131,3.41716,0,0,0,0,0,0,9.13705E-11,0.00413511,0.26373,3.1493,0,0,0,0,0,0,0,0
325,1,0.395294,0.367717,0,1,0.271889,0.0942328,0.00156922,2.57936E-05,1.18095E-07,7.78551E-08,1.74955E-08,1.39947E-08,0.0941654,0.0399288,0.000104642,2.18275E-07,1.19007E-10,5.03112E-11,6.4723E-12,2.72518E-12
325,2,0.990055,0.981176,0,0,0,0.852265,0.126955,0.00193729,8.86976E-06,5.84747E-06,1.31404E-06,1.0511E-06,0,0.32936,0.0498931,0.000109859,5.98966E-08,2.53219E-08,3.25754E-09,1.3716E-09
325,3,1.47001,1.45644,0,0,0,0,1.26251,0.192356,0.000818484,0.000539593,0.000121257,9.69934E-05,0,0,0.512896,0.0748441,4.30651E-05,1.82062E-05,2.34214E-06,9.86164E-07
325,4,1.52544,1.47804,0,0,0,0,0,1.28805,0.110022,0.0577172,0.0129472,0.00930836,0,0,0,0.477798,0.00946136,0.00399988,0.000514566,0.000216659
325,5,1.49718,1.46018,0,0,0,0,0,0.000196082,0.737268,0.55591,0.0993926,0.067414,0,0,0,0,0,0,0,0
325,6,1.58944,1.51772,0,0,0,0,0,5.91685E-16,0.000693631,0.95444,0.363059,0.199532,0,0,0,0,0,0,0,0
325,7,1.75436,1.64181,0,0,0,0,0,0,4.67263E-10,0.0352199,0.907142,0.699444,0,0,0,0,0,0,0,0
325,8,2.4028,2.18582,1,0,0,0,0,0,5.56137E-11,0.00251846,0.166979,2.01632,0,0,0,0,0,0,0,0
326,1,0.393978,0.366312,0,1,0.271892,0.0928447,0.00154958,2.54709E-05,1.16617E-07,7.68808E-08,1.72766E-08,1.38195E-08,0.094273,0.0393065,0.000102873,2.14585E-07,1.16995E-10,4.94608E-11,6.36291E-12,2.67912E-12
326,2,0.983846,0.974867,0,0,0,0.850631,0.122349,0.00186936,8.55878E-06,5.64245E-06,1.26797E-06,1.01425E-06,0,0.328586,0.0478408,0.000105276,5.73983E-08,2.42657E-08,3.12167E-09,1.31438E-09
326,3,1.46933,1.45591,0,0,0,0,1.26765,0.186736,0.000795459,0.000524414,0.000117846,9.42649E-05,0,0,0.515223,0.0722651,4.15607E-05,1.75702E-05,2.26033E-06,9.51715E-07
326,4,1.52555,1.47834,0,0,0,0,0,1.29333,0.107123,0.0562127,0.0126098,0.00906935,0,0,0,0.481555,0.00920878,0.0038931,0.000500829,0.000210875
326,5,1.49715,1.46013,0,0,0,0,0,0.000196781,0.738652,0.554658,0.0992836,0.0673401,0,0,0,0,0,0,0,0
326,6,1.58815,1.51687,0,0,0,0,0,6.09991E-16,0.000715098,0.961703,0.35697,0.197486,0,0,0,0,0,0,0,0
326,7,1.75197,1.64001,0,0,0,0,0,0,4.88151E-10,0.0372563,0.913263,0.689487,0,0,0,0,0,0,0,0
326,8,2.38927,2.17401,1,0,0,0,0,0,5.60904E-11,0.00254038,0.169418,2.00205,0,0,0,0,0,0,0,0
327,1,0.393651,0.365962,0,1,0.2719,0.0924916,0.00154461,2.53891E-05,1.16243E-07,7.66341E-08,1.72212E-08,1.37752E-08,0.0943034,0.0391484,0.000102423,2.13646E-07,1.16483E-10,4.92443E-11,6.33505E-12,2.66739E-12
327,2,0.982001,0.972993,0,0,0,0.850169,0.120958,0.00184889,8.46504E-06,5.58065E-06,1.25408E-06,1.00314E-06,0,0.328367,0.04722,0.000103889,5.66418E-08,2.39459E-08,3.08053E-09,1.29706E-09
327,3,1.46907,1.45571,0,0,0,0,1.2696,0.1846,0.0007867,0.000518639,0.000116548,9.32269E-05,0,0,0.516104,0.0712867,4.09902E-05,0.000017329,2.2293E-06,9.3865E-07
327,4,1.52578,1.47857,0,0,0,0,0,1.29693,0.105099,0.0552293,0.0123893,0.00891654,0,0,0,0.484203,0.00912119,0.00385607,0.000496065,0.00020887
327,5,1.49715,1.46011,0,0,0,0,0,0.000197221,0.739131,0.554228,0.0992437,0.067313,0,0,0,0,0,0,0,0
327,6,1.58743,1.51641,0,0,0,0,0,6.20405E-16,0.000727311,0.965658,0.353656,0.196367,0,0,0,0,0,0,0,0
327,7,1.75025,1.63871,0,0,0,0,0,0,5.03198E-10,0.0387231,0.917678,0.682308,0,0,0,0,0,0,0,0
327,8,2.38575,2.17101,1,0,0,0,0,0,5.63082E-11,0.0025504,0.170526,1.99793,0,0,0,0,0,0,0,0
328,1,0.393707,0.366022,0,1,0.271901,0.0925493,0.00154543,2.54026E-05,1.16304E-07,7.66747E-08,1.72303E-08,1.37825E-08,0.094299,0.0391744,0.000102496,2.138E-07,1.16567E-10,4.92797E-11,6.33961E-12,2.66931E-12
328,2,0.982234,0.97323,0,0,0,0.850229,0.121132,0.00185145,8.47678E-06,5.58839E-06,1.25582E-06,1.00453E-06,0,0.328396,0.0472975,0.000104062,5.67362E-08,2.39858E-08,3.08566E-09,1.29922E-09
328,3,1.4691,1.45573,0,0,0,0,1.26943,0.184785,0.000787461,0.000519141,0.000116661,0.000093317,0,0,0.516029,0.0713708,4.10392E-05,1.73497E-05,2.23196E-06,9.39772E-07
328,4,1.52578,1.47856,0,0,0,0,0,1.29687,0.105132,0.0552497,0.0123939,0.00891982,0,0,0,0.484149,0.00912523,0.00385778,0.000496285,0.000208962
328,5,1.49715,1.46011,0,0,0,0,0,0.000197306,0.739175,0.554189,0.0992395,0.0673102,0,0,0,0,0,0,0,0
328,6,1.58736,1.51636,0,0,0,0,0,6.21241E-16,0.000728291,0.966094,0.353289,0.19625,0,0,0,0,0,0,0,0
328,7,1.74991,1.63845,0,0,0,0,0,0,5.06215E-10,0.0390172,0.918564,0.680868,0,0,0,0,0,0,0,0
328,8,2.38533,2.17065,1,0,0,0,0,0,5.63432E-11,0.00255201,0.170704,1.9974,0,0,0,0,0,0,0,0
329,1,0.394153,0.366499,0,1,0.271893,0.0930276,0.00155218,2.55135E-05,1.16812E-07,7.70095E-08,1.73055E-08,1.38427E-08,0.0942588,0.0393888,0.000103106,2.15073E-07,1.17261E-10,4.95732E-11,6.37736E-12,2.6852E-12
329,2,0.98455,0.975583,0,0,0,0.850819,0.122869,0.00187704,8.59395E-06,5.66564E-06,1.27318E-06,1.01841E-06,0,0.328676,0.0480725,0.000105794,5.76803E-08,2.43849E-08,3.137E-09,1.32084E-09
329,3,1.46939,1.45596,0,0,0,0,1.26728,0.187145,0.000797141,0.000525523,0.000118095,9.44642E-05,0,0,0.515058,0.0724508,4.16688E-05,1.76159E-05,2.2662E-06,9.5419E-07
329,4,1.5256,1.47836,0,0,0,0,0,1.29368,0.106908,0.0561288,0.012591,0.00905694,0,0,0,0.481793,0.00921497,0.00389572,0.000501166,0.000211017
329,5,1.49715,1.46012,0,0,0,0,0,0.000197111,0.738821,0.55451,0.0992675,0.0673292,0,0,0,0,0,0,0,0
329,6,1.58785,1.51668,0,0,0,0,0,6.13733E-16,0.000719486,0.963495,0.355463,0.196999,0,0,0,0,0,0,0,0
329,7,1.75089,1.63919,0,0,0,0,0,0,4.97632E-10,0.0381804,0.916052,0.684956,0,0,0,0,0,0,0,0
329,8,2.38805,2.17299,1,0,0,0,0,0,5.61906E-11,0.00254499,0.169929,2.00051,0,0,0,0,0,0,0,0
330,1,0.39557,0.368012,0,1,0.271883,0.0945289,0.00157339,2.58622E-05,1.18409E-07,7.80621E-08,1.75421E-08,1.40319E-08,0.0941403,0.0400615,0.000105019,2.19062E-07,1.19436E-10,5.04928E-11,6.49566E-12,2.73501E-12
330,2,0.990976,0.982111,0,0,0,0.852529,0.127618,0.00194709,8.91467E-06,5.87708E-06,1.32069E-06,1.05642E-06,0,0.329484,0.0501873,0.000110515,6.02542E-08,2.5473E-08,3.27699E-09,1.37978E-09
330,3,1.47002,1.45645,0,0,0,0,1.26248,0.19239,0.000818633,0.000539691,0.000121279,9.70111E-05,0,0,0.512886,0.0748578,4.30728E-05,1.82094E-05,2.34256E-06,9.8634E-07
330,4,1.52564,1.47818,0,0,0,0,0,1.29014,0.10881,0.0571764,0.012826,0.00922597,0,0,0,0.479306,0.00944933,0.00399479,0.000513912,0.000216384
330,5,1.49718,1.46017,0,0,0,0,0,0.000196729,0.737578,0.555638,0.0993627,0.0673937,0,0,0,0,0,0,0,0
330,6,1.58879,1.51728,0,0,0,0,0,6.00218E-16,0.000703637,0.95845,0.359689,0.198439,0,0,0,0,0,0,0,0
330,7,1.75262,1.64049,0,0,0,0,0,0,4.82446E-10,0.036699,0.911629,0.692163,0,0,0,0,0,0,0,0
330,8,2.401,2.1843,1,0,0,0,0,0,5.57573E-11,0.00252507,0.167712,2.01406,0,0,0,0,0,0,0,0
331,1,0.544425,0.544415,0,0,0.361414,0.179877,0.00307308,0.000050513,2.31271E-07,1.52468E-07,3.42624E-08,2.74065E-08,0.168356,0.081026,0.000208386,4.34678E-07,2.36993E-10,1.00191E-10,1.28891E-11,5.42699E-12
331,2,1.55166,1.55163,0,0,0,1.29553,0.252158,0.00390739,1.78898E-05,0.000011794,2.65034E-06,0.00000212,0,0.607872,0.103261,0.000224575,1.22442E-07,5.17633E-08,6.65912E-09,2.80384E-09
331,3,2.3575,2.35733,0,0,0,0,1.98937,0.364926,0.00157715,0.00103975,0.000233652,0.000186898,0,0,0.933254,0.147357,8.37392E-05,3.54016E-05,4.55425E-06,1.91758E-06
331,4,2.39704,2.39526,0,0,0,0,0,2.058,0.191537,0.105151,0.0235882,0.0169815,0,0,0,0.862957,0.0177713,0.00751298,0.00096651,0.000406952
331,5,2.42916,2.42313,0,0,0,0,0,0.000301266,1.13143,0.984269,0.183008,0.124127,0,0,0,0,0,0,0,0
331,6,2.49459,2.48436,0,0,0,0,0,1.05785E-15,0.00107608,1.48868,0.634128,0.360479,0,0,0,0,0,0,0,0
331,7,2.6664,2.64924,0,0,0,0,0,0,8.28147E-10,0.0579952,1.40238,1.18886,0,0,0,0,0,0,0,0
331,8,3.44799,3.41391,0,0,0,0,0,0,9.16867E-11,0.00414961,0.265157,3.14461,0,0,0,0,0,0,0,0
332,1,0.547846,0.547835,0,0,0.360655,0.183992,0.00313583,5.15444E-05,2.35993E-07,1.55581E-07,3.4962E-08,2.79661E-08,0.167811,0.0831335,0.000214089,4.46575E-07,2.43479E-10,1.02933E-10,1.32419E-11,5.57553E-12
332,2,1.56442,1.56439,0,0,0,1.29868,0.261622,0.00405028,0.000018544,1.22253E-05,2.74726E-06,2.19753E-06,0,0.609302,0.10767,0.000234263,1.27724E-07,5.39964E-08,6.94639E-09,2.92479E-09
332,3,2.35811,2.35794,0,0,0,0,1.9824,0.372443,0.00160871,0.00106056,0.000238328,0.000190638,0,0,0.92993,0.150957,8.58058E-05,3.62752E-05,4.66664E-06,1.9649E-06
332,4,2.39712,2.39533,0,0,0,0,0,2.05401,0.193836,0.106422,0.0238733,0.0171848,0,0,0,0.859791,0.0180171,0.00761688,0.000979876,0.00041258
332,5,2.42918,2.42315,0,0,0,0,0,0.00030094,1.13045,0.98512,0.18309,0.124182,0,0,0,0,0,0,0,0
332,6,2.49491,2.48467,0,0,0,0,0,1.04687E-15,0.00106491,1.48453,0.637399,0.361676,0,0,0,0,0,0,0,0
332,7,2.66706,2.64988,0,0,0,0,0,0,8.18455E-10,0.0571452,1.39974,1.19299,0,0,0,0,0,0,0,0
332,8,3.45153,3.41738,0,0,0,0,0,0,9.14906E-11,0.00414063,0.264282,3.14896,0,0,0,0,0,0,0,0
333,1,0.547636,0.547626,0,0,0.360693,0.183749,0.0031321,0.000051483,2.35712E-07,1.55395E-07,3.49203E-08,2.79328E-08,0.16784,0.0830087,0.000213752,4.45872E-07,2.43096E-10,1.02771E-10,1.3221E-11,5.56675E-12
333,2,1.56373,1.56371,0,0,0,1.29852,0.261107,0.00404251,1.85084E-05,1.22018E-05,2.74198E-06,2.19331E-06,0,0.60923,0.107429,0.000233733,1.27435E-07,5.38742E-08,6.93068E-09,2.91818E-09
333,3,2.35808,2.35791,0,0,0,0,1.98276,0.372048,0.00160705,0.00105946,0.000238081,0.000190441,0,0,0.930104,0.150768,8.56975E-05,3.62294E-05,4.66075E-06,1.96242E-06
333,4,2.39712,2.39532,0,0,0,0,0,2.05424,0.193704,0.106351,0.0238573,0.0171736,0,0,0,0.859977,0.0180071,0.00761269,0.000979336,0.000412352
333,5,2.42918,2.42315,0,0,0,0,0,0.000300911,1.13044,0.985129,0.183091,0.124183,0,0,0,0,0,0,0,0
333,6,2.49491,2.48467,0,0,0,0,0,1.04697E-15,0.00106502,1.48461,0.63734,0.361656,0,0,0,0,0,0,0,0
333,7,2.66704,2.64986,0,0,0,0,0,0,8.18776E-10,0.0571732,1.39983,1.19285,0,0,0,0,0,0,0,0
333,8,3.45144,3.4173,0,0,0,0,0,0,9.14966E-11,0.0041409,0.264309,3.14885,0,0,0,0,0,0,0,0
334,1,0.544007,0.543997,0,0,0.361491,0.17939,0.00306563,5.03905E-05,2.3071E-07,1.52098E-07,3.41792E-08,2.734E-08,0.168414,0.080777,0.000207713,4.33274E-07,2.36228E-10,9.98676E-11,1.28475E-11,5.40947E-12
334,2,1.55007,1.55004,0,0,0,1.29515,0.250972,0.00388949,1.78078E-05,0.00001174,2.63819E-06,2.11029E-06,0,0.607698,0.102708,0.000223359,1.21779E-07,5.14831E-08,6.62307E-09,2.78866E-09
334,3,2.35742,2.35725,0,0,0,0,1.99024,0.363984,0.0015732,0.00103714,0.000233066,0.000186429,0,0,0.933669,0.146906,8.34806E-05,3.52922E-05,4.54019E-06,1.91166E-06
334,4,2.39703,2.39525,0,0,0,0,0,2.05826,0.191394,0.105057,0.0235672,0.0169659,0,0,0,0.863178,0.0177397,0.00749962,0.000964792,0.000406228
334,5,2.42916,2.42313,0,0,0,0,0,0.000301162,1.13145,0.984242,0.183007,0.124126,0,0,0,0,0,0,0,0
334,6,2.49457,2.48434,0,0,0,0,0,1.05834E-15,0.00107658,1.48896,0.633909,0.360402,0,0,0,0,0,0,0,0
334,7,2.66633,2.64917,0,0,0,0,0,0,8.29224E-10,0.0580895,1.40268,1.18839,0,0,0,0,0,0,0,0
334,8,3.44736,3.41329,0,0,0,0,0,0,9.17208E-11,0.00415117,0.265309,3.14383,0,0,0,0,0,0,0,0
335,1,0.395476,0.367912,0,1,0.271886,0.0944276,0.00157197,2.58388E-05,1.18302E-07,7.79914E-08,1.75262E-08,1.40192E-08,0.0941479,0.0400165,0.000104891,2.18795E-07,1.1929E-10,5.04311E-11,6.48773E-12,2.73167E-12
335,2,0.990491,0.981619,0,0,0,0.852402,0.127257,0.00194178,8.89032E-06,5.86102E-06,1.31708E-06,1.05354E-06,0,0.329425,0.0500264,0.000110155,6.00582E-08,2.53902E-08,3.26633E-09,1.3753E-09
335,3,1.46998,1.45642,0,0,0,0,1.26276,0.192081,0.000817366,0.000538856,0.000121091,9.68609E-05,0,0,0.513015,0.0747153,4.29897E-05,1.81743E-05,2.33804E-06,9.84437E-07
335,4,1.52558,1.47816,0,0,0,0,0,1.28988,0.108975,0.057233,0.0128387,0.00923376,0,0,0,0.479112,0.00943166,0.00398732,0.00051295,0.000215979
335,5,1.49718,1.46017,0,0,0,0,0,0.000196633,0.737624,0.555594,0.0993604,0.0673922,0,0,0,0,0,0,0,0
335,6,1.58878,1.51728,0,0,0,0,0,6.00132E-16,0.000703535,0.95851,0.359637,0.198426,0,0,0,0,0,0,0,0
335,7,1.75253,1.64043,0,0,0,0,0,0,4.83146E-10,0.0367671,0.911839,0.691824,0,0,0,0,0,0,0,0
335,8,2.39955,2.18303,1,0,0,0,0,0,5.58009E-11,0.00252707,0.167935,2.01257,0,0,0,0,0,0,0,0
336,1,0.394134,0.366479,0,1,0.271891,0.0930095,0.00155191,2.55092E-05,1.16792E-07,7.69964E-08,1.73026E-08,1.38403E-08,0.0942587,0.0393808,0.000103084,2.15026E-07,1.17235E-10,4.95623E-11,6.37596E-12,2.68461E-12
336,2,0.984528,0.97556,0,0,0,0.85081,0.122856,0.00187684,0.000008593,5.66501E-06,1.27304E-06,1.0183E-06,0,0.328671,0.0480666,0.00010578,5.76731E-08,2.43819E-08,3.13662E-09,1.32068E-09
336,3,1.4694,1.45596,0,0,0,0,1.26721,0.187212,0.000797414,0.000525702,0.000118135,9.44965E-05,0,0,0.51503,0.0724813,4.16866E-05,1.76234E-05,2.26717E-06,9.54598E-07
336,4,1.52555,1.47834,0,0,0,0,0,1.29324,0.107163,0.056244,0.0126168,0.00907431,0,0,0,0.48146,0.00921334,0.00389502,0.000501077,0.00021098
336,5,1.49715,1.46012,0,0,0,0,0,0.000197088,0.738799,0.554529,0.0992693,0.0673303,0,0,0,0,0,0,0,0
336,6,1.58796,1.51674,0,0,0,0,0,6.11921E-16,0.000717361,0.963008,0.355869,0.197147,0,0,0,0,0,0,0,0
336,7,1.7509,1.6392,0,0,0,0,0,0,4.97505E-10,0.0381677,0.916024,0.685006,0,0,0,0,0,0,0,0
336,8,2.38769,2.17267,1,0,0,0,0,0,5.62033E-11,0.00254557,0.169994,2.00013,0,0,0,0,0,0,0,0
337,1,0.393651,0.365962,0,1,0.271897,0.0924942,0.00154464,2.53896E-05,1.16245E-07,7.66355E-08,1.72215E-08,1.37754E-08,0.094302,0.0391495,0.000102426,2.13653E-07,1.16487E-10,4.9246E-11,6.33527E-12,2.66748E-12
337,2,0.982163,0.973157,0,0,0,0.85021,0.121079,0.00185067,8.47321E-06,5.58604E-06,1.25529E-06,1.00411E-06,0,0.328387,0.047274,0.00010401,5.67076E-08,2.39737E-08,3.0841E-09,1.29857E-09
337,3,1.46909,1.45572,0,0,0,0,1.26951,0.184699,0.000787108,0.000518908,0.000116609,9.32752E-05,0,0,0.516064,0.0713319,4.10165E-05,1.73401E-05,2.23073E-06,9.39253E-07
337,4,1.52578,1.47857,0,0,0,0,0,1.297,0.105046,0.05522,0.0123873,0.00891487,0,0,0,0.484178,0.00911503,0.00385346,0.00049573,0.000208729
337,5,1.49715,1.46011,0,0,0,0,0,0.000197568,0.739254,0.554122,0.0992308,0.0673042,0,0,0,0,0,0,0,0
337,6,1.58745,1.51641,0,0,0,0,0,6.1949E-16,0.000726236,0.965782,0.353545,0.196357,0,0,0,0,0,0,0,0
337,7,1.74966,1.63826,0,0,0,0,0,0,5.08378E-10,0.0392279,0.919206,0.679828,0,0,0,0,0,0,0,0
337,8,2.38494,2.17032,1,0,0,0,0,0,5.63717E-11,0.00255332,0.17085,1.99692,0,0,0,0,0,0,0,0
338,1,0.393451,0.365749,0,1,0.2719,0.0922813,0.00154164,2.53402E-05,1.16019E-07,7.64865E-08,1.7188E-08,1.37487E-08,0.0943206,0.0390538,0.000102154,2.13085E-07,1.16177E-10,4.91151E-11,6.31843E-12,2.66039E-12
338,2,0.981145,0.972123,0,0,0,0.849963,0.120304,0.00183928,8.42105E-06,5.55165E-06,1.24756E-06,9.97925E-07,0,0.32827,0.0469278,0.000103236,5.62856E-08,2.37953E-08,3.06115E-09,1.28891E-09
338,3,1.46892,1.45559,0,0,0,0,1.27076,0.183325,0.000781469,0.000515191,0.000115773,0.000092607,0,0,0.516629,0.070703,4.06499E-05,1.71851E-05,2.21079E-06,9.30857E-07
338,4,1.52599,1.47875,0,0,0,0,0,1.29989,0.103408,0.054447,0.012214,0.00879548,0,0,0,0.486269,0.00906261,0.0038313,0.000492879,0.000207528
338,5,1.49715,1.46009,0,0,0,0,0,0.000198069,0.73963,0.553787,0.0991978,0.0672819,0,0,0,0,0,0,0,0
338,6,1.58699,1.51612,0,0,0,0,0,6.26772E-16,0.000734777,0.96819,0.351532,0.195659,0,0,0,0,0,0,0,0
338,7,1.74868,1.63752,0,0,0,0,0,0,5.17028E-10,0.0400718,0.921721,0.675728,0,0,0,0,0,0,0,0
338,8,2.38369,2.16927,1,0,0,0,0,0,5.6476E-11,0.00255813,0.171383,1.99533,0,0,0,0,0,0,0,0
339,1,0.393359,0.365651,0,1,0.271896,0.0921891,0.00154032,2.53186E-05,1.1592E-07,7.64211E-08,1.71733E-08,1.37369E-08,0.0943266,0.0390121,0.000102036,2.1284E-07,1.16044E-10,4.90585E-11,6.31115E-12,2.65733E-12
339,2,0.980695,0.971666,0,0,0,0.849858,0.119956,0.00183417,8.39763E-06,5.53621E-06,1.24409E-06,9.9515E-07,0,0.328221,0.0467718,0.000102887,5.60953E-08,2.37148E-08,3.05081E-09,1.28455E-09
339,3,1.46882,1.45552,0,0,0,0,1.27149,0.182531,0.000778214,0.000513044,0.000115291,9.22212E-05,0,0,0.516958,0.0703389,4.04376E-05,1.70954E-05,2.19924E-06,9.25995E-07
339,4,1.52616,1.47889,0,0,0,0,0,1.30204,0.102188,0.0538707,0.0120848,0.008707,0,0,0,0.487872,0.00903528,0.00381975,0.000491393,0.000206902
339,5,1.49714,1.46008,0,0,0,0,0,0.000198458,0.739983,0.553471,0.0991678,0.0672615,0,0,0,0,0,0,0,0
339,6,1.58647,1.51579,0,0,0,0,0,6.35355E-16,0.000744842,0.970784,0.349367,0.194892,0,0,0,0,0,0,0,0
339,7,1.74782,1.63688,0,0,0,0,0,0,5.24591E-10,0.0408101,0.923903,0.672162,0,0,0,0,0,0,0,0
339,8,2.38288,2.1686,1,0,0,0,0,0,5.65586E-11,0.00256194,0.171805,1.99423,0,0,0,0,0,0,0,0
340,1,0.393342,0.365633,0,1,0.271886,0.0921812,0.00154018,2.53162E-05,1.15909E-07,7.64141E-08,1.71717E-08,1.37356E-08,0.0943234,0.0390083,0.000102026,2.1282E-07,1.16033E-10,4.90539E-11,6.31055E-12,2.65707E-12
340,2,0.980637,0.971607,0,0,0,0.849853,0.119904,0.00183341,8.39418E-06,5.53394E-06,1.24358E-06,9.94742E-07,0,0.328218,0.0467481,0.000102833,5.60661E-08,2.37025E-08,3.04922E-09,1.28388E-09
340,3,1.46879,1.45549,0,0,0,0,1.27177,0.182226,0.00077697,0.000512224,0.000115107,9.20738E-05,0,0,0.517084,0.0701989,4.03558E-05,1.70608E-05,2.1948E-06,9.24123E-07
340,4,1.52629,1.47897,0,0,0,0,0,1.30332,0.10147,0.0535215,0.0120065,0.00865401,0,0,0,0.488925,0.00903296,0.00381877,0.000491266,0.000206849
340,5,1.49714,1.46007,0,0,0,0,0,0.000198677,0.7403,0.553185,0.0991424,0.0672443,0,0,0,0,0,0,0,0
340,6,1.58593,1.51545,0,0,0,0,0,6.44792E-16,0.000755911,0.973399,0.347188,0.194105,0,0,0,0,0,0,0,0
340,7,1.74721,1.63642,0,0,0,0,0,0,5.29997E-10,0.0413383,0.925449,0.669628,0,0,0,0,0,0,0,0
340,8,2.38283,2.16859,1,0,0,0,0,0,5.66042E-11,0.00256404,0.172038,1.99399,0,0,0,0,0,0,0,0
341,1,0.393442,0.365741,0,1,0.271874,0.0922995,0.00154182,2.53432E-05,1.16032E-07,7.64954E-08,1.719E-08,1.37503E-08,0.0943091,0.0390612,0.000102178,2.13136E-07,1.16205E-10,4.91269E-11,6.31994E-12,2.66103E-12
341,2,0.981067,0.972044,0,0,0,0.849975,0.120214,0.00183799,8.41516E-06,5.54777E-06,1.24669E-06,9.97228E-07,0,0.328277,0.0468855,0.00010314,5.62332E-08,2.37731E-08,3.05831E-09,1.28771E-09
341,3,1.46882,1.45552,0,0,0,0,1.27154,0.182476,0.000778,0.000512903,0.000115259,9.21959E-05,0,0,0.516984,0.070312,4.04216E-05,1.70886E-05,2.19837E-06,9.2563E-07
341,4,1.52637,1.47899,0,0,0,0,0,1.30346,0.101443,0.0534537,0.0119914,0.00864558,0,0,0,0.489469,0.00907375,0.00383601,0.000493485,0.000207783
341,5,1.49712,1.46005,0,0,0,0,0,0.000198899,0.740862,0.552676,0.0990993,0.067215,0,0,0,0,0,0,0,0
341,6,1.58526,1.51504,0,0,0,0,0,6.57686E-16,0.000771036,0.976327,0.344758,0.193187,0,0,0,0,0,0,0,0
341,7,1.74727,1.63646,0,0,0,0,0,0,5.29594E-10,0.0412999,0.925307,0.669848,0,0,0,0,0,0,0,0
341,8,2.38547,2.17091,1,0,0,0,0,0,5.65394E-11,0.00256106,0.1717,1.99665,0,0,0,0,0,0,0,0
342,1,0.393616,0.365928,0,1,0.271856,0.0925015,0.00154462,2.53893E-05,1.16243E-07,7.66345E-08,1.72212E-08,1.37753E-08,0.0942853,0.0391515,0.000102437,2.13677E-07,1.165E-10,4.92515E-11,6.33597E-12,2.66778E-12
342,2,0.982096,0.97309,0,0,0,0.850226,0.120997,0.00184951,8.4679E-06,5.58254E-06,1.2545E-06,1.00348E-06,0,0.328396,0.0472355,0.000103922,5.66598E-08,2.39535E-08,3.0815E-09,1.29747E-09
342,3,1.46899,1.45565,0,0,0,0,1.27029,0.183846,0.00078362,0.000516608,0.000116092,9.28618E-05,0,0,0.516421,0.0709383,4.07867E-05,0.000017243,2.21823E-06,9.3399E-07
342,4,1.52617,1.47881,0,0,0,0,0,1.30063,0.103046,0.0542101,0.0121609,0.00876253,0,0,0,0.487434,0.00912785,0.00385888,0.000496427,0.000209022
342,5,1.49713,1.46006,0,0,0,0,0,0.000198387,0.740481,0.553015,0.0991327,0.0672377,0,0,0,0,0,0,0,0
342,6,1.58573,1.51534,0,0,0,0,0,6.50068E-16,0.000762103,0.973915,0.346773,0.193891,0,0,0,0,0,0,0,0
342,7,1.7484,1.63731,0,0,0,0,0,0,5.19617E-10,0.0403261,0.922415,0.674567,0,0,0,0,0,0,0,0
342,8,2.38674,2.17197,1,0,0,0,0,0,5.6416E-11,0.00255537,0.17107,1.99834,0,0,0,0,0,0,0,0
343,1,0.394045,0.366389,0,1,0.271831,0.0929808,0.00155133,2.54995E-05,1.16748E-07,7.69673E-08,1.7296E-08,1.38351E-08,0.0942374,0.0393661,0.00010305,2.14955E-07,1.17197E-10,4.95461E-11,6.37388E-12,2.68374E-12
343,2,0.984684,0.975718,0,0,0,0.850857,0.122966,0.00187847,8.60048E-06,5.66995E-06,1.27414E-06,1.01919E-06,0,0.328694,0.0481153,0.000105889,5.77323E-08,2.44069E-08,3.13983E-09,1.32203E-09
343,3,1.46938,1.45595,0,0,0,0,1.26737,0.187044,0.000796736,0.000525256,0.000118035,9.44162E-05,0,0,0.515103,0.0724028,4.16406E-05,0.000017604,2.26467E-06,9.53544E-07
343,4,1.52571,1.47844,0,0,0,0,0,1.2948,0.106277,0.055822,0.0125223,0.00901061,0,0,0,0.482737,0.00921781,0.00389692,0.00050132,0.000211082
343,5,1.49715,1.46011,0,0,0,0,0,0.000197372,0.739179,0.554187,0.0992385,0.0673095,0,0,0,0,0,0,0,0
343,6,1.58725,1.5163,0,0,0,0,0,6.23751E-16,0.000731235,0.966504,0.352953,0.196108,0,0,0,0,0,0,0,0
343,7,1.75022,1.63868,0,0,0,0,0,0,5.03565E-10,0.0387596,0.917764,0.682158,0,0,0,0,0,0,0,0
343,8,2.38775,2.17274,1,0,0,0,0,0,5.62379E-11,0.00254717,0.170171,2.00003,0,0,0,0,0,0,0,0
344,1,0.39553,0.367976,0,1,0.271817,0.0945592,0.00157362,0.000025866,1.18426E-07,7.80735E-08,1.75446E-08,1.40339E-08,0.0941105,0.0400735,0.000105062,2.19152E-07,1.19485E-10,5.05134E-11,6.49832E-12,2.73613E-12
344,2,0.991448,0.982591,0,0,0,0.852642,0.127979,0.00195241,0.000008939,5.89311E-06,1.3243E-06,1.0593E-06,0,0.329538,0.0503489,0.000110876,6.04512E-08,2.55563E-08,3.2877E-09,1.38429E-09
344,3,1.47006,1.45648,0,0,0,0,1.26219,0.192706,0.000819938,0.000540551,0.000121472,9.71657E-05,0,0,0.51276,0.0750005,4.31558E-05,1.82445E-05,2.34707E-06,9.8824E-07
344,4,1.52563,1.47817,0,0,0,0,0,1.29009,0.10884,0.0571869,0.0128284,0.00922757,0,0,0,0.479277,0.00944938,0.00399481,0.000513914,0.000216385
344,5,1.49718,1.46016,0,0,0,0,0,0.00019679,0.737707,0.555521,0.0993526,0.0673869,0,0,0,0,0,0,0,0
344,6,1.58853,1.51712,0,0,0,0,0,6.03851E-16,0.000707896,0.959856,0.35851,0.198042,0,0,0,0,0,0,0,0
344,7,1.75212,1.64012,0,0,0,0,0,0,4.86804E-10,0.0371238,0.912909,0.690083,0,0,0,0,0,0,0,0
344,8,2.39944,2.18295,1,0,0,0,0,0,5.58238E-11,0.00252813,0.168052,2.01237,0,0,0,0,0,0,0,0
345,1,0.544326,0.544316,0,0,0.361378,0.179814,0.00307204,5.04959E-05,2.31193E-07,1.52416E-07,3.42508E-08,2.73972E-08,0.16834,0.0809969,0.00020831,4.3452E-07,2.36907E-10,1.00155E-10,1.28844E-11,5.42502E-12
345,2,1.55098,1.55095,0,0,0,1.29541,0.251611,0.00389918,1.78522E-05,1.17692E-05,2.64476E-06,2.11555E-06,0,0.607819,0.103003,0.000224006,1.22131E-07,5.16322E-08,6.64224E-09,2.79673E-09
345,3,2.35742,2.35725,0,0,0,0,1.99034,0.363882,0.00157278,0.00103687,0.000233004,0.00018638,0,0,0.933721,0.146853,8.34499E-05,3.52793E-05,4.53852E-06,1.91095E-06
345,4,2.39701,2.39523,0,0,0,0,0,2.05963,0.19057,0.104652,0.0234764,0.0169036,0,0,0,0.864265,0.0177163,0.00748971,0.000963516,0.000405691
345,5,2.42916,2.42313,0,0,0,0,0,0.000301494,1.13169,0.984036,0.182984,0.124111,0,0,0,0,0,0,0,0
345,6,2.49436,2.48414,0,0,0,0,0,1.06493E-15,0.00108329,1.49168,0.631751,0.359628,0,0,0,0,0,0,0,0
345,7,2.66568,2.64855,0,0,0,0,0,0,8.38668E-10,0.058917,1.40529,1.18434,0,0,0,0,0,0,0,0
345,8,3.44631,3.41227,0,0,0,0,0,0,9.18216E-11,0.00415579,0.265763,3.14235,0,0,0,0,0,0,0,0
346,1,0.549529,0.549519,0,0,0.360176,0.186122,0.0031681,5.20748E-05,2.38422E-07,1.57182E-07,3.53217E-08,2.82539E-08,0.167487,0.0842265,0.000217055,4.52761E-07,2.46852E-10,1.04359E-10,1.34253E-11,5.65276E-12
346,2,1.57212,1.5721,0,0,0,1.30032,0.267598,0.00414016,1.89555E-05,1.24966E-05,2.80822E-06,2.2463E-06,0,0.610024,0.110474,0.000240433,1.31088E-07,5.54186E-08,7.12935E-09,3.00183E-09
346,3,2.35871,2.35853,0,0,0,0,1.9754,0.379975,0.0016403,0.00108138,0.000243007,0.000194382,0,0,0.926581,0.154576,8.78839E-05,3.71538E-05,4.77966E-06,2.01249E-06
346,4,2.39731,2.39548,0,0,0,0,0,2.04388,0.199907,0.109474,0.0245576,0.0176583,0,0,0,0.851706,0.0182742,0.00772558,0.00099386,0.000418468
346,5,2.42921,2.42317,0,0,0,0,0,0.000299039,1.12896,0.9864,0.183231,0.124278,0,0,0,0,0,0,0,0
346,6,2.49606,2.48576,0,0,0,0,0,1.01245E-15,0.0010299,1.46967,0.649186,0.365874,0,0,0,0,0,0,0,0
346,7,2.66956,2.6523,0,0,0,0,0,0,7.81956E-10,0.0539482,1.38965,1.2087,0,0,0,0,0,0,0,0
346,8,3.4553,3.42108,0,0,0,0,0,0,9.1145E-11,0.00412478,0.262724,3.15423,0,0,0,0,0,0,0,0
347,1,0.544454,0.544444,0,0,0.361368,0.17995,0.00307414,5.05303E-05,2.3135E-07,1.5252E-07,3.42741E-08,2.74158E-08,0.16833,0.0810653,0.000208494,4.34904E-07,2.37116E-10,1.00243E-10,1.28958E-11,5.42981E-12
347,2,1.55298,1.55295,0,0,0,1.29574,0.25325,0.00392372,1.79645E-05,1.18433E-05,2.66141E-06,2.12886E-06,0,0.607959,0.103778,0.000225715,1.23063E-07,5.20263E-08,6.69294E-09,2.81808E-09
347,3,2.35775,2.35758,0,0,0,0,1.9864,0.368114,0.00159051,0.00104856,0.000235631,0.000188481,0,0,0.931832,0.148891,8.46202E-05,0.000035774,4.60216E-06,1.93775E-06
347,4,2.39716,2.39536,0,0,0,0,0,2.05125,0.195605,0.107171,0.0240409,0.0172935,0,0,0,0.857572,0.0179133,0.00757303,0.000974235,0.000410204
347,5,2.42918,2.42315,0,0,0,0,0,0.00029976,1.13037,0.985176,0.183111,0.124197,0,0,0,0,0,0,0,0
347,6,2.49546,2.4852,0,0,0,0,0,1.03166E-15,0.00104944,1.47726,0.643189,0.363699,0,0,0,0,0,0,0,0
347,7,2.66868,2.65145,0,0,0,0,0,0,7.94845E-10,0.0550781,1.39318,1.20319,0,0,0,0,0,0,0,0
347,8,3.45142,3.41727,0,0,0,0,0,0,9.13628E-11,0.00413476,0.263696,3.14944,0,0,0,0,0,0,0,0
348,1,0.395279,0.367705,0,1,0.271852,0.0942565,0.00156945,2.57974E-05,1.18112E-07,7.78663E-08,1.7498E-08,1.39967E-08,0.0941481,0.0399387,0.000104674,2.18343E-07,1.19044E-10,5.0327E-11,6.47433E-12,2.72603E-12
348,2,0.990242,0.981366,0,0,0,0.852315,0.127093,0.00193933,8.87911E-06,5.85363E-06,1.31542E-06,1.05221E-06,0,0.329383,0.0499547,0.000109996,5.99716E-08,2.53536E-08,3.26162E-09,1.37331E-09
348,3,1.47002,1.45645,0,0,0,0,1.26244,0.192432,0.0008188,0.000539801,0.000121304,9.70308E-05,0,0,0.512866,0.0748783,4.30849E-05,1.82146E-05,2.34322E-06,9.86619E-07
348,4,1.52546,1.47805,0,0,0,0,0,1.28823,0.109915,0.0576681,0.0129362,0.00930107,0,0,0,0.477949,0.00946465,0.00400127,0.000514744,0.000216735
348,5,1.49718,1.46018,0,0,0,0,0,0.000196092,0.737306,0.555875,0.0993897,0.067412,0,0,0,0,0,0,0,0
348,6,1.58934,1.51766,0,0,0,0,0,5.93474E-16,0.000695729,0.95492,0.36266,0.199386,0,0,0,0,0,0,0,0
348,7,1.75437,1.64182,0,0,0,0,0,0,4.67169E-10,0.035211,0.907107,0.699497,0,0,0,0,0,0,0,0
348,8,2.40305,2.18604,1,0,0,0,0,0,5.5605E-11,0.00251805,0.166935,2.01659,0,0,0,0,0,0,0,0
349,1,0.393993,0.366331,0,1,0.271855,0.0929006,0.00155026,0.000025482,1.16668E-07,7.69145E-08,1.72842E-08,1.38256E-08,0.0942528,0.0393308,0.000102947,2.1474E-07,1.17079E-10,4.94964E-11,6.36749E-12,2.68104E-12
349,2,0.98414,0.975165,0,0,0,0.850716,0.12256,0.00187248,8.57307E-06,5.65187E-06,1.27008E-06,1.01594E-06,0,0.328627,0.0479342,0.000105485,5.75118E-08,2.43136E-08,3.12784E-09,1.31698E-09
349,3,1.46934,1.45592,0,0,0,0,1.26764,0.18675,0.000795522,0.000524455,0.000117855,9.42723E-05,0,0,0.515221,0.0722698,4.15633E-05,1.75713E-05,2.26046E-06,9.51773E-07
349,4,1.52565,1.4784,0,0,0,0,0,1.29416,0.106661,0.055985,0.0125588,0.00903537,0,0,0,0.482298,0.00922012,0.00389789,0.000501446,0.000211135
349,5,1.49715,1.46012,0,0,0,0,0,0.000196909,0.738914,0.554421,0.0992631,0.0673262,0,0,0,0,0,0,0,0
349,6,1.58769,1.51659,0,0,0,0,0,6.18017E-16,0.000724511,0.963828,0.355201,0.196839,0,0,0,0,0,0,0,0
349,7,1.75187,1.63993,0,0,0,0,0,0,4.89096E-10,0.0373492,0.913515,0.689064,0,0,0,0,0,0,0,0
349,8,2.38981,2.17449,1,0,0,0,0,0,5.60773E-11,0.00253977,0.16935,2.0026,0,0,0,0,0,0,0,0
350,1,0.393728,0.366047,0,1,0.271865,0.0926103,0.00154619,0.000025415,1.16361E-07,7.67122E-08,1.72387E-08,1.37892E-08,0.0942792,0.039201,0.000102576,2.13967E-07,1.16658E-10,4.93183E-11,6.34457E-12,2.6714E-12
350,2,0.982413,0.973412,0,0,0,0.850301,0.121241,0.00185309,8.48428E-06,5.59334E-06,1.25693E-06,1.00542E-06,0,0.328432,0.0473444,0.000104166,5.67927E-08,2.40096E-08,3.08873E-09,1.30052E-09
350,3,1.46906,1.4557,0,0,0,0,1.26977,0.184419,0.000785967,0.000518156,0.000116439,0.00009314,0,0,0.516184,0.0712011,0.00004094,1.73078E-05,2.22656E-06,9.375E-07
350,4,1.52603,1.47871,0,0,0,0,0,1.29886,0.104064,0.0546784,0.0122659,0.00883467,0,0,0,0.486175,0.00915542,0.00387054,0.000497927,0.000209653
350,5,1.49713,1.46008,0,0,0,0,0,0.000197793,0.740091,0.553361,0.0991678,0.0672615,0,0,0,0,0,0,0,0
350,6,1.58621,1.51566,0,0,0,0,0,6.42805E-16,0.000753585,0.971266,0.348991,0.194644,0,0,0,0,0,0,0,0
350,7,1.74988,1.63843,0,0,0,0,0,0,5.06607E-10,0.039057,0.918628,0.680739,0,0,0,0,0,0,0,0
350,8,2.38817,2.17316,1,0,0,0,0,0,5.62745E-11,0.00254885,0.170347,2.00026,0,0,0,0,0,0,0,0
351,1,0.393754,0.366075,0,1,0.271866,0.0926359,0.00154655,0.000025421,1.16389E-07,7.67304E-08,1.72428E-08,1.37925E-08,0.0942776,0.0392126,0.000102609,2.14035E-07,1.16695E-10,4.93341E-11,6.3466E-12,2.67225E-12
351,2,0.982478,0.973478,0,0,0,0.850319,0.121288,0.00185379,8.48747E-06,5.59544E-06,1.2574E-06,1.0058E-06,0,0.328441,0.0473653,0.000104212,5.6818E-08,2.40204E-08,3.09011E-09,1.3011E-09
351,3,1.46906,1.4557,0,0,0,0,1.26976,0.184428,0.000786007,0.000518182,0.000116445,9.31447E-05,0,0,0.516181,0.071205,4.09422E-05,1.73087E-05,2.22669E-06,9.37551E-07
351,4,1.52604,1.47872,0,0,0,0,0,1.29905,0.103953,0.0546317,0.0122555,0.00882739,0,0,0,0.486283,0.00915066,0.00386853,0.000497668,0.000209544
351,5,1.49713,1.46008,0,0,0,0,0,0.000197902,0.740131,0.553326,0.0991636,0.0672587,0,0,0,0,0,0,0,0
351,6,1.58614,1.51561,0,0,0,0,0,6.43467E-16,0.00075436,0.971749,0.348584,0.194519,0,0,0,0,0,0,0,0
351,7,1.74937,1.63804,0,0,0,0,0,0,5.11051E-10,0.0394902,0.919932,0.678619,0,0,0,0,0,0,0,0
351,8,2.38734,2.17246,1,0,0,0,0,0,5.63323E-11,0.00255152,0.170643,1.99926,0,0,0,0,0,0,0,0
352,1,0.394055,0.366397,0,1,0.271862,0.0929586,0.0015511,2.54959E-05,1.16731E-07,7.69563E-08,1.72935E-08,1.38331E-08,0.0942503,0.0393573,0.000103021,2.14895E-07,1.17164E-10,4.95321E-11,6.37208E-12,2.68298E-12
352,2,0.984152,0.975178,0,0,0,0.85073,0.122557,0.00187247,8.57301E-06,5.65183E-06,1.27007E-06,1.01593E-06,0,0.328635,0.0479326,0.00010548,5.75095E-08,2.43127E-08,3.12772E-09,1.31693E-09
352,3,1.46931,1.45589,0,0,0,0,1.26791,0.18645,0.000794296,0.000523647,0.000117673,0.000094127,0,0,0.515347,0.0721312,4.14823E-05,1.75371E-05,2.25606E-06,9.4992E-07
352,4,1.52575,1.47848,0,0,0,0,0,1.29549,0.105892,0.055634,0.0124801,0.00898117,0,0,0,0.483225,0.00919616,0.00388776,0.000500142,0.000210586
352,5,1.49715,1.46011,0,0,0,0,0,0.000197329,0.739155,0.554208,0.0992408,0.067311,0,0,0,0,0,0,0,0
352,6,1.58728,1.51632,0,0,0,0,0,6.2323E-16,0.000730623,0.966322,0.353105,0.19616,0,0,0,0,0,0,0,0
352,7,1.7503,1.63875,0,0,0,0,0,0,5.02814E-10,0.0386863,0.917546,0.682514,0,0,0,0,0,0,0,0
352,8,2.38763,2.17264,1,0,0,0,0,0,5.62384E-11,0.00254719,0.170173,1.99993,0,0,0,0,0,0,0,0
353,1,0.395211,0.36763,0,1,0.271868,0.0941678,0.00156824,2.57775E-05,1.18021E-07,7.78063E-08,1.74846E-08,1.39859E-08,0.0941594,0.0398999,0.000104562,2.18108E-07,1.18916E-10,5.02729E-11,6.46737E-12,2.7231E-12
353,2,0.989147,0.980253,0,0,0,0.852071,0.126237,0.00192677,8.82163E-06,5.81574E-06,1.30691E-06,1.0454E-06,0,0.329269,0.0495709,0.000109137,5.95031E-08,2.51555E-08,3.23614E-09,1.36258E-09
353,3,1.46981,1.45629,0,0,0,0,1.26403,0.19069,0.000811669,0.0005351,0.000120247,9.61858E-05,0,0,0.51359,0.0740778,4.26178E-05,1.80171E-05,2.31782E-06,9.75921E-07
353,4,1.52574,1.4783,0,0,0,0,0,1.29213,0.107705,0.0566234,0.012702,0.0091393,0,0,0,0.480756,0.00938328,0.00396687,0.000510319,0.000214871
353,5,1.49718,1.46016,0,0,0,0,0,0.000196892,0.737892,0.555354,0.099338,0.067377,0,0,0,0,0,0,0,0
353,6,1.58837,1.51701,0,0,0,0,0,6.06349E-16,0.000710826,0.960677,0.357824,0.197802,0,0,0,0,0,0,0,0
353,7,1.75195,1.63999,0,0,0,0,0,0,4.88316E-10,0.0372714,0.913344,0.689371,0,0,0,0,0,0,0,0
353,8,2.39894,2.18252,1,0,0,0,0,0,5.58523E-11,0.00252944,0.168195,2.0118,0,0,0,0,0,0,0,0
354,1,0.541998,0.541988,0,0,0.361828,0.177079,0.00303018,4.98077E-05,2.28042E-07,1.50339E-07,3.3784E-08,2.70238E-08,0.168678,0.0795953,0.000204524,4.26622E-07,2.32601E-10,9.83342E-11,1.26502E-11,5.32641E-12
354,2,1.5422,1.54217,0,0,0,1.29315,0.245184,0.00380205,1.74075E-05,0.000011476,2.57889E-06,2.06285E-06,0,0.606788,0.100015,0.000217445,1.18554E-07,5.01199E-08,6.4477E-09,2.71482E-09
354,3,2.35699,2.35682,0,0,0,0,1.99517,0.358668,0.00155087,0.00102243,0.000229759,0.000183784,0,0,0.936021,0.144359,8.20186E-05,3.46742E-05,4.46067E-06,1.87818E-06
354,4,2.39696,2.39519,0,0,0,0,0,2.06176,0.189366,0.103954,0.0233197,0.0167901,0,0,0,0.865932,0.0175419,0.00741599,0.000954033,0.000401698
354,5,2.42915,2.42312,0,0,0,0,0,0.000301646,1.13243,0.983395,0.182924,0.12407,0,0,0,0,0,0,0,0
354,6,2.49423,2.48402,0,0,0,0,0,1.0701E-15,0.00108854,1.49322,0.630549,0.359164,0,0,0,0,0,0,0,0
354,7,2.66561,2.64848,0,0,0,0,0,0,8.39704E-10,0.0590089,1.40553,1.18394,0,0,0,0,0,0,0,0
354,8,3.44412,3.41011,0,0,0,0,0,0,9.19089E-11,0.00415979,0.26615,3.1398,0,0,0,0,0,0,0,0
355,1,0.544074,0.544064,0,0,0.361427,0.179518,0.0030675,5.04212E-05,2.30851E-07,1.5219E-07,3.42001E-08,2.73566E-08,0.168378,0.0808441,0.000207898,4.3366E-07,2.36438E-10,9.99566E-11,1.28589E-11,5.41429E-12
355,2,1.55061,1.55059,0,0,0,1.29529,0.251367,0.00389546,1.78352E-05,0.000011758,2.64224E-06,2.11353E-06,0,0.607763,0.102891,0.000223762,1.21998E-07,5.15759E-08,6.635E-09,2.79368E-09
355,3,2.35743,2.35726,0,0,0,0,1.99018,0.364053,0.00157348,0.00103733,0.000233109,0.000186464,0,0,0.93364,0.146938,0.000083499,0.0000353,4.54118E-06,1.91208E-06
355,4,2.39702,2.39524,0,0,0,0,0,2.0589,0.191002,0.104875,0.0235264,0.0169384,0,0,0,0.863674,0.0177403,0.00749989,0.000964826,0.000406243
355,5,2.42916,2.42313,0,0,0,0,0,0.000301416,1.13158,0.984136,0.182994,0.124118,0,0,0,0,0,0,0,0
355,6,2.49451,2.48429,0,0,0,0,0,1.06034E-15,0.00107861,1.48961,0.633397,0.360212,0,0,0,0,0,0,0,0
355,7,2.66623,2.64908,0,0,0,0,0,0,8.30636E-10,0.0582133,1.40307,1.1878,0,0,0,0,0,0,0,0
355,8,3.44766,3.41359,0,0,0,0,0,0,9.17144E-11,0.00415088,0.265282,3.14416,0,0,0,0,0,0,0,0
356,1,0.543824,0.543814,0,0,0.361497,0.179203,0.00306272,5.03426E-05,2.30491E-07,1.51953E-07,3.41468E-08,2.7314E-08,0.168426,0.080682,0.000207459,4.32744E-07,2.35939E-10,9.97453E-11,1.28318E-11,5.40285E-12
356,2,1.54946,1.54944,0,0,0,1.29502,0.2505,0.00388239,1.77753E-05,1.17185E-05,2.63338E-06,2.10644E-06,0,0.607644,0.102486,0.00022287,1.21512E-07,5.13705E-08,6.60858E-09,2.78256E-09
356,3,2.35735,2.35718,0,0,0,0,1.99103,0.363127,0.0015696,0.00103477,0.000232533,0.000186003,0,0,0.934048,0.146496,0.000083245,3.51926E-05,4.52737E-06,1.90626E-06
356,4,2.39701,2.39523,0,0,0,0,0,2.05977,0.190486,0.104611,0.023467,0.0168971,0,0,0,0.86437,0.0177128,0.00748826,0.000963329,0.000405612
356,5,2.42916,2.42313,0,0,0,0,0,0.000301509,1.13167,0.984061,0.182986,0.124112,0,0,0,0,0,0,0,0
356,6,2.49448,2.48426,0,0,0,0,0,1.06165E-15,0.00107995,1.49008,0.633028,0.360076,0,0,0,0,0,0,0,0
356,7,2.66614,2.64899,0,0,0,0,0,0,8.31899E-10,0.058324,1.40341,1.18725,0,0,0,0,0,0,0,0
356,8,3.44748,3.41341,0,0,0,0,0,0,9.17296E-11,0.00415158,0.26535,3.14391,0,0,0,0,0,0,0,0
357,1,0.541399,0.541389,0,0,0.361998,0.176322,0.0030187,0.000049619,2.27178E-07,1.49769E-07,3.3656E-08,2.69214E-08,0.168794,0.079206,0.000203468,4.2442E-07,2.314E-10,9.78266E-11,1.25849E-11,5.29892E-12
357,2,1.53928,1.53926,0,0,0,1.29245,0.242997,0.00376906,1.72564E-05,1.13765E-05,2.55651E-06,2.04495E-06,0,0.606473,0.0989943,0.000215201,1.17331E-07,4.96028E-08,6.38118E-09,2.68681E-09
357,3,2.35679,2.35663,0,0,0,0,1.99737,0.356282,0.00154085,0.00101582,0.000228274,0.000182597,0,0,0.937072,0.143219,8.13643E-05,3.43976E-05,4.42509E-06,1.86319E-06
357,4,2.39692,2.39516,0,0,0,0,0,2.06381,0.188154,0.103322,0.0231779,0.0166908,0,0,0,0.867569,0.0174619,0.00738219,0.000949684,0.000399867
357,5,2.42914,2.42311,0,0,0,0,0,0.000301891,1.13272,0.983138,0.182897,0.124052,0,0,0,0,0,0,0,0
357,6,2.49413,2.48393,0,0,0,0,0,1.07372E-15,0.00109223,1.49452,0.629528,0.358789,0,0,0,0,0,0,0,0
357,7,2.66535,2.64823,0,0,0,0,0,0,8.43581E-10,0.0593487,1.40659,1.18228,0,0,0,0,0,0,0,0
357,8,3.44322,3.40923,0,0,0,0,0,0,9.19706E-11,0.00416261,0.266427,3.13864,0,0,0,0,0,0,0,0
358,1,0.394911,0.367308,0,1,0.271907,0.0938116,0.00156331,2.56965E-05,1.1765E-07,7.75619E-08,1.74296E-08,1.3942E-08,0.0942027,0.039741,0.000104105,2.17156E-07,1.18397E-10,5.00534E-11,6.43914E-12,2.71121E-12
358,2,0.987572,0.978654,0,0,0,0.851676,0.125051,0.00190931,8.74166E-06,5.76302E-06,1.29506E-06,1.03592E-06,0,0.329083,0.0490412,0.000107953,5.88577E-08,2.48827E-08,3.20104E-09,1.34781E-09
358,3,1.46964,1.45615,0,0,0,0,1.26535,0.189244,0.000805737,0.00053119,0.000119368,9.54829E-05,0,0,0.514186,0.0734157,4.22318E-05,1.78539E-05,2.29682E-06,9.67081E-07
358,4,1.52579,1.47838,0,0,0,0,0,1.2935,0.10694,0.0562408,0.0126162,0.00907888,0,0,0,0.481725,0.00932743,0.00394326,0.000507282,0.000213592
358,5,1.49717,1.46015,0,0,0,0,0,0.000197115,0.738125,0.555145,0.0993185,0.0673637,0,0,0,0,0,0,0,0
358,6,1.58827,1.51694,0,0,0,0,0,6.07732E-16,0.000712447,0.961318,0.357285,0.197627,0,0,0,0,0,0,0,0
358,7,1.75156,1.6397,0,0,0,0,0,0,4.91657E-10,0.0375969,0.91433,0.687771,0,0,0,0,0,0,0,0
358,8,2.39722,2.18102,1,0,0,0,0,0,5.59226E-11,0.00253267,0.168554,2.00994,0,0,0,0,0,0,0,0
359,1,0.393827,0.36615,0,1,0.271899,0.0926778,0.00154724,2.54324E-05,1.16441E-07,7.67647E-08,1.72505E-08,1.37987E-08,0.0942881,0.0392321,0.00010266,2.14142E-07,1.16753E-10,4.93587E-11,6.34976E-12,2.67358E-12
359,2,0.982916,0.973922,0,0,0,0.850414,0.121632,0.00185884,8.5106E-06,5.61069E-06,1.26083E-06,1.00854E-06,0,0.328484,0.0475201,0.000104559,5.7007E-08,2.41003E-08,3.10039E-09,1.30542E-09
359,3,1.46916,1.45578,0,0,0,0,1.26896,0.185299,0.000789569,0.00052053,0.000116973,9.35668E-05,0,0,0.515817,0.0716063,4.11765E-05,1.74078E-05,2.23943E-06,9.42916E-07
359,4,1.52578,1.47855,0,0,0,0,0,1.2966,0.105257,0.0553386,0.0124139,0.00893403,0,0,0,0.483886,0.00914191,0.00386483,0.000497192,0.000209344
359,5,1.49715,1.46011,0,0,0,0,0,0.000197605,0.739192,0.554178,0.0992349,0.067307,0,0,0,0,0,0,0,0
359,6,1.58751,1.51645,0,0,0,0,0,6.18848E-16,0.000725484,0.96545,0.353825,0.196447,0,0,0,0,0,0,0,0
359,7,1.74991,1.63845,0,0,0,0,0,0,5.06205E-10,0.0390162,0.918562,0.680872,0,0,0,0,0,0,0,0
359,8,2.38625,2.17145,1,0,0,0,0,0,5.63093E-11,0.00255046,0.170534,1.99837,0,0,0,0,0,0,0,0
360,1,0.393451,0.365749,0,1,0.2719,0.0922813,0.00154164,2.53402E-05,1.16019E-07,7.64865E-08,1.7188E-08,1.37487E-08,0.0943206,0.0390538,0.000102154,2.13085E-07,1.16177E-10,4.91151E-11,6.31843E-12,2.66039E-12
360,2,0.981145,0.972123,0,0,0,0.849963,0.120304,0.00183928,8.42105E-06,5.55165E-06,1.24756E-06,9.97925E-07,0,0.32827,0.0469278,0.000103236,5.62856E-08,2.37953E-08,3.06115E-09,1.28891E-09
360,3,1.46892,1.45559,0,0,0,0,1.27076,0.183325,0.000781469,0.000515191,0.000115773,0.000092607,0,0,0.516629,0.070703,4.06499E-05,1.71851E-05,2.21079E-06,9.30857E-07
360,4,1.52599,1.47875,0,0,0,0,0,1.29989,0.103408,0.054447,0.012214,0.00879548,0,0,0,0.486269,0.00906261,0.0038313,0.000492879,0.000207528
360,5,1.49715,1.46009,0,0,0,0,0,0.000198069,0.73963,0.553787,0.0991978,0.0672819,0,0,0,0,0,0,0,0
360,6,1.58699,1.51612,0,0,0,0,0,6.26772E-16,0.000734777,0.96819,0.351532,0.195659,0,0,0,0,0,0,0,0
360,7,1.74868,1.63752,0,0,0,0,0,0,5.17028E-10,0.0400718,0.921721,0.675728,0,0,0,0,0,0,0,0
360,8,2.38369,2.16927,1,0,0,0,0,0,5.6476E-11,0.00255813,0.171383,1.99533,0,0,0,0,0,0,0,0
361,1,0.393343,0.365633,0,1,0.271901,0.092166,0.00154001,2.53134E-05,1.15896E-07,7.64056E-08,1.71698E-08,1.37341E-08,0.0943308,0.0390018,0.000102006,2.12777E-07,1.16009E-10,4.90441E-11,6.3093E-12,2.65654E-12
361,2,0.980559,0.971528,0,0,0,0.849828,0.11985,0.00183262,8.39053E-06,5.53153E-06,1.24304E-06,9.94309E-07,0,0.328206,0.0467245,0.000102781,5.60375E-08,2.36904E-08,3.04766E-09,1.28323E-09
361,3,1.46879,1.4555,0,0,0,0,1.2717,0.1823,0.000777269,0.000512421,0.000115151,9.21092E-05,0,0,0.517052,0.0702336,4.03761E-05,1.70694E-05,2.1959E-06,9.24589E-07
361,4,1.52621,1.47892,0,0,0,0,0,1.30257,0.101893,0.053721,0.0120512,0.00868419,0,0,0,0.488336,0.0090323,0.00381849,0.000491231,0.000206834
361,5,1.49714,1.46008,0,0,0,0,0,0.000198583,0.740143,0.553326,0.0991548,0.0672527,0,0,0,0,0,0,0,0
361,6,1.58631,1.51569,0,0,0,0,0,6.38303E-16,0.000748301,0.971497,0.348775,0.194672,0,0,0,0,0,0,0,0
361,7,1.74774,1.63681,0,0,0,0,0,0,5.25333E-10,0.0408826,0.924116,0.671813,0,0,0,0,0,0,0,0
361,8,2.38303,2.16874,1,0,0,0,0,0,5.6564E-11,0.00256218,0.171831,1.99435,0,0,0,0,0,0,0,0
362,1,0.39339,0.365683,0,1,0.271902,0.0922142,0.00154069,2.53247E-05,1.15948E-07,7.64397E-08,1.71775E-08,1.37402E-08,0.0943277,0.0390234,0.000102067,2.12905E-07,1.16079E-10,4.90736E-11,6.31308E-12,2.65814E-12
362,2,0.980541,0.97151,0,0,0,0.84985,0.119811,0.00183207,8.38805E-06,5.5299E-06,1.24267E-06,9.94015E-07,0,0.328218,0.0467054,0.000102737,5.60135E-08,2.36803E-08,3.04636E-09,1.28268E-09
362,3,1.46873,1.45544,0,0,0,0,1.27224,0.181712,0.00077486,0.000510833,0.000114794,9.18237E-05,0,0,0.517298,0.0699627,4.02181E-05,1.70026E-05,2.1873E-06,9.20969E-07
362,4,1.52647,1.47908,0,0,0,0,0,1.30488,0.100638,0.0530735,0.0119061,0.00858668,0,0,0,0.49049,0.0090438,0.00382335,0.000491856,0.000207097
362,5,1.49712,1.46004,0,0,0,0,0,0.000199292,0.7411,0.552465,0.0990775,0.0672003,0,0,0,0,0,0,0,0
362,6,1.58521,1.51501,0,0,0,0,0,6.58721E-16,0.000772251,0.976581,0.344546,0.193111,0,0,0,0,0,0,0,0
362,7,1.74704,1.63628,0,0,0,0,0,0,5.31611E-10,0.0414964,0.925899,0.668885,0,0,0,0,0,0,0,0
362,8,2.38481,2.17035,1,0,0,0,0,0,5.65786E-11,0.00256286,0.1719,1.99589,0,0,0,0,0,0,0,0
363,1,0.393386,0.365679,0,1,0.271894,0.0922184,0.00154073,2.53253E-05,1.1595E-07,7.64414E-08,1.71778E-08,1.37406E-08,0.0943241,0.0390251,0.000102073,2.12917E-07,1.16086E-10,4.90764E-11,6.31345E-12,2.65829E-12
363,2,0.980582,0.971552,0,0,0,0.849862,0.11984,0.00183251,8.39005E-06,5.53121E-06,1.24297E-06,9.94252E-07,0,0.328224,0.0467184,0.000102766,5.60294E-08,2.3687E-08,3.04722E-09,1.28304E-09
363,3,1.46873,1.45544,0,0,0,0,1.27225,0.181703,0.000774826,0.000510811,0.000114789,9.18197E-05,0,0,0.517302,0.0699584,4.02155E-05,1.70015E-05,2.18716E-06,9.20911E-07
363,4,1.52649,1.4791,0,0,0,0,0,1.30512,0.100497,0.0530073,0.0118913,0.00857668,0,0,0,0.490685,0.00904463,0.0038237,0.000491901,0.000207116
363,5,1.49712,1.46004,0,0,0,0,0,0.000199311,0.741149,0.55242,0.0990737,0.0671977,0,0,0,0,0,0,0,0
363,6,1.58505,1.51491,0,0,0,0,0,6.61365E-16,0.000775352,0.977353,0.343903,0.192881,0,0,0,0,0,0,0,0
363,7,1.74681,1.63612,0,0,0,0,0,0,5.33572E-10,0.0416881,0.926458,0.667968,0,0,0,0,0,0,0,0
363,8,2.38484,2.17039,1,0,0,0,0,0,5.65939E-11,0.00256357,0.171977,1.99585,0,0,0,0,0,0,0,0
364,1,0.39335,0.365643,0,1,0.271878,0.0921984,0.0015404,2.53199E-05,1.15926E-07,7.6425E-08,1.71742E-08,1.37376E-08,0.0943189,0.0390158,0.000102049,2.12866E-07,1.16058E-10,4.90646E-11,6.31194E-12,2.65766E-12
364,2,0.980752,0.971724,0,0,0,0.849881,0.119991,0.00183469,8.40004E-06,5.53781E-06,1.24445E-06,9.95436E-07,0,0.328232,0.0467869,0.00010292,5.61135E-08,2.37225E-08,3.05179E-09,1.28496E-09
364,3,1.46881,1.4555,0,0,0,0,1.27163,0.18238,0.0007776,0.00051264,0.0001152,9.21485E-05,0,0,0.517021,0.0702691,4.03967E-05,1.70781E-05,2.19702E-06,9.25061E-07
364,4,1.52626,1.47895,0,0,0,0,0,1.30298,0.101661,0.0536098,0.0120263,0.00866771,0,0,0,0.488694,0.00904025,0.00382185,0.000491663,0.000207016
364,5,1.49714,1.46007,0,0,0,0,0,0.000198587,0.740248,0.55323,0.0991471,0.0672475,0,0,0,0,0,0,0,0
364,6,1.58597,1.51548,0,0,0,0,0,6.44106E-16,0.000755106,0.973148,0.347398,0.194176,0,0,0,0,0,0,0,0
364,7,1.74739,1.63655,0,0,0,0,0,0,5.28424E-10,0.0411849,0.924992,0.670374,0,0,0,0,0,0,0,0
364,8,2.38303,2.16875,1,0,0,0,0,0,5.65846E-11,0.00256313,0.171937,1.99425,0,0,0,0,0,0,0,0
365,1,0.393488,0.365792,0,1,0.271861,0.0923624,0.00154267,2.53571E-05,1.16096E-07,7.65376E-08,1.71995E-08,1.37578E-08,0.0942983,0.0390892,0.00010226,2.13306E-07,1.16298E-10,4.91659E-11,6.32497E-12,2.66314E-12
365,2,0.981689,0.972675,0,0,0,0.8501,0.120713,0.0018453,8.44861E-06,5.56982E-06,1.25164E-06,1.00119E-06,0,0.328335,0.0471102,0.000103643,5.65077E-08,2.38892E-08,3.07324E-09,1.29399E-09
365,3,1.46899,1.45565,0,0,0,0,1.27026,0.183878,0.000783744,0.00051669,0.00011611,9.28766E-05,0,0,0.516404,0.070955,4.07966E-05,1.72472E-05,2.21877E-06,9.34218E-07
365,4,1.52598,1.47872,0,0,0,0,0,1.29941,0.103681,0.0545753,0.0122428,0.00881608,0,0,0,0.485984,0.00908887,0.00384241,0.000494308,0.000208129
365,5,1.49714,1.46009,0,0,0,0,0,0.000197925,0.739628,0.553786,0.0991996,0.0672831,0,0,0,0,0,0,0,0
365,6,1.58677,1.51598,0,0,0,0,0,6.3054E-16,0.000739196,0.969199,0.350692,0.19535,0,0,0,0,0,0,0,0
365,7,1.74865,1.6375,0,0,0,0,0,0,5.17298E-10,0.0400987,0.921779,0.675623,0,0,0,0,0,0,0,0
365,8,2.38407,2.1696,1,0,0,0,0,0,5.64606E-11,0.00255742,0.171305,1.99574,0,0,0,0,0,0,0,0
366,1,0.393971,0.366309,0,1,0.271838,0.092895,0.00155013,2.54799E-05,1.16658E-07,7.69081E-08,1.72827E-08,1.38244E-08,0.094247,0.0393277,0.00010294,2.14726E-07,1.17072E-10,4.94933E-11,6.36708E-12,2.68087E-12
366,2,0.98439,0.97542,0,0,0,0.850774,0.122753,0.00187533,8.5861E-06,5.66046E-06,1.27201E-06,1.01748E-06,0,0.328654,0.0480211,0.000105679,5.76177E-08,2.43584E-08,3.1336E-09,1.31941E-09
366,3,1.46937,1.45594,0,0,0,0,1.26743,0.186975,0.000796447,0.000525065,0.000117992,9.43819E-05,0,0,0.515129,0.0723723,4.16229E-05,1.75965E-05,2.26371E-06,9.5314E-07
366,4,1.52564,1.4784,0,0,0,0,0,1.29426,0.106575,0.0559732,0.0125561,0.00903293,0,0,0,0.482212,0.00920487,0.00389144,0.000500616,0.000210786
366,5,1.49715,1.46012,0,0,0,0,0,0.000197286,0.738966,0.55438,0.0992549,0.0673206,0,0,0,0,0,0,0,0
366,6,1.58763,1.51653,0,0,0,0,0,6.17027E-16,0.000723348,0.964733,0.354426,0.196647,0,0,0,0,0,0,0,0
366,7,1.75036,1.63879,0,0,0,0,0,0,5.02315E-10,0.0386371,0.917418,0.682731,0,0,0,0,0,0,0,0
366,8,2.3873,2.17235,1,0,0,0,0,0,5.62444E-11,0.00254747,0.170204,1.9996,0,0,0,0,0,0,0,0
367,1,0.395476,0.367917,0,1,0.271822,0.0944956,0.00157274,2.58515E-05,1.1836E-07,7.80297E-08,1.75348E-08,1.40261E-08,0.094118,0.040045,0.000104981,2.18982E-07,1.19392E-10,5.04742E-11,6.49327E-12,2.73401E-12
367,2,0.991238,0.982377,0,0,0,0.852587,0.127823,0.0019501,8.92843E-06,5.88615E-06,1.32273E-06,1.05805E-06,0,0.329511,0.0502792,0.00011072,6.03662E-08,2.55204E-08,3.28309E-09,1.38235E-09
367,3,1.47005,1.45647,0,0,0,0,1.26229,0.192599,0.000819495,0.00054026,0.000121407,9.71132E-05,0,0,0.512803,0.0749519,4.31275E-05,1.82326E-05,2.34554E-06,9.87593E-07
367,4,1.52562,1.47816,0,0,0,0,0,1.28998,0.108903,0.057215,0.0128347,0.00923164,0,0,0,0.479184,0.00944512,0.00399301,0.000513683,0.000216287
367,5,1.49718,1.46017,0,0,0,0,0,0.000196778,0.737676,0.555549,0.099355,0.0673885,0,0,0,0,0,0,0,0
367,6,1.58863,1.51718,0,0,0,0,0,6.02183E-16,0.00070594,0.959345,0.358937,0.198193,0,0,0,0,0,0,0,0
367,7,1.75219,1.64017,0,0,0,0,0,0,4.86133E-10,0.0370583,0.912717,0.690397,0,0,0,0,0,0,0,0
367,8,2.39933,2.18284,1,0,0,0,0,0,5.58238E-11,0.00252813,0.168052,2.01226,0,0,0,0,0,0,0,0
368,1,0.544254,0.544243,0,0,0.361401,0.17972,0.00307062,5.04725E-05,2.31086E-07,1.52345E-07,3.42349E-08,2.73845E-08,0.168355,0.0809483,0.000208178,4.34245E-07,2.36757E-10,1.00091E-10,1.28763E-11,5.42159E-12
368,2,1.55069,1.55067,0,0,0,1.29534,0.251398,0.00389596,1.78375E-05,1.17595E-05,2.64259E-06,2.1138E-06,0,0.607789,0.102903,0.000223787,1.22012E-07,5.15818E-08,6.63576E-09,2.794E-09
368,3,2.3574,2.35723,0,0,0,0,1.99051,0.363692,0.00157198,0.00103634,0.000232885,0.000186285,0,0,0.933804,0.146763,8.33981E-05,3.52573E-05,4.5357E-06,1.90976E-06
368,4,2.39701,2.39523,0,0,0,0,0,2.05969,0.190532,0.104631,0.0234716,0.0169001,0,0,0,0.864319,0.0177119,0.00748787,0.00096328,0.000405592
368,5,2.42916,2.42313,0,0,0,0,0,0.00030149,1.13169,0.98404,0.182984,0.124111,0,0,0,0,0,0,0,0
368,6,2.49438,2.48417,0,0,0,0,0,1.06412E-15,0.00108247,1.49136,0.632003,0.359719,0,0,0,0,0,0,0,0
368,7,2.66574,2.64861,0,0,0,0,0,0,8.37749E-10,0.0588364,1.40504,1.18473,0,0,0,0,0,0,0,0
368,8,3.44635,3.41231,0,0,0,0,0,0,9.18149E-11,0.00415549,0.265733,3.14242,0,0,0,0,0,0,0,0
369,1,0.549427,0.549417,0,0,0.360116,0.18608,0.00316731,5.20618E-05,2.38362E-07,1.57143E-07,3.53129E-08,2.82468E-08,0.16746,0.0842071,0.000217009,4.52664E-07,2.46799E-10,1.04337E-10,1.34224E-11,5.65155E-12
369,2,1.57223,1.57221,0,0,0,1.30034,0.267685,0.00414148,1.89616E-05,1.25006E-05,2.80912E-06,2.24702E-06,0,0.610035,0.110515,0.000240524,1.31137E-07,5.54395E-08,7.13204E-09,3.00296E-09
369,3,2.35872,2.35854,0,0,0,0,1.97529,0.380094,0.0016408,0.00108171,0.000243081,0.000194441,0,0,0.926528,0.154633,8.79166E-05,3.71676E-05,4.78144E-06,2.01324E-06
369,4,2.39731,2.39548,0,0,0,0,0,2.04371,0.20001,0.109526,0.0245691,0.0176662,0,0,0,0.85157,0.0182782,0.0077273,0.000994081,0.00041856
369,5,2.42921,2.42317,0,0,0,0,0,0.000298995,1.12893,0.986428,0.183235,0.124281,0,0,0,0,0,0,0,0
369,6,2.49609,2.48579,0,0,0,0,0,1.0115E-15,0.00102893,1.46921,0.649553,0.366002,0,0,0,0,0,0,0,0
369,7,2.66963,2.65237,0,0,0,0,0,0,7.80931E-10,0.0538584,1.38937,1.20914,0,0,0,0,0,0,0,0
369,8,3.4554,3.42118,0,0,0,0,0,0,9.1136E-11,0.00412437,0.262683,3.15437,0,0,0,0,0,0,0,0
370,1,0.544401,0.544391,0,0,0.361305,0.17996,0.00307416,5.05307E-05,2.31352E-07,1.52521E-07,3.42744E-08,2.74161E-08,0.168299,0.0810727,0.00020852,4.34957E-07,2.37145E-10,1.00255E-10,1.28974E-11,5.43047E-12
370,2,1.55317,1.55314,0,0,0,1.29579,0.25339,0.00392584,1.79742E-05,1.18497E-05,2.66285E-06,2.13001E-06,0,0.60798,0.103843,0.000225859,1.23142E-07,5.20594E-08,6.69721E-09,2.81987E-09
370,3,2.35776,2.35759,0,0,0,0,1.98629,0.368232,0.00159101,0.00104889,0.000235705,0.000188541,0,0,0.93178,0.148947,8.46526E-05,3.57877E-05,4.60393E-06,1.93849E-06
370,4,2.39716,2.39536,0,0,0,0,0,2.05117,0.195648,0.107193,0.0240459,0.017297,0,0,0,0.857517,0.0179171,0.00757461,0.000974439,0.00041029
370,5,2.42918,2.42315,0,0,0,0,0,0.000299725,1.13035,0.98519,0.183112,0.124198,0,0,0,0,0,0,0,0
370,6,2.49548,2.48521,0,0,0,0,0,1.03151E-15,0.00104929,1.47707,0.643343,0.363748,0,0,0,0,0,0,0,0
370,7,2.66875,2.65151,0,0,0,0,0,0,7.93901E-10,0.0549954,1.39292,1.2036,0,0,0,0,0,0,0,0
370,8,3.45156,3.41741,0,0,0,0,0,0,9.13514E-11,0.00413423,0.263645,3.14964,0,0,0,0,0,0,0,0
371,1,0.395296,0.367725,0,1,0.27182,0.0943092,0.0015701,0.000025808,1.18161E-07,7.78985E-08,1.75053E-08,1.40025E-08,0.0941297,0.0399619,0.000104744,2.18489E-07,1.19124E-10,5.03607E-11,6.47867E-12,2.72786E-12
371,2,0.99045,0.981577,0,0,0,0.852374,0.127243,0.00194155,8.88927E-06,5.86033E-06,1.31693E-06,1.05341E-06,0,0.329412,0.0500212,0.000110145,6.00525E-08,2.53878E-08,3.26602E-09,1.37517E-09
371,3,1.47003,1.45645,0,0,0,0,1.2624,0.192474,0.000818975,0.000539917,0.00012133,9.70516E-05,0,0,0.512851,0.0748967,4.30956E-05,1.82191E-05,2.3438E-06,9.86862E-07
371,4,1.5255,1.47807,0,0,0,0,0,1.28851,0.109761,0.0575929,0.0129194,0.00928992,0,0,0,0.478197,0.00947016,0.0040036,0.000515044,0.000216861
371,5,1.49718,1.46018,0,0,0,0,0,0.000196107,0.737381,0.555807,0.0993841,0.0674083,0,0,0,0,0,0,0,0
371,6,1.5892,1.51758,0,0,0,0,0,5.96037E-16,0.000698735,0.955531,0.362152,0.199194,0,0,0,0,0,0,0,0
371,7,1.75442,1.64186,0,0,0,0,0,0,4.6671E-10,0.0351666,0.906962,0.699727,0,0,0,0,0,0,0,0
371,8,2.40341,2.18635,1,0,0,0,0,0,5.55907E-11,0.0025174,0.166862,2.01697,0,0,0,0,0,0,0,0
372,1,0.394094,0.366441,0,1,0.271824,0.0930393,0.00155213,2.55128E-05,1.16809E-07,7.70073E-08,1.7305E-08,1.38423E-08,0.0942285,0.0393926,0.000103126,2.15114E-07,1.17283E-10,4.95827E-11,6.37858E-12,2.68572E-12
372,2,0.98454,0.975572,0,0,0,0.850846,0.122833,0.00187655,8.59167E-06,5.66414E-06,1.27284E-06,1.01814E-06,0,0.32869,0.0480544,0.000105752,5.76575E-08,2.43753E-08,3.13577E-09,1.32032E-09
372,3,1.46932,1.45591,0,0,0,0,1.26778,0.186594,0.000794893,0.00052404,0.000117762,9.41978E-05,0,0,0.515289,0.0721965,4.15203E-05,1.75531E-05,2.25813E-06,9.50789E-07
372,4,1.52586,1.47851,0,0,0,0,0,1.29565,0.105873,0.0555494,0.0124612,0.00897101,0,0,0,0.483939,0.00925546,0.00391283,0.000503368,0.000211944
372,5,1.49713,1.46009,0,0,0,0,0,0.000197414,0.739776,0.553642,0.099195,0.06728,0,0,0,0,0,0,0,0
372,6,1.58672,1.516,0,0,0,0,0,6.36278E-16,0.000745932,0.96816,0.351602,0.195493,0,0,0,0,0,0,0,0
372,7,1.75189,1.63995,0,0,0,0,0,0,4.88965E-10,0.0373375,0.913443,0.689166,0,0,0,0,0,0,0,0
372,8,2.392,2.17641,1,0,0,0,0,0,5.60215E-11,0.00253721,0.169061,2.00482,0,0,0,0,0,0,0,0
373,1,0.386246,0.359279,0,1,0.265013,0.0926857,0.00155463,2.55539E-05,1.16997E-07,7.71314E-08,1.73329E-08,1.38646E-08,0.0939071,0.0395965,0.000103262,2.15396E-07,1.17437E-10,4.96478E-11,6.38695E-12,2.68924E-12
373,2,0.967017,0.957999,0,0,0,0.834545,0.121574,0.00186259,8.52779E-06,5.62202E-06,1.26338E-06,1.01057E-06,0,0.327838,0.0477094,0.000104772,5.71235E-08,2.41495E-08,3.10672E-09,1.30809E-09
373,3,1.48154,1.45922,0,0,0,0,1.27284,0.184865,0.000789394,0.000520415,0.000116947,9.35461E-05,0,0,0.518359,0.071596,4.11055E-05,1.73777E-05,2.23557E-06,9.4129E-07
373,4,1.60699,1.50638,0,0,0,0,0,1.32279,0.10585,0.0560865,0.0125819,0.0090672,0,0,0,0.503023,0.00947933,0.00400748,0.000515543,0.000217071
373,5,1.57999,1.48669,0,0,0,0,0,0.000200327,0.748163,0.566279,0.102514,0.069531,0,0,0,0,0,0,0,0
373,6,2.30874,1.85298,0,0,0,0,0,8.31163E-16,0.000937563,1.1646,0.437497,0.249939,0,0,0,0,0,0,0,0
373,7,3.38366,2.56302,0,0,0,0,0,0,8.51874E-10,0.0611779,1.37925,1.12258,0,0,0,0,0,0,0,0
373,8,4.20234,3.37648,0,0,0,0,0,0,9.22564E-11,0.00417612,0.269031,3.10327,0,0,0,0,0,0,0,0
374,1,0.386182,0.359211,0,1,0.265012,0.0926203,0.00155369,2.55384E-05,1.16926E-07,7.70846E-08,1.73224E-08,1.38562E-08,0.0939121,0.0395663,0.000103177,2.1522E-07,1.17341E-10,4.96071E-11,6.38172E-12,2.68704E-12
374,2,0.966763,0.957741,0,0,0,0.834476,0.121388,0.00185984,8.51517E-06,5.6137E-06,1.26151E-06,1.00908E-06,0,0.327808,0.0476258,0.000104586,5.70219E-08,2.41066E-08,3.1012E-09,1.30577E-09
374,3,1.48149,1.45918,0,0,0,0,1.27309,0.184573,0.000788194,0.000519624,0.000116769,9.34039E-05,0,0,0.518477,0.0714616,4.10272E-05,1.73447E-05,2.23131E-06,9.39498E-07
374,4,1.6072,1.50649,0,0,0,0,0,1.32356,0.10544,0.0559097,0.0125423,0.00903934,0,0,0,0.503423,0.0094548,0.0039971,0.000514209,0.000216509
374,5,1.58,1.48669,0,0,0,0,0,0.000200427,0.748134,0.566309,0.102515,0.0695317,0,0,0,0,0,0,0,0
374,6,2.30798,1.85251,0,0,0,0,0,8.31173E-16,0.000937573,1.1652,0.436706,0.249666,0,0,0,0,0,0,0,0
374,7,3.38146,2.56112,0,0,0,0,0,0,8.66394E-10,0.0624729,1.38292,1.11573,0,0,0,0,0,0,0,0
374,8,4.20073,3.37484,0,0,0,0,0,0,9.24447E-11,0.00418477,0.26989,3.10076,0,0,0,0,0,0,0,0
375,1,0.393824,0.366154,0,1,0.271821,0.092759,0.00154816,2.54474E-05,1.1651E-07,7.68101E-08,1.72607E-08,1.38068E-08,0.0942497,0.0392666,0.000102769,2.14368E-07,1.16877E-10,4.94108E-11,6.35646E-12,2.6764E-12
375,2,0.983255,0.974268,0,0,0,0.850521,0.121867,0.00186233,8.52659E-06,5.62123E-06,1.2632E-06,1.01043E-06,0,0.328536,0.0476236,0.000104789,5.71326E-08,2.41534E-08,3.10722E-09,1.3083E-09
375,3,1.46914,1.45576,0,0,0,0,1.26921,0.185037,0.000788511,0.000519833,0.000116816,9.34415E-05,0,0,0.515933,0.0714822,4.11036E-05,0.000017377,2.23547E-06,9.41248E-07
375,4,1.52606,1.4787,0,0,0,0,0,1.29888,0.104034,0.054685,0.0122674,0.00883654,0,0,0,0.486175,0.00917502,0.00387882,0.000498993,0.000210102
375,5,1.49713,1.46008,0,0,0,0,0,0.000197969,0.740186,0.553277,0.0991589,0.0672555,0,0,0,0,0,0,0,0
375,6,1.58592,1.51547,0,0,0,0,0,6.47181E-16,0.000758716,0.972793,0.347714,0.194205,0,0,0,0,0,0,0,0
375,7,1.74923,1.63794,0,0,0,0,0,0,5.12294E-10,0.0396122,0.920268,0.678059,0,0,0,0,0,0,0,0
375,8,2.38799,2.17302,1,0,0,0,0,0,5.63092E-11,0.00255046,0.170528,1.99994,0,0,0,0,0,0,0,0
376,1,0.394175,0.36653,0,1,0.271813,0.0931373,0.00155349,2.55351E-05,1.16911E-07,7.70746E-08,1.73201E-08,1.38544E-08,0.0942175,0.039436,0.000103251,2.15375E-07,1.17425E-10,4.96427E-11,6.38631E-12,2.68897E-12
376,2,0.985331,0.976376,0,0,0,0.851036,0.123437,0.00188544,8.63236E-06,5.69096E-06,1.27887E-06,1.02297E-06,0,0.328779,0.0483248,0.000106356,5.79869E-08,2.45145E-08,3.15368E-09,1.32786E-09
376,3,1.46943,1.45599,0,0,0,0,1.26699,0.187458,0.000798433,0.000526374,0.000118286,9.46172E-05,0,0,0.514932,0.0725928,4.17514E-05,1.76508E-05,2.2707E-06,9.56082E-07
376,4,1.52574,1.47844,0,0,0,0,0,1.29473,0.106298,0.0558576,0.0125303,0.00901683,0,0,0,0.482643,0.0092365,0.00390482,0.000502337,0.00021151
376,5,1.49715,1.46012,0,0,0,0,0,0.000197286,0.738952,0.554393,0.0992561,0.0673214,0,0,0,0,0,0,0,0
376,6,1.58742,1.51641,0,0,0,0,0,6.21075E-16,0.000728096,0.965597,0.353711,0.19637,0,0,0,0,0,0,0,0
376,7,1.75059,1.63896,0,0,0,0,0,0,5.00339E-10,0.0384451,0.916816,0.683699,0,0,0,0,0,0,0,0
376,8,2.38983,2.17455,1,0,0,0,0,0,5.61487E-11,0.00254307,0.16972,2.00229,0,0,0,0,0,0,0,0
377,1,0.395075,0.367488,0,1,0.27184,0.0940557,0.00156657,0.00002575,1.17895E-07,7.77234E-08,1.74659E-08,1.3971E-08,0.0941562,0.039849,0.000104421,2.17815E-07,1.18756E-10,5.02052E-11,6.45866E-12,2.71943E-12
377,2,0.988861,0.979963,0,0,0,0.851998,0.126024,0.00192364,8.80726E-06,5.80626E-06,1.30478E-06,1.04369E-06,0,0.329235,0.0494758,0.000108925,5.93873E-08,2.51066E-08,3.22984E-09,1.35993E-09
377,3,1.46978,1.45626,0,0,0,0,1.26426,0.190438,0.000810635,0.000534419,0.000120094,9.60633E-05,0,0,0.513695,0.0739618,4.25501E-05,1.79885E-05,2.31413E-06,9.74371E-07
377,4,1.52575,1.47831,0,0,0,0,0,1.2924,0.107555,0.0565475,0.012685,0.00912728,0,0,0,0.480947,0.00937167,0.00396196,0.000509688,0.000214606
377,5,1.49718,1.46015,0,0,0,0,0,0.000196946,0.737965,0.555288,0.0993321,0.0673729,0,0,0,0,0,0,0,0
377,6,1.5883,1.51696,0,0,0,0,0,6.07435E-16,0.000712099,0.961103,0.357467,0.197682,0,0,0,0,0,0,0,0
377,7,1.75178,1.63986,0,0,0,0,0,0,4.89766E-10,0.0374129,0.913768,0.688681,0,0,0,0,0,0,0,0
377,8,2.39852,2.18215,1,0,0,0,0,0,5.58727E-11,0.00253038,0.168299,2.01133,0,0,0,0,0,0,0,0
378,1,0.395339,0.367771,0,1,0.271832,0.0943424,0.0015706,2.58163E-05,1.18199E-07,7.79235E-08,1.75109E-08,1.4007E-08,0.0941325,0.0399769,0.000104785,2.18575E-07,1.1917E-10,5.03804E-11,6.4812E-12,2.72893E-12
378,2,0.990439,0.981566,0,0,0,0.852397,0.127211,0.00194111,8.88725E-06,0.000005859,1.31663E-06,1.05317E-06,0,0.329422,0.0500054,0.000110108,6.00324E-08,2.53793E-08,3.26493E-09,1.3747E-09
378,3,1.46995,1.4564,0,0,0,0,1.26298,0.191843,0.000816392,0.000538214,0.000120947,9.67455E-05,0,0,0.513114,0.0746063,4.29261E-05,1.81474E-05,2.33458E-06,9.82981E-07
378,4,1.52568,1.47822,0,0,0,0,0,1.2909,0.108381,0.0569672,0.0127791,0.00919326,0,0,0,0.47985,0.00942581,0.00398485,0.000512632,0.000215845
378,5,1.49718,1.46016,0,0,0,0,0,0.00019687,0.737724,0.555507,0.0993505,0.0673855,0,0,0,0,0,0,0,0
378,6,1.58862,1.51717,0,0,0,0,0,6.02637E-16,0.000706473,0.959392,0.358899,0.198174,0,0,0,0,0,0,0,0
378,7,1.75228,1.64024,0,0,0,0,0,0,4.85355E-10,0.0369826,0.91248,0.690778,0,0,0,0,0,0,0,0
378,8,2.40036,2.18375,1,0,0,0,0,0,5.57922E-11,0.00252668,0.16789,2.01333,0,0,0,0,0,0,0,0
379,1,0.39528,0.367706,0,1,0.271848,0.0942621,0.00156951,2.57985E-05,1.18117E-07,7.78696E-08,1.74988E-08,1.39973E-08,0.0941457,0.0399412,0.000104682,2.18359E-07,1.19053E-10,5.03307E-11,6.47481E-12,2.72623E-12
379,2,0.990014,0.981134,0,0,0,0.852295,0.126885,0.00193632,8.86534E-06,5.84456E-06,1.31338E-06,1.05058E-06,0,0.329375,0.0498597,0.000109782,5.98548E-08,2.53042E-08,3.25527E-09,1.37064E-09
379,3,1.4699,1.45635,0,0,0,0,1.2634,0.191388,0.000814525,0.000536983,0.00012067,9.65242E-05,0,0,0.513301,0.0743978,4.28044E-05,0.000018096,2.32797E-06,9.80196E-07
379,4,1.52572,1.47826,0,0,0,0,0,1.29152,0.108032,0.0567992,0.0127415,0.00916714,0,0,0,0.480296,0.00941053,0.00397839,0.000511801,0.000215495
379,5,1.49718,1.46016,0,0,0,0,0,0.000196963,0.737799,0.55544,0.099344,0.067381,0,0,0,0,0,0,0,0
379,6,1.58855,1.51713,0,0,0,0,0,6.03645E-16,0.000707655,0.959747,0.358602,0.198072,0,0,0,0,0,0,0,0
379,7,1.75217,1.64015,0,0,0,0,0,0,4.86378E-10,0.0370824,0.91278,0.69029,0,0,0,0,0,0,0,0
379,8,2.40016,2.18358,1,0,0,0,0,0,5.58044E-11,0.00252724,0.167953,2.0131,0,0,0,0,0,0,0,0
380,1,0.394908,0.367306,0,1,0.271883,0.0938331,0.00156355,2.57004E-05,1.17668E-07,7.75735E-08,1.74323E-08,1.39441E-08,0.0941917,0.0397501,0.000104134,2.17216E-07,1.1843E-10,5.00673E-11,6.44092E-12,2.71196E-12
380,2,0.987729,0.978814,0,0,0,0.851722,0.125163,0.00191097,8.74928E-06,5.76804E-06,1.29619E-06,1.03682E-06,0,0.329105,0.049091,0.000108064,5.89183E-08,2.49083E-08,3.20434E-09,1.34919E-09
380,3,1.46964,1.45615,0,0,0,0,1.26535,0.189251,0.000805767,0.000531209,0.000119373,9.54863E-05,0,0,0.514184,0.0734184,4.22333E-05,1.78545E-05,2.2969E-06,9.67116E-07
380,4,1.52584,1.47841,0,0,0,0,0,1.29397,0.106669,0.0561199,0.0125891,0.00906067,0,0,0,0.482077,0.00932975,0.00394424,0.000507408,0.000213645
380,5,1.49717,1.46015,0,0,0,0,0,0.000197204,0.738177,0.555099,0.0993138,0.0673605,0,0,0,0,0,0,0,0
380,6,1.58814,1.51686,0,0,0,0,0,6.09863E-16,0.000714947,0.961969,0.356742,0.197435,0,0,0,0,0,0,0,0
380,7,1.75144,1.63961,0,0,0,0,0,0,4.92725E-10,0.0377013,0.914636,0.68727,0,0,0,0,0,0,0,0
380,8,2.39779,2.18154,1,0,0,0,0,0,5.59135E-11,0.00253226,0.168508,2.0105,0,0,0,0,0,0,0,0
381,1,0.393967,0.366302,0,1,0.271871,0.0928557,0.00154968,2.54724E-05,1.16624E-07,7.68854E-08,1.72776E-08,1.38204E-08,0.0942639,0.0393108,0.000102888,2.14617E-07,1.17012E-10,4.94681E-11,6.36384E-12,2.67951E-12
381,2,0.983942,0.974965,0,0,0,0.850689,0.12239,0.00187002,8.56177E-06,5.64442E-06,1.26841E-06,1.0146E-06,0,0.328614,0.0478572,0.000105311,5.74173E-08,2.42737E-08,3.1227E-09,1.31482E-09
381,3,1.46925,1.45585,0,0,0,0,1.26829,0.186031,0.000792572,0.00052251,0.000117418,9.39227E-05,0,0,0.515517,0.0719406,4.13713E-05,1.74901E-05,2.25002E-06,9.47378E-07
381,4,1.52583,1.47855,0,0,0,0,0,1.29653,0.105282,0.0553721,0.0124214,0.0089408,0,0,0,0.483887,0.00918016,0.003881,0.000499272,0.00021022
381,5,1.49715,1.46011,0,0,0,0,0,0.000197653,0.739163,0.554206,0.0992366,0.0673082,0,0,0,0,0,0,0,0
381,6,1.58739,1.51638,0,0,0,0,0,6.21197E-16,0.000728239,0.965893,0.353459,0.196301,0,0,0,0,0,0,0,0
381,7,1.75012,1.63861,0,0,0,0,0,0,5.04428E-10,0.0388435,0.918025,0.681737,0,0,0,0,0,0,0,0
381,8,2.3886,2.1735,1,0,0,0,0,0,5.6219E-11,0.0025463,0.170077,2.00087,0,0,0,0,0,0,0,0
382,1,0.393543,0.365848,0,1,0.271886,0.0923926,0.00154317,2.53654E-05,1.16134E-07,7.65625E-08,1.72051E-08,1.37623E-08,0.0943062,0.0391034,0.000102297,2.13383E-07,1.1634E-10,4.91838E-11,6.32726E-12,2.66411E-12
382,2,0.981705,0.972692,0,0,0,0.850109,0.120721,0.00184542,8.44915E-06,5.57018E-06,1.25173E-06,1.00126E-06,0,0.328339,0.0471133,0.00010365,5.65114E-08,2.38907E-08,3.07343E-09,1.29408E-09
382,3,1.46898,1.45564,0,0,0,0,1.27033,0.183795,0.000783401,0.000516464,0.000116059,0.000092836,0,0,0.516438,0.0709172,4.07747E-05,1.72379E-05,2.21757E-06,9.33715E-07
382,4,1.52599,1.47873,0,0,0,0,0,1.29957,0.103586,0.0545362,0.012234,0.00881,0,0,0,0.486076,0.00908514,0.00384083,0.000494105,0.000208044
382,5,1.49714,1.46009,0,0,0,0,0,0.000198047,0.739647,0.553771,0.0991969,0.0672812,0,0,0,0,0,0,0,0
382,6,1.58688,1.51605,0,0,0,0,0,6.2887E-16,0.000737237,0.968653,0.351149,0.195511,0,0,0,0,0,0,0,0
382,7,1.74881,1.63762,0,0,0,0,0,0,5.15937E-10,0.0399659,0.921385,0.676266,0,0,0,0,0,0,0,0
382,8,2.38449,2.16996,1,0,0,0,0,0,5.64351E-11,0.00255625,0.171176,1.99623,0,0,0,0,0,0,0,0
383,1,0.393359,0.365651,0,1,0.271896,0.0921891,0.00154032,2.53186E-05,1.1592E-07,7.64211E-08,1.71733E-08,1.37369E-08,0.0943266,0.0390121,0.000102036,2.1284E-07,1.16044E-10,4.90585E-11,6.31115E-12,2.65733E-12
383,2,0.980695,0.971666,0,0,0,0.849858,0.119956,0.00183417,8.39763E-06,5.53621E-06,1.24409E-06,9.9515E-07,0,0.328221,0.0467718,0.000102887,5.60953E-08,2.37148E-08,3.05081E-09,1.28455E-09
383,3,1.46882,1.45552,0,0,0,0,1.27149,0.182531,0.000778214,0.000513044,0.000115291,9.22212E-05,0,0,0.516958,0.0703389,4.04376E-05,1.70954E-05,2.19924E-06,9.25995E-07
383,4,1.52616,1.47889,0,0,0,0,0,1.30204,0.102188,0.0538707,0.0120848,0.008707,0,0,0,0.487872,0.00903528,0.00381975,0.000491393,0.000206902
383,5,1.49714,1.46008,0,0,0,0,0,0.000198458,0.739983,0.553471,0.0991678,0.0672615,0,0,0,0,0,0,0,0
383,6,1.58647,1.51579,0,0,0,0,0,6.35355E-16,0.000744842,0.970784,0.349367,0.194892,0,0,0,0,0,0,0,0
383,7,1.74782,1.63688,0,0,0,0,0,0,5.24591E-10,0.0408101,0.923903,0.672162,0,0,0,0,0,0,0,0
383,8,2.38288,2.1686,1,0,0,0,0,0,5.65586E-11,0.00256194,0.171805,1.99423,0,0,0,0,0,0,0,0
384,1,0.39339,0.365683,0,1,0.271902,0.0922142,0.00154069,2.53247E-05,1.15948E-07,7.64397E-08,1.71775E-08,1.37402E-08,0.0943277,0.0390234,0.000102067,2.12905E-07,1.16079E-10,4.90736E-11,6.31308E-12,2.65814E-12
384,2,0.980541,0.97151,0,0,0,0.84985,0.119811,0.00183207,8.38805E-06,5.5299E-06,1.24267E-06,9.94015E-07,0,0.328218,0.0467054,0.000102737,5.60135E-08,2.36803E-08,3.04636E-09,1.28268E-09
384,3,1.46873,1.45544,0,0,0,0,1.27224,0.181712,0.00077486,0.000510833,0.000114794,9.18237E-05,0,0,0.517298,0.0699627,4.02181E-05,1.70026E-05,2.1873E-06,9.20969E-07
384,4,1.52647,1.47908,0,0,0,0,0,1.30488,0.100638,0.0530735,0.0119061,0.00858668,0,0,0,0.49049,0.0090438,0.00382335,0.000491856,0.000207097
384,5,1.49712,1.46004,0,0,0,0,0,0.000199292,0.7411,0.552465,0.0990775,0.0672003,0,0,0,0,0,0,0,0
384,6,1.58521,1.51501,0,0,0,0,0,6.58721E-16,0.000772251,0.976581,0.344546,0.193111,0,0,0,0,0,0,0,0
384,7,1.74704,1.63628,0,0,0,0,0,0,5.31611E-10,0.0414964,0.925899,0.668885,0,0,0,0,0,0,0,0
384,8,2.38481,2.17035,1,0,0,0,0,0,5.65786E-11,0.00256286,0.1719,1.99589,0,0,0,0,0,0,0,0
385,1,0.385933,0.358938,0,1,0.265094,0.0922693,0.00154888,2.54592E-05,1.16564E-07,7.68457E-08,1.72687E-08,1.38132E-08,0.0939762,0.0394057,0.000102716,2.14258E-07,1.16816E-10,4.93853E-11,6.35319E-12,2.67502E-12
385,2,0.964918,0.955872,0,0,0,0.834013,0.120003,0.00183941,8.42162E-06,5.55203E-06,1.24765E-06,9.97994E-07,0,0.327601,0.0470031,0.000103197,5.62646E-08,2.37864E-08,3.06001E-09,1.28842E-09
385,3,1.48099,1.45884,0,0,0,0,1.27531,0.182033,0.00077774,0.000512732,0.000115221,9.21651E-05,0,0,0.519495,0.0702964,4.03494E-05,1.70581E-05,2.19445E-06,9.23976E-07
385,4,1.60666,1.50643,0,0,0,0,0,1.32852,0.10241,0.0544626,0.0122179,0.00881547,0,0,0,0.507092,0.00934951,0.00395259,0.000508483,0.000214098
385,5,1.57982,1.48659,0,0,0,0,0,0.000201811,0.749043,0.56545,0.102424,0.0694699,0,0,0,0,0,0,0,0
385,6,2.3013,1.84875,0,0,0,0,0,8.45548E-16,0.000953795,1.16813,0.431959,0.247713,0,0,0,0,0,0,0,0
385,7,3.37718,2.55742,0,0,0,0,0,0,8.94825E-10,0.0650104,1.39003,1.10238,0,0,0,0,0,0,0,0
385,8,4.19869,3.37275,0,0,0,0,0,0,9.2795E-11,0.00420085,0.271491,3.09706,0,0,0,0,0,0,0,0
386,1,0.38594,0.358947,0,1,0.265087,0.092285,0.00154908,2.54626E-05,1.16579E-07,7.68559E-08,1.7271E-08,1.38151E-08,0.0939719,0.0394129,0.000102737,2.14301E-07,1.1684E-10,4.93954E-11,6.35448E-12,2.67557E-12
386,2,0.965008,0.955963,0,0,0,0.834036,0.120069,0.00184039,8.42611E-06,5.55499E-06,1.24831E-06,9.98526E-07,0,0.327611,0.0470329,0.000103264,5.63008E-08,2.38017E-08,3.06198E-09,1.28925E-09
386,3,1.48101,1.45886,0,0,0,0,1.27521,0.182148,0.000778211,0.000513042,0.00011529,9.22208E-05,0,0,0.519449,0.0703488,4.03799E-05,0.000017071,2.1961E-06,9.24674E-07
386,4,1.60666,1.50642,0,0,0,0,0,1.32828,0.102549,0.0545271,0.0122323,0.00882551,0,0,0,0.506934,0.0093558,0.00395525,0.000508825,0.000214242
386,5,1.57983,1.48659,0,0,0,0,0,0.000201729,0.749003,0.565487,0.102428,0.0694728,0,0,0,0,0,0,0,0
386,6,2.30142,1.84882,0,0,0,0,0,8.45354E-16,0.000953576,1.16806,0.432061,0.247752,0,0,0,0,0,0,0,0
386,7,3.37745,2.55765,0,0,0,0,0,0,8.93025E-10,0.0648499,1.38957,1.10322,0,0,0,0,0,0,0,0
386,8,4.1989,3.37298,0,0,0,0,0,0,9.2768E-11,0.00419961,0.271367,3.09741,0,0,0,0,0,0,0,0
387,1,0.393429,0.365726,0,1,0.271883,0.0922755,0.0015415,0.000025338,1.16009E-07,7.64799E-08,1.71865E-08,1.37475E-08,0.0943145,0.0390506,0.000102147,2.13072E-07,1.1617E-10,4.91119E-11,6.31802E-12,2.66022E-12
387,2,0.980884,0.971859,0,0,0,0.849934,0.120071,0.0018359,8.40559E-06,5.54146E-06,1.24527E-06,9.96094E-07,0,0.328258,0.0468217,0.000102997,5.61553E-08,2.37402E-08,3.05407E-09,1.28592E-09
387,3,1.46879,1.45549,0,0,0,0,1.2718,0.182195,0.000776845,0.000512142,0.000115088,0.000092059,0,0,0.517099,0.0701839,0.000040347,1.70571E-05,2.19431E-06,9.23921E-07
387,4,1.52639,1.47901,0,0,0,0,0,1.30379,0.101257,0.0533614,0.0119707,0.00863125,0,0,0,0.489729,0.00906583,0.00383266,0.000493054,0.000207602
387,5,1.49712,1.46005,0,0,0,0,0,0.000198985,0.740913,0.55263,0.0990946,0.0672118,0,0,0,0,0,0,0,0
387,6,1.58536,1.51511,0,0,0,0,0,6.56271E-16,0.000769378,0.975771,0.345224,0.193345,0,0,0,0,0,0,0,0
387,7,1.74754,1.63667,0,0,0,0,0,0,5.27127E-10,0.0410589,0.924597,0.671009,0,0,0,0,0,0,0,0
387,8,2.38533,2.17078,1,0,0,0,0,0,5.65224E-11,0.00256027,0.171613,1.9966,0,0,0,0,0,0,0,0
388,1,0.393482,0.365785,0,1,0.271864,0.0923531,0.00154254,2.53551E-05,1.16087E-07,7.65314E-08,1.71981E-08,1.37567E-08,0.0942999,0.0390852,0.000102248,2.13281E-07,1.16284E-10,4.91603E-11,6.32424E-12,2.66284E-12
388,2,0.981631,0.972616,0,0,0,0.850085,0.12067,0.00184466,8.44568E-06,5.56789E-06,1.25121E-06,1.00084E-06,0,0.328328,0.0470909,0.0001036,5.64843E-08,2.38793E-08,3.07196E-09,1.29346E-09
388,3,1.46899,1.45564,0,0,0,0,1.27027,0.183867,0.000783697,0.000516659,0.000116103,0.000092871,0,0,0.516408,0.0709504,0.000040794,1.72461E-05,2.21863E-06,9.34158E-07
388,4,1.52595,1.47871,0,0,0,0,0,1.29914,0.103836,0.0546459,0.0122586,0.00882677,0,0,0,0.485781,0.00908869,0.00384233,0.000494298,0.000208125
388,5,1.49714,1.4601,0,0,0,0,0,0.000197859,0.73956,0.553847,0.0992053,0.067287,0,0,0,0,0,0,0,0
388,6,1.58692,1.51608,0,0,0,0,0,6.28128E-16,0.000736367,0.968437,0.351329,0.195574,0,0,0,0,0,0,0,0
388,7,1.74889,1.63768,0,0,0,0,0,0,5.15182E-10,0.0398921,0.92117,0.676619,0,0,0,0,0,0,0,0
388,8,2.38421,2.16971,1,0,0,0,0,0,5.64416E-11,0.00255655,0.171208,1.99595,0,0,0,0,0,0,0,0
389,1,0.393953,0.36629,0,1,0.27184,0.0928745,0.00154985,2.54752E-05,1.16637E-07,7.6894E-08,1.72796E-08,1.38219E-08,0.0942493,0.0393186,0.000102914,2.14672E-07,1.17042E-10,4.94807E-11,6.36546E-12,2.68019E-12
389,2,0.984303,0.975331,0,0,0,0.85075,0.122689,0.00187438,8.58175E-06,5.6576E-06,1.27137E-06,1.01697E-06,0,0.328643,0.0479925,0.000105615,5.75829E-08,2.43437E-08,3.13171E-09,1.31861E-09
389,3,1.46937,1.45594,0,0,0,0,1.26744,0.186967,0.000796411,0.000525041,0.000117987,9.43776E-05,0,0,0.515131,0.072369,4.16211E-05,1.75957E-05,2.26361E-06,9.53099E-07
389,4,1.52561,1.47838,0,0,0,0,0,1.29396,0.106749,0.0560531,0.012574,0.00904501,0,0,0,0.481981,0.00920445,0.00389127,0.000500593,0.000210776
389,5,1.49715,1.46012,0,0,0,0,0,0.000197213,0.738893,0.554446,0.0992611,0.0673248,0,0,0,0,0,0,0,0
389,6,1.58778,1.51662,0,0,0,0,0,6.14697E-16,0.000720616,0.963998,0.35504,0.196863,0,0,0,0,0,0,0,0
389,7,1.75054,1.63893,0,0,0,0,0,0,5.00698E-10,0.0384792,0.916952,0.683492,0,0,0,0,0,0,0,0
389,8,2.38737,2.17241,1,0,0,0,0,0,5.62327E-11,0.00254693,0.170144,1.99972,0,0,0,0,0,0,0,0
390,1,0.395455,0.367894,0,1,0.271823,0.0944723,0.00157241,2.58461E-05,1.18335E-07,7.80135E-08,1.75311E-08,1.40231E-08,0.0941201,0.0400346,0.000104951,2.1892E-07,1.19358E-10,5.04599E-11,6.49143E-12,2.73323E-12
390,2,0.991156,0.982294,0,0,0,0.852565,0.127761,0.0019492,8.9243E-06,5.88343E-06,1.32212E-06,1.05756E-06,0,0.329501,0.050252,0.000110659,6.03331E-08,2.55064E-08,3.28128E-09,1.38159E-09
390,3,1.47004,1.45647,0,0,0,0,1.26231,0.192577,0.000819403,0.000540199,0.000121393,9.71023E-05,0,0,0.512812,0.0749421,4.31219E-05,1.82302E-05,2.34523E-06,9.87464E-07
390,4,1.5256,1.47815,0,0,0,0,0,1.28981,0.109001,0.0572587,0.0128445,0.00923826,0,0,0,0.479062,0.0094453,0.00399309,0.000513692,0.000216291
390,5,1.49718,1.46017,0,0,0,0,0,0.000196723,0.737636,0.555585,0.0993585,0.0673909,0,0,0,0,0,0,0,0
390,6,1.58871,1.51723,0,0,0,0,0,6.01003E-16,0.000704557,0.958914,0.359297,0.198316,0,0,0,0,0,0,0,0
390,7,1.75232,1.64027,0,0,0,0,0,0,4.84989E-10,0.0369466,0.912384,0.69094,0,0,0,0,0,0,0,0
390,8,2.39936,2.18287,1,0,0,0,0,0,5.58161E-11,0.00252777,0.168013,2.01233,0,0,0,0,0,0,0,0
391,1,0.544215,0.544204,0,0,0.361407,0.179676,0.00306994,5.04613E-05,2.31034E-07,1.52311E-07,3.42273E-08,2.73784E-08,0.16836,0.0809255,0.000208117,4.34117E-07,2.36687E-10,1.00062E-10,1.28725E-11,5.41999E-12
391,2,1.55057,1.55055,0,0,0,1.29531,0.251305,0.00389457,1.78311E-05,1.17553E-05,2.64164E-06,2.11305E-06,0,0.607775,0.10286,0.000223692,1.2196E-07,5.15599E-08,6.63295E-09,2.79282E-09
391,3,2.3574,2.35723,0,0,0,0,1.99056,0.363641,0.00157176,0.0010362,0.000232854,0.00018626,0,0,0.933826,0.146739,8.33844E-05,3.52516E-05,4.53495E-06,1.90945E-06
391,4,2.39701,2.39523,0,0,0,0,0,2.05958,0.190604,0.104665,0.0234791,0.0169053,0,0,0,0.864229,0.0177126,0.00748816,0.000963317,0.000405607
391,5,2.42916,2.42313,0,0,0,0,0,0.000301432,1.13165,0.984077,0.182989,0.124114,0,0,0,0,0,0,0,0
391,6,2.49442,2.4842,0,0,0,0,0,1.06286E-15,0.00108118,1.49085,0.632411,0.359866,0,0,0,0,0,0,0,0
391,7,2.66586,2.64872,0,0,0,0,0,0,8.36032E-10,0.0586859,1.40456,1.18547,0,0,0,0,0,0,0,0
391,8,3.44649,3.41245,0,0,0,0,0,0,9.17992E-11,0.00415477,0.265662,3.14263,0,0,0,0,0,0,0,0
392,1,0.549282,0.549272,0,0,0.360056,0.185997,0.00316586,0.000052038,2.38253E-07,1.5707E-07,3.52967E-08,2.82338E-08,0.167434,0.0841662,0.000216905,4.52447E-07,2.46681E-10,1.04287E-10,1.3416E-11,5.64884E-12
392,2,1.57232,1.57229,0,0,0,1.30036,0.267753,0.0041425,1.89662E-05,1.25037E-05,2.80981E-06,2.24757E-06,0,0.610041,0.110547,0.000240595,1.31176E-07,5.54558E-08,7.13414E-09,3.00384E-09
392,3,2.35873,2.35856,0,0,0,0,1.97513,0.380266,0.00164152,0.00108219,0.000243188,0.000194526,0,0,0.92645,0.154716,8.79644E-05,3.71878E-05,4.78404E-06,2.01433E-06
392,4,2.39732,2.39549,0,0,0,0,0,2.04336,0.200219,0.109629,0.0245923,0.0176822,0,0,0,0.851295,0.0182857,0.00773045,0.000994486,0.000418731
392,5,2.42921,2.42317,0,0,0,0,0,0.0002989,1.12886,0.986491,0.183241,0.124285,0,0,0,0,0,0,0,0
392,6,2.49616,2.48586,0,0,0,0,0,1.00952E-15,0.00102691,1.4683,0.650273,0.366256,0,0,0,0,0,0,0,0
392,7,2.66976,2.65249,0,0,0,0,0,0,7.79127E-10,0.0537005,1.38887,1.20992,0,0,0,0,0,0,0,0
392,8,3.45556,3.42133,0,0,0,0,0,0,9.11208E-11,0.00412367,0.262615,3.1546,0,0,0,0,0,0,0,0
393,1,0.544282,0.544271,0,0,0.361247,0.1799,0.00307307,5.05128E-05,2.3127E-07,1.52467E-07,3.42622E-08,2.74064E-08,0.168273,0.0810435,0.000208447,4.34805E-07,2.37062E-10,1.0022E-10,1.28929E-11,5.42858E-12
393,2,1.55326,1.55324,0,0,0,1.29581,0.253468,0.00392701,1.79796E-05,1.18532E-05,2.66364E-06,2.13065E-06,0,0.607988,0.10388,0.00022594,1.23186E-07,5.20781E-08,6.69961E-09,2.82088E-09
393,3,2.35777,2.3576,0,0,0,0,1.98612,0.368414,0.00159177,0.00104939,0.000235818,0.000188631,0,0,0.931699,0.149034,8.47027E-05,3.58089E-05,4.60665E-06,1.93964E-06
393,4,2.39717,2.39536,0,0,0,0,0,2.05082,0.195863,0.107299,0.0240697,0.0173134,0,0,0,0.857234,0.017924,0.00757753,0.000974814,0.000410448
393,5,2.42919,2.42315,0,0,0,0,0,0.000299622,1.13028,0.985251,0.183119,0.124203,0,0,0,0,0,0,0,0
393,6,2.49553,2.48526,0,0,0,0,0,1.02987E-15,0.00104762,1.47633,0.643925,0.363954,0,0,0,0,0,0,0,0
393,7,2.66887,2.65163,0,0,0,0,0,0,7.92143E-10,0.0548415,1.39243,1.20435,0,0,0,0,0,0,0,0
393,8,3.45172,3.41756,0,0,0,0,0,0,9.13364E-11,0.00413355,0.263577,3.14985,0,0,0,0,0,0,0,0
394,1,0.395251,0.36768,0,1,0.271783,0.0943012,0.00156987,2.58043E-05,1.18144E-07,7.78873E-08,1.75028E-08,1.40005E-08,0.0941146,0.0399576,0.000104737,2.18474E-07,1.19115E-10,5.03571E-11,6.47821E-12,2.72766E-12
394,2,0.990558,0.981687,0,0,0,0.852399,0.127327,0.00194277,8.89488E-06,5.86403E-06,1.31776E-06,1.05408E-06,0,0.329424,0.0500586,0.000110228,6.00981E-08,2.5407E-08,3.2685E-09,1.37621E-09
394,3,1.47004,1.45646,0,0,0,0,1.26228,0.192607,0.000819518,0.000540275,0.00012141,9.71159E-05,0,0,0.512796,0.0749572,4.31308E-05,0.000018234,2.34572E-06,9.87669E-07
394,4,1.52548,1.47806,0,0,0,0,0,1.28828,0.109889,0.0576519,0.0129326,0.00929903,0,0,0,0.47804,0.00947431,0.00400535,0.00051527,0.000216956
394,5,1.49718,1.46018,0,0,0,0,0,0.000196034,0.737346,0.555838,0.0993875,0.0674106,0,0,0,0,0,0,0,0
394,6,1.58923,1.5176,0,0,0,0,0,5.9564E-16,0.00069827,0.955309,0.362339,0.199253,0,0,0,0,0,0,0,0
394,7,1.75453,1.64194,0,0,0,0,0,0,4.65787E-10,0.0350766,0.906688,0.700171,0,0,0,0,0,0,0,0
394,8,2.40351,2.18644,1,0,0,0,0,0,5.55826E-11,0.00251702,0.166821,2.0171,0,0,0,0,0,0,0,0
395,1,0.394062,0.366411,0,1,0.271789,0.0930448,0.00155211,2.55123E-05,1.16807E-07,7.70059E-08,1.73047E-08,1.3842E-08,0.094213,0.0393944,0.000103136,2.15134E-07,1.17294E-10,4.95874E-11,6.37918E-12,2.68597E-12
395,2,0.984688,0.975723,0,0,0,0.850884,0.122944,0.00187818,8.59915E-06,5.66907E-06,1.27395E-06,1.01903E-06,0,0.328708,0.0481038,0.000105862,5.77176E-08,2.44007E-08,3.13904E-09,1.3217E-09
395,3,1.46934,1.45592,0,0,0,0,1.26767,0.186716,0.000795394,0.000524371,0.000117836,9.42572E-05,0,0,0.51524,0.0722518,4.15525E-05,1.75667E-05,2.25988E-06,9.51526E-07
395,4,1.52586,1.4785,0,0,0,0,0,1.29561,0.105899,0.055561,0.0124638,0.00897301,0,0,0,0.483925,0.00926097,0.00391516,0.000503667,0.00021207
395,5,1.49713,1.46009,0,0,0,0,0,0.000197374,0.739782,0.553636,0.0991951,0.06728,0,0,0,0,0,0,0,0
395,6,1.58667,1.51597,0,0,0,0,0,6.37242E-16,0.000747062,0.968353,0.351443,0.195429,0,0,0,0,0,0,0,0
395,7,1.75196,1.64,0,0,0,0,0,0,4.88392E-10,0.0372818,0.91327,0.689445,0,0,0,0,0,0,0,0
395,8,2.39206,2.17646,1,0,0,0,0,0,5.60147E-11,0.00253689,0.169026,2.0049,0,0,0,0,0,0,0,0
396,1,0.386222,0.359257,0,1,0.264979,0.092697,0.0015547,0.000025555,1.17002E-07,7.71347E-08,1.73336E-08,1.38652E-08,0.0938918,0.0396012,0.000103279,2.15433E-07,1.17457E-10,4.96562E-11,6.38804E-12,2.6897E-12
396,2,0.967147,0.958131,0,0,0,0.834585,0.121665,0.00186394,8.53396E-06,5.62609E-06,1.26429E-06,1.01131E-06,0,0.327857,0.0477498,0.000104862,5.71724E-08,2.41702E-08,3.10938E-09,1.30921E-09
396,3,1.48154,1.45922,0,0,0,0,1.27285,0.18485,0.000789337,0.000520378,0.000116939,9.35394E-05,0,0,0.518366,0.0715885,0.000041101,1.73758E-05,2.23532E-06,9.41187E-07
396,4,1.60677,1.50629,0,0,0,0,0,1.32322,0.105539,0.0559309,0.012547,0.00904387,0,0,0,0.503458,0.00948483,0.0040098,0.000515842,0.000217197
396,5,1.57996,1.48667,0,0,0,0,0,0.000200416,0.748343,0.566107,0.102498,0.0695203,0,0,0,0,0,0,0,0
396,6,2.30561,1.85123,0,0,0,0,0,8.38506E-16,0.00094585,1.16584,0.435399,0.249048,0,0,0,0,0,0,0,0
396,7,3.38325,2.56267,0,0,0,0,0,0,8.54612E-10,0.0614233,1.3799,1.12134,0,0,0,0,0,0,0,0
396,8,4.20291,3.37706,0,0,0,0,0,0,9.22473E-11,0.00417571,0.268992,3.10389,0,0,0,0,0,0,0,0
397,1,0.386134,0.359163,0,1,0.26498,0.0926037,0.00155336,0.000025533,1.16901E-07,7.70683E-08,1.73187E-08,1.38532E-08,0.0939002,0.0395582,0.000103158,2.1518E-07,1.1732E-10,4.9598E-11,6.38055E-12,2.68655E-12
397,2,0.966719,0.957697,0,0,0,0.834478,0.121343,0.0018592,8.51224E-06,5.61177E-06,1.26107E-06,1.00873E-06,0,0.327809,0.047605,0.000104539,5.69964E-08,2.40958E-08,3.09981E-09,1.30518E-09
397,3,1.48142,1.45914,0,0,0,0,1.27342,0.184201,0.000786669,0.000518618,0.000116543,9.32231E-05,0,0,0.518629,0.0712893,4.09268E-05,1.73022E-05,2.22585E-06,9.37198E-07
397,4,1.60659,1.50626,0,0,0,0,0,1.32501,0.104444,0.0554099,0.0124302,0.00896364,0,0,0,0.50479,0.00945536,0.00399734,0.000514239,0.000216522
397,5,1.5799,1.48664,0,0,0,0,0,0.000200727,0.748627,0.565838,0.102471,0.069502,0,0,0,0,0,0,0,0
397,6,2.29923,1.84763,0,0,0,0,0,8.51187E-16,0.000960159,1.16871,0.430793,0.247168,0,0,0,0,0,0,0,0
397,7,3.37951,2.55943,0,0,0,0,0,0,8.79466E-10,0.063642,1.3861,1.10969,0,0,0,0,0,0,0,0
397,8,4.20324,3.37739,0,0,0,0,0,0,9.24435E-11,0.00418473,0.269898,3.10331,0,0,0,0,0,0,0,0
398,1,0.393718,0.366043,0,1,0.271797,0.092673,0.00154687,2.54262E-05,1.16413E-07,7.67461E-08,1.72463E-08,1.37953E-08,0.0942464,0.0392275,0.000102661,2.14143E-07,1.16754E-10,4.93589E-11,6.34979E-12,2.67359E-12
398,2,0.982694,0.973698,0,0,0,0.850406,0.121419,0.00185577,8.49656E-06,5.60143E-06,1.25875E-06,1.00687E-06,0,0.328483,0.0474221,0.000104338,5.68864E-08,2.40493E-08,3.09383E-09,1.30266E-09
398,3,1.469,1.45566,0,0,0,0,1.27027,0.183871,0.000783736,0.000516685,0.000116109,9.28756E-05,0,0,0.516417,0.0709467,4.07912E-05,1.72449E-05,2.21848E-06,9.34094E-07
398,4,1.5264,1.47893,0,0,0,0,0,1.30228,0.102177,0.0537313,0.0120537,0.00869207,0,0,0,0.489238,0.00917304,0.00387799,0.000498885,0.000210057
398,5,1.49711,1.46003,0,0,0,0,0,0.000198696,0.741355,0.552222,0.0990661,0.0671925,0,0,0,0,0,0,0,0
398,6,1.58428,1.51446,0,0,0,0,0,6.7684E-16,0.000793505,0.980463,0.34133,0.191868,0,0,0,0,0,0,0,0
398,7,1.74799,1.637,0,0,0,0,0,0,5.23388E-10,0.0406964,0.923434,0.672868,0,0,0,0,0,0,0,0
398,8,2.38993,2.17479,1,0,0,0,0,0,5.63596E-11,0.00255278,0.170775,2.00147,0,0,0,0,0,0,0,0
399,1,0.393777,0.366106,0,1,0.271799,0.0927335,0.00154773,2.54404E-05,1.16478E-07,7.67889E-08,1.72559E-08,1.3803E-08,0.0942422,0.0392547,0.000102738,2.14304E-07,1.16842E-10,4.9396E-11,6.35456E-12,2.6756E-12
399,2,0.98325,0.974262,0,0,0,0.850519,0.121863,0.00186227,8.52629E-06,5.62103E-06,1.26315E-06,1.0104E-06,0,0.328536,0.0476217,0.000104785,5.71302E-08,2.41523E-08,3.10709E-09,1.30825E-09
399,3,1.46914,1.45576,0,0,0,0,1.26921,0.185034,0.000788499,0.000519825,0.000116815,9.34401E-05,0,0,0.515934,0.0714808,4.11029E-05,1.73766E-05,2.23542E-06,9.4123E-07
399,4,1.52607,1.47871,0,0,0,0,0,1.29893,0.104011,0.0546693,0.0122639,0.00883424,0,0,0,0.486245,0.00917666,0.00387952,0.000499082,0.00021014
399,5,1.49713,1.46007,0,0,0,0,0,0.000197995,0.740239,0.553229,0.0991547,0.0672527,0,0,0,0,0,0,0,0
399,6,1.58585,1.51542,0,0,0,0,0,6.4848E-16,0.00076024,0.973179,0.347392,0.194091,0,0,0,0,0,0,0,0
399,7,1.7491,1.63784,0,0,0,0,0,0,5.13443E-10,0.0397244,0.920602,0.677514,0,0,0,0,0,0,0,0
399,8,2.38796,2.173,1,0,0,0,0,0,5.632E-11,0.00255095,0.170583,1.99987,0,0,0,0,0,0,0,0
400,1,0.393922,0.366259,0,1,0.271813,0.0928711,0.00154972,2.54731E-05,1.16627E-07,7.68875E-08,1.72781E-08,1.38207E-08,0.0942363,0.0393171,0.000102913,2.14669E-07,1.17041E-10,4.94802E-11,6.3654E-12,2.68017E-12
400,2,0.984027,0.975051,0,0,0,0.850698,0.122465,0.00187111,8.56677E-06,5.64772E-06,1.26915E-06,1.01519E-06,0,0.328619,0.0478915,0.000105388,5.74594E-08,2.42915E-08,3.12499E-09,1.31578E-09
400,3,1.46929,1.45588,0,0,0,0,1.26802,0.186336,0.000793829,0.000523339,0.000117604,9.40717E-05,0,0,0.515394,0.0720788,4.14517E-05,1.75241E-05,2.2544E-06,9.49219E-07
400,4,1.52576,1.47849,0,0,0,0,0,1.29573,0.105756,0.0555682,0.0124654,0.00897092,0,0,0,0.483401,0.00918977,0.00388506,0.000499795,0.00021044
400,5,1.49715,1.46011,0,0,0,0,0,0.000197369,0.739198,0.55417,0.0992373,0.0673086,0,0,0,0,0,0,0,0
400,6,1.58719,1.51625,0,0,0,0,0,6.24529E-16,0.000732147,0.966871,0.352644,0.196007,0,0,0,0,0,0,0,0
400,7,1.75,1.63852,0,0,0,0,0,0,5.05512E-10,0.0389494,0.918334,0.68123,0,0,0,0,0,0,0,0
400,8,2.38721,2.17229,1,0,0,0,0,0,5.62706E-11,0.00254868,0.170337,1.9994,0,0,0,0,0,0,0,0
401,1,0.393975,0.366315,0,1,0.271821,0.0929181,0.00155041,2.54844E-05,1.16679E-07,7.69218E-08,1.72858E-08,1.38269E-08,0.0942363,0.0393383,0.000102972,2.14793E-07,1.17108E-10,4.95087E-11,6.36906E-12,2.68171E-12
401,2,0.984392,0.975422,0,0,0,0.850781,0.122749,0.00187527,8.58583E-06,5.66029E-06,1.27197E-06,1.01745E-06,0,0.328658,0.0480186,0.000105673,5.76145E-08,2.43571E-08,3.13343E-09,1.31934E-09
401,3,1.46936,1.45594,0,0,0,0,1.26748,0.186917,0.000796209,0.000524908,0.000117957,9.43537E-05,0,0,0.515153,0.0723458,4.16075E-05,0.00001759,2.26287E-06,9.52786E-07
401,4,1.52564,1.4784,0,0,0,0,0,1.29432,0.106545,0.0559576,0.0125526,0.00903045,0,0,0,0.482252,0.0092023,0.00389036,0.000500476,0.000210727
401,5,1.49715,1.46012,0,0,0,0,0,0.000197228,0.738922,0.554419,0.0992588,0.0673233,0,0,0,0,0,0,0,0
401,6,1.58766,1.51655,0,0,0,0,0,6.16544E-16,0.000722782,0.964597,0.35454,0.196688,0,0,0,0,0,0,0,0
401,7,1.7504,1.63882,0,0,0,0,0,0,5.01967E-10,0.0386031,0.917316,0.682897,0,0,0,0,0,0,0,0
401,8,2.38743,2.17247,1,0,0,0,0,0,5.62384E-11,0.00254719,0.170174,1.99975,0,0,0,0,0,0,0,0
402,1,0.393963,0.366302,0,1,0.271836,0.0928891,0.00155005,2.54785E-05,1.16652E-07,7.69037E-08,1.72817E-08,1.38237E-08,0.0942452,0.0393256,0.000102934,2.14713E-07,1.17065E-10,4.94903E-11,6.3667E-12,2.68071E-12
402,2,0.984175,0.975202,0,0,0,0.85073,0.122582,0.00187282,8.57461E-06,5.65289E-06,1.27031E-06,1.01612E-06,0,0.328634,0.0479439,0.000105506,5.75234E-08,2.43186E-08,3.12848E-09,1.31725E-09
402,3,1.46932,1.45591,0,0,0,0,1.26776,0.186612,0.000794959,0.000524084,0.000117772,9.42056E-05,0,0,0.515278,0.0722063,4.15262E-05,1.75556E-05,2.25845E-06,9.50924E-07
402,4,1.52568,1.47844,0,0,0,0,0,1.2949,0.106215,0.0558014,0.0125176,0.00900633,0,0,0,0.482676,0.00919187,0.00388595,0.000499909,0.000210488
402,5,1.49715,1.46012,0,0,0,0,0,0.000197332,0.739002,0.554348,0.0992518,0.0673185,0,0,0,0,0,0,0,0
402,6,1.58758,1.5165,0,0,0,0,0,6.17867E-16,0.000724333,0.96501,0.354194,0.196567,0,0,0,0,0,0,0,0
402,7,1.75027,1.63872,0,0,0,0,0,0,5.0309E-10,0.0387127,0.917642,0.682365,0,0,0,0,0,0,0,0
402,8,2.38729,2.17235,1,0,0,0,0,0,5.62504E-11,0.00254775,0.170235,1.99957,0,0,0,0,0,0,0,0
403,1,0.393878,0.366209,0,1,0.271856,0.0927786,0.00154854,2.54537E-05,1.16538E-07,7.6829E-08,1.72649E-08,1.38102E-08,0.094262,0.0392764,0.000102792,2.14416E-07,1.16903E-10,4.94219E-11,6.3579E-12,2.67701E-12
403,2,0.98341,0.974425,0,0,0,0.85055,0.121993,0.00186417,8.53498E-06,5.62676E-06,1.26444E-06,1.01143E-06,0,0.32855,0.0476802,0.000104916,5.72018E-08,2.41826E-08,3.11098E-09,1.30988E-09
403,3,1.46919,1.4558,0,0,0,0,1.26877,0.185511,0.000790447,0.00052111,0.000117103,0.000093671,0,0,0.515733,0.0717017,4.12319E-05,1.74312E-05,2.24244E-06,9.44186E-07
403,4,1.52587,1.47859,0,0,0,0,0,1.29725,0.104897,0.0551598,0.0123738,0.00890785,0,0,0,0.484514,0.00916181,0.00387324,0.000498275,0.0002098
403,5,1.49715,1.4601,0,0,0,0,0,0.000197672,0.739432,0.553961,0.0992168,0.0672948,0,0,0,0,0,0,0,0
403,6,1.58698,1.51612,0,0,0,0,0,6.27972E-16,0.000736184,0.967914,0.351773,0.1957,0,0,0,0,0,0,0,0
403,7,1.74965,1.63825,0,0,0,0,0,0,5.08577E-10,0.0392485,0.919225,0.679778,0,0,0,0,0,0,0,0
403,8,2.38683,2.17197,1,0,0,0,0,0,5.63049E-11,0.00255026,0.170512,1.99891,0,0,0,0,0,0,0,0
404,1,0.393685,0.366001,0,1,0.271864,0.0925658,0.00154555,2.54046E-05,1.16314E-07,7.66808E-08,1.72316E-08,1.37836E-08,0.0942833,0.0391807,0.000102519,2.13847E-07,1.16593E-10,4.92907E-11,6.34102E-12,2.6699E-12
404,2,0.982311,0.973308,0,0,0,0.850287,0.121152,0.00185181,8.4784E-06,5.58946E-06,1.25606E-06,1.00472E-06,0,0.328425,0.0473043,0.000104075,5.67435E-08,2.39889E-08,3.08606E-09,1.29939E-09
404,3,1.469,1.45566,0,0,0,0,1.2702,0.183947,0.000784034,0.000516881,0.000116153,9.29109E-05,0,0,0.51638,0.0709844,4.08136E-05,1.72543E-05,2.21969E-06,9.34606E-07
404,4,1.52617,1.47881,0,0,0,0,0,1.30058,0.103074,0.0542271,0.0121648,0.00876538,0,0,0,0.4874,0.00913374,0.00386138,0.000496748,0.000209157
404,5,1.49713,1.46006,0,0,0,0,0,0.000198428,0.74048,0.553016,0.0991323,0.0672374,0,0,0,0,0,0,0,0
404,6,1.58581,1.5154,0,0,0,0,0,6.4897E-16,0.000760815,0.973445,0.347167,0.194023,0,0,0,0,0,0,0,0
404,7,1.74868,1.63752,0,0,0,0,0,0,5.17128E-10,0.0400834,0.921688,0.675751,0,0,0,0,0,0,0,0
404,8,2.38721,2.17236,1,0,0,0,0,0,5.63761E-11,0.00255354,0.170868,1.99894,0,0,0,0,0,0,0,0
405,1,0.393505,0.365808,0,1,0.271878,0.0923611,0.0015427,2.53577E-05,1.16099E-07,7.65392E-08,1.71998E-08,1.37581E-08,0.0943056,0.039089,0.000102257,2.133E-07,1.16295E-10,4.91646E-11,6.3248E-12,2.66307E-12
405,2,0.981327,0.972309,0,0,0,0.850039,0.120411,0.0018409,8.42846E-06,5.55654E-06,1.24866E-06,9.98804E-07,0,0.328308,0.0469737,0.000103337,5.63407E-08,2.38186E-08,3.06415E-09,1.29017E-09
405,3,1.46886,1.45555,0,0,0,0,1.27123,0.182815,0.00077939,0.00051382,0.000115465,9.23605E-05,0,0,0.516845,0.0704671,0.000040512,1.71269E-05,2.20329E-06,9.277E-07
405,4,1.52631,1.47894,0,0,0,0,0,1.30264,0.101909,0.0536732,0.0120406,0.00867943,0,0,0,0.488873,0.00908707,0.00384164,0.000494209,0.000208088
405,5,1.49712,1.46005,0,0,0,0,0,0.000198779,0.740752,0.552774,0.0991085,0.0672213,0,0,0,0,0,0,0,0
405,6,1.58548,1.51518,0,0,0,0,0,6.54117E-16,0.000766851,0.975189,0.345709,0.19352,0,0,0,0,0,0,0,0
405,7,1.74776,1.63683,0,0,0,0,0,0,5.25223E-10,0.0408732,0.924042,0.671913,0,0,0,0,0,0,0,0
405,8,2.38588,2.17125,1,0,0,0,0,0,5.64874E-11,0.00255866,0.171435,1.99725,0,0,0,0,0,0,0,0
406,1,0.393342,0.365633,0,1,0.271886,0.0921812,0.00154018,2.53162E-05,1.15909E-07,7.64141E-08,1.71717E-08,1.37356E-08,0.0943234,0.0390083,0.000102026,2.1282E-07,1.16033E-10,4.90539E-11,6.31055E-12,2.65707E-12
406,2,0.980637,0.971607,0,0,0,0.849853,0.119904,0.00183341,8.39418E-06,5.53394E-06,1.24358E-06,9.94742E-07,0,0.328218,0.0467481,0.000102833,5.60661E-08,2.37025E-08,3.04922E-09,1.28388E-09
406,3,1.46879,1.45549,0,0,0,0,1.27177,0.182226,0.00077697,0.000512224,0.000115107,9.20738E-05,0,0,0.517084,0.0701989,4.03558E-05,1.70608E-05,2.1948E-06,9.24123E-07
406,4,1.52629,1.47897,0,0,0,0,0,1.30332,0.10147,0.0535215,0.0120065,0.00865401,0,0,0,0.488925,0.00903296,0.00381877,0.000491266,0.000206849
406,5,1.49714,1.46007,0,0,0,0,0,0.000198677,0.7403,0.553185,0.0991424,0.0672443,0,0,0,0,0,0,0,0
406,6,1.58593,1.51545,0,0,0,0,0,6.44792E-16,0.000755911,0.973399,0.347188,0.194105,0,0,0,0,0,0,0,0
406,7,1.74721,1.63642,0,0,0,0,0,0,5.29997E-10,0.0413383,0.925449,0.669628,0,0,0,0,0,0,0,0
406,8,2.38283,2.16859,1,0,0,0,0,0,5.66042E-11,0.00256404,0.172038,1.99399,0,0,0,0,0,0,0,0
407,1,0.393386,0.365679,0,1,0.271894,0.0922184,0.00154073,2.53253E-05,1.1595E-07,7.64414E-08,1.71778E-08,1.37406E-08,0.0943241,0.0390251,0.000102073,2.12917E-07,1.16086E-10,4.90764E-11,6.31345E-12,2.65829E-12
407,2,0.980582,0.971552,0,0,0,0.849862,0.11984,0.00183251,8.39005E-06,5.53121E-06,1.24297E-06,9.94252E-07,0,0.328224,0.0467184,0.000102766,5.60294E-08,2.3687E-08,3.04722E-09,1.28304E-09
407,3,1.46873,1.45544,0,0,0,0,1.27225,0.181703,0.000774826,0.000510811,0.000114789,9.18197E-05,0,0,0.517302,0.0699584,4.02155E-05,1.70015E-05,2.18716E-06,9.20911E-07
407,4,1.52649,1.4791,0,0,0,0,0,1.30512,0.100497,0.0530073,0.0118913,0.00857668,0,0,0,0.490685,0.00904463,0.0038237,0.000491901,0.000207116
407,5,1.49712,1.46004,0,0,0,0,0,0.000199311,0.741149,0.55242,0.0990737,0.0671977,0,0,0,0,0,0,0,0
407,6,1.58505,1.51491,0,0,0,0,0,6.61365E-16,0.000775352,0.977353,0.343903,0.192881,0,0,0,0,0,0,0,0
407,7,1.74681,1.63612,0,0,0,0,0,0,5.33572E-10,0.0416881,0.926458,0.667968,0,0,0,0,0,0,0,0
407,8,2.38484,2.17039,1,0,0,0,0,0,5.65939E-11,0.00256357,0.171977,1.99585,0,0,0,0,0,0,0,0
408,1,0.38594,0.358947,0,1,0.265087,0.092285,0.00154908,2.54626E-05,1.16579E-07,7.68559E-08,1.7271E-08,1.38151E-08,0.0939719,0.0394129,0.000102737,2.14301E-07,1.1684E-10,4.93954E-11,6.35448E-12,2.67557E-12
408,2,0.965008,0.955963,0,0,0,0.834036,0.120069,0.00184039,8.42611E-06,5.55499E-06,1.24831E-06,9.98526E-07,0,0.327611,0.0470329,0.000103264,5.63008E-08,2.38017E-08,3.06198E-09,1.28925E-09
408,3,1.48101,1.45886,0,0,0,0,1.27521,0.182148,0.000778211,0.000513042,0.00011529,9.22208E-05,0,0,0.519449,0.0703488,4.03799E-05,0.000017071,2.1961E-06,9.24674E-07
408,4,1.60666,1.50642,0,0,0,0,0,1.32828,0.102549,0.0545271,0.0122323,0.00882551,0,0,0,0.506934,0.0093558,0.00395525,0.000508825,0.000214242
408,5,1.57983,1.48659,0,0,0,0,0,0.000201729,0.749003,0.565487,0.102428,0.0694728,0,0,0,0,0,0,0,0
408,6,2.30142,1.84882,0,0,0,0,0,8.45354E-16,0.000953576,1.16806,0.432061,0.247752,0,0,0,0,0,0,0,0
408,7,3.37745,2.55765,0,0,0,0,0,0,8.93025E-10,0.0648499,1.38957,1.10322,0,0,0,0,0,0,0,0
408,8,4.1989,3.37298,0,0,0,0,0,0,9.2768E-11,0.00419961,0.271367,3.09741,0,0,0,0,0,0,0,0
409,1,0.385952,0.358961,0,1,0.265081,0.0923046,0.00154934,2.54669E-05,1.16599E-07,7.6869E-08,1.72739E-08,1.38174E-08,0.0939675,0.0394218,0.000102763,2.14355E-07,1.1687E-10,4.94078E-11,6.35609E-12,2.67624E-12
409,2,0.965113,0.956069,0,0,0,0.834063,0.120148,0.00184155,8.43142E-06,5.55849E-06,1.2491E-06,9.99155E-07,0,0.327623,0.0470682,0.000103342,5.63438E-08,2.38199E-08,3.06432E-09,1.29024E-09
409,3,1.48104,1.45888,0,0,0,0,1.27506,0.182316,0.000778903,0.000513499,0.000115393,9.23029E-05,0,0,0.519381,0.0704263,0.000040425,1.70901E-05,2.19856E-06,9.25707E-07
409,4,1.60666,1.5064,0,0,0,0,0,1.32779,0.10284,0.0546612,0.0122624,0.00884626,0,0,0,0.5066,0.00936571,0.00395944,0.000509364,0.000214469
409,5,1.57984,1.4866,0,0,0,0,0,0.000201579,0.748916,0.56557,0.102437,0.0694789,0,0,0,0,0,0,0,0
409,6,2.30254,1.84946,0,0,0,0,0,8.43154E-16,0.000951094,1.16754,0.432881,0.248085,0,0,0,0,0,0,0,0
409,7,3.37832,2.5584,0,0,0,0,0,0,8.87259E-10,0.0643351,1.38814,1.10592,0,0,0,0,0,0,0,0
409,8,4.1989,3.37297,0,0,0,0,0,0,9.27143E-11,0.00419714,0.27112,3.09766,0,0,0,0,0,0,0,0
410,1,0.393431,0.365729,0,1,0.271876,0.0922853,0.00154162,0.00002534,1.16018E-07,7.64857E-08,1.71878E-08,1.37485E-08,0.0943108,0.0390549,0.00010216,2.13099E-07,1.16185E-10,4.91182E-11,6.31883E-12,2.66056E-12
410,2,0.980972,0.971948,0,0,0,0.849954,0.12014,0.00183691,8.41021E-06,5.54451E-06,1.24596E-06,9.96641E-07,0,0.328267,0.0468525,0.000103066,5.6193E-08,2.37561E-08,3.05612E-09,1.28678E-09
410,3,1.46881,1.45551,0,0,0,0,1.27162,0.182391,0.000777649,0.000512672,0.000115207,9.21543E-05,0,0,0.517018,0.0702739,4.03995E-05,1.70793E-05,2.19717E-06,9.25124E-07
410,4,1.52634,1.47897,0,0,0,0,0,1.30315,0.101628,0.0535317,0.0120089,0.00865748,0,0,0,0.489273,0.00907557,0.00383678,0.000493584,0.000207825
410,5,1.49712,1.46005,0,0,0,0,0,0.0001988,0.740788,0.552741,0.0991057,0.0672194,0,0,0,0,0,0,0,0
410,6,1.58552,1.51521,0,0,0,0,0,6.53639E-16,0.000766291,0.974918,0.345936,0.193594,0,0,0,0,0,0,0,0
410,7,1.74795,1.63697,0,0,0,0,0,0,5.23566E-10,0.0407113,0.923568,0.672689,0,0,0,0,0,0,0,0
410,8,2.3857,2.17108,1,0,0,0,0,0,5.6483E-11,0.00255846,0.171412,1.99711,0,0,0,0,0,0,0,0
411,1,0.39348,0.365783,0,1,0.271856,0.092358,0.00154259,2.53559E-05,1.16091E-07,7.65339E-08,1.71986E-08,1.37572E-08,0.0942964,0.0390872,0.000102255,2.13296E-07,1.16292E-10,4.91636E-11,6.32467E-12,2.66302E-12
411,2,0.981704,0.972691,0,0,0,0.8501,0.120729,0.00184552,8.44963E-06,5.57049E-06,1.2518E-06,1.00131E-06,0,0.328335,0.0471173,0.000103659,5.65166E-08,2.38929E-08,3.07372E-09,1.2942E-09
411,3,1.46901,1.45566,0,0,0,0,1.27009,0.184064,0.000784503,0.000517191,0.000116223,9.29665E-05,0,0,0.516326,0.0710408,4.08468E-05,1.72684E-05,2.2215E-06,9.35367E-07
411,4,1.5259,1.47867,0,0,0,0,0,1.29847,0.104218,0.054822,0.012298,0.00885382,0,0,0,0.485304,0.0090977,0.00384614,0.000494788,0.000208332
411,5,1.49715,1.4601,0,0,0,0,0,0.000197673,0.739431,0.553962,0.0992168,0.0672948,0,0,0,0,0,0,0,0
411,6,1.58708,1.51618,0,0,0,0,0,6.25585E-16,0.000733384,0.967592,0.352035,0.195819,0,0,0,0,0,0,0,0
411,7,1.74923,1.63794,0,0,0,0,0,0,5.12165E-10,0.0395977,0.920297,0.678045,0,0,0,0,0,0,0,0
411,8,2.38454,2.16999,1,0,0,0,0,0,5.64101E-11,0.0025551,0.171047,1.99639,0,0,0,0,0,0,0,0
412,1,0.393953,0.36629,0,1,0.271833,0.0928815,0.00154993,2.54765E-05,1.16643E-07,7.6898E-08,1.72804E-08,1.38226E-08,0.0942458,0.0393217,0.000102924,2.14691E-07,1.17053E-10,4.94853E-11,6.36605E-12,2.68044E-12
412,2,0.984373,0.975402,0,0,0,0.850765,0.122745,0.0018752,8.5855E-06,5.66007E-06,1.27193E-06,1.01741E-06,0,0.328649,0.0480176,0.000105671,5.76136E-08,2.43567E-08,3.13338E-09,1.31932E-09
412,3,1.46939,1.45596,0,0,0,0,1.26728,0.187142,0.000797127,0.000525513,0.000118093,9.44625E-05,0,0,0.515059,0.0724495,4.16681E-05,1.76156E-05,2.26616E-06,9.54173E-07
412,4,1.52556,1.47835,0,0,0,0,0,1.29339,0.107074,0.056202,0.0126074,0.0090679,0,0,0,0.481578,0.00921217,0.00389453,0.000501013,0.000210953
412,5,1.49715,1.46013,0,0,0,0,0,0.000197049,0.738784,0.554542,0.0992709,0.0673314,0,0,0,0,0,0,0,0
412,6,1.5879,1.51671,0,0,0,0,0,6.12722E-16,0.0007183,0.963302,0.355623,0.197063,0,0,0,0,0,0,0,0
412,7,1.7508,1.63913,0,0,0,0,0,0,4.98365E-10,0.0382516,0.916274,0.684598,0,0,0,0,0,0,0,0
412,8,2.3876,2.17259,1,0,0,0,0,0,5.62111E-11,0.00254593,0.170034,2.00001,0,0,0,0,0,0,0,0
413,1,0.395452,0.367893,0,1,0.271815,0.0944784,0.00157248,2.58472E-05,1.1834E-07,7.80166E-08,1.75318E-08,1.40237E-08,0.0941163,0.0400372,0.000104959,2.18937E-07,1.19368E-10,5.04639E-11,6.49195E-12,2.73345E-12
413,2,0.991217,0.982356,0,0,0,0.852578,0.127811,0.00194992,8.92759E-06,5.8856E-06,1.32261E-06,1.05795E-06,0,0.329507,0.0502741,0.000110709,6.03601E-08,2.55178E-08,3.28275E-09,1.38221E-09
413,3,1.47006,1.45648,0,0,0,0,1.26218,0.192719,0.000819983,0.000540581,0.000121479,9.71711E-05,0,0,0.512752,0.0750074,0.00004316,1.82463E-05,2.3473E-06,9.88337E-07
413,4,1.52557,1.47813,0,0,0,0,0,1.28938,0.109249,0.0573723,0.0128699,0.00925573,0,0,0,0.478755,0.00945134,0.00399564,0.000514021,0.00021643
413,5,1.49718,1.46017,0,0,0,0,0,0.00019659,0.737553,0.555658,0.0993661,0.067396,0,0,0,0,0,0,0,0
413,6,1.58882,1.5173,0,0,0,0,0,5.99527E-16,0.000702825,0.958342,0.359777,0.198477,0,0,0,0,0,0,0,0
413,7,1.75254,1.64043,0,0,0,0,0,0,4.83136E-10,0.036766,0.911841,0.691824,0,0,0,0,0,0,0,0
413,8,2.3995,2.18299,1,0,0,0,0,0,5.58009E-11,0.00252707,0.167935,2.01252,0,0,0,0,0,0,0,0
414,1,0.544198,0.544187,0,0,0.361391,0.179675,0.00306988,5.04604E-05,2.3103E-07,1.52309E-07,3.42267E-08,2.73779E-08,0.168353,0.0809255,0.000208118,4.34119E-07,2.36689E-10,1.00062E-10,1.28726E-11,5.42002E-12
414,2,1.55066,1.55063,0,0,0,1.29533,0.251375,0.00389561,1.78359E-05,1.17585E-05,2.64235E-06,2.11362E-06,0,0.607782,0.102893,0.000223765,0.000000122,5.15766E-08,6.6351E-09,2.79372E-09
414,3,2.35741,2.35724,0,0,0,0,1.99037,0.36384,0.0015726,0.00103675,0.000232977,0.000186359,0,0,0.933737,0.146835,8.34395E-05,3.52749E-05,4.53795E-06,1.91071E-06
414,4,2.39702,2.39524,0,0,0,0,0,2.05908,0.190904,0.104813,0.0235123,0.0169281,0,0,0,0.863836,0.0177224,0.00749229,0.000963849,0.000405831
414,5,2.42916,2.42313,0,0,0,0,0,0.000301275,1.13153,0.984175,0.183,0.124121,0,0,0,0,0,0,0,0
414,6,2.49449,2.48427,0,0,0,0,0,1.06057E-15,0.00107885,1.48995,0.633123,0.360123,0,0,0,0,0,0,0,0
414,7,2.66606,2.64891,0,0,0,0,0,0,8.33096E-10,0.0584286,1.40376,1.18673,0,0,0,0,0,0,0,0
414,8,3.44676,3.41271,0,0,0,0,0,0,9.17712E-11,0.00415348,0.265535,3.14302,0,0,0,0,0,0,0,0
415,1,0.549131,0.549121,0,0,0.359985,0.185918,0.00316445,5.20149E-05,2.38147E-07,1.57001E-07,3.52811E-08,2.82213E-08,0.167403,0.084128,0.000216809,4.52248E-07,2.46573E-10,1.04241E-10,1.34101E-11,5.64636E-12
415,2,1.57254,1.57251,0,0,0,1.3004,0.267936,0.00414523,1.89787E-05,1.25119E-05,2.81166E-06,2.24905E-06,0,0.610056,0.110633,0.000240785,1.31279E-07,5.54997E-08,7.13978E-09,3.00622E-09
415,3,2.35876,2.35859,0,0,0,0,1.97474,0.380685,0.00164327,0.00108334,0.000243448,0.000194734,0,0,0.926262,0.154919,8.80808E-05,0.000037237,4.79037E-06,0.000002017
415,4,2.39733,2.3955,0,0,0,0,0,2.04257,0.200695,0.109865,0.0246453,0.0177187,0,0,0,0.850668,0.0183028,0.00773769,0.000995418,0.000419124
415,5,2.42921,2.42317,0,0,0,0,0,0.000298697,1.1287,0.986624,0.183256,0.124295,0,0,0,0,0,0,0,0
415,6,2.49629,2.48598,0,0,0,0,0,1.00579E-15,0.00102312,1.46666,0.651572,0.366718,0,0,0,0,0,0,0,0
415,7,2.66996,2.65268,0,0,0,0,0,0,7.76166E-10,0.053441,1.38805,1.21119,0,0,0,0,0,0,0,0
415,8,3.45581,3.42158,0,0,0,0,0,0,9.10969E-11,0.00412258,0.262507,3.15495,0,0,0,0,0,0,0,0
416,1,0.544136,0.544126,0,0,0.361183,0.17982,0.00307167,5.04897E-05,2.31164E-07,1.52397E-07,3.42466E-08,2.73938E-08,0.168245,0.0810045,0.000208349,4.346E-07,2.36951E-10,1.00173E-10,1.28868E-11,5.42602E-12
416,2,1.55348,1.55346,0,0,0,1.29584,0.253649,0.00392971,0.000017992,1.18614E-05,2.66548E-06,2.13212E-06,0,0.608003,0.103966,0.000226129,1.23289E-07,5.21216E-08,6.70521E-09,2.82324E-09
416,3,2.35781,2.35764,0,0,0,0,1.98567,0.368904,0.00159383,0.00105074,0.000236122,0.000188874,0,0,0.93148,0.14927,8.48381E-05,3.58661E-05,4.61402E-06,1.94274E-06
416,4,2.39718,2.39538,0,0,0,0,0,2.04982,0.196464,0.107595,0.024136,0.017359,0,0,0,0.856444,0.0179417,0.00758501,0.000975776,0.000410853
416,5,2.42919,2.42315,0,0,0,0,0,0.000299382,1.1301,0.9854,0.183136,0.124214,0,0,0,0,0,0,0,0
416,6,2.49566,2.48538,0,0,0,0,0,1.02591E-15,0.00104359,1.47475,0.645178,0.364406,0,0,0,0,0,0,0,0
416,7,2.66907,2.65183,0,0,0,0,0,0,7.89138E-10,0.0545781,1.39161,1.20564,0,0,0,0,0,0,0,0
416,8,3.45188,3.41773,0,0,0,0,0,0,9.13156E-11,0.00413259,0.263483,3.15011,0,0,0,0,0,0,0,0
417,1,0.395172,0.3676,0,1,0.271741,0.094263,0.0015692,2.57934E-05,1.18094E-07,7.78543E-08,1.74953E-08,1.39945E-08,0.0941004,0.0399394,0.000104691,2.18378E-07,1.19063E-10,5.0335E-11,6.47536E-12,2.72646E-12
417,2,0.99071,0.98184,0,0,0,0.852424,0.127454,0.00194462,8.90336E-06,5.86962E-06,1.31902E-06,1.05508E-06,0,0.329435,0.050116,0.000110357,6.01685E-08,2.54368E-08,3.27233E-09,1.37782E-09
417,3,1.47009,1.4565,0,0,0,0,1.2619,0.193017,0.000821199,0.000541383,0.000121659,9.73151E-05,0,0,0.512626,0.0751459,0.000043241,1.82805E-05,2.35171E-06,9.90191E-07
417,4,1.52539,1.47799,0,0,0,0,0,1.28721,0.110501,0.0579396,0.0129971,0.00934296,0,0,0,0.477218,0.0094824,0.00400877,0.00051571,0.000217141
417,5,1.49718,1.46018,0,0,0,0,0,0.000195818,0.737159,0.556005,0.0994035,0.0674214,0,0,0,0,0,0,0,0
417,6,1.58949,1.51776,0,0,0,0,0,5.91506E-16,0.000693421,0.953996,0.363436,0.199636,0,0,0,0,0,0,0,0
417,7,1.75473,1.64208,0,0,0,0,0,0,4.6406E-10,0.0349081,0.906188,0.700988,0,0,0,0,0,0,0,0
417,8,2.40333,2.18627,1,0,0,0,0,0,5.55799E-11,0.0025169,0.166807,2.01695,0,0,0,0,0,0,0,0
418,1,0.393926,0.366269,0,1,0.271749,0.0929442,0.00155056,0.000025487,1.16691E-07,7.69294E-08,1.72875E-08,1.38283E-08,0.0942044,0.0393483,0.00010301,2.14872E-07,1.17152E-10,4.9527E-11,6.37142E-12,2.6827E-12
418,2,0.984732,0.975767,0,0,0,0.850863,0.123007,0.00187907,8.60324E-06,5.67176E-06,1.27455E-06,1.01952E-06,0,0.328698,0.048134,0.000105931,5.77553E-08,2.44166E-08,3.14108E-09,1.32256E-09
418,3,1.46942,1.45598,0,0,0,0,1.26707,0.187368,0.000798061,0.000526129,0.000118231,9.45732E-05,0,0,0.514968,0.0725515,4.17274E-05,1.76407E-05,2.26939E-06,9.55531E-07
418,4,1.52561,1.47835,0,0,0,0,0,1.29344,0.107069,0.0561758,0.0126016,0.00906526,0,0,0,0.481815,0.00924257,0.00390738,0.000502666,0.000211649
418,5,1.49715,1.46012,0,0,0,0,0,0.000196686,0.738828,0.554495,0.0992719,0.0673322,0,0,0,0,0,0,0,0
418,6,1.58765,1.51657,0,0,0,0,0,6.19002E-16,0.000725667,0.963906,0.35514,0.1968,0,0,0,0,0,0,0,0
418,7,1.75215,1.64014,0,0,0,0,0,0,4.86701E-10,0.0371161,0.912801,0.69022,0,0,0,0,0,0,0,0
418,8,2.39023,2.17484,1,0,0,0,0,0,5.60476E-11,0.00253841,0.169199,2.00311,0,0,0,0,0,0,0,0
419,1,0.393689,0.366014,0,1,0.271766,0.0926757,0.00154681,2.54253E-05,1.16408E-07,7.67434E-08,1.72457E-08,1.37948E-08,0.094232,0.0392283,0.000102667,2.14156E-07,1.16761E-10,4.9362E-11,6.35019E-12,2.67376E-12
419,2,0.98297,0.973978,0,0,0,0.850453,0.121649,0.00185912,8.51187E-06,5.61153E-06,1.26102E-06,1.00869E-06,0,0.328505,0.0475258,0.00010457,5.70133E-08,2.41029E-08,3.10073E-09,1.30557E-09
419,3,1.4691,1.45573,0,0,0,0,1.2695,0.184712,0.000787178,0.000518954,0.000116619,9.32835E-05,0,0,0.516068,0.0713329,4.10165E-05,1.73401E-05,2.23073E-06,9.39254E-07
419,4,1.52612,1.47875,0,0,0,0,0,1.29948,0.103722,0.0545078,0.0122277,0.00880984,0,0,0,0.486784,0.00917795,0.00388007,0.000499152,0.000210169
419,5,1.49712,1.46007,0,0,0,0,0,0.000197819,0.740341,0.553133,0.0991494,0.0672491,0,0,0,0,0,0,0,0
419,6,1.58558,1.51527,0,0,0,0,0,6.53963E-16,0.000766671,0.974199,0.346551,0.193749,0,0,0,0,0,0,0,0
419,7,1.74969,1.63828,0,0,0,0,0,0,5.08348E-10,0.0392283,0.919086,0.679969,0,0,0,0,0,0,0,0
419,8,2.38901,2.1739,1,0,0,0,0,0,5.62544E-11,0.00254793,0.170244,2.0011,0,0,0,0,0,0,0,0
420,1,0.393695,0.36602,0,1,0.271775,0.0926727,0.0015468,2.54251E-05,1.16407E-07,7.67426E-08,1.72455E-08,1.37947E-08,0.0942361,0.0392271,0.000102663,2.14147E-07,1.16756E-10,4.93598E-11,6.3499E-12,2.67364E-12
420,2,0.982638,0.973641,0,0,0,0.850401,0.121368,0.00185503,8.49315E-06,5.59919E-06,1.25824E-06,1.00647E-06,0,0.328481,0.0473987,0.000104285,5.68577E-08,2.40371E-08,3.09227E-09,1.30201E-09
420,3,1.46897,1.45564,0,0,0,0,1.27047,0.18366,0.000782873,0.000516116,0.000115981,9.27734E-05,0,0,0.516504,0.0708498,4.07347E-05,0.000017221,2.2154E-06,9.328E-07
420,4,1.52649,1.47899,0,0,0,0,0,1.30302,0.10178,0.0535174,0.0120058,0.00866006,0,0,0,0.489986,0.00918171,0.00388165,0.000499357,0.000210255
420,5,1.4971,1.46002,0,0,0,0,0,0.000198788,0.741659,0.551946,0.099043,0.0671769,0,0,0,0,0,0,0,0
420,6,1.58376,1.51414,0,0,0,0,0,6.86494E-16,0.000804829,0.982778,0.339407,0.19115,0,0,0,0,0,0,0,0
420,7,1.74794,1.63697,0,0,0,0,0,0,5.23853E-10,0.0407429,0.923535,0.672687,0,0,0,0,0,0,0,0
420,8,2.39144,2.17613,1,0,0,0,0,0,5.63254E-11,0.00255121,0.170597,2.00298,0,0,0,0,0,0,0,0
421,1,0.386128,0.359158,0,1,0.264961,0.0926178,0.00155351,2.55354E-05,1.16912E-07,7.70755E-08,1.73203E-08,1.38545E-08,0.0938906,0.0395645,0.000103178,2.15222E-07,1.17342E-10,4.96076E-11,6.38179E-12,2.68707E-12
421,2,0.966863,0.957843,0,0,0,0.834515,0.12145,0.00186078,8.51947E-06,5.61653E-06,1.26214E-06,1.00959E-06,0,0.327826,0.047653,0.000104646,5.70547E-08,2.41204E-08,3.10298E-09,1.30652E-09
421,3,1.48145,1.45916,0,0,0,0,1.27328,0.184364,0.000787342,0.000519062,0.000116643,9.33029E-05,0,0,0.518564,0.0713643,4.09704E-05,1.73206E-05,2.22822E-06,9.38197E-07
421,4,1.60645,1.50619,0,0,0,0,0,1.32474,0.104571,0.0554601,0.0124415,0.00897173,0,0,0,0.504693,0.00946626,0.00400195,0.000514832,0.000216771
421,5,1.57988,1.48663,0,0,0,0,0,0.000200745,0.748707,0.565761,0.102464,0.0694974,0,0,0,0,0,0,0,0
421,6,2.29814,1.84702,0,0,0,0,0,8.53798E-16,0.000963106,1.16914,0.430061,0.246858,0,0,0,0,0,0,0,0
421,7,3.37924,2.5592,0,0,0,0,0,0,8.81278E-10,0.0638038,1.38655,1.10884,0,0,0,0,0,0,0,0
421,8,4.20352,3.37768,0,0,0,0,0,0,9.24502E-11,0.00418504,0.26993,3.10357,0,0,0,0,0,0,0,0
422,1,0.386126,0.359155,0,1,0.264969,0.0926065,0.00155337,2.55331E-05,1.16902E-07,7.70687E-08,1.73188E-08,1.38533E-08,0.093895,0.0395595,0.000103163,2.1519E-07,1.17325E-10,4.96003E-11,6.38085E-12,2.68667E-12
422,2,0.966923,0.957904,0,0,0,0.834516,0.121509,0.00186163,8.52336E-06,5.6191E-06,1.26272E-06,1.01005E-06,0,0.327825,0.0476804,0.000104708,5.70884E-08,2.41347E-08,3.10482E-09,1.30729E-09
422,3,1.48153,1.45922,0,0,0,0,1.27289,0.184807,0.000789161,0.000520262,0.000116913,9.35185E-05,0,0,0.518382,0.0715694,4.10899E-05,1.73712E-05,2.23472E-06,9.40934E-07
422,4,1.6072,1.50648,0,0,0,0,0,1.32318,0.105668,0.0560155,0.012566,0.00905577,0,0,0,0.503163,0.00946365,0.00400085,0.00051469,0.000216712
422,5,1.58,1.48669,0,0,0,0,0,0.000200375,0.748115,0.566327,0.102517,0.0695332,0,0,0,0,0,0,0,0
422,6,2.3076,1.85229,0,0,0,0,0,8.31646E-16,0.000938106,1.16542,0.436385,0.249545,0,0,0,0,0,0,0,0
422,7,3.38091,2.56064,0,0,0,0,0,0,8.70068E-10,0.0628006,1.38384,1.11399,0,0,0,0,0,0,0,0
422,8,4.20039,3.37449,0,0,0,0,0,0,9.24918E-11,0.00418693,0.270105,3.1002,0,0,0,0,0,0,0,0
423,1,0.393642,0.365961,0,1,0.271799,0.0925906,0.00154571,2.54072E-05,1.16325E-07,7.66886E-08,1.72334E-08,1.3785E-08,0.0942525,0.0391909,0.000102557,2.13925E-07,1.16635E-10,4.93087E-11,6.34334E-12,2.67088E-12
423,2,0.982626,0.973628,0,0,0,0.850353,0.121402,0.00185547,8.49518E-06,5.60053E-06,1.25855E-06,1.00671E-06,0,0.328456,0.0474167,0.000104327,5.68808E-08,2.40469E-08,3.09353E-09,1.30254E-09
423,3,1.46909,1.45572,0,0,0,0,1.26955,0.184655,0.00078694,0.000518797,0.000116584,9.32553E-05,0,0,0.516088,0.0713087,4.10026E-05,1.73342E-05,2.22997E-06,9.38935E-07
423,4,1.52602,1.4787,0,0,0,0,0,1.29874,0.104123,0.0547154,0.0122742,0.00884023,0,0,0,0.486038,0.00915426,0.00387005,0.000497864,0.000209627
423,5,1.49713,1.46008,0,0,0,0,0,0.000197853,0.740079,0.553373,0.099168,0.0672616,0,0,0,0,0,0,0,0
423,6,1.5861,1.51558,0,0,0,0,0,6.4359E-16,0.000754504,0.972084,0.3483,0.194438,0,0,0,0,0,0,0,0
423,7,1.74892,1.63771,0,0,0,0,0,0,5.14946E-10,0.03987,0.921073,0.676763,0,0,0,0,0,0,0,0
423,8,2.38669,2.1719,1,0,0,0,0,0,5.63813E-11,0.00255377,0.170893,1.99846,0,0,0,0,0,0,0,0
424,1,0.393582,0.365897,0,1,0.271812,0.0925139,0.00154466,0.00002539,1.16247E-07,7.66367E-08,1.72217E-08,1.37757E-08,0.0942636,0.0391569,0.000102458,2.1372E-07,1.16523E-10,4.92614E-11,6.33725E-12,2.66831E-12
424,2,0.982469,0.973468,0,0,0,0.850288,0.121309,0.00185405,8.48869E-06,5.59624E-06,1.25758E-06,1.00594E-06,0,0.328425,0.0473763,0.000104238,5.68322E-08,2.40264E-08,3.09088E-09,1.30142E-09
424,3,1.46913,1.45575,0,0,0,0,1.26924,0.184996,0.000788329,0.000519713,0.000116789,9.34199E-05,0,0,0.515944,0.0714663,4.10947E-05,1.73732E-05,2.23498E-06,9.41044E-07
424,4,1.52579,1.47857,0,0,0,0,0,1.29694,0.105085,0.0552317,0.0123899,0.00891722,0,0,0,0.484202,0.00912805,0.00385897,0.000496438,0.000209027
424,5,1.49715,1.46011,0,0,0,0,0,0.000197349,0.739221,0.554148,0.0992358,0.0673076,0,0,0,0,0,0,0,0
424,6,1.58716,1.51622,0,0,0,0,0,6.24094E-16,0.000731636,0.967274,0.352299,0.195919,0,0,0,0,0,0,0,0
424,7,1.74927,1.63797,0,0,0,0,0,0,5.11866E-10,0.0395684,0.920211,0.678185,0,0,0,0,0,0,0,0
424,8,2.3846,2.17004,1,0,0,0,0,0,5.64058E-11,0.00255489,0.171025,1.99646,0,0,0,0,0,0,0,0
425,1,0.393601,0.365915,0,1,0.271828,0.0925166,0.00154475,2.53914E-05,1.16253E-07,7.66409E-08,1.72227E-08,1.37764E-08,0.09427,0.0391584,0.00010246,2.13725E-07,1.16526E-10,4.92625E-11,6.33739E-12,2.66837E-12
425,2,0.982381,0.973379,0,0,0,0.85027,0.121239,0.00185303,0.000008484,5.59316E-06,1.25689E-06,1.00539E-06,0,0.328416,0.0473449,0.000104168,5.67938E-08,2.40101E-08,3.08879E-09,1.30054E-09
425,3,1.4691,1.45573,0,0,0,0,1.26942,0.184801,0.000787531,0.000519187,0.000116671,9.33254E-05,0,0,0.516025,0.071377,4.10427E-05,1.73512E-05,2.23215E-06,9.39852E-07
425,4,1.52583,1.4786,0,0,0,0,0,1.29745,0.104796,0.0550949,0.0123592,0.00889626,0,0,0,0.484586,0.00912244,0.0038566,0.000496133,0.000208898
425,5,1.49715,1.46011,0,0,0,0,0,0.000197451,0.739313,0.554066,0.0992279,0.0673023,0,0,0,0,0,0,0,0
425,6,1.58705,1.51616,0,0,0,0,0,6.25993E-16,0.000733863,0.967812,0.35185,0.195758,0,0,0,0,0,0,0,0
425,7,1.74915,1.63787,0,0,0,0,0,0,5.12943E-10,0.0396736,0.92052,0.677679,0,0,0,0,0,0,0,0
425,8,2.38454,2.16999,1,0,0,0,0,0,5.64147E-11,0.00255531,0.17107,1.99637,0,0,0,0,0,0,0,0
426,1,0.393687,0.366006,0,1,0.271845,0.0925897,0.00154583,2.54092E-05,1.16335E-07,7.66947E-08,1.72348E-08,1.37861E-08,0.0942717,0.0391915,0.000102552,2.13916E-07,1.1663E-10,4.93066E-11,6.34307E-12,2.67076E-12
426,2,0.982346,0.973344,0,0,0,0.850294,0.121181,0.00185223,8.48032E-06,5.59073E-06,1.25634E-06,1.00495E-06,0,0.328429,0.0473172,0.000104104,5.67593E-08,2.39955E-08,3.08692E-09,1.29975E-09
426,3,1.46902,1.45567,0,0,0,0,1.27007,0.184085,0.000784602,0.000517256,0.000116237,9.29783E-05,0,0,0.516323,0.0710475,4.08503E-05,1.72699E-05,2.22169E-06,9.35447E-07
426,4,1.52614,1.47879,0,0,0,0,0,1.30016,0.10333,0.054331,0.0121881,0.00878149,0,0,0,0.487167,0.00914221,0.00386495,0.000497208,0.000209351
426,5,1.49713,1.46007,0,0,0,0,0,0.000198213,0.740439,0.55305,0.0991377,0.0672411,0,0,0,0,0,0,0,0
426,6,1.58573,1.51535,0,0,0,0,0,6.50276E-16,0.000762346,0.973831,0.346846,0.193908,0,0,0,0,0,0,0,0
426,7,1.7486,1.63746,0,0,0,0,0,0,5.17824E-10,0.0401512,0.921894,0.675417,0,0,0,0,0,0,0,0
426,8,2.38697,2.17216,1,0,0,0,0,0,5.63966E-11,0.00255448,0.17097,1.99864,0,0,0,0,0,0,0,0
427,1,0.386147,0.359172,0,1,0.265041,0.0925518,0.00155279,2.55235E-05,1.16858E-07,7.70398E-08,1.73123E-08,1.38481E-08,0.0939301,0.0395352,0.000103086,2.1503E-07,1.17238E-10,4.95633E-11,6.37609E-12,2.68467E-12
427,2,0.966358,0.957331,0,0,0,0.834377,0.121082,0.00185533,8.49452E-06,5.60009E-06,1.25845E-06,1.00663E-06,0,0.327763,0.0474882,0.000104279,5.68545E-08,2.40358E-08,3.0921E-09,1.30193E-09
427,3,1.48137,1.45911,0,0,0,0,1.2736,0.183993,0.000785808,0.000518051,0.000116416,9.31212E-05,0,0,0.518709,0.0711957,4.08725E-05,1.72793E-05,2.2229E-06,9.35956E-07
427,4,1.60687,1.50639,0,0,0,0,0,1.32463,0.10474,0.0555607,0.012464,0.00898572,0,0,0,0.504346,0.00943754,0.00398981,0.00051327,0.000216114
427,5,1.57992,1.48665,0,0,0,0,0,0.000200862,0.7485,0.565962,0.10248,0.0695078,0,0,0,0,0,0,0,0
427,6,2.30488,1.85077,0,0,0,0,0,8.38108E-16,0.0009454,1.16651,0.434546,0.248768,0,0,0,0,0,0,0,0
427,7,3.38007,2.55992,0,0,0,0,0,0,8.75622E-10,0.0632966,1.38522,1.1114,0,0,0,0,0,0,0,0
427,8,4.20088,3.37499,0,0,0,0,0,0,9.25227E-11,0.00418835,0.270249,3.10055,0,0,0,0,0,0,0,0
428,1,0.386051,0.359068,0,1,0.265054,0.0924367,0.00155117,2.54969E-05,1.16736E-07,7.69595E-08,1.72943E-08,1.38337E-08,0.0939454,0.0394823,0.000102936,2.14716E-07,1.17067E-10,4.94911E-11,6.36679E-12,2.68075E-12
428,2,0.965866,0.956832,0,0,0,0.834247,0.120718,0.00184996,8.46993E-06,5.58387E-06,1.2548E-06,1.00372E-06,0,0.327705,0.0473251,0.000103916,5.66563E-08,2.3952E-08,3.08131E-09,1.29739E-09
428,3,1.48126,1.45903,0,0,0,0,1.27408,0.183443,0.000783543,0.000516558,0.00011608,9.28528E-05,0,0,0.518929,0.0709434,4.07257E-05,1.72172E-05,2.21491E-06,9.32594E-07
428,4,1.60692,1.50645,0,0,0,0,0,1.3257,0.104124,0.055277,0.0124004,0.00894148,0,0,0,0.505036,0.00940893,0.00397771,0.000511714,0.000215459
428,5,1.57991,1.48664,0,0,0,0,0,0.000201078,0.748585,0.565882,0.10247,0.0695013,0,0,0,0,0,0,0,0
428,6,2.30395,1.85024,0,0,0,0,0,8.39499E-16,0.000946968,1.16701,0.433804,0.24848,0,0,0,0,0,0,0,0
428,7,3.37884,2.55885,0,0,0,0,0,0,8.83814E-10,0.0640276,1.38728,1.10754,0,0,0,0,0,0,0,0
428,8,4.20046,3.37456,0,0,0,0,0,0,9.26164E-11,0.00419266,0.270679,3.09969,0,0,0,0,0,0,0,0
429,1,0.393442,0.365741,0,1,0.271874,0.0922995,0.00154182,2.53432E-05,1.16032E-07,7.64954E-08,1.719E-08,1.37503E-08,0.0943091,0.0390612,0.000102178,2.13136E-07,1.16205E-10,4.91269E-11,6.31994E-12,2.66103E-12
429,2,0.981067,0.972044,0,0,0,0.849975,0.120214,0.00183799,8.41516E-06,5.54777E-06,1.24669E-06,9.97228E-07,0,0.328277,0.0468855,0.00010314,5.62332E-08,2.37731E-08,3.05831E-09,1.28771E-09
429,3,1.46882,1.45552,0,0,0,0,1.27154,0.182476,0.000778,0.000512903,0.000115259,9.21959E-05,0,0,0.516984,0.070312,4.04216E-05,1.70886E-05,2.19837E-06,9.2563E-07
429,4,1.52637,1.47899,0,0,0,0,0,1.30346,0.101443,0.0534537,0.0119914,0.00864558,0,0,0,0.489469,0.00907375,0.00383601,0.000493485,0.000207783
429,5,1.49712,1.46005,0,0,0,0,0,0.000198899,0.740862,0.552676,0.0990993,0.067215,0,0,0,0,0,0,0,0
429,6,1.58526,1.51504,0,0,0,0,0,6.57686E-16,0.000771036,0.976327,0.344758,0.193187,0,0,0,0,0,0,0,0
429,7,1.74727,1.63646,0,0,0,0,0,0,5.29594E-10,0.0412999,0.925307,0.669848,0,0,0,0,0,0,0,0
429,8,2.38547,2.17091,1,0,0,0,0,0,5.65394E-11,0.00256106,0.1717,1.99665,0,0,0,0,0,0,0,0
430,1,0.39335,0.365643,0,1,0.271878,0.0921984,0.0015404,2.53199E-05,1.15926E-07,7.6425E-08,1.71742E-08,1.37376E-08,0.0943189,0.0390158,0.000102049,2.12866E-07,1.16058E-10,4.90646E-11,6.31194E-12,2.65766E-12
430,2,0.980752,0.971724,0,0,0,0.849881,0.119991,0.00183469,8.40004E-06,5.53781E-06,1.24445E-06,9.95436E-07,0,0.328232,0.0467869,0.00010292,5.61135E-08,2.37225E-08,3.05179E-09,1.28496E-09
430,3,1.46881,1.4555,0,0,0,0,1.27163,0.18238,0.0007776,0.00051264,0.0001152,9.21485E-05,0,0,0.517021,0.0702691,4.03967E-05,1.70781E-05,2.19702E-06,9.25061E-07
430,4,1.52626,1.47895,0,0,0,0,0,1.30298,0.101661,0.0536098,0.0120263,0.00866771,0,0,0,0.488694,0.00904025,0.00382185,0.000491663,0.000207016
430,5,1.49714,1.46007,0,0,0,0,0,0.000198587,0.740248,0.55323,0.0991471,0.0672475,0,0,0,0,0,0,0,0
430,6,1.58597,1.51548,0,0,0,0,0,6.44106E-16,0.000755106,0.973148,0.347398,0.194176,0,0,0,0,0,0,0,0
430,7,1.74739,1.63655,0,0,0,0,0,0,5.28424E-10,0.0411849,0.924992,0.670374,0,0,0,0,0,0,0,0
430,8,2.38303,2.16875,1,0,0,0,0,0,5.65846E-11,0.00256313,0.171937,1.99425,0,0,0,0,0,0,0,0
431,1,0.393429,0.365726,0,1,0.271883,0.0922755,0.0015415,0.000025338,1.16009E-07,7.64799E-08,1.71865E-08,1.37475E-08,0.0943145,0.0390506,0.000102147,2.13072E-07,1.1617E-10,4.91119E-11,6.31802E-12,2.66022E-12
431,2,0.980884,0.971859,0,0,0,0.849934,0.120071,0.0018359,8.40559E-06,5.54146E-06,1.24527E-06,9.96094E-07,0,0.328258,0.0468217,0.000102997,5.61553E-08,2.37402E-08,3.05407E-09,1.28592E-09
431,3,1.46879,1.45549,0,0,0,0,1.2718,0.182195,0.000776845,0.000512142,0.000115088,0.000092059,0,0,0.517099,0.0701839,0.000040347,1.70571E-05,2.19431E-06,9.23921E-07
431,4,1.52639,1.47901,0,0,0,0,0,1.30379,0.101257,0.0533614,0.0119707,0.00863125,0,0,0,0.489729,0.00906583,0.00383266,0.000493054,0.000207602
431,5,1.49712,1.46005,0,0,0,0,0,0.000198985,0.740913,0.55263,0.0990946,0.0672118,0,0,0,0,0,0,0,0
431,6,1.58536,1.51511,0,0,0,0,0,6.56271E-16,0.000769378,0.975771,0.345224,0.193345,0,0,0,0,0,0,0,0
431,7,1.74754,1.63667,0,0,0,0,0,0,5.27127E-10,0.0410589,0.924597,0.671009,0,0,0,0,0,0,0,0
431,8,2.38533,2.17078,1,0,0,0,0,0,5.65224E-11,0.00256027,0.171613,1.9966,0,0,0,0,0,0,0,0
432,1,0.393431,0.365729,0,1,0.271876,0.0922853,0.00154162,0.00002534,1.16018E-07,7.64857E-08,1.71878E-08,1.37485E-08,0.0943108,0.0390549,0.00010216,2.13099E-07,1.16185E-10,4.91182E-11,6.31883E-12,2.66056E-12
432,2,0.980972,0.971948,0,0,0,0.849954,0.12014,0.00183691,8.41021E-06,5.54451E-06,1.24596E-06,9.96641E-07,0,0.328267,0.0468525,0.000103066,5.6193E-08,2.37561E-08,3.05612E-09,1.28678E-09
432,3,1.46881,1.45551,0,0,0,0,1.27162,0.182391,0.000777649,0.000512672,0.000115207,9.21543E-05,0,0,0.517018,0.0702739,4.03995E-05,1.70793E-05,2.19717E-06,9.25124E-07
432,4,1.52634,1.47897,0,0,0,0,0,1.30315,0.101628,0.0535317,0.0120089,0.00865748,0,0,0,0.489273,0.00907557,0.00383678,0.000493584,0.000207825
432,5,1.49712,1.46005,0,0,0,0,0,0.0001988,0.740788,0.552741,0.0991057,0.0672194,0,0,0,0,0,0,0,0
432,6,1.58552,1.51521,0,0,0,0,0,6.53639E-16,0.000766291,0.974918,0.345936,0.193594,0,0,0,0,0,0,0,0
432,7,1.74795,1.63697,0,0,0,0,0,0,5.23566E-10,0.0407113,0.923568,0.672689,0,0,0,0,0,0,0,0
432,8,2.3857,2.17108,1,0,0,0,0,0,5.6483E-11,0.00255846,0.171412,1.99711,0,0,0,0,0,0,0,0
433,1,0.39336,0.365655,0,1,0.271857,0.0922312,0.0015408,2.53265E-05,1.15956E-07,7.64449E-08,1.71786E-08,1.37412E-08,0.0943073,0.0390301,0.000102092,2.12957E-07,1.16108E-10,4.90856E-11,6.31463E-12,2.65879E-12
433,2,0.981087,0.972064,0,0,0,0.849952,0.120256,0.00183858,8.41784E-06,5.54954E-06,1.24709E-06,9.97545E-07,0,0.328265,0.0469061,0.000103187,5.62591E-08,2.37841E-08,3.05971E-09,1.2883E-09
433,3,1.4689,1.45558,0,0,0,0,1.2709,0.183178,0.000780867,0.000514794,0.000115684,9.25356E-05,0,0,0.516691,0.0706352,4.06103E-05,1.71684E-05,2.20863E-06,9.2995E-07
433,4,1.52606,1.47879,0,0,0,0,0,1.30041,0.10313,0.0542954,0.01218,0.00877291,0,0,0,0.486802,0.00907148,0.00383505,0.000493362,0.000207731
433,5,1.49714,1.46009,0,0,0,0,0,0.000197957,0.739749,0.553676,0.0991905,0.067277,0,0,0,0,0,0,0,0
433,6,1.58666,1.51591,0,0,0,0,0,6.32866E-16,0.000741924,0.969676,0.350297,0.195197,0,0,0,0,0,0,0,0
433,7,1.7487,1.63754,0,0,0,0,0,0,5.16885E-10,0.0400584,0.921662,0.675816,0,0,0,0,0,0,0,0
433,8,2.38414,2.16967,1,0,0,0,0,0,5.64622E-11,0.00255749,0.171311,1.9958,0,0,0,0,0,0,0,0
434,1,0.393486,0.365791,0,1,0.271839,0.0923833,0.0015429,2.53609E-05,1.16114E-07,7.6549E-08,1.7202E-08,1.37599E-08,0.0942872,0.0390982,0.000102288,2.13365E-07,1.1633E-10,4.91796E-11,6.32673E-12,2.66388E-12
434,2,0.98199,0.972981,0,0,0,0.85016,0.120955,0.00184884,8.4648E-06,5.5805E-06,1.25404E-06,1.00311E-06,0,0.328363,0.047219,0.000103887,5.66408E-08,2.39454E-08,3.08047E-09,1.29704E-09
434,3,1.46908,1.45572,0,0,0,0,1.26953,0.184676,0.000787011,0.000518844,0.000116594,9.32637E-05,0,0,0.516073,0.0713216,4.10105E-05,1.73376E-05,2.2304E-06,9.39116E-07
434,4,1.52577,1.47856,0,0,0,0,0,1.2968,0.10517,0.055269,0.0123982,0.00892245,0,0,0,0.484063,0.00911862,0.00385498,0.000495925,0.000208811
434,5,1.49715,1.46011,0,0,0,0,0,0.000197297,0.739129,0.554231,0.099243,0.0673125,0,0,0,0,0,0,0,0
434,6,1.58744,1.51641,0,0,0,0,0,6.19668E-16,0.000726445,0.965775,0.353553,0.196354,0,0,0,0,0,0,0,0
434,7,1.7498,1.63837,0,0,0,0,0,0,5.07171E-10,0.0391102,0.918852,0.680404,0,0,0,0,0,0,0,0
434,8,2.385,2.17037,1,0,0,0,0,0,5.6362E-11,0.00255288,0.170801,1.99702,0,0,0,0,0,0,0,0
435,1,0.393986,0.366327,0,1,0.271816,0.092934,0.00155062,2.54879E-05,1.16695E-07,7.69323E-08,1.72882E-08,1.38288E-08,0.0942346,0.0393449,0.000102992,2.14834E-07,1.17131E-10,4.95181E-11,6.37027E-12,2.68222E-12
435,2,0.984706,0.975741,0,0,0,0.850841,0.123003,0.00187899,8.60287E-06,5.67152E-06,1.2745E-06,1.01947E-06,0,0.328685,0.0481334,0.00010593,5.77548E-08,2.44164E-08,3.14106E-09,1.32255E-09
435,3,1.46945,1.45601,0,0,0,0,1.26679,0.18768,0.000799332,0.000526967,0.000118419,9.47238E-05,0,0,0.514836,0.0726961,4.18119E-05,1.76764E-05,2.27399E-06,9.57467E-07
435,4,1.52547,1.47827,0,0,0,0,0,1.29214,0.107788,0.0565335,0.0126817,0.00911899,0,0,0,0.480685,0.00923246,0.00390311,0.000502117,0.000211418
435,5,1.49716,1.46013,0,0,0,0,0,0.000196748,0.738586,0.554718,0.0992886,0.0673435,0,0,0,0,0,0,0,0
435,6,1.58811,1.51684,0,0,0,0,0,6.09554E-16,0.000714585,0.962184,0.356559,0.197382,0,0,0,0,0,0,0,0
435,7,1.75123,1.63945,0,0,0,0,0,0,4.94635E-10,0.0378877,0.915187,0.686369,0,0,0,0,0,0,0,0
435,8,2.38798,2.17292,1,0,0,0,0,0,5.61758E-11,0.00254431,0.169853,2.00052,0,0,0,0,0,0,0,0
436,1,0.39549,0.367934,0,1,0.271798,0.0945367,0.00157325,2.58599E-05,1.18398E-07,7.80549E-08,1.75404E-08,1.40306E-08,0.0941042,0.040063,0.000105035,2.19095E-07,1.19454E-10,5.05003E-11,6.49663E-12,2.73542E-12
436,2,0.991532,0.982676,0,0,0,0.852649,0.128056,0.00195351,8.94405E-06,5.89645E-06,1.32504E-06,1.0599E-06,0,0.32954,0.0503839,0.000110955,6.04941E-08,2.55745E-08,3.29004E-09,1.38528E-09
436,3,1.47011,1.45652,0,0,0,0,1.26176,0.193172,0.000821841,0.000541806,0.000121754,9.73912E-05,0,0,0.512565,0.0752155,4.32813E-05,1.82976E-05,2.3539E-06,9.91116E-07
436,4,1.52549,1.47807,0,0,0,0,0,1.2884,0.109807,0.0576309,0.0129279,0.0092956,0,0,0,0.478058,0.0094676,0.00400252,0.000514905,0.000216802
436,5,1.49718,1.46018,0,0,0,0,0,0.000196341,0.737399,0.555795,0.0993801,0.0674055,0,0,0,0,0,0,0,0
436,6,1.58898,1.51741,0,0,0,0,0,5.97101E-16,0.000699981,0.957405,0.360563,0.19874,0,0,0,0,0,0,0,0
436,7,1.75288,1.64069,0,0,0,0,0,0,4.80147E-10,0.0364746,0.910963,0.69325,0,0,0,0,0,0,0,0
436,8,2.39974,2.18319,1,0,0,0,0,0,5.5776E-11,0.00252593,0.167808,2.01285,0,0,0,0,0,0,0,0
437,1,0.54423,0.54422,0,0,0.361344,0.179753,0.003071,5.04788E-05,2.31114E-07,1.52364E-07,3.42392E-08,2.73879E-08,0.168326,0.0809666,0.000208232,4.34357E-07,2.36818E-10,1.00117E-10,1.28796E-11,5.42299E-12
437,2,1.55112,1.5511,0,0,0,1.29542,0.251739,0.00390109,1.78609E-05,0.000011775,2.64606E-06,2.11658E-06,0,0.607825,0.103064,0.000224141,1.22205E-07,5.16634E-08,6.64626E-09,2.79842E-09
437,3,2.35747,2.3573,0,0,0,0,1.98976,0.364506,0.00157539,0.00103859,0.000233391,0.000186689,0,0,0.933441,0.147155,0.000083623,3.53525E-05,4.54793E-06,1.91492E-06
437,4,2.39704,2.39526,0,0,0,0,0,2.05787,0.191635,0.105175,0.0235936,0.0169842,0,0,0,0.862875,0.0177487,0.00750343,0.000965281,0.000406434
437,5,2.42917,2.42313,0,0,0,0,0,0.000300955,1.1313,0.984374,0.183022,0.124136,0,0,0,0,0,0,0,0
437,6,2.49461,2.48439,0,0,0,0,0,1.05646E-15,0.00107467,1.48837,0.634368,0.360575,0,0,0,0,0,0,0,0
437,7,2.66639,2.64923,0,0,0,0,0,0,8.28308E-10,0.058009,1.40244,1.18878,0,0,0,0,0,0,0,0
437,8,3.44719,3.41313,0,0,0,0,0,0,9.17261E-11,0.00415141,0.265332,3.14364,0,0,0,0,0,0,0,0
438,1,0.549119,0.549108,0,0,0.359872,0.186018,0.00316574,5.20361E-05,2.38244E-07,1.57065E-07,3.52955E-08,2.82328E-08,0.167344,0.0841811,0.000216962,4.52567E-07,2.46746E-10,1.04314E-10,1.34196E-11,5.65033E-12
438,2,1.57336,1.57334,0,0,0,1.30056,0.268587,0.00415502,1.90235E-05,1.25414E-05,2.8183E-06,2.25436E-06,0,0.610126,0.11094,0.000241461,1.31648E-07,5.56555E-08,7.15982E-09,3.01466E-09
438,3,2.35884,2.35867,0,0,0,0,1.97376,0.38173,0.00164765,0.00108623,0.000244096,0.000195253,0,0,0.925795,0.155422,8.83697E-05,3.73591E-05,4.80608E-06,2.02361E-06
438,4,2.39736,2.39552,0,0,0,0,0,2.04096,0.201667,0.11035,0.0247538,0.0177937,0,0,0,0.849385,0.0183395,0.00775319,0.000997412,0.000419963
438,5,2.42922,2.42318,0,0,0,0,0,0.000298329,1.12842,0.986864,0.183283,0.124313,0,0,0,0,0,0,0,0
438,6,2.49649,2.48617,0,0,0,0,0,9.99759E-16,0.00101699,1.46407,0.653626,0.36745,0,0,0,0,0,0,0,0
438,7,2.67025,2.65297,0,0,0,0,0,0,7.71874E-10,0.0530651,1.38686,1.21304,0,0,0,0,0,0,0,0
438,8,3.45616,3.42192,0,0,0,0,0,0,9.10632E-11,0.00412103,0.262355,3.15545,0,0,0,0,0,0,0,0
439,1,0.544179,0.544168,0,0,0.361077,0.179967,0.00307371,5.05233E-05,2.31318E-07,1.52499E-07,3.42694E-08,2.7412E-08,0.168188,0.0810814,0.000208564,4.35049E-07,2.37196E-10,1.00277E-10,1.29001E-11,5.43163E-12
439,2,1.55451,1.55448,0,0,0,1.29606,0.254448,0.00394172,1.80469E-05,1.18976E-05,2.67362E-06,2.13863E-06,0,0.608097,0.10434,0.000226954,1.23739E-07,5.23118E-08,6.72968E-09,2.83354E-09
439,3,2.35791,2.35774,0,0,0,0,1.98447,0.370188,0.00159921,0.00105429,0.00023692,0.000189513,0,0,0.93091,0.149886,0.000085192,3.60157E-05,4.63326E-06,1.95084E-06
439,4,2.39722,2.39541,0,0,0,0,0,2.04778,0.197692,0.108204,0.0242725,0.017453,0,0,0,0.854825,0.0179837,0.00760276,0.00097806,0.000411815
439,5,2.42919,2.42316,0,0,0,0,0,0.000298956,1.1298,0.985662,0.183166,0.124234,0,0,0,0,0,0,0,0
439,6,2.49585,2.48557,0,0,0,0,0,1.01957E-15,0.00103715,1.47222,0.647183,0.365128,0,0,0,0,0,0,0,0
439,7,2.66938,2.65213,0,0,0,0,0,0,7.84586E-10,0.0541792,1.39035,1.20759,0,0,0,0,0,0,0,0
439,8,3.45211,3.41795,0,0,0,0,0,0,9.12853E-11,0.0041312,0.263345,3.15047,0,0,0,0,0,0,0,0
440,1,0.395247,0.367683,0,1,0.271702,0.0943846,0.00157081,2.58197E-05,1.18214E-07,7.79338E-08,1.75132E-08,1.40088E-08,0.0940743,0.0399931,0.000104849,2.18707E-07,1.19242E-10,5.04108E-11,6.48512E-12,2.73057E-12
440,2,0.991453,0.982596,0,0,0,0.852594,0.128031,0.00195309,8.94212E-06,5.89517E-06,1.32476E-06,1.05967E-06,0,0.329515,0.0503745,0.000110936,6.04838E-08,2.55701E-08,3.28948E-09,1.38504E-09
440,3,1.47021,1.45659,0,0,0,0,1.26099,0.194011,0.00082527,0.000544067,0.000122262,9.77976E-05,0,0,0.512214,0.0756018,4.35068E-05,1.83929E-05,2.36617E-06,9.9628E-07
440,4,1.52523,1.47787,0,0,0,0,0,1.28526,0.111614,0.0584598,0.0131137,0.009423,0,0,0,0.475796,0.00951116,0.00402093,0.000517274,0.0002178
440,5,1.49718,1.46019,0,0,0,0,0,0.000195488,0.736922,0.556216,0.0994245,0.0674356,0,0,0,0,0,0,0,0
440,6,1.58983,1.51798,0,0,0,0,0,5.86355E-16,0.000687381,0.952158,0.364975,0.200162,0,0,0,0,0,0,0,0
440,7,1.75508,1.64235,0,0,0,0,0,0,4.60941E-10,0.0346039,0.905278,0.70247,0,0,0,0,0,0,0,0
440,8,2.40319,2.18614,1,0,0,0,0,0,5.55677E-11,0.00251634,0.166744,2.01688,0,0,0,0,0,0,0,0
441,1,0.393991,0.366342,0,1,0.271716,0.093048,0.00155193,2.55095E-05,1.16794E-07,7.69973E-08,1.73028E-08,1.38405E-08,0.094182,0.0393943,0.000103145,2.15154E-07,1.17305E-10,4.95918E-11,6.37976E-12,2.68621E-12
441,2,0.98549,0.976537,0,0,0,0.851032,0.123599,0.00188776,8.64299E-06,5.69797E-06,1.28044E-06,1.02423E-06,0,0.328777,0.0483994,0.000106525,5.80792E-08,2.45535E-08,3.1587E-09,1.32998E-09
441,3,1.46957,1.4561,0,0,0,0,1.26592,0.188631,0.000803237,0.000529542,0.000118998,9.51866E-05,0,0,0.514446,0.0731308,4.20653E-05,1.77835E-05,2.28777E-06,9.63269E-07
441,4,1.52536,1.47816,0,0,0,0,0,1.29046,0.10875,0.0569808,0.012782,0.0091885,0,0,0,0.479508,0.00927258,0.00392007,0.000504299,0.000212336
441,5,1.49716,1.46014,0,0,0,0,0,0.000196199,0.738307,0.554963,0.0993152,0.0673615,0,0,0,0,0,0,0,0
441,6,1.58837,1.51703,0,0,0,0,0,6.06908E-16,0.000711482,0.960334,0.35812,0.197859,0,0,0,0,0,0,0,0
441,7,1.75272,1.64057,0,0,0,0,0,0,4.81597E-10,0.0366177,0.911332,0.692623,0,0,0,0,0,0,0,0
441,8,2.39015,2.17476,1,0,0,0,0,0,5.60211E-11,0.00253718,0.169063,2.00316,0,0,0,0,0,0,0,0
442,1,0.393693,0.366022,0,1,0.271735,0.0927144,0.00154727,2.54328E-05,1.16443E-07,7.67659E-08,1.72508E-08,1.37989E-08,0.0942154,0.0392452,0.000102719,2.14265E-07,1.1682E-10,4.93869E-11,6.35339E-12,2.67511E-12
442,2,0.983611,0.974628,0,0,0,0.850576,0.122168,0.00186671,8.54665E-06,5.63446E-06,1.26617E-06,1.01281E-06,0,0.328562,0.0477599,0.000105095,5.72996E-08,2.4224E-08,3.1163E-09,1.31213E-09
442,3,1.46928,1.45587,0,0,0,0,1.26814,0.186198,0.000793266,0.000522968,0.000117521,0.000094005,0,0,0.515452,0.0720149,4.14144E-05,1.75083E-05,2.25237E-06,9.48363E-07
442,4,1.52571,1.47847,0,0,0,0,0,1.29529,0.106028,0.0556702,0.0124882,0.00898616,0,0,0,0.48312,0.0091852,0.00388313,0.000499547,0.000210335
442,5,1.49715,1.46012,0,0,0,0,0,0.000196842,0.739034,0.55431,0.0992551,0.0673208,0,0,0,0,0,0,0,0
442,6,1.58718,1.51626,0,0,0,0,0,6.25236E-16,0.000732977,0.966689,0.352803,0.196031,0,0,0,0,0,0,0,0
442,7,1.7507,1.63905,0,0,0,0,0,0,4.9937E-10,0.0383511,0.91652,0.684174,0,0,0,0,0,0,0,0
442,8,2.38693,2.17202,1,0,0,0,0,0,5.62357E-11,0.00254706,0.170156,1.99931,0,0,0,0,0,0,0,0
443,1,0.39372,0.366049,0,1,0.271748,0.092728,0.0015475,2.54366E-05,1.1646E-07,7.67774E-08,1.72533E-08,1.38009E-08,0.09422,0.0392515,0.000102735,2.14299E-07,1.16839E-10,4.93947E-11,6.3544E-12,2.67554E-12
443,2,0.98329,0.974302,0,0,0,0.850532,0.121891,0.00186268,8.52819E-06,5.62229E-06,1.26343E-06,1.01062E-06,0,0.328542,0.047634,0.000104812,5.71452E-08,2.41587E-08,3.10791E-09,1.30859E-09
443,3,1.46914,1.45577,0,0,0,0,1.26919,0.185061,0.000788613,0.000519901,0.000116832,9.34536E-05,0,0,0.515925,0.0714924,4.11095E-05,1.73794E-05,2.23578E-06,9.41382E-07
443,4,1.5261,1.47872,0,0,0,0,0,1.29904,0.103974,0.0546242,0.0122538,0.00882806,0,0,0,0.486502,0.0091911,0.00388562,0.000499867,0.000210471
443,5,1.49712,1.46007,0,0,0,0,0,0.000197825,0.740371,0.553106,0.0991472,0.0672475,0,0,0,0,0,0,0,0
443,6,1.5855,1.51521,0,0,0,0,0,6.55097E-16,0.000768002,0.974681,0.346146,0.193616,0,0,0,0,0,0,0,0
443,7,1.74933,1.63801,0,0,0,0,0,0,5.11521E-10,0.0395376,0.920017,0.678455,0,0,0,0,0,0,0,0
443,8,2.3887,2.17365,1,0,0,0,0,0,5.62894E-11,0.00254954,0.170423,2.00067,0,0,0,0,0,0,0,0
444,1,0.386233,0.359272,0,1,0.264939,0.0927517,0.00155537,2.55661E-05,1.17053E-07,7.71681E-08,1.73411E-08,1.38712E-08,0.0938703,0.0396259,0.000103353,2.15588E-07,1.17542E-10,4.96919E-11,6.39263E-12,2.69163E-12
444,2,0.967603,0.958593,0,0,0,0.8347,0.122007,0.00186899,8.55707E-06,5.64133E-06,1.26771E-06,1.01404E-06,0,0.327908,0.0479036,0.000105205,5.73595E-08,2.42493E-08,3.11956E-09,1.3135E-09
444,3,1.48165,1.4593,0,0,0,0,1.27236,0.185415,0.000791663,0.000521911,0.000117283,0.000093815,0,0,0.51814,0.0718475,4.12516E-05,1.74395E-05,2.24352E-06,9.44637E-07
444,4,1.60688,1.50631,0,0,0,0,0,1.32237,0.106065,0.056185,0.012604,0.00908318,0,0,0,0.502813,0.00950291,0.00401745,0.000516826,0.000217611
444,5,1.57997,1.48668,0,0,0,0,0,0.000200317,0.748253,0.566192,0.102506,0.069526,0,0,0,0,0,0,0,0
444,6,2.30564,1.85122,0,0,0,0,0,8.37441E-16,0.000944647,1.16599,0.435261,0.249025,0,0,0,0,0,0,0,0
444,7,3.38207,2.56164,0,0,0,0,0,0,8.62433E-10,0.0621204,1.38189,1.11763,0,0,0,0,0,0,0,0
444,8,4.20214,3.37628,0,0,0,0,0,0,9.23473E-11,0.0041803,0.269449,3.10265,0,0,0,0,0,0,0,0
445,1,0.386212,0.359248,0,1,0.26495,0.0927171,0.00155491,2.55584E-05,1.17018E-07,7.7145E-08,1.7336E-08,1.3867E-08,0.0938778,0.0396102,0.000103308,2.15492E-07,1.1749E-10,4.96699E-11,6.38981E-12,2.69044E-12
445,2,0.967509,0.958498,0,0,0,0.834666,0.121946,0.00186808,8.55291E-06,5.63859E-06,1.2671E-06,1.01355E-06,0,0.327892,0.0478769,0.000105146,5.73273E-08,2.42357E-08,3.11781E-09,1.31276E-09
445,3,1.48167,1.45931,0,0,0,0,1.27225,0.185536,0.000792159,0.000522238,0.000117357,9.38737E-05,0,0,0.518089,0.0719041,4.12847E-05,1.74535E-05,2.24531E-06,9.45394E-07
445,4,1.60728,1.50647,0,0,0,0,0,1.32174,0.106532,0.0564251,0.0126578,0.00911923,0,0,0,0.502136,0.00949562,0.00401436,0.000516429,0.000217444
445,5,1.58003,1.48671,0,0,0,0,0,0.000200142,0.747948,0.566484,0.102534,0.0695444,0,0,0,0,0,0,0,0
445,6,2.30986,1.85357,0,0,0,0,0,8.27122E-16,0.000933001,1.16439,0.438027,0.250214,0,0,0,0,0,0,0,0
445,7,3.38228,2.56183,0,0,0,0,0,0,8.60933E-10,0.0619852,1.38156,1.11828,0,0,0,0,0,0,0,0
445,8,4.20088,3.375,0,0,0,0,0,0,9.23939E-11,0.00418243,0.269657,3.10116,0,0,0,0,0,0,0,0
446,1,0.393663,0.365985,0,1,0.271781,0.0926326,0.00154625,0.000025416,1.16366E-07,7.67153E-08,1.72394E-08,1.37898E-08,0.0942414,0.0392094,0.000102611,2.1404E-07,1.16698E-10,4.93351E-11,6.34673E-12,2.67231E-12
446,2,0.982949,0.973956,0,0,0,0.850429,0.12165,0.00185912,8.51186E-06,5.61152E-06,1.26102E-06,1.00869E-06,0,0.328493,0.0475276,0.000104575,5.70161E-08,2.41041E-08,3.10088E-09,1.30563E-09
446,3,1.46914,1.45577,0,0,0,0,1.26914,0.185104,0.000788783,0.000520012,0.000116857,9.34737E-05,0,0,0.515903,0.0715141,4.11224E-05,1.73849E-05,2.23649E-06,9.41677E-07
446,4,1.52596,1.47864,0,0,0,0,0,1.29787,0.104622,0.054949,0.0123266,0.0088764,0,0,0,0.485418,0.00917219,0.00387763,0.000498839,0.000210037
446,5,1.49713,1.46008,0,0,0,0,0,0.000197684,0.739973,0.553467,0.0991776,0.0672682,0,0,0,0,0,0,0,0
446,6,1.58619,1.51563,0,0,0,0,0,6.42146E-16,0.000752811,0.97161,0.348696,0.194575,0,0,0,0,0,0,0,0
446,7,1.74915,1.63788,0,0,0,0,0,0,5.12955E-10,0.0396757,0.920494,0.677707,0,0,0,0,0,0,0,0
446,8,2.38709,2.17224,1,0,0,0,0,0,5.63548E-11,0.00255255,0.170758,1.99893,0,0,0,0,0,0,0,0
447,1,0.393584,0.3659,0,1,0.271795,0.0925342,0.0015449,2.53939E-05,1.16264E-07,7.66484E-08,1.72244E-08,1.37778E-08,0.094255,0.0391656,0.000102485,2.13776E-07,1.16554E-10,4.92744E-11,6.33892E-12,2.66902E-12
447,2,0.982669,0.973671,0,0,0,0.850334,0.121463,0.00185633,8.49909E-06,5.6031E-06,1.25912E-06,1.00717E-06,0,0.328446,0.0474456,0.000104393,5.69168E-08,2.40621E-08,3.09548E-09,1.30336E-09
447,3,1.46916,1.45578,0,0,0,0,1.26895,0.185311,0.000789621,0.000520565,0.000116981,0.000093573,0,0,0.515814,0.0716104,4.11787E-05,1.74087E-05,2.23955E-06,9.42968E-07
447,4,1.52575,1.47853,0,0,0,0,0,1.29631,0.105448,0.0554011,0.0124279,0.00894341,0,0,0,0.483748,0.00914002,0.00386403,0.000497089,0.000209301
447,5,1.49715,1.46011,0,0,0,0,0,0.000197204,0.739131,0.554228,0.0992439,0.0673132,0,0,0,0,0,0,0,0
447,6,1.58721,1.51626,0,0,0,0,0,6.23141E-16,0.000730518,0.966984,0.352541,0.196004,0,0,0,0,0,0,0,0
447,7,1.74938,1.63805,0,0,0,0,0,0,5.10905E-10,0.0394747,0.919933,0.67864,0,0,0,0,0,0,0,0
447,8,2.38471,2.17013,1,0,0,0,0,0,5.63953E-11,0.00255441,0.170971,1.99661,0,0,0,0,0,0,0,0
448,1,0.393614,0.365931,0,1,0.27181,0.0925493,0.00154516,2.53981E-05,1.16284E-07,7.66612E-08,1.72272E-08,1.37801E-08,0.0942601,0.0391727,0.000102503,2.13814E-07,1.16575E-10,4.92831E-11,6.34004E-12,2.66949E-12
448,2,0.982638,0.97364,0,0,0,0.85033,0.121437,0.00185594,8.49733E-06,5.60194E-06,1.25886E-06,1.00696E-06,0,0.328444,0.0474336,0.000104366,5.69021E-08,2.40559E-08,3.09468E-09,1.30302E-09
448,3,1.46915,1.45577,0,0,0,0,1.26906,0.185186,0.000789112,0.000520229,0.000116905,9.35126E-05,0,0,0.515866,0.0715532,4.11453E-05,1.73946E-05,2.23773E-06,9.42203E-07
448,4,1.52578,1.47855,0,0,0,0,0,1.2967,0.105223,0.0552949,0.0124041,0.00892719,0,0,0,0.484051,0.009137,0.00386275,0.000496925,0.000209232
448,5,1.49715,1.46011,0,0,0,0,0,0.000197286,0.739211,0.554156,0.0992372,0.0673086,0,0,0,0,0,0,0,0
448,6,1.58711,1.5162,0,0,0,0,0,6.24927E-16,0.000732613,0.967485,0.352124,0.195854,0,0,0,0,0,0,0,0
448,7,1.74928,1.63797,0,0,0,0,0,0,5.11769E-10,0.0395591,0.920179,0.678236,0,0,0,0,0,0,0,0
448,8,2.38469,2.17012,1,0,0,0,0,0,5.64011E-11,0.00255468,0.171001,1.99656,0,0,0,0,0,0,0,0
449,1,0.393743,0.366067,0,1,0.271825,0.092669,0.0015469,2.54267E-05,1.16415E-07,7.67475E-08,1.72466E-08,1.37956E-08,0.0942574,0.0392266,0.000102655,2.1413E-07,1.16747E-10,4.93559E-11,6.3494E-12,2.67343E-12
449,2,0.982826,0.973831,0,0,0,0.850409,0.121548,0.00185762,8.50501E-06,0.000005607,0.00000126,1.00788E-06,0,0.328483,0.0474812,0.000104471,5.69592E-08,2.40801E-08,3.09779E-09,1.30433E-09
449,3,1.4691,1.45573,0,0,0,0,1.2695,0.184714,0.000787185,0.000518959,0.00011662,9.32844E-05,0,0,0.516065,0.0713351,0.000041018,1.73407E-05,2.23081E-06,9.39286E-07
449,4,1.52606,1.47871,0,0,0,0,0,1.299,0.103986,0.0546394,0.0122572,0.00882929,0,0,0,0.48635,0.00916705,0.00387545,0.000498559,0.00020992
449,5,1.49713,1.46007,0,0,0,0,0,0.00019799,0.740301,0.553173,0.0991503,0.0672497,0,0,0,0,0,0,0,0
449,6,1.58584,1.51541,0,0,0,0,0,6.48587E-16,0.000760366,0.973277,0.347309,0.194068,0,0,0,0,0,0,0,0
449,7,1.74889,1.63768,0,0,0,0,0,0,5.15249E-10,0.0399,0.921145,0.676638,0,0,0,0,0,0,0,0
449,8,2.38747,2.17259,1,0,0,0,0,0,5.63616E-11,0.00255287,0.170792,1.99924,0,0,0,0,0,0,0,0
450,1,0.386288,0.359323,0,1,0.265022,0.0927198,0.00155515,2.55624E-05,1.17036E-07,7.71571E-08,1.73387E-08,1.38692E-08,0.0939083,0.0396123,0.000103305,2.15487E-07,1.17487E-10,4.96686E-11,6.38963E-12,2.69037E-12
450,2,0.967164,0.958147,0,0,0,0.834585,0.121681,0.00186417,8.53502E-06,5.62679E-06,1.26445E-06,1.01143E-06,0,0.327856,0.0477572,0.000104879,5.71815E-08,2.41741E-08,3.10988E-09,1.30942E-09
450,3,1.48156,1.45923,0,0,0,0,1.27277,0.184937,0.000789695,0.000520613,0.000116992,9.35818E-05,0,0,0.51833,0.0716289,4.11246E-05,1.73858E-05,2.2366E-06,9.41727E-07
450,4,1.60697,1.50637,0,0,0,0,0,1.32295,0.105749,0.0560415,0.0125718,0.00906038,0,0,0,0.503144,0.00947893,0.0040073,0.000515521,0.000217062
450,5,1.57996,1.48667,0,0,0,0,0,0.000200547,0.748296,0.566154,0.1025,0.0695217,0,0,0,0,0,0,0,0
450,6,2.30691,1.85192,0,0,0,0,0,8.34078E-16,0.000940852,1.16558,0.436033,0.249371,0,0,0,0,0,0,0,0
450,7,3.38156,2.5612,0,0,0,0,0,0,8.65792E-10,0.0624194,1.38276,1.11602,0,0,0,0,0,0,0,0
450,8,4.20131,3.37543,0,0,0,0,0,0,9.2415E-11,0.00418341,0.269756,3.10149,0,0,0,0,0,0,0,0
451,1,0.386233,0.359264,0,1,0.265034,0.0926498,0.00155418,2.55464E-05,1.16963E-07,7.71088E-08,1.73278E-08,1.38605E-08,0.0939196,0.0395801,0.000103213,2.15295E-07,1.17382E-10,4.96244E-11,6.38395E-12,2.68798E-12
451,2,0.966877,0.957857,0,0,0,0.834509,0.12147,0.00186105,8.52073E-06,5.61737E-06,1.26233E-06,1.00974E-06,0,0.327822,0.0476625,0.000104668,5.70665E-08,2.41254E-08,3.10362E-09,1.30679E-09
451,3,1.4815,1.45919,0,0,0,0,1.27303,0.184644,0.000788488,0.000519818,0.000116813,9.34387E-05,0,0,0.518448,0.0714946,4.10464E-05,1.73528E-05,2.23235E-06,9.39938E-07
451,4,1.60709,1.50644,0,0,0,0,0,1.32347,0.105468,0.0559188,0.0125443,0.00904104,0,0,0,0.503424,0.00946168,0.00400002,0.000514583,0.000216667
451,5,1.57997,1.48667,0,0,0,0,0,0.000200653,0.748292,0.566159,0.102499,0.069521,0,0,0,0,0,0,0,0
451,6,2.30733,1.85215,0,0,0,0,0,8.32718E-16,0.000939317,1.16547,0.436257,0.249479,0,0,0,0,0,0,0,0
451,7,3.38116,2.56086,0,0,0,0,0,0,8.6841E-10,0.0626528,1.38342,1.11478,0,0,0,0,0,0,0,0
451,8,4.20063,3.37473,0,0,0,0,0,0,9.24644E-11,0.00418567,0.269981,3.10057,0,0,0,0,0,0,0,0
452,1,0.393616,0.365928,0,1,0.271856,0.0925015,0.00154462,2.53893E-05,1.16243E-07,7.66345E-08,1.72212E-08,1.37753E-08,0.0942853,0.0391515,0.000102437,2.13677E-07,1.165E-10,4.92515E-11,6.33597E-12,2.66778E-12
452,2,0.982096,0.97309,0,0,0,0.850226,0.120997,0.00184951,8.4679E-06,5.58254E-06,1.2545E-06,1.00348E-06,0,0.328396,0.0472355,0.000103922,5.66598E-08,2.39535E-08,3.0815E-09,1.29747E-09
452,3,1.46899,1.45565,0,0,0,0,1.27029,0.183846,0.00078362,0.000516608,0.000116092,9.28618E-05,0,0,0.516421,0.0709383,4.07867E-05,0.000017243,2.21823E-06,9.3399E-07
452,4,1.52617,1.47881,0,0,0,0,0,1.30063,0.103046,0.0542101,0.0121609,0.00876253,0,0,0,0.487434,0.00912785,0.00385888,0.000496427,0.000209022
452,5,1.49713,1.46006,0,0,0,0,0,0.000198387,0.740481,0.553015,0.0991327,0.0672377,0,0,0,0,0,0,0,0
452,6,1.58573,1.51534,0,0,0,0,0,6.50068E-16,0.000762103,0.973915,0.346773,0.193891,0,0,0,0,0,0,0,0
452,7,1.7484,1.63731,0,0,0,0,0,0,5.19617E-10,0.0403261,0.922415,0.674567,0,0,0,0,0,0,0,0
452,8,2.38674,2.17197,1,0,0,0,0,0,5.6416E-11,0.00255537,0.17107,1.99834,0,0,0,0,0,0,0,0
453,1,0.393488,0.365792,0,1,0.271861,0.0923624,0.00154267,2.53571E-05,1.16096E-07,7.65376E-08,1.71995E-08,1.37578E-08,0.0942983,0.0390892,0.00010226,2.13306E-07,1.16298E-10,4.91659E-11,6.32497E-12,2.66314E-12
453,2,0.981689,0.972675,0,0,0,0.8501,0.120713,0.0018453,8.44861E-06,5.56982E-06,1.25164E-06,1.00119E-06,0,0.328335,0.0471102,0.000103643,5.65077E-08,2.38892E-08,3.07324E-09,1.29399E-09
453,3,1.46899,1.45565,0,0,0,0,1.27026,0.183878,0.000783744,0.00051669,0.00011611,9.28766E-05,0,0,0.516404,0.070955,4.07966E-05,1.72472E-05,2.21877E-06,9.34218E-07
453,4,1.52598,1.47872,0,0,0,0,0,1.29941,0.103681,0.0545753,0.0122428,0.00881608,0,0,0,0.485984,0.00908887,0.00384241,0.000494308,0.000208129
453,5,1.49714,1.46009,0,0,0,0,0,0.000197925,0.739628,0.553786,0.0991996,0.0672831,0,0,0,0,0,0,0,0
453,6,1.58677,1.51598,0,0,0,0,0,6.3054E-16,0.000739196,0.969199,0.350692,0.19535,0,0,0,0,0,0,0,0
453,7,1.74865,1.6375,0,0,0,0,0,0,5.17298E-10,0.0400987,0.921779,0.675623,0,0,0,0,0,0,0,0
453,8,2.38407,2.1696,1,0,0,0,0,0,5.64606E-11,0.00255742,0.171305,1.99574,0,0,0,0,0,0,0,0
454,1,0.393482,0.365785,0,1,0.271864,0.0923531,0.00154254,2.53551E-05,1.16087E-07,7.65314E-08,1.71981E-08,1.37567E-08,0.0942999,0.0390852,0.000102248,2.13281E-07,1.16284E-10,4.91603E-11,6.32424E-12,2.66284E-12
454,2,0.981631,0.972616,0,0,0,0.850085,0.12067,0.00184466,8.44568E-06,5.56789E-06,1.25121E-06,1.00084E-06,0,0.328328,0.0470909,0.0001036,5.64843E-08,2.38793E-08,3.07196E-09,1.29346E-09
454,3,1.46899,1.45564,0,0,0,0,1.27027,0.183867,0.000783697,0.000516659,0.000116103,0.000092871,0,0,0.516408,0.0709504,0.000040794,1.72461E-05,2.21863E-06,9.34158E-07
454,4,1.52595,1.47871,0,0,0,0,0,1.29914,0.103836,0.0546459,0.0122586,0.00882677,0,0,0,0.485781,0.00908869,0.00384233,0.000494298,0.000208125
454,5,1.49714,1.4601,0,0,0,0,0,0.000197859,0.73956,0.553847,0.0992053,0.067287,0,0,0,0,0,0,0,0
454,6,1.58692,1.51608,0,0,0,0,0,6.28128E-16,0.000736367,0.968437,0.351329,0.195574,0,0,0,0,0,0,0,0
454,7,1.74889,1.63768,0,0,0,0,0,0,5.15182E-10,0.0398921,0.92117,0.676619,0,0,0,0,0,0,0,0
454,8,2.38421,2.16971,1,0,0,0,0,0,5.64416E-11,0.00255655,0.171208,1.99595,0,0,0,0,0,0,0,0
455,1,0.39348,0.365783,0,1,0.271856,0.092358,0.00154259,2.53559E-05,1.16091E-07,7.65339E-08,1.71986E-08,1.37572E-08,0.0942964,0.0390872,0.000102255,2.13296E-07,1.16292E-10,4.91636E-11,6.32467E-12,2.66302E-12
455,2,0.981704,0.972691,0,0,0,0.8501,0.120729,0.00184552,8.44963E-06,5.57049E-06,1.2518E-06,1.00131E-06,0,0.328335,0.0471173,0.000103659,5.65166E-08,2.38929E-08,3.07372E-09,1.2942E-09
455,3,1.46901,1.45566,0,0,0,0,1.27009,0.184064,0.000784503,0.000517191,0.000116223,9.29665E-05,0,0,0.516326,0.0710408,4.08468E-05,1.72684E-05,2.2215E-06,9.35367E-07
455,4,1.5259,1.47867,0,0,0,0,0,1.29847,0.104218,0.054822,0.012298,0.00885382,0,0,0,0.485304,0.0090977,0.00384614,0.000494788,0.000208332
455,5,1.49715,1.4601,0,0,0,0,0,0.000197673,0.739431,0.553962,0.0992168,0.0672948,0,0,0,0,0,0,0,0
455,6,1.58708,1.51618,0,0,0,0,0,6.25585E-16,0.000733384,0.967592,0.352035,0.195819,0,0,0,0,0,0,0,0
455,7,1.74923,1.63794,0,0,0,0,0,0,5.12165E-10,0.0395977,0.920297,0.678045,0,0,0,0,0,0,0,0
455,8,2.38454,2.16999,1,0,0,0,0,0,5.64101E-11,0.0025551,0.171047,1.99639,0,0,0,0,0,0,0,0
456,1,0.393486,0.365791,0,1,0.271839,0.0923833,0.0015429,2.53609E-05,1.16114E-07,7.6549E-08,1.7202E-08,1.37599E-08,0.0942872,0.0390982,0.000102288,2.13365E-07,1.1633E-10,4.91796E-11,6.32673E-12,2.66388E-12
456,2,0.98199,0.972981,0,0,0,0.85016,0.120955,0.00184884,8.4648E-06,5.5805E-06,1.25404E-06,1.00311E-06,0,0.328363,0.047219,0.000103887,5.66408E-08,2.39454E-08,3.08047E-09,1.29704E-09
456,3,1.46908,1.45572,0,0,0,0,1.26953,0.184676,0.000787011,0.000518844,0.000116594,9.32637E-05,0,0,0.516073,0.0713216,4.10105E-05,1.73376E-05,2.2304E-06,9.39116E-07
456,4,1.52577,1.47856,0,0,0,0,0,1.2968,0.10517,0.055269,0.0123982,0.00892245,0,0,0,0.484063,0.00911862,0.00385498,0.000495925,0.000208811
456,5,1.49715,1.46011,0,0,0,0,0,0.000197297,0.739129,0.554231,0.099243,0.0673125,0,0,0,0,0,0,0,0
456,6,1.58744,1.51641,0,0,0,0,0,6.19668E-16,0.000726445,0.965775,0.353553,0.196354,0,0,0,0,0,0,0,0
456,7,1.7498,1.63837,0,0,0,0,0,0,5.07171E-10,0.0391102,0.918852,0.680404,0,0,0,0,0,0,0,0
456,8,2.385,2.17037,1,0,0,0,0,0,5.6362E-11,0.00255288,0.170801,1.99702,0,0,0,0,0,0,0,0
457,1,0.393642,0.365959,0,1,0.271818,0.0925695,0.00154547,2.54032E-05,1.16307E-07,7.66767E-08,1.72307E-08,1.37828E-08,0.0942637,0.0391814,0.000102527,2.13864E-07,1.16602E-10,4.92946E-11,6.34152E-12,2.67011E-12
457,2,0.982986,0.973993,0,0,0,0.850399,0.121717,0.00186004,8.51609E-06,5.61431E-06,1.26164E-06,1.00919E-06,0,0.328476,0.0475597,0.000104649,5.70563E-08,2.41211E-08,3.10307E-09,1.30655E-09
457,3,1.46925,1.45585,0,0,0,0,1.26826,0.186061,0.000792694,0.00052259,0.000117436,9.39371E-05,0,0,0.515502,0.0719557,4.13802E-05,1.74939E-05,2.25051E-06,9.47582E-07
457,4,1.52556,1.47838,0,0,0,0,0,1.29395,0.106789,0.0560312,0.0125691,0.00904014,0,0,0,0.482001,0.00916967,0.00387656,0.000498702,0.00020998
457,5,1.49715,1.46013,0,0,0,0,0,0.000196792,0.738757,0.554562,0.0992757,0.0673347,0,0,0,0,0,0,0,0
457,6,1.58788,1.51669,0,0,0,0,0,6.12876E-16,0.00071848,0.963479,0.355473,0.197016,0,0,0,0,0,0,0,0
457,7,1.75067,1.63902,0,0,0,0,0,0,4.99548E-10,0.0383666,0.916632,0.684022,0,0,0,0,0,0,0,0
457,8,2.38603,2.17124,1,0,0,0,0,0,5.62765E-11,0.00254894,0.170364,1.99833,0,0,0,0,0,0,0,0
458,1,0.394152,0.366507,0,1,0.271793,0.0931341,0.00155338,2.55333E-05,1.16903E-07,7.70694E-08,1.7319E-08,1.38534E-08,0.0942091,0.0394343,0.000103249,2.15369E-07,1.17423E-10,4.96416E-11,6.38616E-12,2.68891E-12
458,2,0.985709,0.97676,0,0,0,0.851082,0.12377,0.00189025,8.65442E-06,5.70551E-06,1.28214E-06,1.02558E-06,0,0.3288,0.0484758,0.000106696,5.81724E-08,2.45929E-08,3.16377E-09,1.33211E-09
458,3,1.4696,1.45613,0,0,0,0,1.26564,0.188937,0.000804488,0.000530366,0.000119183,9.53349E-05,0,0,0.514318,0.0732717,4.21475E-05,1.78183E-05,2.29224E-06,9.65152E-07
458,4,1.5253,1.47812,0,0,0,0,0,1.28982,0.109109,0.0571541,0.0128209,0.00921497,0,0,0,0.479017,0.00927721,0.00392203,0.00050455,0.000212442
458,5,1.49716,1.46014,0,0,0,0,0,0.000196319,0.738296,0.554975,0.0993146,0.0673611,0,0,0,0,0,0,0,0
458,6,1.58842,1.51704,0,0,0,0,0,6.04919E-16,0.000709149,0.96047,0.357994,0.197868,0,0,0,0,0,0,0,0
458,7,1.7519,1.63995,0,0,0,0,0,0,4.88781E-10,0.0373169,0.913475,0.689156,0,0,0,0,0,0,0,0
458,8,2.38872,2.17354,1,0,0,0,0,0,5.61153E-11,0.00254152,0.169544,2.00146,0,0,0,0,0,0,0,0
459,1,0.395651,0.368109,0,1,0.271771,0.0947356,0.00157598,2.59048E-05,1.18604E-07,7.81906E-08,1.75709E-08,1.4055E-08,0.0940774,0.0401517,0.00010529,2.19628E-07,1.19745E-10,5.06232E-11,6.51243E-12,2.74208E-12
459,2,0.992441,0.983599,0,0,0,0.852863,0.128755,0.00196378,8.99107E-06,5.92745E-06,1.33201E-06,1.06548E-06,0,0.329641,0.0506967,0.000111655,6.08757E-08,2.57358E-08,3.31079E-09,1.39402E-09
459,3,1.47024,1.45662,0,0,0,0,1.26079,0.194235,0.000826196,0.000544677,0.000122399,9.79072E-05,0,0,0.512126,0.0757026,4.35654E-05,1.84177E-05,2.36935E-06,9.97621E-07
459,4,1.52536,1.47795,0,0,0,0,0,1.28653,0.110874,0.0581309,0.01304,0.00937288,0,0,0,0.476713,0.0095029,0.00401744,0.000516825,0.000217611
459,5,1.49718,1.46018,0,0,0,0,0,0.000195965,0.737158,0.556008,0.0994019,0.0674203,0,0,0,0,0,0,0,0
459,6,1.58925,1.51758,0,0,0,0,0,5.9327E-16,0.000695489,0.955898,0.361826,0.199163,0,0,0,0,0,0,0,0
459,7,1.7534,1.64109,0,0,0,0,0,0,4.75539E-10,0.0360255,0.909609,0.695451,0,0,0,0,0,0,0,0
459,8,2.40015,2.18352,1,0,0,0,0,0,5.57365E-11,0.00252411,0.167607,2.01339,0,0,0,0,0,0,0,0
460,1,0.544416,0.544405,0,0,0.361243,0.180036,0.00307519,5.05477E-05,2.3143E-07,1.52572E-07,3.42859E-08,2.74253E-08,0.168265,0.0811126,0.000208632,4.35191E-07,2.37273E-10,1.00309E-10,1.29043E-11,5.43339E-12
460,2,1.55244,1.55241,0,0,0,1.2957,0.252756,0.00391638,1.79309E-05,1.18211E-05,2.65644E-06,2.12488E-06,0,0.607949,0.103541,0.000225191,1.22777E-07,5.19053E-08,6.67738E-09,2.81153E-09
460,3,2.35759,2.35742,0,0,0,0,1.9883,0.366076,0.00158198,0.00104293,0.000234367,0.00018747,0,0,0.932745,0.147907,8.40553E-05,3.55352E-05,4.57144E-06,1.92482E-06
460,4,2.39708,2.39529,0,0,0,0,0,2.05543,0.193101,0.105906,0.0237575,0.0170973,0,0,0,0.860938,0.0178045,0.00752703,0.000968317,0.000407713
460,5,2.42917,2.42314,0,0,0,0,0,0.000300415,1.13091,0.984711,0.18306,0.124162,0,0,0,0,0,0,0,0
460,6,2.49481,2.48458,0,0,0,0,0,1.04972E-15,0.00106781,1.4858,0.636397,0.361311,0,0,0,0,0,0,0,0
460,7,2.66688,2.64971,0,0,0,0,0,0,8.21066E-10,0.0573744,1.40045,1.19188,0,0,0,0,0,0,0,0
460,8,3.44781,3.41374,0,0,0,0,0,0,9.16597E-11,0.00414836,0.265031,3.14456,0,0,0,0,0,0,0,0
461,1,0.54945,0.54944,0,0,0.359668,0.186545,0.00317353,5.21641E-05,2.3883E-07,1.57451E-07,3.53823E-08,2.83023E-08,0.167223,0.0844539,0.00021771,4.54127E-07,2.47597E-10,1.04674E-10,1.34658E-11,5.66981E-12
461,2,1.57551,1.57549,0,0,0,1.301,0.270272,0.00418034,1.91395E-05,1.26179E-05,2.83547E-06,2.2681E-06,0,0.610318,0.111732,0.000243204,1.32599E-07,5.60573E-08,7.21152E-09,3.03642E-09
461,3,2.35901,2.35884,0,0,0,0,1.97176,0.383888,0.0016567,0.0010922,0.000245437,0.000196325,0,0,0.924834,0.156459,8.89657E-05,3.76111E-05,4.8385E-06,2.03726E-06
461,4,2.39741,2.39557,0,0,0,0,0,2.03818,0.203334,0.111183,0.0249406,0.0179228,0,0,0,0.847177,0.0184056,0.00778113,0.00100101,0.000421476
461,5,2.42922,2.42319,0,0,0,0,0,0.000297793,1.12801,0.987214,0.183322,0.12434,0,0,0,0,0,0,0,0
461,6,2.49676,2.48642,0,0,0,0,0,9.9152E-16,0.00100861,1.46057,0.6564,0.36844,0,0,0,0,0,0,0,0
461,7,2.67061,2.65332,0,0,0,0,0,0,7.66592E-10,0.0526024,1.3854,1.21531,0,0,0,0,0,0,0,0
461,8,3.45659,3.42234,0,0,0,0,0,0,9.10221E-11,0.00411915,0.262169,3.15605,0,0,0,0,0,0,0,0
462,1,0.544671,0.54466,0,0,0.360865,0.180659,0.00308408,5.06938E-05,2.32099E-07,1.53013E-07,3.4385E-08,2.75045E-08,0.168055,0.0814386,0.000209538,4.37081E-07,2.38304E-10,1.00745E-10,1.29604E-11,5.457E-12
462,2,1.55749,1.55747,0,0,0,1.29672,0.256739,0.00397621,1.82048E-05,1.20017E-05,2.69701E-06,2.15734E-06,0,0.608391,0.105413,0.000229315,1.25026E-07,5.28559E-08,6.79968E-09,2.86302E-09
462,3,2.35814,2.35797,0,0,0,0,1.98188,0.372987,0.00161096,0.00106204,0.000238661,0.000190905,0,0,0.929671,0.151228,8.59621E-05,3.63413E-05,4.67514E-06,1.96848E-06
462,4,2.39728,2.39546,0,0,0,0,0,2.04432,0.199769,0.109244,0.0245058,0.0176142,0,0,0,0.852065,0.0180664,0.00763773,0.000982558,0.000413709
462,5,2.4292,2.42317,0,0,0,0,0,0.000298394,1.12938,0.986021,0.183206,0.124261,0,0,0,0,0,0,0,0
462,6,2.49612,2.48582,0,0,0,0,0,1.01107E-15,0.00102849,1.46875,0.649927,0.366114,0,0,0,0,0,0,0,0
462,7,2.66979,2.65252,0,0,0,0,0,0,7.78669E-10,0.0536608,1.38872,1.21013,0,0,0,0,0,0,0,0
462,8,3.45243,3.41826,0,0,0,0,0,0,9.12434E-11,0.00412928,0.263156,3.15098,0,0,0,0,0,0,0,0
463,1,0.395677,0.368147,0,1,0.271657,0.0948856,0.00157776,2.59341E-05,1.18738E-07,7.8279E-08,1.75908E-08,1.40709E-08,0.0940172,0.0402168,0.00010549,2.20045E-07,1.19972E-10,5.07192E-11,6.52479E-12,2.74728E-12
463,2,0.993707,0.984885,0,0,0,0.853144,0.129744,0.00197829,9.05749E-06,5.97123E-06,1.34185E-06,1.07335E-06,0,0.329774,0.0511402,0.000112648,6.14172E-08,2.59647E-08,3.34024E-09,1.40642E-09
463,3,1.47047,1.4568,0,0,0,0,1.25903,0.196164,0.000834093,0.000549884,0.000123569,9.88432E-05,0,0,0.511325,0.0765888,4.40825E-05,1.86363E-05,2.39748E-06,1.00946E-06
463,4,1.52504,1.47769,0,0,0,0,0,1.28237,0.11324,0.0592397,0.0132886,0.00954412,0,0,0,0.473711,0.00957893,0.00404958,0.00052096,0.000219352
463,5,1.49719,1.4602,0,0,0,0,0,0.000195133,0.736612,0.556493,0.099451,0.0674536,0,0,0,0,0,0,0,0
463,6,1.59025,1.51826,0,0,0,0,0,5.80339E-16,0.000680326,0.94976,0.366986,0.200834,0,0,0,0,0,0,0,0
463,7,1.75561,1.64276,0,0,0,0,0,0,4.56273E-10,0.034149,0.903906,0.704699,0,0,0,0,0,0,0,0
463,8,2.40362,2.18649,1,0,0,0,0,0,5.55277E-11,0.00251449,0.166542,2.01743,0,0,0,0,0,0,0,0
464,1,0.394425,0.366808,0,1,0.271679,0.0935445,0.00155885,2.56232E-05,1.17314E-07,7.73405E-08,1.73799E-08,1.39022E-08,0.0941281,0.0396162,0.000103781,2.16479E-07,1.18028E-10,4.98974E-11,6.41906E-12,2.70276E-12
464,2,0.987971,0.979057,0,0,0,0.851647,0.125477,0.00191539,8.76949E-06,5.78136E-06,1.29918E-06,1.03922E-06,0,0.329067,0.049238,0.0001084,5.91011E-08,2.49856E-08,3.21428E-09,1.35338E-09
464,3,1.46989,1.45634,0,0,0,0,1.26353,0.191249,0.000813971,0.000536618,0.000120588,9.64586E-05,0,0,0.513365,0.0743304,4.27648E-05,1.80792E-05,2.32581E-06,9.79287E-07
464,4,1.52511,1.47792,0,0,0,0,0,1.28659,0.110926,0.0580314,0.0130176,0.00935161,0,0,0,0.476689,0.00936317,0.00395837,0.000509226,0.000214411
464,5,1.49716,1.46016,0,0,0,0,0,0.0001958,0.737864,0.555361,0.0993519,0.0673864,0,0,0,0,0,0,0,0
464,6,1.58901,1.51744,0,0,0,0,0,5.9734E-16,0.000700263,0.956892,0.361002,0.198844,0,0,0,0,0,0,0,0
464,7,1.75362,1.64125,0,0,0,0,0,0,4.73711E-10,0.0358486,0.909027,0.696374,0,0,0,0,0,0,0,0
464,8,2.39184,2.1762,1,0,0,0,0,0,5.59218E-11,0.00253262,0.168559,2.00511,0,0,0,0,0,0,0,0
465,1,0.394089,0.366447,0,1,0.271699,0.0931689,0.00155359,2.55368E-05,1.16919E-07,7.70797E-08,1.73213E-08,1.38553E-08,0.0941655,0.0394482,0.000103301,2.15478E-07,1.17482E-10,4.96665E-11,6.38937E-12,2.69026E-12
465,2,0.986086,0.977143,0,0,0,0.851184,0.124047,0.00189435,8.67318E-06,5.71787E-06,1.28491E-06,1.0278E-06,0,0.328849,0.0485991,0.000106971,5.83224E-08,2.46564E-08,3.17193E-09,1.33555E-09
465,3,1.46963,1.45614,0,0,0,0,1.26551,0.189078,0.000805074,0.000530752,0.00011927,9.54042E-05,0,0,0.514264,0.0733344,4.21838E-05,1.78336E-05,2.29421E-06,9.65984E-07
465,4,1.52536,1.47816,0,0,0,0,0,1.29039,0.108782,0.0570056,0.0127876,0.00919268,0,0,0,0.479452,0.00928194,0.00392403,0.000504808,0.000212551
465,5,1.49716,1.46014,0,0,0,0,0,0.000196331,0.738372,0.554906,0.099309,0.0673573,0,0,0,0,0,0,0,0
465,6,1.58819,1.5169,0,0,0,0,0,6.09106E-16,0.00071406,0.961478,0.357158,0.197552,0,0,0,0,0,0,0,0
465,7,1.75207,1.64008,0,0,0,0,0,0,4.87284E-10,0.0371718,0.913009,0.6899,0,0,0,0,0,0,0,0
465,8,2.38926,2.174,1,0,0,0,0,0,5.60846E-11,0.00254011,0.169388,2.00207,0,0,0,0,0,0,0,0
466,1,0.39405,0.366404,0,1,0.271713,0.0931124,0.00155284,2.55243E-05,1.16862E-07,7.70422E-08,1.73128E-08,1.38485E-08,0.0941762,0.0394231,0.000103227,2.15325E-07,1.17398E-10,4.96313E-11,6.38484E-12,2.68835E-12
466,2,0.985634,0.976684,0,0,0,0.851089,0.123688,0.00188909,8.6491E-06,0.000005702,1.28135E-06,1.02495E-06,0,0.328805,0.0484378,0.00010661,5.81253E-08,2.4573E-08,3.16121E-09,1.33103E-09
466,3,1.46952,1.45606,0,0,0,0,1.26635,0.188162,0.000801323,0.000528279,0.000118714,9.49597E-05,0,0,0.514644,0.0729136,4.19383E-05,1.77298E-05,2.28086E-06,9.60362E-07
466,4,1.52558,1.47832,0,0,0,0,0,1.29291,0.107362,0.0563258,0.0126352,0.00908882,0,0,0,0.481419,0.00926113,0.00391523,0.000503676,0.000212074
466,5,1.49715,1.46012,0,0,0,0,0,0.000196798,0.73887,0.55446,0.0992676,0.0673292,0,0,0,0,0,0,0,0
466,6,1.58744,1.51642,0,0,0,0,0,6.21367E-16,0.000728439,0.965337,0.353934,0.196422,0,0,0,0,0,0,0,0
466,7,1.7511,1.63935,0,0,0,0,0,0,4.958E-10,0.0380027,0.915483,0.685866,0,0,0,0,0,0,0,0
466,8,2.38882,2.17365,1,0,0,0,0,0,5.61513E-11,0.00254318,0.169728,2.00138,0,0,0,0,0,0,0,0
467,1,0.394163,0.366524,0,1,0.271732,0.0932116,0.0015543,2.55483E-05,1.16972E-07,7.71146E-08,1.73291E-08,1.38616E-08,0.094176,0.0394681,0.000103353,2.15587E-07,1.17541E-10,4.96917E-11,6.3926E-12,2.69162E-12
467,2,0.985707,0.976758,0,0,0,0.851135,0.123716,0.00188955,8.65119E-06,5.70337E-06,1.28166E-06,1.0252E-06,0,0.328827,0.0484488,0.000106633,5.81381E-08,2.45784E-08,3.1619E-09,1.33133E-09
467,3,1.46947,1.45602,0,0,0,0,1.26676,0.187719,0.000799511,0.000527085,0.000118446,0.000094745,0,0,0.514829,0.0727093,0.000041819,1.76794E-05,2.27437E-06,9.5763E-07
467,4,1.52579,1.47844,0,0,0,0,0,1.29462,0.106443,0.0558357,0.0125254,0.00901555,0,0,0,0.483146,0.00928144,0.00392382,0.000504781,0.000212539
467,5,1.49713,1.46009,0,0,0,0,0,0.00019739,0.739702,0.553709,0.0992006,0.0672838,0,0,0,0,0,0,0,0
467,6,1.58654,1.51587,0,0,0,0,0,6.3776E-16,0.000747668,0.969481,0.350486,0.195156,0,0,0,0,0,0,0,0
467,7,1.75069,1.63904,0,0,0,0,0,0,4.9951E-10,0.0383651,0.916548,0.684122,0,0,0,0,0,0,0,0
467,8,2.39031,2.17498,1,0,0,0,0,0,5.61437E-11,0.00254284,0.169685,2.00275,0,0,0,0,0,0,0,0
468,1,0.394159,0.366518,0,1,0.271746,0.093192,0.00155406,2.55445E-05,1.16954E-07,7.71029E-08,1.73265E-08,1.38595E-08,0.0941833,0.0394596,0.000103327,2.15532E-07,1.17512E-10,4.96791E-11,6.39099E-12,2.69094E-12
468,2,0.985609,0.976658,0,0,0,0.851108,0.123644,0.00188849,8.64633E-06,5.70017E-06,1.28094E-06,1.02462E-06,0,0.328814,0.048417,0.000106562,5.80993E-08,2.4562E-08,3.15979E-09,1.33044E-09
468,3,1.46946,1.45601,0,0,0,0,1.26679,0.187684,0.000799367,0.00052699,0.000118425,0.000094728,0,0,0.514843,0.0726938,4.18101E-05,1.76756E-05,2.27389E-06,9.57425E-07
468,4,1.52578,1.47843,0,0,0,0,0,1.2945,0.106507,0.0558674,0.0125325,0.00902015,0,0,0,0.483035,0.00927727,0.00392205,0.000504554,0.000212444
468,5,1.49714,1.46009,0,0,0,0,0,0.000197402,0.739666,0.553743,0.0992031,0.0672855,0,0,0,0,0,0,0,0
468,6,1.58661,1.51591,0,0,0,0,0,6.36358E-16,0.000746023,0.969232,0.350691,0.19524,0,0,0,0,0,0,0,0
468,7,1.75055,1.63894,0,0,0,0,0,0,5.00652E-10,0.0384762,0.91689,0.68357,0,0,0,0,0,0,0,0
468,8,2.39011,2.17482,1,0,0,0,0,0,5.61591E-11,0.00254355,0.169764,2.00251,0,0,0,0,0,0,0,0
469,1,0.394034,0.366384,0,1,0.271755,0.0930512,0.0015521,2.55121E-05,1.16806E-07,7.70054E-08,1.73046E-08,1.38419E-08,0.0941986,0.0393965,0.000103146,2.15156E-07,1.17306E-10,4.95924E-11,6.37983E-12,2.68624E-12
469,2,0.985278,0.976322,0,0,0,0.850998,0.123422,0.00188517,8.63115E-06,5.69017E-06,1.27869E-06,1.02282E-06,0,0.328761,0.0483192,0.000106345,5.79809E-08,2.4512E-08,3.15335E-09,1.32773E-09
469,3,1.46948,1.45603,0,0,0,0,1.26662,0.187861,0.000800088,0.000527465,0.000118532,9.48134E-05,0,0,0.514766,0.0727769,4.18587E-05,1.76962E-05,2.27653E-06,9.58539E-07
469,4,1.52559,1.47833,0,0,0,0,0,1.29317,0.107211,0.056258,0.01262,0.00907788,0,0,0,0.481559,0.00924558,0.00390866,0.000502831,0.000211718
469,5,1.49715,1.46012,0,0,0,0,0,0.000196958,0.738901,0.554434,0.0992635,0.0673264,0,0,0,0,0,0,0,0
469,6,1.58747,1.51643,0,0,0,0,0,6.20135E-16,0.000726994,0.965404,0.353871,0.196431,0,0,0,0,0,0,0,0
469,7,1.75055,1.63893,0,0,0,0,0,0,5.00651E-10,0.0384752,0.916921,0.683535,0,0,0,0,0,0,0,0
469,8,2.38798,2.17294,1,0,0,0,0,0,5.62124E-11,0.002546,0.170041,2.00035,0,0,0,0,0,0,0,0
470,1,0.394009,0.366356,0,1,0.271771,0.0930073,0.00155152,2.55027E-05,1.16763E-07,7.6977E-08,1.72982E-08,1.38368E-08,0.0942085,0.0393772,0.00010309,2.15037E-07,1.17242E-10,4.9565E-11,6.37631E-12,2.68476E-12
470,2,0.985105,0.976146,0,0,0,0.850946,0.123299,0.00188336,8.62285E-06,5.68469E-06,1.27746E-06,1.02184E-06,0,0.328735,0.0482652,0.000106225,5.79153E-08,2.44843E-08,3.14979E-09,1.32622E-09
470,3,1.46948,1.45603,0,0,0,0,1.26659,0.187894,0.000800219,0.000527552,0.000118551,9.48289E-05,0,0,0.514751,0.0727929,4.18682E-05,1.77002E-05,2.27705E-06,9.58755E-07
470,4,1.52551,1.47829,0,0,0,0,0,1.29257,0.107539,0.0564235,0.0126571,0.00910251,0,0,0,0.481003,0.00923596,0.00390459,0.000502307,0.000211498
470,5,1.49715,1.46013,0,0,0,0,0,0.000196878,0.738703,0.554613,0.0992787,0.0673368,0,0,0,0,0,0,0,0
470,6,1.5878,1.51664,0,0,0,0,0,6.14187E-16,0.000720018,0.963891,0.355129,0.196896,0,0,0,0,0,0,0,0
470,7,1.7506,1.63897,0,0,0,0,0,0,5.00195E-10,0.0384302,0.916805,0.683732,0,0,0,0,0,0,0,0
470,8,2.38748,2.1725,1,0,0,0,0,0,5.62257E-11,0.00254661,0.170109,1.99984,0,0,0,0,0,0,0,0
471,1,0.394037,0.366384,0,1,0.271785,0.0930213,0.00155176,2.55067E-05,1.16781E-07,7.69889E-08,1.73009E-08,1.3839E-08,0.0942135,0.0393838,0.000103106,2.15072E-07,1.17261E-10,4.95731E-11,6.37734E-12,2.6852E-12
471,2,0.985085,0.976126,0,0,0,0.850943,0.123283,0.00188311,8.62174E-06,5.68396E-06,1.27729E-06,1.02171E-06,0,0.328734,0.0482576,0.000106208,5.7906E-08,2.44803E-08,3.14928E-09,1.32601E-09
471,3,1.46947,1.45602,0,0,0,0,1.26666,0.187817,0.000799904,0.000527344,0.000118504,9.47916E-05,0,0,0.514783,0.0727575,4.18475E-05,1.76914E-05,2.27592E-06,9.58282E-07
471,4,1.52554,1.47831,0,0,0,0,0,1.29282,0.107399,0.0563585,0.0126425,0.00909256,0,0,0,0.481184,0.00923358,0.00390358,0.000502178,0.000211443
471,5,1.49715,1.46013,0,0,0,0,0,0.000196932,0.738748,0.554573,0.0992748,0.0673341,0,0,0,0,0,0,0,0
471,6,1.58774,1.5166,0,0,0,0,0,6.15158E-16,0.000721156,0.964182,0.354886,0.196809,0,0,0,0,0,0,0,0
471,7,1.75053,1.63892,0,0,0,0,0,0,5.00764E-10,0.0384858,0.916969,0.683464,0,0,0,0,0,0,0,0
471,8,2.38746,2.17248,1,0,0,0,0,0,5.62298E-11,0.00254679,0.17013,1.9998,0,0,0,0,0,0,0,0
472,1,0.394109,0.366461,0,1,0.271798,0.0930845,0.00155269,0.000025522,1.16851E-07,7.70351E-08,1.73113E-08,1.38473E-08,0.0942142,0.0394123,0.000103186,2.15238E-07,1.17351E-10,4.96112E-11,6.38225E-12,2.68726E-12
472,2,0.985191,0.976234,0,0,0,0.850982,0.12335,0.00188413,8.62638E-06,5.68702E-06,1.27798E-06,1.02226E-06,0,0.328753,0.048287,0.000106273,5.79416E-08,2.44954E-08,3.15122E-09,1.32683E-09
472,3,1.46945,1.45601,0,0,0,0,1.26685,0.187618,0.000799091,0.000526808,0.000118384,9.46953E-05,0,0,0.514867,0.072665,4.17934E-05,1.76686E-05,2.27298E-06,9.57044E-07
472,4,1.52565,1.47838,0,0,0,0,0,1.29386,0.106817,0.0560731,0.0125786,0.00904957,0,0,0,0.48208,0.00923898,0.00390586,0.000502471,0.000211567
472,5,1.49715,1.46012,0,0,0,0,0,0.000197125,0.739044,0.554306,0.0992512,0.0673181,0,0,0,0,0,0,0,0
472,6,1.5873,1.51633,0,0,0,0,0,6.22926E-16,0.000730267,0.966217,0.353192,0.196189,0,0,0,0,0,0,0,0
472,7,1.75037,1.6388,0,0,0,0,0,0,5.02237E-10,0.0386301,0.917377,0.682789,0,0,0,0,0,0,0,0
472,8,2.38793,2.1729,1,0,0,0,0,0,5.62234E-11,0.0025465,0.170097,2.00026,0,0,0,0,0,0,0,0
473,1,0.394247,0.366606,0,1,0.271816,0.0932095,0.00155452,0.000025552,1.16988E-07,7.71257E-08,1.73316E-08,1.38636E-08,0.0942122,0.0394688,0.000103344,2.15568E-07,1.17531E-10,4.96873E-11,6.39203E-12,2.69138E-12
473,2,0.985356,0.976401,0,0,0,0.851051,0.123447,0.00188559,8.63309E-06,5.69144E-06,1.27898E-06,1.02305E-06,0,0.328787,0.0483286,0.000106365,5.79915E-08,2.45165E-08,3.15393E-09,1.32797E-09
473,3,1.46941,1.45597,0,0,0,0,1.26718,0.187261,0.000797632,0.000525846,0.000118168,9.45224E-05,0,0,0.515018,0.0724999,0.000041697,1.76278E-05,2.26774E-06,9.54835E-07
473,4,1.52585,1.47849,0,0,0,0,0,1.29543,0.105976,0.0556194,0.0124769,0.00898199,0,0,0,0.483712,0.00926339,0.00391618,0.000503799,0.000212126
473,5,1.49713,1.46009,0,0,0,0,0,0.000197657,0.739849,0.55358,0.0991869,0.0672745,0,0,0,0,0,0,0,0
473,6,1.58645,1.51581,0,0,0,0,0,6.39047E-16,0.000749178,0.970061,0.349999,0.194998,0,0,0,0,0,0,0,0
473,7,1.75027,1.63872,0,0,0,0,0,0,5.03157E-10,0.0387207,0.917617,0.682384,0,0,0,0,0,0,0,0
473,8,2.38987,2.17462,1,0,0,0,0,0,5.61824E-11,0.00254462,0.169883,2.00219,0,0,0,0,0,0,0,0
474,1,0.39422,0.366576,0,1,0.271828,0.0931684,0.00155397,0.000025543,1.16947E-07,7.70986E-08,1.73255E-08,1.38587E-08,0.0942207,0.0394505,0.00010329,2.15456E-07,1.1747E-10,4.96615E-11,6.38872E-12,2.68999E-12
474,2,0.985164,0.976207,0,0,0,0.851003,0.123303,0.00188347,8.62336E-06,5.68503E-06,1.27753E-06,1.0219E-06,0,0.328765,0.0482642,0.00010622,5.79129E-08,2.44833E-08,3.14966E-09,1.32617E-09
474,3,1.46938,1.45596,0,0,0,0,1.26736,0.18706,0.000796807,0.000525302,0.000118045,9.44246E-05,0,0,0.5151,0.072408,4.16435E-05,1.76052E-05,2.26483E-06,9.5361E-07
474,4,1.52587,1.47851,0,0,0,0,0,1.29574,0.1058,0.0555384,0.0124588,0.00896937,0,0,0,0.483918,0.00925531,0.00391277,0.00050336,0.000211941
474,5,1.49713,1.46009,0,0,0,0,0,0.000197741,0.739886,0.553548,0.0991832,0.067272,0,0,0,0,0,0,0,0
474,6,1.58644,1.5158,0,0,0,0,0,6.3905E-16,0.00074918,0.970092,0.349973,0.194991,0,0,0,0,0,0,0,0
474,7,1.75022,1.63868,0,0,0,0,0,0,5.03617E-10,0.0387655,0.917752,0.682165,0,0,0,0,0,0,0,0
474,8,2.38976,2.17452,1,0,0,0,0,0,5.61888E-11,0.00254491,0.169916,2.00206,0,0,0,0,0,0,0,0
475,1,0.394045,0.366389,0,1,0.271831,0.0929808,0.00155133,2.54995E-05,1.16748E-07,7.69673E-08,1.7296E-08,1.38351E-08,0.0942374,0.0393661,0.00010305,2.14955E-07,1.17197E-10,4.95461E-11,6.37388E-12,2.68374E-12
475,2,0.984684,0.975718,0,0,0,0.850857,0.122966,0.00187847,8.60048E-06,5.66995E-06,1.27414E-06,1.01919E-06,0,0.328694,0.0481153,0.000105889,5.77323E-08,2.44069E-08,3.13983E-09,1.32203E-09
475,3,1.46938,1.45595,0,0,0,0,1.26737,0.187044,0.000796736,0.000525256,0.000118035,9.44162E-05,0,0,0.515103,0.0724028,4.16406E-05,0.000017604,2.26467E-06,9.53544E-07
475,4,1.52571,1.47844,0,0,0,0,0,1.2948,0.106277,0.055822,0.0125223,0.00901061,0,0,0,0.482737,0.00921781,0.00389692,0.00050132,0.000211082
475,5,1.49715,1.46011,0,0,0,0,0,0.000197372,0.739179,0.554187,0.0992385,0.0673095,0,0,0,0,0,0,0,0
475,6,1.58725,1.5163,0,0,0,0,0,6.23751E-16,0.000731235,0.966504,0.352953,0.196108,0,0,0,0,0,0,0,0
475,7,1.75022,1.63868,0,0,0,0,0,0,5.03565E-10,0.0387596,0.917764,0.682158,0,0,0,0,0,0,0,0
475,8,2.38775,2.17274,1,0,0,0,0,0,5.62379E-11,0.00254717,0.170171,2.00003,0,0,0,0,0,0,0,0
476,1,0.393971,0.366309,0,1,0.271838,0.092895,0.00155013,2.54799E-05,1.16658E-07,7.69081E-08,1.72827E-08,1.38244E-08,0.094247,0.0393277,0.00010294,2.14726E-07,1.17072E-10,4.94933E-11,6.36708E-12,2.68087E-12
476,2,0.98439,0.97542,0,0,0,0.850774,0.122753,0.00187533,8.5861E-06,5.66046E-06,1.27201E-06,1.01748E-06,0,0.328654,0.0480211,0.000105679,5.76177E-08,2.43584E-08,3.1336E-09,1.31941E-09
476,3,1.46937,1.45594,0,0,0,0,1.26743,0.186975,0.000796447,0.000525065,0.000117992,9.43819E-05,0,0,0.515129,0.0723723,4.16229E-05,1.75965E-05,2.26371E-06,9.5314E-07
476,4,1.52564,1.4784,0,0,0,0,0,1.29426,0.106575,0.0559732,0.0125561,0.00903293,0,0,0,0.482212,0.00920487,0.00389144,0.000500616,0.000210786
476,5,1.49715,1.46012,0,0,0,0,0,0.000197286,0.738966,0.55438,0.0992549,0.0673206,0,0,0,0,0,0,0,0
476,6,1.58763,1.51653,0,0,0,0,0,6.17027E-16,0.000723348,0.964733,0.354426,0.196647,0,0,0,0,0,0,0,0
476,7,1.75036,1.63879,0,0,0,0,0,0,5.02315E-10,0.0386371,0.917418,0.682731,0,0,0,0,0,0,0,0
476,8,2.3873,2.17235,1,0,0,0,0,0,5.62444E-11,0.00254747,0.170204,1.9996,0,0,0,0,0,0,0,0
477,1,0.393953,0.36629,0,1,0.27184,0.0928745,0.00154985,2.54752E-05,1.16637E-07,7.6894E-08,1.72796E-08,1.38219E-08,0.0942493,0.0393186,0.000102914,2.14672E-07,1.17042E-10,4.94807E-11,6.36546E-12,2.68019E-12
477,2,0.984303,0.975331,0,0,0,0.85075,0.122689,0.00187438,8.58175E-06,5.6576E-06,1.27137E-06,1.01697E-06,0,0.328643,0.0479925,0.000105615,5.75829E-08,2.43437E-08,3.13171E-09,1.31861E-09
477,3,1.46937,1.45594,0,0,0,0,1.26744,0.186967,0.000796411,0.000525041,0.000117987,9.43776E-05,0,0,0.515131,0.072369,4.16211E-05,1.75957E-05,2.26361E-06,9.53099E-07
477,4,1.52561,1.47838,0,0,0,0,0,1.29396,0.106749,0.0560531,0.012574,0.00904501,0,0,0,0.481981,0.00920445,0.00389127,0.000500593,0.000210776
477,5,1.49715,1.46012,0,0,0,0,0,0.000197213,0.738893,0.554446,0.0992611,0.0673248,0,0,0,0,0,0,0,0
477,6,1.58778,1.51662,0,0,0,0,0,6.14697E-16,0.000720616,0.963998,0.35504,0.196863,0,0,0,0,0,0,0,0
477,7,1.75054,1.63893,0,0,0,0,0,0,5.00698E-10,0.0384792,0.916952,0.683492,0,0,0,0,0,0,0,0
477,8,2.38737,2.17241,1,0,0,0,0,0,5.62327E-11,0.00254693,0.170144,1.99972,0,0,0,0,0,0,0,0
478,1,0.393953,0.36629,0,1,0.271833,0.0928815,0.00154993,2.54765E-05,1.16643E-07,7.6898E-08,1.72804E-08,1.38226E-08,0.0942458,0.0393217,0.000102924,2.14691E-07,1.17053E-10,4.94853E-11,6.36605E-12,2.68044E-12
478,2,0.984373,0.975402,0,0,0,0.850765,0.122745,0.0018752,8.5855E-06,5.66007E-06,1.27193E-06,1.01741E-06,0,0.328649,0.0480176,0.000105671,5.76136E-08,2.43567E-08,3.13338E-09,1.31932E-09
478,3,1.46939,1.45596,0,0,0,0,1.26728,0.187142,0.000797127,0.000525513,0.000118093,9.44625E-05,0,0,0.515059,0.0724495,4.16681E-05,1.76156E-05,2.26616E-06,9.54173E-07
478,4,1.52556,1.47835,0,0,0,0,0,1.29339,0.107074,0.056202,0.0126074,0.0090679,0,0,0,0.481578,0.00921217,0.00389453,0.000501013,0.000210953
478,5,1.49715,1.46013,0,0,0,0,0,0.000197049,0.738784,0.554542,0.0992709,0.0673314,0,0,0,0,0,0,0,0
478,6,1.5879,1.51671,0,0,0,0,0,6.12722E-16,0.0007183,0.963302,0.355623,0.197063,0,0,0,0,0,0,0,0
478,7,1.7508,1.63913,0,0,0,0,0,0,4.98365E-10,0.0382516,0.916274,0.684598,0,0,0,0,0,0,0,0
478,8,2.3876,2.17259,1,0,0,0,0,0,5.62111E-11,0.00254593,0.170034,2.00001,0,0,0,0,0,0,0,0
479,1,0.393986,0.366327,0,1,0.271816,0.092934,0.00155062,2.54879E-05,1.16695E-07,7.69323E-08,1.72882E-08,1.38288E-08,0.0942346,0.0393449,0.000102992,2.14834E-07,1.17131E-10,4.95181E-11,6.37027E-12,2.68222E-12
479,2,0.984706,0.975741,0,0,0,0.850841,0.123003,0.00187899,8.60287E-06,5.67152E-06,1.2745E-06,1.01947E-06,0,0.328685,0.0481334,0.00010593,5.77548E-08,2.44164E-08,3.14106E-09,1.32255E-09
479,3,1.46945,1.45601,0,0,0,0,1.26679,0.18768,0.000799332,0.000526967,0.000118419,9.47238E-05,0,0,0.514836,0.0726961,4.18119E-05,1.76764E-05,2.27399E-06,9.57467E-07
479,4,1.52547,1.47827,0,0,0,0,0,1.29214,0.107788,0.0565335,0.0126817,0.00911899,0,0,0,0.480685,0.00923246,0.00390311,0.000502117,0.000211418
479,5,1.49716,1.46013,0,0,0,0,0,0.000196748,0.738586,0.554718,0.0992886,0.0673435,0,0,0,0,0,0,0,0
479,6,1.58811,1.51684,0,0,0,0,0,6.09554E-16,0.000714585,0.962184,0.356559,0.197382,0,0,0,0,0,0,0,0
479,7,1.75123,1.63945,0,0,0,0,0,0,4.94635E-10,0.0378877,0.915187,0.686369,0,0,0,0,0,0,0,0
479,8,2.38798,2.17292,1,0,0,0,0,0,5.61758E-11,0.00254431,0.169853,2.00052,0,0,0,0,0,0,0,0
480,1,0.394152,0.366507,0,1,0.271793,0.0931341,0.00155338,2.55333E-05,1.16903E-07,7.70694E-08,1.7319E-08,1.38534E-08,0.0942091,0.0394343,0.000103249,2.15369E-07,1.17423E-10,4.96416E-11,6.38616E-12,2.68891E-12
480,2,0.985709,0.97676,0,0,0,0.851082,0.12377,0.00189025,8.65442E-06,5.70551E-06,1.28214E-06,1.02558E-06,0,0.3288,0.0484758,0.000106696,5.81724E-08,2.45929E-08,3.16377E-09,1.33211E-09
480,3,1.4696,1.45613,0,0,0,0,1.26564,0.188937,0.000804488,0.000530366,0.000119183,9.53349E-05,0,0,0.514318,0.0732717,4.21475E-05,1.78183E-05,2.29224E-06,9.65152E-07
480,4,1.5253,1.47812,0,0,0,0,0,1.28982,0.109109,0.0571541,0.0128209,0.00921497,0,0,0,0.479017,0.00927721,0.00392203,0.00050455,0.000212442
480,5,1.49716,1.46014,0,0,0,0,0,0.000196319,0.738296,0.554975,0.0993146,0.0673611,0,0,0,0,0,0,0,0
480,6,1.58842,1.51704,0,0,0,0,0,6.04919E-16,0.000709149,0.96047,0.357994,0.197868,0,0,0,0,0,0,0,0
480,7,1.7519,1.63995,0,0,0,0,0,0,4.88781E-10,0.0373169,0.913475,0.689156,0,0,0,0,0,0,0,0
480,8,2.38872,2.17354,1,0,0,0,0,0,5.61153E-11,0.00254152,0.169544,2.00146,0,0,0,0,0,0,0,0
481,1,0.394663,0.367054,0,1,0.271764,0.0937023,0.00156134,2.56641E-05,1.17502E-07,7.7464E-08,1.74076E-08,1.39244E-08,0.0941528,0.0396886,0.000103975,2.16885E-07,1.18249E-10,4.99908E-11,6.43109E-12,2.70782E-12
481,2,0.988337,0.979429,0,0,0,0.851738,0.125753,0.00191945,8.78811E-06,5.79364E-06,1.30194E-06,1.04142E-06,0,0.32911,0.0493615,0.000108676,5.92516E-08,2.50492E-08,3.22247E-09,1.35683E-09
481,3,1.46992,1.45637,0,0,0,0,1.26324,0.191561,0.00081525,0.000537461,0.000120778,9.66102E-05,0,0,0.513237,0.0744733,4.28482E-05,1.81145E-05,2.33034E-06,9.81197E-07
481,4,1.52509,1.4779,0,0,0,0,0,1.2863,0.111089,0.0581126,0.0130358,0.00936424,0,0,0,0.476474,0.00937059,0.0039615,0.000509629,0.000214581
481,5,1.49716,1.46016,0,0,0,0,0,0.000195899,0.737894,0.555335,0.0993486,0.0673841,0,0,0,0,0,0,0,0
481,6,1.58889,1.51735,0,0,0,0,0,5.98298E-16,0.000701385,0.957855,0.360187,0.198603,0,0,0,0,0,0,0,0
481,7,1.75288,1.64069,0,0,0,0,0,0,4.80143E-10,0.036475,0.910937,0.693281,0,0,0,0,0,0,0,0
481,8,2.39081,2.17532,1,0,0,0,0,0,5.59934E-11,0.00253591,0.168925,2.00386,0,0,0,0,0,0,0,0
482,1,0.396141,0.368635,0,1,0.271734,0.0952902,0.00158372,0.000026032,1.19186E-07,7.85746E-08,1.76572E-08,1.4124E-08,0.0940195,0.0403996,0.000106,2.21107E-07,1.20551E-10,5.09641E-11,6.5563E-12,2.76054E-12
482,2,0.994759,0.985954,0,0,0,0.853428,0.130518,0.00198972,9.10982E-06,6.00573E-06,1.3496E-06,1.07955E-06,0,0.329907,0.051485,0.000113417,6.18366E-08,2.6142E-08,3.36305E-09,1.41602E-09
482,3,1.47051,1.45683,0,0,0,0,1.25879,0.196429,0.000835188,0.000550605,0.000123732,9.89729E-05,0,0,0.511219,0.0767086,4.41521E-05,1.86657E-05,2.40126E-06,1.01106E-06
482,4,1.52517,1.47777,0,0,0,0,0,1.28359,0.11253,0.0589258,0.0132182,0.00949643,0,0,0,0.474594,0.00957492,0.00404789,0.000520742,0.00021926
482,5,1.49719,1.4602,0,0,0,0,0,0.000195546,0.736813,0.556317,0.0994318,0.0674406,0,0,0,0,0,0,0,0
482,6,1.58965,1.51785,0,0,0,0,0,5.87587E-16,0.000688825,0.95358,0.363771,0.19981,0,0,0,0,0,0,0,0
482,7,1.75416,1.64166,0,0,0,0,0,0,4.6896E-10,0.0353844,0.907669,0.6986,0,0,0,0,0,0,0,0
482,8,2.4012,2.18442,1,0,0,0,0,0,5.5664E-11,0.00252077,0.167238,2.01466,0,0,0,0,0,0,0,0
483,1,0.544999,0.544989,0,0,0.361038,0.180813,0.0030869,5.07401E-05,2.32311E-07,1.53153E-07,3.44164E-08,2.75297E-08,0.168132,0.0815124,0.000209719,4.37459E-07,2.38509E-10,1.00832E-10,1.29716E-11,5.46171E-12
483,2,1.55564,1.55562,0,0,0,1.29641,0.255217,0.00395342,1.81005E-05,1.19329E-05,2.68156E-06,2.14498E-06,0,0.608262,0.104693,0.000227727,1.2416E-07,5.24899E-08,6.75259E-09,2.84319E-09
483,3,2.35785,2.35768,0,0,0,0,1.98535,0.369261,0.00159535,0.00105175,0.000236348,0.000189055,0,0,0.931335,0.149434,8.49314E-05,3.59056E-05,4.61909E-06,1.94488E-06
483,4,2.39716,2.39536,0,0,0,0,0,2.05129,0.195584,0.107154,0.0240372,0.0172908,0,0,0,0.857632,0.0179079,0.00757073,0.00097394,0.00041008
483,5,2.42918,2.42315,0,0,0,0,0,0.000299701,1.13036,0.985176,0.183112,0.124197,0,0,0,0,0,0,0,0
483,6,2.49511,2.48486,0,0,0,0,0,1.04006E-15,0.00105798,1.48206,0.639359,0.362383,0,0,0,0,0,0,0,0
483,7,2.66755,2.65035,0,0,0,0,0,0,8.11336E-10,0.0565218,1.39777,1.19606,0,0,0,0,0,0,0,0
483,8,3.44868,3.41458,0,0,0,0,0,0,9.15689E-11,0.0041442,0.264621,3.14582,0,0,0,0,0,0,0,0
484,1,0.550497,0.550487,0,0,0.359319,0.18792,0.00319428,5.25051E-05,2.40392E-07,1.5848E-07,3.56136E-08,2.84873E-08,0.166994,0.0851609,0.000219631,4.58135E-07,2.49782E-10,1.05598E-10,1.35847E-11,5.71986E-12
484,2,1.57975,1.57973,0,0,0,1.3019,0.273565,0.00422987,1.93662E-05,1.27674E-05,2.86907E-06,2.29497E-06,0,0.610715,0.113277,0.000246605,1.34453E-07,5.68411E-08,7.31235E-09,3.07888E-09
484,3,2.35928,2.35911,0,0,0,0,1.96859,0.387303,0.00167103,0.00110164,0.000247559,0.000198023,0,0,0.923317,0.158099,8.99074E-05,3.80092E-05,4.88971E-06,2.05882E-06
484,4,2.39748,2.39562,0,0,0,0,0,2.03456,0.205507,0.112276,0.0251857,0.0180923,0,0,0,0.844283,0.0184982,0.0078203,0.00100605,0.000423598
484,5,2.42923,2.42319,0,0,0,0,0,0.000297231,1.12757,0.987592,0.183364,0.124368,0,0,0,0,0,0,0,0
484,6,2.49705,2.4867,0,0,0,0,0,9.82673E-16,0.000999607,1.45681,0.659383,0.369505,0,0,0,0,0,0,0,0
484,7,2.67097,2.65366,0,0,0,0,0,0,7.61402E-10,0.0521478,1.38397,1.21754,0,0,0,0,0,0,0,0
484,8,3.45705,3.42279,0,0,0,0,0,0,9.09799E-11,0.00411721,0.261979,3.1567,0,0,0,0,0,0,0,0
485,1,0.546204,0.546194,0,0,0.360437,0.182592,0.00311338,5.11754E-05,2.34304E-07,1.54467E-07,3.47117E-08,2.77658E-08,0.167763,0.0824306,0.000212229,4.42694E-07,2.41364E-10,1.02039E-10,1.31268E-11,5.52707E-12
485,2,1.56423,1.56421,0,0,0,1.29827,0.261848,0.0040532,1.85574E-05,1.22341E-05,2.74924E-06,2.19912E-06,0,0.609086,0.107802,0.000234567,1.2789E-07,5.40666E-08,6.95542E-09,2.92859E-09
485,3,2.35853,2.35836,0,0,0,0,1.97737,0.377842,0.00163134,0.00107548,0.00024168,0.00019332,0,0,0.927522,0.153555,8.72978E-05,0.000036906,4.74779E-06,1.99907E-06
485,4,2.39736,2.39553,0,0,0,0,0,2.04008,0.20229,0.110541,0.0247965,0.0178166,0,0,0,0.848657,0.0182044,0.00769609,0.000990066,0.00041687
485,5,2.42921,2.42317,0,0,0,0,0,0.000297917,1.12886,0.986466,0.183252,0.124293,0,0,0,0,0,0,0,0
485,6,2.49644,2.48612,0,0,0,0,0,1.00119E-15,0.00101844,1.46465,0.653174,0.367279,0,0,0,0,0,0,0,0
485,7,2.67023,2.65294,0,0,0,0,0,0,7.72246E-10,0.0530981,1.38695,1.21289,0,0,0,0,0,0,0,0
485,8,3.45325,3.41907,0,0,0,0,0,0,9.11744E-11,0.00412612,0.262847,3.15209,0,0,0,0,0,0,0,0
486,1,0.397063,0.36963,0,1,0.271609,0.0963957,0.00159899,0.000026283,1.20335E-07,7.93321E-08,1.78274E-08,1.42602E-08,0.0938832,0.0408923,0.000107416,2.24062E-07,1.22162E-10,5.16451E-11,6.6439E-12,2.79743E-12
486,2,0.999367,0.990635,0,0,0,0.854609,0.133966,0.00204051,9.34235E-06,6.15903E-06,1.38405E-06,1.1071E-06,0,0.330464,0.053023,0.000116853,6.37098E-08,2.69339E-08,3.46493E-09,1.45892E-09
486,3,1.47095,1.45717,0,0,0,0,1.25531,0.200223,0.000850714,0.000560841,0.000126032,0.000100813,0,0,0.509639,0.0784543,0.000045171,1.90965E-05,2.45667E-06,1.03439E-06
486,4,1.52509,1.47757,0,0,0,0,0,1.28016,0.114423,0.059896,0.0134358,0.00965045,0,0,0,0.472186,0.00973618,0.00411606,0.000529512,0.000222952
486,5,1.49721,1.46024,0,0,0,0,0,0.000194799,0.735748,0.557277,0.0995181,0.0674991,0,0,0,0,0,0,0,0
486,6,1.59088,1.51868,0,0,0,0,0,5.71595E-16,0.000670073,0.9462,0.369972,0.201835,0,0,0,0,0,0,0,0
486,7,1.75632,1.64329,0,0,0,0,0,0,4.50099E-10,0.0335469,0.902104,0.707634,0,0,0,0,0,0,0,0
486,8,2.4098,2.19192,1,0,0,0,0,0,5.53515E-11,0.00250639,0.165636,2.02377,0,0,0,0,0,0,0,0
487,1,0.395864,0.368347,0,1,0.271645,0.0950953,0.0015807,2.59823E-05,1.18958E-07,7.84244E-08,1.76235E-08,1.4097E-08,0.0939962,0.0403105,0.000105758,2.20604E-07,1.20276E-10,5.0848E-11,6.54136E-12,2.75426E-12
487,2,0.994378,0.985566,0,0,0,0.853334,0.130229,0.00198546,9.09031E-06,5.99287E-06,1.34671E-06,1.07724E-06,0,0.329863,0.0513555,0.000113127,6.16788E-08,2.60753E-08,3.35447E-09,1.41241E-09
487,3,1.47047,1.4568,0,0,0,0,1.25904,0.196151,0.000834049,0.000549855,0.000123563,9.88379E-05,0,0,0.511333,0.0765816,4.40781E-05,1.86345E-05,2.39724E-06,1.00936E-06
487,4,1.52518,1.47778,0,0,0,0,0,1.28376,0.112439,0.0588795,0.0132078,0.00948915,0,0,0,0.474714,0.00956903,0.0040454,0.000520422,0.000219125
487,5,1.49719,1.4602,0,0,0,0,0,0.000195482,0.736781,0.556345,0.0994348,0.0674426,0,0,0,0,0,0,0,0
487,6,1.58984,1.51798,0,0,0,0,0,5.85534E-16,0.000686418,0.952281,0.364866,0.20015,0,0,0,0,0,0,0,0
487,7,1.75477,1.64212,0,0,0,0,0,0,4.6358E-10,0.0348605,0.906073,0.701187,0,0,0,0,0,0,0,0
487,8,2.40193,2.18504,1,0,0,0,0,0,5.56121E-11,0.00251838,0.166973,2.01555,0,0,0,0,0,0,0,0
488,1,0.395532,0.36799,0,1,0.271672,0.0947165,0.00157542,2.58955E-05,1.18561E-07,7.81624E-08,1.75646E-08,1.40499E-08,0.0940365,0.0401413,0.000105274,2.19593E-07,1.19725E-10,5.06151E-11,6.51139E-12,2.74164E-12
488,2,0.992688,0.98385,0,0,0,0.852926,0.128939,0.0019665,9.00351E-06,5.93565E-06,1.33385E-06,1.06695E-06,0,0.329672,0.0507789,0.000111838,6.09757E-08,2.57781E-08,3.31623E-09,1.39631E-09
488,3,1.47026,1.45663,0,0,0,0,1.26068,0.194362,0.000826723,0.000545024,0.000122477,9.79697E-05,0,0,0.512074,0.0757604,0.000043599,1.84319E-05,2.37118E-06,9.98391E-07
488,4,1.52538,1.47796,0,0,0,0,0,1.2867,0.110775,0.0580887,0.0130305,0.00936661,0,0,0,0.476834,0.00950551,0.00401854,0.000516967,0.00021767
488,5,1.49718,1.46018,0,0,0,0,0,0.000195974,0.73717,0.555998,0.099401,0.0674197,0,0,0,0,0,0,0,0
488,6,1.58923,1.51757,0,0,0,0,0,5.93948E-16,0.000696284,0.955881,0.361844,0.199153,0,0,0,0,0,0,0,0
488,7,1.75362,1.64125,0,0,0,0,0,0,4.73662E-10,0.0358429,0.909046,0.696361,0,0,0,0,0,0,0,0
488,8,2.40061,2.18392,1,0,0,0,0,0,5.57109E-11,0.00252293,0.167476,2.01392,0,0,0,0,0,0,0,0
489,1,0.395479,0.367932,0,1,0.271692,0.0946392,0.00157438,2.58785E-05,1.18483E-07,7.81112E-08,1.75531E-08,1.40407E-08,0.094051,0.0401071,0.000105174,2.19385E-07,1.19612E-10,5.05671E-11,6.50522E-12,2.73904E-12
489,2,0.992218,0.983373,0,0,0,0.852822,0.128571,0.00196111,8.97883E-06,5.91937E-06,1.3302E-06,1.06402E-06,0,0.329623,0.0506139,0.000111469,6.07744E-08,2.5693E-08,3.30528E-09,1.3917E-09
489,3,1.47017,1.45657,0,0,0,0,1.26134,0.193644,0.00082378,0.000543084,0.000122041,0.000097621,0,0,0.512373,0.0754301,4.34063E-05,1.83504E-05,2.3607E-06,9.93978E-07
489,4,1.52551,1.47806,0,0,0,0,0,1.28835,0.10983,0.0576477,0.0129317,0.00929879,0,0,0,0.478042,0.00948185,0.00400854,0.00051568,0.000217128
489,5,1.49718,1.46018,0,0,0,0,0,0.000196307,0.737411,0.555783,0.0993796,0.0674052,0,0,0,0,0,0,0,0
489,6,1.58883,1.51731,0,0,0,0,0,5.99692E-16,0.00070302,0.958109,0.359977,0.198525,0,0,0,0,0,0,0,0
489,7,1.75291,1.64071,0,0,0,0,0,0,4.79907E-10,0.0364517,0.910879,0.693381,0,0,0,0,0,0,0,0
489,8,2.40022,2.1836,1,0,0,0,0,0,5.57587E-11,0.00252513,0.16772,2.01336,0,0,0,0,0,0,0,0
490,1,0.395534,0.367989,0,1,0.271713,0.0946744,0.00157494,2.58877E-05,1.18525E-07,7.8139E-08,1.75593E-08,1.40457E-08,0.0940565,0.0401234,0.000105217,2.19476E-07,1.19662E-10,5.05881E-11,6.50792E-12,2.74018E-12
490,2,0.992162,0.983316,0,0,0,0.852819,0.128519,0.00196036,8.97538E-06,5.9171E-06,1.32969E-06,1.06362E-06,0,0.329622,0.05059,0.000111415,6.0745E-08,2.56805E-08,3.30368E-09,1.39102E-09
490,3,1.47014,1.45654,0,0,0,0,1.26158,0.193376,0.000822686,0.000542363,0.000121879,9.74913E-05,0,0,0.512485,0.0753068,4.33344E-05,0.00001832,2.35679E-06,9.9233E-07
490,4,1.52558,1.47811,0,0,0,0,0,1.28917,0.109363,0.0574284,0.0128825,0.00926531,0,0,0,0.47867,0.00947598,0.00400606,0.000515361,0.000216994
490,5,1.49718,1.46017,0,0,0,0,0,0.000196491,0.737572,0.555639,0.0993659,0.0673959,0,0,0,0,0,0,0,0
490,6,1.58858,1.51715,0,0,0,0,0,6.03579E-16,0.000707577,0.959445,0.358859,0.198141,0,0,0,0,0,0,0,0
490,7,1.75254,1.64043,0,0,0,0,0,0,4.83157E-10,0.0367686,0.911829,0.691833,0,0,0,0,0,0,0,0
490,8,2.40012,2.18353,1,0,0,0,0,0,5.57801E-11,0.00252612,0.167829,2.01317,0,0,0,0,0,0,0,0
491,1,0.395543,0.367997,0,1,0.271729,0.0946677,0.00157489,2.58869E-05,1.18522E-07,7.81366E-08,1.75588E-08,1.40453E-08,0.0940636,0.0401207,0.000105208,2.19456E-07,1.19651E-10,5.05834E-11,6.50732E-12,2.73992E-12
491,2,0.992093,0.983246,0,0,0,0.852802,0.128466,0.00195957,8.97179E-06,5.91473E-06,1.32915E-06,1.06319E-06,0,0.329614,0.0505662,0.000111361,6.07159E-08,2.56682E-08,3.3021E-09,1.39036E-09
491,3,1.47013,1.45654,0,0,0,0,1.26165,0.1933,0.000822374,0.000542158,0.000121833,9.74544E-05,0,0,0.512516,0.0752721,4.33141E-05,1.83115E-05,2.35569E-06,9.91867E-07
491,4,1.52559,1.47812,0,0,0,0,0,1.2893,0.109289,0.0573939,0.0128748,0.00925995,0,0,0,0.47876,0.00947279,0.00400471,0.000515187,0.000216921
491,5,1.49718,1.46017,0,0,0,0,0,0.000196546,0.737599,0.555616,0.0993633,0.0673941,0,0,0,0,0,0,0,0
491,6,1.58855,1.51713,0,0,0,0,0,6.03906E-16,0.000707962,0.959668,0.35867,0.198083,0,0,0,0,0,0,0,0
491,7,1.75238,1.64031,0,0,0,0,0,0,4.84563E-10,0.0369055,0.912245,0.691159,0,0,0,0,0,0,0,0
491,8,2.39991,2.18335,1,0,0,0,0,0,5.57951E-11,0.00252681,0.167906,2.01292,0,0,0,0,0,0,0,0
492,1,0.395499,0.367949,0,1,0.27174,0.0946088,0.0015741,2.58738E-05,1.18462E-07,7.80969E-08,1.75499E-08,1.40381E-08,0.0940733,0.0400944,0.000105132,2.19297E-07,1.19564E-10,5.05468E-11,6.50261E-12,2.73794E-12
492,2,0.991939,0.983089,0,0,0,0.852758,0.128356,0.00195794,8.96433E-06,5.90981E-06,1.32805E-06,1.06231E-06,0,0.329592,0.0505174,0.000111253,6.06566E-08,2.56432E-08,3.29888E-09,1.389E-09
492,3,1.47013,1.45653,0,0,0,0,1.26166,0.193286,0.000822313,0.000542117,0.000121824,9.74471E-05,0,0,0.512521,0.0752661,4.33107E-05,0.00001831,2.3555E-06,9.91788E-07
492,4,1.52556,1.47811,0,0,0,0,0,1.28907,0.109418,0.0574573,0.012889,0.00926936,0,0,0,0.478552,0.00946827,0.0040028,0.000514941,0.000216817
492,5,1.49718,1.46017,0,0,0,0,0,0.000196535,0.73754,0.555669,0.0993677,0.0673971,0,0,0,0,0,0,0,0
492,6,1.58866,1.5172,0,0,0,0,0,6.01806E-16,0.000705499,0.959177,0.359078,0.198238,0,0,0,0,0,0,0,0
492,7,1.75232,1.64027,0,0,0,0,0,0,4.8504E-10,0.0369518,0.912394,0.690921,0,0,0,0,0,0,0,0
492,8,2.39957,2.18305,1,0,0,0,0,0,5.58095E-11,0.00252747,0.167979,2.01255,0,0,0,0,0,0,0,0
493,1,0.395495,0.367944,0,1,0.271755,0.0945891,0.00157386,2.58699E-05,1.18444E-07,7.80853E-08,1.75473E-08,1.4036E-08,0.0940811,0.0400859,0.000105105,2.19242E-07,1.19534E-10,5.05342E-11,6.50099E-12,2.73726E-12
493,2,0.991841,0.98299,0,0,0,0.852731,0.128284,0.00195689,8.95949E-06,5.90663E-06,1.32733E-06,1.06173E-06,0,0.329579,0.0504856,0.000111182,6.0618E-08,2.56268E-08,3.29678E-09,1.38811E-09
493,3,1.47013,1.45653,0,0,0,0,1.26169,0.193258,0.000822198,0.000542041,0.000121807,9.74335E-05,0,0,0.512531,0.0752537,4.33035E-05,0.000018307,2.35511E-06,9.91624E-07
493,4,1.52555,1.4781,0,0,0,0,0,1.28896,0.109481,0.0574868,0.0128956,0.00927372,0,0,0,0.478457,0.00946581,0.00400176,0.000514808,0.000216761
493,5,1.49718,1.46017,0,0,0,0,0,0.000196541,0.737521,0.555687,0.099369,0.067398,0,0,0,0,0,0,0,0
493,6,1.58872,1.51724,0,0,0,0,0,6.00713E-16,0.000704216,0.958906,0.359303,0.198322,0,0,0,0,0,0,0,0
493,7,1.75229,1.64025,0,0,0,0,0,0,4.85242E-10,0.0369713,0.912459,0.690819,0,0,0,0,0,0,0,0
493,8,2.39939,2.18289,1,0,0,0,0,0,5.58169E-11,0.00252781,0.168017,2.01235,0,0,0,0,0,0,0,0
494,1,0.395522,0.367972,0,1,0.271769,0.0946024,0.00157409,2.58737E-05,1.18461E-07,7.80967E-08,1.75498E-08,1.40381E-08,0.0940862,0.0400921,0.000105121,2.19275E-07,1.19552E-10,5.05418E-11,6.50197E-12,2.73767E-12
494,2,0.991821,0.98297,0,0,0,0.852727,0.128268,0.00195665,8.95841E-06,5.90592E-06,1.32717E-06,1.06161E-06,0,0.329578,0.0504784,0.000111166,6.06091E-08,2.56231E-08,3.29629E-09,1.38791E-09
494,3,1.47012,1.45653,0,0,0,0,1.26173,0.193209,0.000821995,0.000541908,0.000121777,9.74095E-05,0,0,0.512552,0.075231,4.32902E-05,1.83014E-05,2.35439E-06,9.91319E-07
494,4,1.52556,1.47811,0,0,0,0,0,1.2891,0.109402,0.0574502,0.0128874,0.00926809,0,0,0,0.478557,0.00946399,0.00400099,0.000514709,0.00021672
494,5,1.49718,1.46017,0,0,0,0,0,0.000196577,0.737546,0.555664,0.0993668,0.0673965,0,0,0,0,0,0,0,0
494,6,1.58869,1.51722,0,0,0,0,0,6.01188E-16,0.000704774,0.95907,0.359166,0.198275,0,0,0,0,0,0,0,0
494,7,1.75225,1.64022,0,0,0,0,0,0,4.85648E-10,0.0370109,0.912577,0.690626,0,0,0,0,0,0,0,0
494,8,2.39937,2.18288,1,0,0,0,0,0,5.58198E-11,0.00252794,0.168032,2.01232,0,0,0,0,0,0,0,0
495,1,0.395574,0.368025,0,1,0.271783,0.0946413,0.00157468,2.58834E-05,1.18506E-07,7.81261E-08,1.75564E-08,1.40434E-08,0.0940891,0.0401099,0.00010517,2.19377E-07,1.19607E-10,5.05652E-11,6.50498E-12,2.73894E-12
495,2,0.991857,0.983007,0,0,0,0.852741,0.128291,0.00195699,8.95998E-06,5.90695E-06,1.3274E-06,1.06179E-06,0,0.329584,0.0504883,0.000111187,6.0621E-08,2.56281E-08,3.29694E-09,1.38818E-09
495,3,1.47011,1.45652,0,0,0,0,1.26181,0.193124,0.000821651,0.000541681,0.000121726,9.73687E-05,0,0,0.512588,0.0751917,4.32673E-05,1.82917E-05,2.35314E-06,9.90793E-07
495,4,1.52559,1.47813,0,0,0,0,0,1.28948,0.109185,0.0573494,0.0128648,0.00925276,0,0,0,0.478845,0.00946263,0.00400041,0.000514635,0.000216688
495,5,1.49718,1.46017,0,0,0,0,0,0.000196643,0.737614,0.555603,0.099361,0.0673926,0,0,0,0,0,0,0,0
495,6,1.58857,1.51714,0,0,0,0,0,6.03135E-16,0.000707057,0.959638,0.358692,0.198105,0,0,0,0,0,0,0,0
495,7,1.75218,1.64016,0,0,0,0,0,0,4.86268E-10,0.0370715,0.912753,0.690337,0,0,0,0,0,0,0,0
495,8,2.39949,2.18299,1,0,0,0,0,0,5.5819E-11,0.00252791,0.168028,2.01244,0,0,0,0,0,0,0,0
496,1,0.395642,0.368096,0,1,0.2718,0.0946946,0.00157549,2.58967E-05,1.18567E-07,7.81661E-08,1.75654E-08,1.40506E-08,0.094092,0.0401342,0.000105237,2.19516E-07,1.19683E-10,5.05973E-11,6.50911E-12,2.74068E-12
496,2,0.991882,0.983032,0,0,0,0.852755,0.128302,0.00195717,8.96078E-06,5.90747E-06,1.32752E-06,1.06189E-06,0,0.329591,0.0504927,0.000111197,6.06262E-08,2.56303E-08,3.29723E-09,1.3883E-09
496,3,1.4701,1.45651,0,0,0,0,1.26194,0.19299,0.000821102,0.000541319,0.000121645,9.73036E-05,0,0,0.512645,0.0751295,4.32309E-05,1.82763E-05,2.35116E-06,9.89962E-07
496,4,1.52564,1.47816,0,0,0,0,0,1.28996,0.108914,0.0572198,0.0128358,0.00923311,0,0,0,0.47923,0.00946201,0.00400015,0.000514601,0.000216674
496,5,1.49718,1.46016,0,0,0,0,0,0.000196729,0.737719,0.555509,0.0993525,0.0673868,0,0,0,0,0,0,0,0
496,6,1.58843,1.51705,0,0,0,0,0,6.05727E-16,0.000710097,0.960343,0.358105,0.197892,0,0,0,0,0,0,0,0
496,7,1.75212,1.64012,0,0,0,0,0,0,4.86773E-10,0.0371209,0.912893,0.690105,0,0,0,0,0,0,0,0
496,8,2.39969,2.18317,1,0,0,0,0,0,5.58148E-11,0.00252771,0.168007,2.01264,0,0,0,0,0,0,0,0
497,1,0.395624,0.368076,0,1,0.271812,0.094663,0.00157508,2.58899E-05,1.18536E-07,7.81457E-08,1.75608E-08,1.40469E-08,0.0940997,0.0401202,0.000105195,2.1943E-07,1.19637E-10,5.05775E-11,6.50656E-12,2.7396E-12
497,2,0.991732,0.98288,0,0,0,0.852718,0.128188,0.00195549,8.9531E-06,5.90241E-06,1.32639E-06,1.06098E-06,0,0.329574,0.0504418,0.000111083,6.05641E-08,2.56041E-08,3.29385E-09,1.38688E-09
497,3,1.47008,1.45649,0,0,0,0,1.26207,0.192841,0.000820493,0.000540918,0.000121554,9.72315E-05,0,0,0.512706,0.0750616,4.31913E-05,1.82596E-05,2.34901E-06,9.89055E-07
497,4,1.52565,1.47818,0,0,0,0,0,1.29017,0.108794,0.0571634,0.0128231,0.00922437,0,0,0,0.479379,0.00945722,0.00399813,0.00051434,0.000216564
497,5,1.49718,1.46016,0,0,0,0,0,0.000196782,0.737751,0.555481,0.0993496,0.0673848,0,0,0,0,0,0,0,0
497,6,1.58841,1.51704,0,0,0,0,0,6.05945E-16,0.000710353,0.960413,0.358047,0.197872,0,0,0,0,0,0,0,0
497,7,1.7521,1.6401,0,0,0,0,0,0,4.86986E-10,0.0371417,0.912956,0.690004,0,0,0,0,0,0,0,0
497,8,2.39967,2.18315,1,0,0,0,0,0,5.58169E-11,0.00252781,0.168017,2.0126,0,0,0,0,0,0,0,0
498,1,0.39553,0.367976,0,1,0.271817,0.0945592,0.00157362,0.000025866,1.18426E-07,7.80735E-08,1.75446E-08,1.40339E-08,0.0941105,0.0400735,0.000105062,2.19152E-07,1.19485E-10,5.05134E-11,6.49832E-12,2.73613E-12
498,2,0.991448,0.982591,0,0,0,0.852642,0.127979,0.00195241,0.000008939,5.89311E-06,1.3243E-06,1.0593E-06,0,0.329538,0.0503489,0.000110876,6.04512E-08,2.55563E-08,3.2877E-09,1.38429E-09
498,3,1.47006,1.45648,0,0,0,0,1.26219,0.192706,0.000819938,0.000540551,0.000121472,9.71657E-05,0,0,0.51276,0.0750005,4.31558E-05,1.82445E-05,2.34707E-06,9.8824E-07
498,4,1.52563,1.47817,0,0,0,0,0,1.29009,0.10884,0.0571869,0.0128284,0.00922757,0,0,0,0.479277,0.00944938,0.00399481,0.000513914,0.000216385
498,5,1.49718,1.46016,0,0,0,0,0,0.00019679,0.737707,0.555521,0.0993526,0.0673869,0,0,0,0,0,0,0,0
498,6,1.58853,1.51712,0,0,0,0,0,6.03851E-16,0.000707896,0.959856,0.35851,0.198042,0,0,0,0,0,0,0,0
498,7,1.75212,1.64012,0,0,0,0,0,0,4.86804E-10,0.0371238,0.912909,0.690083,0,0,0,0,0,0,0,0
498,8,2.39944,2.18295,1,0,0,0,0,0,5.58238E-11,0.00252813,0.168052,2.01237,0,0,0,0,0,0,0,0
499,1,0.395476,0.367917,0,1,0.271822,0.0944956,0.00157274,2.58515E-05,1.1836E-07,7.80297E-08,1.75348E-08,1.40261E-08,0.094118,0.040045,0.000104981,2.18982E-07,1.19392E-10,5.04742E-11,6.49327E-12,2.73401E-12
499,2,0.991238,0.982377,0,0,0,0.852587,0.127823,0.0019501,8.92843E-06,5.88615E-06,1.32273E-06,1.05805E-06,0,0.329511,0.0502792,0.00011072,6.03662E-08,2.55204E-08,3.28309E-09,1.38235E-09
499,3,1.47005,1.45647,0,0,0,0,1.26229,0.192599,0.000819495,0.00054026,0.000121407,9.71132E-05,0,0,0.512803,0.0749519,4.31275E-05,1.82326E-05,2.34554E-06,9.87593E-07
499,4,1.52562,1.47816,0,0,0,0,0,1.28998,0.108903,0.057215,0.0128347,0.00923164,0,0,0,0.479184,0.00944512,0.00399301,0.000513683,0.000216287
499,5,1.49718,1.46017,0,0,0,0,0,0.000196778,0.737676,0.555549,0.099355,0.0673885,0,0,0,0,0,0,0,0
499,6,1.58863,1.51718,0,0,0,0,0,6.02183E-16,0.00070594,0.959345,0.358937,0.198193,0,0,0,0,0,0,0,0
499,7,1.75219,1.64017,0,0,0,0,0,0,4.86133E-10,0.0370583,0.912717,0.690397,0,0,0,0,0,0,0,0
499,8,2.39933,2.18284,1,0,0,0,0,0,5.58238E-11,0.00252813,0.168052,2.01226,0,0,0,0,0,0,0,0
500,1,0.395455,0.367894,0,1,0.271823,0.0944723,0.00157241,2.58461E-05,1.18335E-07,7.80135E-08,1.75311E-08,1.40231E-08,0.0941201,0.0400346,0.000104951,2.1892E-07,1.19358E-10,5.04599E-11,6.49143E-12,2.73323E-12
500,2,0.991156,0.982294,0,0,0,0.852565,0.127761,0.0019492,8.9243E-06,5.88343E-06,1.32212E-06,1.05756E-06,0,0.329501,0.050252,0.000110659,6.03331E-08,2.55064E-08,3.28128E-09,1.38159E-09
500,3,1.47004,1.45647,0,0,0,0,1.26231,0.192577,0.000819403,0.000540199,0.000121393,9.71023E-05,0,0,0.512812,0.0749421,4.31219E-05,1.82302E-05,2.34523E-06,9.87464E-07
500,4,1.5256,1.47815,0,0,0,0,0,1.28981,0.109001,0.0572587,0.0128445,0.00923826,0,0,0,0.479062,0.0094453,0.00399309,0.000513692,0.000216291
500,5,1.49718,1.46017,0,0,0,0,0,0.000196723,0.737636,0.555585,0.0993585,0.0673909,0,0,0,0,0,0,0,0
500,6,1.58871,1.51723,0,0,0,0,0,6.01003E-16,0.000704557,0.958914,0.359297,0.198316,0,0,0,0,0,0,0,0
500,7,1.75232,1.64027,0,0,0,0,0,0,4.84989E-10,0.0369466,0.912384,0.69094,0,0,0,0,0,0,0,0
500,8,2.39936,2.18287,1,0,0,0,0,0,5.58161E-11,0.00252777,0.168013,2.01233,0,0,0,0,0,0,0,0
501,1,0.395452,0.367893,0,1,0.271815,0.0944784,0.00157248,2.58472E-05,1.1834E-07,7.80166E-08,1.75318E-08,1.40237E-08,0.0941163,0.0400372,0.000104959,2.18937E-07,1.19368E-10,5.04639E-11,6.49195E-12,2.73345E-12
501,2,0.991217,0.982356,0,0,0,0.852578,0.127811,0.00194992,8.92759E-06,5.8856E-06,1.32261E-06,1.05795E-06,0,0.329507,0.0502741,0.000110709,6.03601E-08,2.55178E-08,3.28275E-09,1.38221E-09
501,3,1.47006,1.45648,0,0,0,0,1.26218,0.192719,0.000819983,0.000540581,0.000121479,9.71711E-05,0,0,0.512752,0.0750074,0.00004316,1.82463E-05,2.3473E-06,9.88337E-07
501,4,1.52557,1.47813,0,0,0,0,0,1.28938,0.109249,0.0573723,0.0128699,0.00925573,0,0,0,0.478755,0.00945134,0.00399564,0.000514021,0.00021643
501,5,1.49718,1.46017,0,0,0,0,0,0.00019659,0.737553,0.555658,0.0993661,0.067396,0,0,0,0,0,0,0,0
501,6,1.58882,1.5173,0,0,0,0,0,5.99527E-16,0.000702825,0.958342,0.359777,0.198477,0,0,0,0,0,0,0,0
501,7,1.75254,1.64043,0,0,0,0,0,0,4.83136E-10,0.036766,0.911841,0.691824,0,0,0,0,0,0,0,0
501,8,2.3995,2.18299,1,0,0,0,0,0,5.58009E-11,0.00252707,0.167935,2.01252,0,0,0,0,0,0,0,0
502,1,0.39549,0.367934,0,1,0.271798,0.0945367,0.00157325,2.58599E-05,1.18398E-07,7.80549E-08,1.75404E-08,1.40306E-08,0.0941042,0.040063,0.000105035,2.19095E-07,1.19454E-10,5.05003E-11,6.49663E-12,2.73542E-12
502,2,0.991532,0.982676,0,0,0,0.852649,0.128056,0.00195351,8.94405E-06,5.89645E-06,1.32504E-06,1.0599E-06,0,0.32954,0.0503839,0.000110955,6.04941E-08,2.55745E-08,3.29004E-09,1.38528E-09
502,3,1.47011,1.45652,0,0,0,0,1.26176,0.193172,0.000821841,0.000541806,0.000121754,9.73912E-05,0,0,0.512565,0.0752155,4.32813E-05,1.82976E-05,2.3539E-06,9.91116E-07
502,4,1.52549,1.47807,0,0,0,0,0,1.2884,0.109807,0.0576309,0.0129279,0.0092956,0,0,0,0.478058,0.0094676,0.00400252,0.000514905,0.000216802
502,5,1.49718,1.46018,0,0,0,0,0,0.000196341,0.737399,0.555795,0.0993801,0.0674055,0,0,0,0,0,0,0,0
502,6,1.58898,1.51741,0,0,0,0,0,5.97101E-16,0.000699981,0.957405,0.360563,0.19874,0,0,0,0,0,0,0,0
502,7,1.75288,1.64069,0,0,0,0,0,0,4.80147E-10,0.0364746,0.910963,0.69325,0,0,0,0,0,0,0,0
502,8,2.39974,2.18319,1,0,0,0,0,0,5.5776E-11,0.00252593,0.167808,2.01285,0,0,0,0,0,0,0,0
503,1,0.395651,0.368109,0,1,0.271771,0.0947356,0.00157598,2.59048E-05,1.18604E-07,7.81906E-08,1.75709E-08,1.4055E-08,0.0940774,0.0401517,0.00010529,2.19628E-07,1.19745E-10,5.06232E-11,6.51243E-12,2.74208E-12
503,2,0.992441,0.983599,0,0,0,0.852863,0.128755,0.00196378,8.99107E-06,5.92745E-06,1.33201E-06,1.06548E-06,0,0.329641,0.0506967,0.000111655,6.08757E-08,2.57358E-08,3.31079E-09,1.39402E-09
503,3,1.47024,1.45662,0,0,0,0,1.26079,0.194235,0.000826196,0.000544677,0.000122399,9.79072E-05,0,0,0.512126,0.0757026,4.35654E-05,1.84177E-05,2.36935E-06,9.97621E-07
503,4,1.52536,1.47795,0,0,0,0,0,1.28653,0.110874,0.0581309,0.01304,0.00937288,0,0,0,0.476713,0.0095029,0.00401744,0.000516825,0.000217611
503,5,1.49718,1.46018,0,0,0,0,0,0.000195965,0.737158,0.556008,0.0994019,0.0674203,0,0,0,0,0,0,0,0
503,6,1.58925,1.51758,0,0,0,0,0,5.9327E-16,0.000695489,0.955898,0.361826,0.199163,0,0,0,0,0,0,0,0
503,7,1.7534,1.64109,0,0,0,0,0,0,4.75539E-10,0.0360255,0.909609,0.695451,0,0,0,0,0,0,0,0
503,8,2.40015,2.18352,1,0,0,0,0,0,5.57365E-11,0.00252411,0.167607,2.01339,0,0,0,0,0,0,0,0
504,1,0.396141,0.368635,0,1,0.271734,0.0952902,0.00158372,0.000026032,1.19186E-07,7.85746E-08,1.76572E-08,1.4124E-08,0.0940195,0.0403996,0.000106,2.21107E-07,1.20551E-10,5.09641E-11,6.5563E-12,2.76054E-12
504,2,0.994759,0.985954,0,0,0,0.853428,0.130518,0.00198972,9.10982E-06,6.00573E-06,1.3496E-06,1.07955E-06,0,0.329907,0.051485,0.000113417,6.18366E-08,2.6142E-08,3.36305E-09,1.41602E-09
504,3,1.47051,1.45683,0,0,0,0,1.25879,0.196429,0.000835188,0.000550605,0.000123732,9.89729E-05,0,0,0.511219,0.0767086,4.41521E-05,1.86657E-05,2.40126E-06,1.01106E-06
504,4,1.52517,1.47777,0,0,0,0,0,1.28359,0.11253,0.0589258,0.0132182,0.00949643,0,0,0,0.474594,0.00957492,0.00404789,0.000520742,0.00021926
504,5,1.49719,1.4602,0,0,0,0,0,0.000195546,0.736813,0.556317,0.0994318,0.0674406,0,0,0,0,0,0,0,0
504,6,1.58965,1.51785,0,0,0,0,0,5.87587E-16,0.000688825,0.95358,0.363771,0.19981,0,0,0,0,0,0,0,0
504,7,1.75416,1.64166,0,0,0,0,0,0,4.6896E-10,0.0353844,0.907669,0.6986,0,0,0,0,0,0,0,0
504,8,2.4012,2.18442,1,0,0,0,0,0,5.5664E-11,0.00252077,0.167238,2.01466,0,0,0,0,0,0,0,0
505,1,0.397551,0.370143,0,1,0.271692,0.0968192,0.00160524,2.63856E-05,1.20805E-07,7.96419E-08,1.78971E-08,1.43159E-08,0.0938863,0.0410838,0.000107949,2.25174E-07,1.22768E-10,5.19015E-11,6.67688E-12,2.81132E-12
505,2,1.00031,0.991589,0,0,0,0.854857,0.134662,0.00205077,9.38936E-06,6.19002E-06,1.39102E-06,1.11267E-06,0,0.33058,0.0533333,0.000117545,6.40875E-08,2.70936E-08,3.48547E-09,1.46756E-09
505,3,1.47099,1.4572,0,0,0,0,1.25509,0.200462,0.000851701,0.000561491,0.000126178,0.00010093,0,0,0.509543,0.0785624,4.52339E-05,1.91231E-05,2.46009E-06,1.03583E-06
505,4,1.52519,1.47764,0,0,0,0,0,1.28115,0.11385,0.0596428,0.013379,0.00961202,0,0,0,0.472899,0.00973349,0.00411493,0.000529366,0.000222891
505,5,1.49721,1.46023,0,0,0,0,0,0.000195124,0.735907,0.557137,0.0995028,0.0674887,0,0,0,0,0,0,0,0
505,6,1.5903,1.51828,0,0,0,0,0,5.78594E-16,0.000678278,0.949925,0.366836,0.200836,0,0,0,0,0,0,0,0
505,7,1.75511,1.64237,0,0,0,0,0,0,4.60622E-10,0.0345715,0.90523,0.70257,0,0,0,0,0,0,0,0
505,8,2.40815,2.19051,1,0,0,0,0,0,5.54515E-11,0.002511,0.166147,2.02185,0,0,0,0,0,0,0,0
506,1,0.546564,0.546554,0,0,0.360627,0.182758,0.00311644,5.12257E-05,2.34534E-07,1.54619E-07,3.47458E-08,2.77931E-08,0.167848,0.0825104,0.000212424,4.43102E-07,2.41586E-10,1.02133E-10,1.31389E-11,5.53216E-12
506,2,1.56251,1.56249,0,0,0,1.29798,0.260437,0.00403207,1.84606E-05,1.21703E-05,2.73491E-06,2.18765E-06,0,0.608965,0.107135,0.000233096,1.27087E-07,5.37273E-08,6.91178E-09,2.91022E-09
506,3,2.35829,2.35811,0,0,0,0,1.98038,0.374619,0.00161784,0.00106657,0.00023968,0.00019172,0,0,0.928964,0.152001,8.64054E-05,3.65287E-05,4.69925E-06,1.97863E-06
506,4,2.39726,2.39544,0,0,0,0,0,2.04607,0.198689,0.108746,0.0243942,0.0175392,0,0,0,0.853443,0.0180729,0.00764047,0.000982911,0.000413857
506,5,2.42919,2.42316,0,0,0,0,0,0.000299065,1.12972,0.985732,0.18317,0.124237,0,0,0,0,0,0,0,0
506,6,2.49547,2.4852,0,0,0,0,0,1.02841E-15,0.00104614,1.4774,0.643041,0.363711,0,0,0,0,0,0,0,0
506,7,2.66829,2.65107,0,0,0,0,0,0,8.00505E-10,0.0555729,1.39478,1.20071,0,0,0,0,0,0,0,0
506,8,3.45019,3.41607,0,0,0,0,0,0,9.14416E-11,0.00413837,0.26405,3.14788,0,0,0,0,0,0,0,0
507,1,0.552578,0.552568,0,0,0.358898,0.190384,0.00323197,5.31247E-05,2.43228E-07,1.60351E-07,3.60338E-08,2.88234E-08,0.16668,0.0864255,0.000223048,4.65261E-07,2.53667E-10,1.0724E-10,1.3796E-11,5.80882E-12
507,2,1.58498,1.58496,0,0,0,1.30306,0.277563,0.00429007,1.96419E-05,1.29491E-05,2.9099E-06,2.32763E-06,0,0.611234,0.115149,0.000250722,1.36697E-07,5.77901E-08,7.43444E-09,3.13029E-09
507,3,2.35955,2.35937,0,0,0,0,1.96555,0.390573,0.00168474,0.00111068,0.000249591,0.000199648,0,0,0.921866,0.159668,9.08083E-05,3.83901E-05,4.93871E-06,2.07946E-06
507,4,2.39753,2.39567,0,0,0,0,0,2.03173,0.207193,0.113134,0.025378,0.0182258,0,0,0,0.842015,0.0185794,0.00785463,0.00101046,0.000425457
507,5,2.42924,2.4232,0,0,0,0,0,0.000296899,1.12728,0.987841,0.183391,0.124387,0,0,0,0,0,0,0,0
507,6,2.49725,2.48689,0,0,0,0,0,9.76519E-16,0.000993347,1.45416,0.661481,0.370253,0,0,0,0,0,0,0,0
507,7,2.6712,2.65389,0,0,0,0,0,0,7.57995E-10,0.0518494,1.38302,1.21901,0,0,0,0,0,0,0,0
507,8,3.45748,3.42322,0,0,0,0,0,0,9.09469E-11,0.0041157,0.261831,3.15728,0,0,0,0,0,0,0,0
508,1,0.550031,0.550021,0,0,0.359703,0.187082,0.00318213,5.23054E-05,2.39478E-07,1.57878E-07,3.54782E-08,2.8379E-08,0.16721,0.0847322,0.000218445,4.55661E-07,2.48433E-10,1.05028E-10,1.35113E-11,5.68897E-12
508,2,1.57468,1.57466,0,0,0,1.30082,0.269623,0.00417057,1.90947E-05,1.25884E-05,2.82885E-06,2.2628E-06,0,0.610242,0.111427,0.000242533,1.32233E-07,5.59026E-08,7.19162E-09,3.02805E-09
508,3,2.35898,2.35881,0,0,0,0,1.97215,0.383464,0.00165493,0.00109102,0.000245174,0.000196115,0,0,0.925024,0.156255,8.88481E-05,3.75614E-05,4.8321E-06,2.03457E-06
508,4,2.39741,2.39557,0,0,0,0,0,2.03791,0.203514,0.111251,0.0249558,0.0179322,0,0,0,0.846976,0.0183871,0.00777334,0.001,0.000421054
508,5,2.42922,2.42319,0,0,0,0,0,0.000297608,1.12799,0.987229,0.183326,0.124343,0,0,0,0,0,0,0,0
508,6,2.49674,2.4864,0,0,0,0,0,9.91714E-16,0.0010088,1.46082,0.6562,0.368375,0,0,0,0,0,0,0,0
508,7,2.67057,2.65327,0,0,0,0,0,0,7.67238E-10,0.0526589,1.38558,1.21503,0,0,0,0,0,0,0,0
508,8,3.45621,3.42197,0,0,0,0,0,0,9.10441E-11,0.00412015,0.262267,3.15558,0,0,0,0,0,0,0,0
509,1,0.545862,0.545852,0,0,0.360572,0.182122,0.00310633,5.10595E-05,2.33773E-07,1.54117E-07,3.46331E-08,2.7703E-08,0.167849,0.082189,0.00021157,4.4132E-07,2.40615E-10,1.01722E-10,1.30861E-11,5.50992E-12
509,2,1.56137,1.56135,0,0,0,1.29771,0.259587,0.00401925,1.84019E-05,1.21316E-05,2.72621E-06,2.1807E-06,0,0.608841,0.106738,0.000232225,1.26612E-07,5.35266E-08,6.88595E-09,2.89934E-09
509,3,2.35825,2.35808,0,0,0,0,1.98066,0.374312,0.00161654,0.00106572,0.000239487,0.000191566,0,0,0.929094,0.151858,8.63233E-05,0.000036494,4.69479E-06,1.97675E-06
509,4,2.39727,2.39545,0,0,0,0,0,2.04516,0.199245,0.109013,0.0244539,0.01758,0,0,0,0.852726,0.0180832,0.00764483,0.000983472,0.000414094
509,5,2.4292,2.42316,0,0,0,0,0,0.000298688,1.12945,0.985965,0.183197,0.124255,0,0,0,0,0,0,0,0
509,6,2.49593,2.48564,0,0,0,0,0,1.01621E-15,0.00103373,1.47132,0.647884,0.365402,0,0,0,0,0,0,0,0
509,7,2.66937,2.65212,0,0,0,0,0,0,7.84707E-10,0.0541894,1.3904,1.20752,0,0,0,0,0,0,0,0
509,8,3.45165,3.4175,0,0,0,0,0,0,9.13007E-11,0.00413191,0.263414,3.14995,0,0,0,0,0,0,0,0
510,1,0.544551,0.544541,0,0,0.360937,0.180471,0.00308131,5.06483E-05,2.3189E-07,1.52876E-07,3.43541E-08,2.74798E-08,0.168097,0.0813422,0.000209273,4.36529E-07,2.38002E-10,1.00618E-10,1.2944E-11,5.4501E-12
510,2,1.5551,1.55508,0,0,0,1.29629,0.254806,0.00394723,1.80722E-05,1.19143E-05,2.67736E-06,2.14162E-06,0,0.60821,0.104501,0.000227303,1.23929E-07,5.23922E-08,6.74002E-09,2.8379E-09
510,3,2.35781,2.35764,0,0,0,0,1.98575,0.368824,0.00159351,0.00105054,0.000236076,0.000188837,0,0,0.931527,0.149225,8.48118E-05,0.000035855,4.61258E-06,1.94214E-06
510,4,2.39715,2.39535,0,0,0,0,0,2.05158,0.19541,0.107064,0.0240171,0.0172768,0,0,0,0.857868,0.0178989,0.00756691,0.000973448,0.000409873
510,5,2.42918,2.42315,0,0,0,0,0,0.000299674,1.13034,0.985197,0.183114,0.124199,0,0,0,0,0,0,0,0
510,6,2.49528,2.48502,0,0,0,0,0,1.03601E-15,0.00105387,1.4798,0.641158,0.363003,0,0,0,0,0,0,0,0
510,7,2.66809,2.65088,0,0,0,0,0,0,8.0344E-10,0.0558303,1.39558,1.19946,0,0,0,0,0,0,0,0
510,8,3.44946,3.41535,0,0,0,0,0,0,9.14933E-11,0.00414074,0.26428,3.14693,0,0,0,0,0,0,0,0
511,1,0.544173,0.544163,0,0,0.361085,0.179953,0.00307353,5.05203E-05,2.31304E-07,1.52489E-07,3.42673E-08,2.74104E-08,0.168191,0.081075,0.000208545,4.35011E-07,2.37175E-10,1.00268E-10,1.2899E-11,5.43115E-12
511,2,1.55277,1.55274,0,0,0,1.29578,0.253003,0.00392011,0.000017948,1.18324E-05,2.65896E-06,2.12691E-06,0,0.607985,0.103656,0.000225444,1.22915E-07,5.19637E-08,6.68489E-09,2.81469E-09
511,3,2.35761,2.35744,0,0,0,0,1.98812,0.366267,0.00158278,0.00104346,0.000234486,0.000187565,0,0,0.932662,0.147998,8.41074E-05,3.55572E-05,4.57427E-06,1.92601E-06
511,4,2.39708,2.39529,0,0,0,0,0,2.05544,0.193093,0.105905,0.0237573,0.0170973,0,0,0,0.860942,0.0178078,0.0075284,0.000968494,0.000407787
511,5,2.42917,2.42314,0,0,0,0,0,0.000300431,1.13091,0.984706,0.183059,0.124162,0,0,0,0,0,0,0,0
511,6,2.49486,2.48462,0,0,0,0,0,1.04899E-15,0.00106707,1.48524,0.636846,0.36146,0,0,0,0,0,0,0,0
511,7,2.66709,2.64991,0,0,0,0,0,0,8.18108E-10,0.0571154,1.39962,1.19316,0,0,0,0,0,0,0,0
511,8,3.4482,3.41412,0,0,0,0,0,0,9.16258E-11,0.00414681,0.264878,3.1451,0,0,0,0,0,0,0,0
512,1,0.544133,0.544123,0,0,0.361147,0.179852,0.0030721,5.04969E-05,2.31197E-07,1.52419E-07,3.42514E-08,2.73977E-08,0.168225,0.0810228,0.0002084,4.34707E-07,2.37009E-10,1.00198E-10,1.289E-11,5.42736E-12
512,2,1.55206,1.55204,0,0,0,1.29564,0.252452,0.00391183,1.79101E-05,1.18074E-05,2.65335E-06,2.12241E-06,0,0.607922,0.103397,0.000224874,1.22604E-07,5.18322E-08,6.66798E-09,2.80757E-09
512,3,2.35753,2.35736,0,0,0,0,1.98907,0.365243,0.00157849,0.00104063,0.00023385,0.000187057,0,0,0.933117,0.147507,0.000083825,3.54378E-05,4.55891E-06,1.91954E-06
512,4,2.39705,2.39526,0,0,0,0,0,2.05735,0.191943,0.105335,0.0236295,0.0170092,0,0,0,0.862456,0.0177677,0.00751146,0.000966314,0.000406869
512,5,2.42917,2.42313,0,0,0,0,0,0.000300887,1.13125,0.984418,0.183027,0.12414,0,0,0,0,0,0,0,0
512,6,2.49461,2.48439,0,0,0,0,0,1.05663E-15,0.00107485,1.48837,0.634374,0.360572,0,0,0,0,0,0,0,0
512,7,2.66644,2.64929,0,0,0,0,0,0,8.27479E-10,0.0579365,1.40221,1.18914,0,0,0,0,0,0,0,0
512,8,3.44742,3.41336,0,0,0,0,0,0,9.17102E-11,0.00415068,0.26526,3.14395,0,0,0,0,0,0,0,0
513,1,0.544213,0.544203,0,0,0.361177,0.179901,0.00307294,5.05107E-05,2.3126E-07,1.52461E-07,3.42608E-08,2.74052E-08,0.168238,0.081047,0.000208462,4.34836E-07,2.37079E-10,1.00228E-10,1.28938E-11,5.42897E-12
513,2,1.55193,1.55191,0,0,0,1.29562,0.252342,0.00391018,1.79025E-05,1.18024E-05,2.65223E-06,2.12152E-06,0,0.607915,0.103344,0.000224758,1.22541E-07,5.18055E-08,6.66455E-09,2.80612E-09
513,3,2.3575,2.35733,0,0,0,0,1.98941,0.364881,0.00157697,0.00103963,0.000233625,0.000186877,0,0,0.933279,0.147332,8.37246E-05,3.53954E-05,4.55345E-06,1.91724E-06
513,4,2.39703,2.39525,0,0,0,0,0,2.05818,0.191439,0.105086,0.0235737,0.0169709,0,0,0,0.863119,0.0177521,0.00750485,0.000965465,0.000406511
513,5,2.42916,2.42313,0,0,0,0,0,0.000301109,1.13141,0.984276,0.183011,0.124129,0,0,0,0,0,0,0,0
513,6,2.49449,2.48427,0,0,0,0,0,1.06064E-15,0.00107892,1.48998,0.633099,0.360113,0,0,0,0,0,0,0,0
513,7,2.66609,2.64895,0,0,0,0,0,0,8.32616E-10,0.0583867,1.40362,1.18694,0,0,0,0,0,0,0,0
513,8,3.44698,3.41292,0,0,0,0,0,0,9.17576E-11,0.00415286,0.265474,3.1433,0,0,0,0,0,0,0,0
514,1,0.544252,0.544242,0,0,0.361204,0.179913,0.00307319,5.05147E-05,2.31279E-07,1.52473E-07,3.42635E-08,2.74074E-08,0.168251,0.0810521,0.000208473,4.34859E-07,2.37092E-10,1.00233E-10,1.28945E-11,5.42926E-12
514,2,1.55185,1.55182,0,0,0,1.2956,0.252273,0.00390915,1.78978E-05,1.17993E-05,2.65153E-06,2.12096E-06,0,0.607907,0.103312,0.000224687,1.22503E-07,5.17892E-08,6.66245E-09,2.80524E-09
514,3,2.35749,2.35732,0,0,0,0,1.98954,0.364741,0.00157638,0.00103924,0.000233538,0.000186807,0,0,0.933342,0.147264,0.000083686,3.53791E-05,4.55135E-06,1.91636E-06
514,4,2.39703,2.39525,0,0,0,0,0,2.05845,0.191275,0.105005,0.0235554,0.0169583,0,0,0,0.863336,0.0177461,0.00750235,0.000965142,0.000406376
514,5,2.42916,2.42313,0,0,0,0,0,0.000301193,1.13148,0.984224,0.183005,0.124125,0,0,0,0,0,0,0,0
514,6,2.49444,2.48422,0,0,0,0,0,1.06201E-15,0.00108032,1.49059,0.632615,0.359941,0,0,0,0,0,0,0,0
514,7,2.66593,2.64879,0,0,0,0,0,0,8.35022E-10,0.0585975,1.40428,1.1859,0,0,0,0,0,0,0,0
514,8,3.44672,3.41267,0,0,0,0,0,0,9.17827E-11,0.00415401,0.265588,3.14293,0,0,0,0,0,0,0,0
515,1,0.544237,0.544226,0,0,0.361235,0.179868,0.00307255,5.05042E-05,2.31231E-07,1.52441E-07,3.42564E-08,2.74017E-08,0.168267,0.0810283,0.000208407,4.34721E-07,2.37017E-10,1.00201E-10,1.28904E-11,5.42753E-12
515,2,1.55169,1.55167,0,0,0,1.29556,0.252159,0.00390742,1.78899E-05,1.17941E-05,2.65036E-06,2.12002E-06,0,0.607889,0.103259,0.00022457,1.22439E-07,5.17622E-08,6.65897E-09,2.80377E-09
515,3,2.35748,2.35731,0,0,0,0,1.98962,0.364652,0.00157601,0.001039,0.000233483,0.000186763,0,0,0.93338,0.147223,8.36619E-05,3.53689E-05,4.55005E-06,1.91581E-06
515,4,2.39703,2.39525,0,0,0,0,0,2.05849,0.191251,0.104992,0.0235526,0.0169563,0,0,0,0.863366,0.0177432,0.0075011,0.000964982,0.000406308
515,5,2.42916,2.42313,0,0,0,0,0,0.000301217,1.13149,0.984213,0.183004,0.124124,0,0,0,0,0,0,0,0
515,6,2.49444,2.48422,0,0,0,0,0,1.06199E-15,0.0010803,1.49068,0.632539,0.359919,0,0,0,0,0,0,0,0
515,7,2.66586,2.64872,0,0,0,0,0,0,8.36007E-10,0.0586836,1.40456,1.18548,0,0,0,0,0,0,0,0
515,8,3.44655,3.4125,0,0,0,0,0,0,9.17964E-11,0.00415464,0.26565,3.1427,0,0,0,0,0,0,0,0
516,1,0.544253,0.544243,0,0,0.361262,0.179857,0.00307245,5.05025E-05,2.31223E-07,1.52436E-07,3.42553E-08,2.74008E-08,0.168281,0.0810221,0.000208388,4.34682E-07,2.36995E-10,1.00192E-10,1.28892E-11,5.42704E-12
516,2,1.55158,1.55156,0,0,0,1.29554,0.252077,0.00390618,1.78843E-05,1.17904E-05,2.64952E-06,2.11935E-06,0,0.607877,0.103221,0.000224486,1.22393E-07,5.17429E-08,6.65648E-09,2.80273E-09
516,3,2.35748,2.35731,0,0,0,0,1.98969,0.364581,0.00157571,0.0010388,0.000233439,0.000186728,0,0,0.933411,0.147189,8.36425E-05,3.53607E-05,4.54899E-06,1.91536E-06
516,4,2.39703,2.39525,0,0,0,0,0,2.05853,0.191228,0.10498,0.0235498,0.0169542,0,0,0,0.863398,0.017741,0.00750017,0.000964862,0.000406258
516,5,2.42916,2.42313,0,0,0,0,0,0.000301235,1.1315,0.984204,0.183003,0.124123,0,0,0,0,0,0,0,0
516,6,2.49443,2.48422,0,0,0,0,0,1.06198E-15,0.00108028,1.49073,0.632502,0.359908,0,0,0,0,0,0,0,0
516,7,2.66582,2.64869,0,0,0,0,0,0,8.36545E-10,0.0587308,1.40471,1.18524,0,0,0,0,0,0,0,0
516,8,3.44645,3.4124,0,0,0,0,0,0,9.18043E-11,0.004155,0.265685,3.14256,0,0,0,0,0,0,0,0
517,1,0.544301,0.54429,0,0,0.361282,0.179884,0.00307291,5.05102E-05,2.31258E-07,1.52459E-07,3.42604E-08,2.74049E-08,0.16829,0.081035,0.00020842,4.3475E-07,2.37032E-10,1.00208E-10,1.28912E-11,5.42789E-12
517,2,1.55155,1.55153,0,0,0,1.29553,0.252052,0.00390581,1.78825E-05,1.17892E-05,2.64926E-06,2.11915E-06,0,0.607875,0.103209,0.00022446,1.22379E-07,5.17369E-08,6.65571E-09,2.8024E-09
517,3,2.35747,2.3573,0,0,0,0,1.98974,0.364522,0.00157546,0.00103864,0.000233402,0.000186698,0,0,0.933437,0.14716,8.36261E-05,3.53538E-05,4.5481E-06,1.91499E-06
517,4,2.39703,2.39525,0,0,0,0,0,2.05867,0.191147,0.10494,0.0235409,0.0169481,0,0,0,0.863504,0.0177383,0.00749904,0.000964716,0.000406196
517,5,2.42916,2.42313,0,0,0,0,0,0.000301274,1.13153,0.98418,0.183,0.124122,0,0,0,0,0,0,0,0
517,6,2.49442,2.4842,0,0,0,0,0,1.06254E-15,0.00108086,1.49094,0.632336,0.359848,0,0,0,0,0,0,0,0
517,7,2.66578,2.64864,0,0,0,0,0,0,8.37178E-10,0.0587862,1.40488,1.18497,0,0,0,0,0,0,0,0
517,8,3.4464,3.41235,0,0,0,0,0,0,9.18102E-11,0.00415527,0.265712,3.14248,0,0,0,0,0,0,0,0
518,1,0.544371,0.544361,0,0,0.361299,0.179937,0.00307379,5.05245E-05,2.31324E-07,1.52502E-07,3.42702E-08,2.74127E-08,0.168296,0.0810616,0.00020849,4.34895E-07,2.37111E-10,1.00241E-10,1.28955E-11,5.4297E-12
518,2,1.55157,1.55154,0,0,0,1.29554,0.252061,0.00390596,1.78832E-05,1.17897E-05,2.64936E-06,2.11923E-06,0,0.607878,0.103213,0.000224469,1.22384E-07,5.17389E-08,6.65598E-09,2.80251E-09
518,3,2.35747,2.3573,0,0,0,0,1.98981,0.36445,0.00157516,0.00103844,0.000233357,0.000186663,0,0,0.93347,0.147125,8.36061E-05,3.53453E-05,4.54701E-06,1.91453E-06
518,4,2.39702,2.39524,0,0,0,0,0,2.05891,0.191,0.104868,0.0235248,0.0169371,0,0,0,0.863696,0.0177346,0.00749745,0.000964512,0.00040611
518,5,2.42916,2.42313,0,0,0,0,0,0.000301336,1.13158,0.984138,0.182995,0.124118,0,0,0,0,0,0,0,0
518,6,2.49439,2.48417,0,0,0,0,0,1.06368E-15,0.00108201,1.49131,0.632039,0.359737,0,0,0,0,0,0,0,0
518,7,2.66573,2.64859,0,0,0,0,0,0,8.3797E-10,0.0588557,1.4051,1.18464,0,0,0,0,0,0,0,0
518,8,3.44637,3.41233,0,0,0,0,0,0,9.18152E-11,0.0041555,0.265735,3.14244,0,0,0,0,0,0,0,0
519,1,0.544445,0.544435,0,0,0.361318,0.179991,0.00307468,5.05392E-05,2.31391E-07,1.52547E-07,3.42802E-08,2.74207E-08,0.168303,0.0810887,0.00020856,4.35042E-07,2.37192E-10,1.00275E-10,1.28999E-11,5.43154E-12
519,2,1.55154,1.55152,0,0,0,1.29554,0.252037,0.0039056,1.78816E-05,1.17886E-05,2.64912E-06,2.11903E-06,0,0.607879,0.103202,0.000224443,1.2237E-07,5.1733E-08,6.65522E-09,2.80219E-09
519,3,2.35746,2.35729,0,0,0,0,1.98993,0.364324,0.00157463,0.00103809,0.000233279,0.0001866,0,0,0.933527,0.147064,0.000083571,3.53305E-05,4.5451E-06,1.91372E-06
519,4,2.39702,2.39524,0,0,0,0,0,2.05921,0.190817,0.104778,0.0235045,0.0169231,0,0,0,0.863938,0.0177295,0.00749533,0.000964239,0.000405995
519,5,2.42916,2.42313,0,0,0,0,0,0.000301405,1.13163,0.984089,0.18299,0.124115,0,0,0,0,0,0,0,0
519,6,2.49435,2.48414,0,0,0,0,0,1.0649E-15,0.00108325,1.4917,0.631737,0.359623,0,0,0,0,0,0,0,0
519,7,2.66568,2.64855,0,0,0,0,0,0,8.38664E-10,0.0589166,1.40529,1.18434,0,0,0,0,0,0,0,0
519,8,3.44637,3.41232,0,0,0,0,0,0,9.18189E-11,0.00415567,0.265752,3.14241,0,0,0,0,0,0,0,0
520,1,0.544426,0.544416,0,0,0.361346,0.179945,0.00307402,5.05283E-05,2.31341E-07,1.52514E-07,3.42727E-08,2.74148E-08,0.168318,0.0810642,0.000208493,4.349E-07,2.37114E-10,1.00242E-10,1.28957E-11,5.42977E-12
520,2,1.55133,1.5513,0,0,0,1.29549,0.251874,0.00390315,1.78704E-05,1.17812E-05,2.64746E-06,2.1177E-06,0,0.607857,0.103125,0.000224276,1.22279E-07,5.16944E-08,6.65025E-09,2.8001E-09
520,3,2.35744,2.35727,0,0,0,0,1.99012,0.364121,0.00157378,0.00103753,0.000233153,0.000186499,0,0,0.933616,0.146967,8.35153E-05,3.53069E-05,4.54207E-06,1.91245E-06
520,4,2.39701,2.39523,0,0,0,0,0,2.05947,0.190664,0.104701,0.0234873,0.0169112,0,0,0,0.86414,0.017723,0.00749257,0.000963884,0.000405846
520,5,2.42916,2.42313,0,0,0,0,0,0.000301462,1.13168,0.984053,0.182986,0.124112,0,0,0,0,0,0,0,0
520,6,2.49434,2.48413,0,0,0,0,0,1.06535E-15,0.00108372,1.49183,0.63163,0.359583,0,0,0,0,0,0,0,0
520,7,2.66566,2.64853,0,0,0,0,0,0,8.38951E-10,0.0589418,1.40536,1.18422,0,0,0,0,0,0,0,0
520,8,3.44634,3.41229,0,0,0,0,0,0,9.18217E-11,0.0041558,0.265764,3.14237,0,0,0,0,0,0,0,0
521,1,0.544326,0.544316,0,0,0.361378,0.179814,0.00307204,5.04959E-05,2.31193E-07,1.52416E-07,3.42508E-08,2.73972E-08,0.16834,0.0809969,0.00020831,4.3452E-07,2.36907E-10,1.00155E-10,1.28844E-11,5.42502E-12
521,2,1.55098,1.55095,0,0,0,1.29541,0.251611,0.00389918,1.78522E-05,1.17692E-05,2.64476E-06,2.11555E-06,0,0.607819,0.103003,0.000224006,1.22131E-07,5.16322E-08,6.64224E-09,2.79673E-09
521,3,2.35742,2.35725,0,0,0,0,1.99034,0.363882,0.00157278,0.00103687,0.000233004,0.00018638,0,0,0.933721,0.146853,8.34499E-05,3.52793E-05,4.53852E-06,1.91095E-06
521,4,2.39701,2.39523,0,0,0,0,0,2.05963,0.19057,0.104652,0.0234764,0.0169036,0,0,0,0.864265,0.0177163,0.00748971,0.000963516,0.000405691
521,5,2.42916,2.42313,0,0,0,0,0,0.000301494,1.13169,0.984036,0.182984,0.124111,0,0,0,0,0,0,0,0
521,6,2.49436,2.48414,0,0,0,0,0,1.06493E-15,0.00108329,1.49168,0.631751,0.359628,0,0,0,0,0,0,0,0
521,7,2.66568,2.64855,0,0,0,0,0,0,8.38668E-10,0.058917,1.40529,1.18434,0,0,0,0,0,0,0,0
521,8,3.44631,3.41227,0,0,0,0,0,0,9.18216E-11,0.00415579,0.265763,3.14235,0,0,0,0,0,0,0,0
522,1,0.544254,0.544243,0,0,0.361401,0.17972,0.00307062,5.04725E-05,2.31086E-07,1.52345E-07,3.42349E-08,2.73845E-08,0.168355,0.0809483,0.000208178,4.34245E-07,2.36757E-10,1.00091E-10,1.28763E-11,5.42159E-12
522,2,1.55069,1.55067,0,0,0,1.29534,0.251398,0.00389596,1.78375E-05,1.17595E-05,2.64259E-06,2.1138E-06,0,0.607789,0.102903,0.000223787,1.22012E-07,5.15818E-08,6.63576E-09,2.794E-09
522,3,2.3574,2.35723,0,0,0,0,1.99051,0.363692,0.00157198,0.00103634,0.000232885,0.000186285,0,0,0.933804,0.146763,8.33981E-05,3.52573E-05,4.5357E-06,1.90976E-06
522,4,2.39701,2.39523,0,0,0,0,0,2.05969,0.190532,0.104631,0.0234716,0.0169001,0,0,0,0.864319,0.0177119,0.00748787,0.00096328,0.000405592
522,5,2.42916,2.42313,0,0,0,0,0,0.00030149,1.13169,0.98404,0.182984,0.124111,0,0,0,0,0,0,0,0
522,6,2.49438,2.48417,0,0,0,0,0,1.06412E-15,0.00108247,1.49136,0.632003,0.359719,0,0,0,0,0,0,0,0
522,7,2.66574,2.64861,0,0,0,0,0,0,8.37749E-10,0.0588364,1.40504,1.18473,0,0,0,0,0,0,0,0
522,8,3.44635,3.41231,0,0,0,0,0,0,9.18149E-11,0.00415549,0.265733,3.14242,0,0,0,0,0,0,0,0
523,1,0.544215,0.544204,0,0,0.361407,0.179676,0.00306994,5.04613E-05,2.31034E-07,1.52311E-07,3.42273E-08,2.73784E-08,0.16836,0.0809255,0.000208117,4.34117E-07,2.36687E-10,1.00062E-10,1.28725E-11,5.41999E-12
523,2,1.55057,1.55055,0,0,0,1.29531,0.251305,0.00389457,1.78311E-05,1.17553E-05,2.64164E-06,2.11305E-06,0,0.607775,0.10286,0.000223692,1.2196E-07,5.15599E-08,6.63295E-09,2.79282E-09
523,3,2.3574,2.35723,0,0,0,0,1.99056,0.363641,0.00157176,0.0010362,0.000232854,0.00018626,0,0,0.933826,0.146739,8.33844E-05,3.52516E-05,4.53495E-06,1.90945E-06
523,4,2.39701,2.39523,0,0,0,0,0,2.05958,0.190604,0.104665,0.0234791,0.0169053,0,0,0,0.864229,0.0177126,0.00748816,0.000963317,0.000405607
523,5,2.42916,2.42313,0,0,0,0,0,0.000301432,1.13165,0.984077,0.182989,0.124114,0,0,0,0,0,0,0,0
523,6,2.49442,2.4842,0,0,0,0,0,1.06286E-15,0.00108118,1.49085,0.632411,0.359866,0,0,0,0,0,0,0,0
523,7,2.66586,2.64872,0,0,0,0,0,0,8.36032E-10,0.0586859,1.40456,1.18547,0,0,0,0,0,0,0,0
523,8,3.44649,3.41245,0,0,0,0,0,0,9.17992E-11,0.00415477,0.265662,3.14263,0,0,0,0,0,0,0,0
524,1,0.544198,0.544187,0,0,0.361391,0.179675,0.00306988,5.04604E-05,2.3103E-07,1.52309E-07,3.42267E-08,2.73779E-08,0.168353,0.0809255,0.000208118,4.34119E-07,2.36689E-10,1.00062E-10,1.28726E-11,5.42002E-12
524,2,1.55066,1.55063,0,0,0,1.29533,0.251375,0.00389561,1.78359E-05,1.17585E-05,2.64235E-06,2.11362E-06,0,0.607782,0.102893,0.000223765,0.000000122,5.15766E-08,6.6351E-09,2.79372E-09
524,3,2.35741,2.35724,0,0,0,0,1.99037,0.36384,0.0015726,0.00103675,0.000232977,0.000186359,0,0,0.933737,0.146835,8.34395E-05,3.52749E-05,4.53795E-06,1.91071E-06
524,4,2.39702,2.39524,0,0,0,0,0,2.05908,0.190904,0.104813,0.0235123,0.0169281,0,0,0,0.863836,0.0177224,0.00749229,0.000963849,0.000405831
524,5,2.42916,2.42313,0,0,0,0,0,0.000301275,1.13153,0.984175,0.183,0.124121,0,0,0,0,0,0,0,0
524,6,2.49449,2.48427,0,0,0,0,0,1.06057E-15,0.00107885,1.48995,0.633123,0.360123,0,0,0,0,0,0,0,0
524,7,2.66606,2.64891,0,0,0,0,0,0,8.33096E-10,0.0584286,1.40376,1.18673,0,0,0,0,0,0,0,0
524,8,3.44676,3.41271,0,0,0,0,0,0,9.17712E-11,0.00415348,0.265535,3.14302,0,0,0,0,0,0,0,0
525,1,0.54423,0.54422,0,0,0.361344,0.179753,0.003071,5.04788E-05,2.31114E-07,1.52364E-07,3.42392E-08,2.73879E-08,0.168326,0.0809666,0.000208232,4.34357E-07,2.36818E-10,1.00117E-10,1.28796E-11,5.42299E-12
525,2,1.55112,1.5511,0,0,0,1.29542,0.251739,0.00390109,1.78609E-05,0.000011775,2.64606E-06,2.11658E-06,0,0.607825,0.103064,0.000224141,1.22205E-07,5.16634E-08,6.64626E-09,2.79842E-09
525,3,2.35747,2.3573,0,0,0,0,1.98976,0.364506,0.00157539,0.00103859,0.000233391,0.000186689,0,0,0.933441,0.147155,0.000083623,3.53525E-05,4.54793E-06,1.91492E-06
525,4,2.39704,2.39526,0,0,0,0,0,2.05787,0.191635,0.105175,0.0235936,0.0169842,0,0,0,0.862875,0.0177487,0.00750343,0.000965281,0.000406434
525,5,2.42917,2.42313,0,0,0,0,0,0.000300955,1.1313,0.984374,0.183022,0.124136,0,0,0,0,0,0,0,0
525,6,2.49461,2.48439,0,0,0,0,0,1.05646E-15,0.00107467,1.48837,0.634368,0.360575,0,0,0,0,0,0,0,0
525,7,2.66639,2.64923,0,0,0,0,0,0,8.28308E-10,0.058009,1.40244,1.18878,0,0,0,0,0,0,0,0
525,8,3.44719,3.41313,0,0,0,0,0,0,9.17261E-11,0.00415141,0.265332,3.14364,0,0,0,0,0,0,0,0
526,1,0.544416,0.544405,0,0,0.361243,0.180036,0.00307519,5.05477E-05,2.3143E-07,1.52572E-07,3.42859E-08,2.74253E-08,0.168265,0.0811126,0.000208632,4.35191E-07,2.37273E-10,1.00309E-10,1.29043E-11,5.43339E-12
526,2,1.55244,1.55241,0,0,0,1.2957,0.252756,0.00391638,1.79309E-05,1.18211E-05,2.65644E-06,2.12488E-06,0,0.607949,0.103541,0.000225191,1.22777E-07,5.19053E-08,6.67738E-09,2.81153E-09
526,3,2.35759,2.35742,0,0,0,0,1.9883,0.366076,0.00158198,0.00104293,0.000234367,0.00018747,0,0,0.932745,0.147907,8.40553E-05,3.55352E-05,4.57144E-06,1.92482E-06
526,4,2.39708,2.39529,0,0,0,0,0,2.05543,0.193101,0.105906,0.0237575,0.0170973,0,0,0,0.860938,0.0178045,0.00752703,0.000968317,0.000407713
526,5,2.42917,2.42314,0,0,0,0,0,0.000300415,1.13091,0.984711,0.18306,0.124162,0,0,0,0,0,0,0,0
526,6,2.49481,2.48458,0,0,0,0,0,1.04972E-15,0.00106781,1.4858,0.636397,0.361311,0,0,0,0,0,0,0,0
526,7,2.66688,2.64971,0,0,0,0,0,0,8.21066E-10,0.0573744,1.40045,1.19188,0,0,0,0,0,0,0,0
526,8,3.44781,3.41374,0,0,0,0,0,0,9.16597E-11,0.00414836,0.265031,3.14456,0,0,0,0,0,0,0,0
527,1,0.544999,0.544989,0,0,0.361038,0.180813,0.0030869,5.07401E-05,2.32311E-07,1.53153E-07,3.44164E-08,2.75297E-08,0.168132,0.0815124,0.000209719,4.37459E-07,2.38509E-10,1.00832E-10,1.29716E-11,5.46171E-12
527,2,1.55564,1.55562,0,0,0,1.29641,0.255217,0.00395342,1.81005E-05,1.19329E-05,2.68156E-06,2.14498E-06,0,0.608262,0.104693,0.000227727,1.2416E-07,5.24899E-08,6.75259E-09,2.84319E-09
527,3,2.35785,2.35768,0,0,0,0,1.98535,0.369261,0.00159535,0.00105175,0.000236348,0.000189055,0,0,0.931335,0.149434,8.49314E-05,3.59056E-05,4.61909E-06,1.94488E-06
527,4,2.39716,2.39536,0,0,0,0,0,2.05129,0.195584,0.107154,0.0240372,0.0172908,0,0,0,0.857632,0.0179079,0.00757073,0.00097394,0.00041008
527,5,2.42918,2.42315,0,0,0,0,0,0.000299701,1.13036,0.985176,0.183112,0.124197,0,0,0,0,0,0,0,0
527,6,2.49511,2.48486,0,0,0,0,0,1.04006E-15,0.00105798,1.48206,0.639359,0.362383,0,0,0,0,0,0,0,0
527,7,2.66755,2.65035,0,0,0,0,0,0,8.11336E-10,0.0565218,1.39777,1.19606,0,0,0,0,0,0,0,0
527,8,3.44868,3.41458,0,0,0,0,0,0,9.15689E-11,0.0041442,0.264621,3.14582,0,0,0,0,0,0,0,0
528,1,0.546564,0.546554,0,0,0.360627,0.182758,0.00311644,5.12257E-05,2.34534E-07,1.54619E-07,3.47458E-08,2.77931E-08,0.167848,0.0825104,0.000212424,4.43102E-07,2.41586E-10,1.02133E-10,1.31389E-11,5.53216E-12
528,2,1.56251,1.56249,0,0,0,1.29798,0.260437,0.00403207,1.84606E-05,1.21703E-05,2.73491E-06,2.18765E-06,0,0.608965,0.107135,0.000233096,1.27087E-07,5.37273E-08,6.91178E-09,2.91022E-09
528,3,2.35829,2.35811,0,0,0,0,1.98038,0.374619,0.00161784,0.00106657,0.00023968,0.00019172,0,0,0.928964,0.152001,8.64054E-05,3.65287E-05,4.69925E-06,1.97863E-06
528,4,2.39726,2.39544,0,0,0,0,0,2.04607,0.198689,0.108746,0.0243942,0.0175392,0,0,0,0.853443,0.0180729,0.00764047,0.000982911,0.000413857
528,5,2.42919,2.42316,0,0,0,0,0,0.000299065,1.12972,0.985732,0.18317,0.124237,0,0,0,0,0,0,0,0
528,6,2.49547,2.4852,0,0,0,0,0,1.02841E-15,0.00104614,1.4774,0.643041,0.363711,0,0,0,0,0,0,0,0
528,7,2.66829,2.65107,0,0,0,0,0,0,8.00505E-10,0.0555729,1.39478,1.20071,0,0,0,0,0,0,0,0
528,8,3.45019,3.41607,0,0,0,0,0,0,9.14416E-11,0.00413837,0.26405,3.14788,0,0,0,0,0,0,0,0
529,1,0.550353,0.550342,0,0,0.359948,0.187157,0.0031839,5.23344E-05,2.3961E-07,1.57965E-07,3.54978E-08,2.83947E-08,0.167325,0.0847648,0.000218509,4.55794E-07,2.48506E-10,1.05058E-10,1.35152E-11,5.69063E-12
529,2,1.57292,1.57289,0,0,0,1.30051,0.268193,0.00414913,1.89966E-05,1.25237E-05,2.81431E-06,2.25116E-06,0,0.610111,0.110751,0.000241043,1.3142E-07,5.55593E-08,7.14745E-09,3.00945E-09
529,3,2.35877,2.35859,0,0,0,0,1.97479,0.380637,0.00164309,0.00108322,0.00024342,0.000194712,0,0,0.926292,0.15489,8.80642E-05,0.00003723,4.78947E-06,2.01662E-06
529,4,2.39732,2.39549,0,0,0,0,0,2.04295,0.200485,0.109742,0.0246175,0.0176988,0,0,0,0.850987,0.0182739,0.00772547,0.000993845,0.000418461
529,5,2.42921,2.42317,0,0,0,0,0,0.000298675,1.12881,0.986527,0.183248,0.12429,0,0,0,0,0,0,0,0
529,6,2.4958,2.48552,0,0,0,0,0,1.01761E-15,0.00103515,1.4731,0.646442,0.364944,0,0,0,0,0,0,0,0
529,7,2.66885,2.65162,0,0,0,0,0,0,7.92211E-10,0.0548458,1.39251,1.20426,0,0,0,0,0,0,0,0
529,8,3.45385,3.41966,0,0,0,0,0,0,9.12623E-11,0.00413016,0.26325,3.15228,0,0,0,0,0,0,0,0
