Column1,Column2,Column3,Column4,Column5,Column6,Column7,Column8,Column9,Column10,Column11,Column12,Column13,Column14,Column15,Column16,Column17,Column18,Column19,Column20,Column21,Column22
1,1,0.445107,0.440165,0,0,0.324787,0.113677,0.00167287,2.74974E-05,1.25895E-07,8.29975E-08,1.86511E-08,1.4919E-08,0.0975371,0.0406151,0.000116169,2.4232E-07,1.32117E-10,5.58536E-11,7.18531E-12,3.02539E-12
1,2,1.09968,1.07464,0,0,0,0.931362,0.141202,0.00205584,9.41255E-06,6.20531E-06,1.39445E-06,1.11542E-06,0,0.32731,0.0521901,0.000118883,6.48168E-08,2.74019E-08,3.52514E-09,1.48427E-09
1,3,1.7338,1.56371,0,0,0,0,1.3748,0.187405,0.000784003,0.000516861,0.000116149,9.29073E-05,0,0,0.540651,0.0693722,4.04603E-05,0.000017105,2.20048E-06,9.26516E-07
1,4,2.57665,1.93706,0,0,0,0,0,1.74071,0.111021,0.0615069,0.0137996,0.010027,0,0,0,0.696421,0.0115615,0.00488774,0.000628784,0.000264751
1,5,3.22767,2.30356,0,0,0,0,0,0.000302843,1.09688,0.920795,0.17017,0.11542,0,0,0,0,0,0,0,0
1,6,3.35574,2.40569,0,0,0,0,0,1.11096E-15,0.00115417,1.47656,0.590131,0.337846,0,0,0,0,0,0,0,0
1,7,3.55727,2.59635,0,0,0,0,0,0,8.71948E-10,0.0626742,1.39657,1.1371,0,0,0,0,0,0,0,0
1,8,4.32259,3.38091,0,0,0,0,0,0,9.08452E-11,0.00411255,0.26399,3.11281,0,0,0,0,0,0,0,0
2,1,0.443129,0.438168,0,0,0.324847,0.111645,0.00164791,0.000027087,1.24016E-07,8.1759E-08,1.83728E-08,1.46964E-08,0.0974645,0.0399321,0.000114001,2.37799E-07,1.29651E-10,5.48114E-11,7.05123E-12,2.96894E-12
2,2,1.09883,1.07384,0,0,0,0.93095,0.140817,0.00205029,9.38715E-06,6.18856E-06,1.39069E-06,1.11241E-06,0,0.327102,0.0520468,0.000118555,6.46379E-08,2.73263E-08,3.51541E-09,1.48017E-09
2,3,1.73833,1.56563,0,0,0,0,1.36971,0.194352,0.000811452,0.000534957,0.000120215,9.61601E-05,0,0,0.538682,0.0724144,4.22741E-05,1.78718E-05,2.29913E-06,9.68052E-07
2,4,2.60249,1.95033,0,0,0,0,0,1.73004,0.125066,0.0686653,0.0154047,0.0111498,0,0,0,0.685601,0.0123787,0.00523321,0.000673228,0.000283464
2,5,3.22789,2.30373,0,0,0,0,0,0.000298438,1.09342,0.923854,0.170503,0.115646,0,0,0,0,0,0,0,0
2,6,3.35656,2.40639,0,0,0,0,0,1.08318E-15,0.0011253,1.47049,0.594992,0.33979,0,0,0,0,0,0,0,0
2,7,3.55765,2.59672,0,0,0,0,0,0,8.66651E-10,0.0622016,1.39524,1.13927,0,0,0,0,0,0,0,0
2,8,4.32073,3.379,0,0,0,0,0,0,9.08878E-11,0.00411449,0.26418,3.1107,0,0,0,0,0,0,0,0
3,1,0.4408,0.435822,0,0,0.32518,0.108998,0.0016166,2.65724E-05,1.2166E-07,8.02056E-08,1.80237E-08,1.44172E-08,0.0974269,0.0390828,0.000111229,2.32016E-07,1.26499E-10,5.34785E-11,6.87975E-12,2.89674E-12
3,2,1.09572,1.0709,0,0,0,0.930139,0.138722,0.00202112,9.25357E-06,6.1005E-06,1.3709E-06,1.09658E-06,0,0.326663,0.0512053,0.000116601,6.35724E-08,2.68758E-08,3.45745E-09,1.45577E-09
3,3,1.73904,1.56591,0,0,0,0,1.36876,0.195585,0.000816255,0.000538124,0.000120927,9.67292E-05,0,0,0.538295,0.0729649,4.26043E-05,1.80114E-05,2.31708E-06,9.75613E-07
3,4,2.60945,1.95392,0,0,0,0,0,1.72668,0.129181,0.0707239,0.0158663,0.011471,0,0,0,0.682318,0.0125783,0.00531759,0.000684083,0.000288035
3,5,3.22797,2.30378,0,0,0,0,0,0.000296725,1.09228,0.924868,0.170617,0.115723,0,0,0,0,0,0,0,0
3,6,3.35682,2.40662,0,0,0,0,0,1.07379E-15,0.00111555,1.46859,0.596503,0.340407,0,0,0,0,0,0,0,0
3,7,3.55764,2.59671,0,0,0,0,0,0,8.66701E-10,0.062205,1.3953,1.1392,0,0,0,0,0,0,0,0
3,8,4.31952,3.37776,0,0,0,0,0,0,9.0941E-11,0.00411693,0.26442,3.10922,0,0,0,0,0,0,0,0
4,1,0.439764,0.43478,0,0,0.325411,0.107739,0.00160203,2.63329E-05,1.20564E-07,7.94827E-08,1.78613E-08,1.42872E-08,0.0974265,0.0386886,0.000109922,2.2929E-07,1.25012E-10,5.28502E-11,6.79893E-12,2.86271E-12
4,2,1.09343,1.06874,0,0,0,0.929612,0.137111,0.0019988,9.1514E-06,6.03314E-06,1.35576E-06,1.08447E-06,0,0.326371,0.0505557,0.000115089,6.2748E-08,2.65273E-08,3.41262E-09,1.43689E-09
4,3,1.73843,1.56565,0,0,0,0,1.36928,0.194803,0.0008131,0.000536043,0.000120459,9.63553E-05,0,0,0.538479,0.0726331,4.24083E-05,1.79285E-05,2.30642E-06,9.71125E-07
4,4,2.60971,1.95406,0,0,0,0,0,1.72641,0.129426,0.0708364,0.0158915,0.0114882,0,0,0,0.682097,0.0125807,0.00531861,0.000684215,0.00028809
4,5,3.22798,2.30379,0,0,0,0,0,0.00029636,1.09205,0.925072,0.17064,0.115738,0,0,0,0,0,0,0,0
4,6,3.35685,2.40664,0,0,0,0,0,1.07231E-15,0.00111401,1.46844,0.596625,0.340469,0,0,0,0,0,0,0,0
4,7,3.5575,2.59657,0,0,0,0,0,0,8.68507E-10,0.0623646,1.3958,1.1384,0,0,0,0,0,0,0,0
4,8,4.31908,3.3773,0,0,0,0,0,0,9.0976E-11,0.00411853,0.26458,3.1086,0,0,0,0,0,0,0,0
5,1,0.439371,0.434385,0,0,0.325534,0.107228,0.00159621,2.62373E-05,1.20126E-07,7.91942E-08,1.77964E-08,1.42354E-08,0.0974335,0.0385315,0.000109394,2.28189E-07,1.24412E-10,5.25964E-11,6.76627E-12,2.84896E-12
5,2,1.09225,1.06764,0,0,0,0.929359,0.136273,0.00198721,9.09834E-06,5.99816E-06,1.3479E-06,1.07819E-06,0,0.326228,0.0502171,0.000114299,6.23177E-08,2.63454E-08,3.38922E-09,1.42704E-09
5,3,1.73786,1.56541,0,0,0,0,1.36981,0.194033,0.000810015,0.00053401,0.000120002,9.59898E-05,0,0,0.538674,0.0723022,4.22122E-05,1.78456E-05,2.29576E-06,9.66633E-07
5,4,2.60876,1.95357,0,0,0,0,0,1.72683,0.12889,0.0705652,0.0158307,0.0114457,0,0,0,0.682518,0.0125519,0.00530644,0.000682649,0.000287431
5,5,3.22798,2.30379,0,0,0,0,0,0.0002965,1.09215,0.924983,0.17063,0.115732,0,0,0,0,0,0,0,0
5,6,3.35678,2.40659,0,0,0,0,0,1.07394E-15,0.0011157,1.46897,0.596191,0.340308,0,0,0,0,0,0,0,0
5,7,3.55733,2.5964,0,0,0,0,0,0,8.709E-10,0.0625766,1.39646,1.13736,0,0,0,0,0,0,0,0
5,8,4.31878,3.37699,0,0,0,0,0,0,9.10067E-11,0.00411994,0.264719,3.10816,0,0,0,0,0,0,0,0
6,1,0.439247,0.43426,0,0,0.325594,0.107044,0.00159419,2.62041E-05,1.19974E-07,7.9094E-08,1.77739E-08,1.42174E-08,0.0974403,0.038477,0.000109207,2.27798E-07,1.24199E-10,5.25062E-11,6.75468E-12,2.84407E-12
6,2,1.09175,1.06716,0,0,0,0.929255,0.135904,0.00198213,9.07506E-06,5.98282E-06,1.34445E-06,1.07543E-06,0,0.326169,0.0500682,0.000113952,6.21283E-08,2.62653E-08,3.37892E-09,1.4227E-09
6,3,1.73754,1.56526,0,0,0,0,1.37013,0.193578,0.000808198,0.000532812,0.000119733,9.57745E-05,0,0,0.538792,0.0721063,4.20959E-05,1.77965E-05,2.28943E-06,9.63971E-07
6,4,2.60796,1.95316,0,0,0,0,0,1.72723,0.128413,0.0703271,0.0157773,0.0114086,0,0,0,0.6829,0.0125291,0.00529677,0.000681405,0.000286908
6,5,3.22797,2.30378,0,0,0,0,0,0.000296721,1.0923,0.924843,0.170615,0.115721,0,0,0,0,0,0,0,0
6,6,3.3567,2.40651,0,0,0,0,0,1.07616E-15,0.00111801,1.46962,0.595665,0.340109,0,0,0,0,0,0,0,0
6,7,3.55717,2.59624,0,0,0,0,0,0,8.73078E-10,0.0627696,1.39705,1.13642,0,0,0,0,0,0,0,0
6,8,4.31853,3.37674,0,0,0,0,0,0,9.10324E-11,0.00412112,0.264837,3.10778,0,0,0,0,0,0,0,0
7,1,0.439219,0.434232,0,0,0.325625,0.106986,0.0015936,2.61944E-05,1.19929E-07,7.90646E-08,1.77673E-08,1.42121E-08,0.0974454,0.0384611,0.000109149,2.27677E-07,1.24133E-10,5.24784E-11,6.7511E-12,2.84257E-12
7,2,1.09153,1.06696,0,0,0,0.929214,0.135748,0.00197997,9.06521E-06,5.97632E-06,1.34299E-06,1.07426E-06,0,0.326145,0.0500049,0.000113804,6.20477E-08,2.62313E-08,3.37453E-09,1.42085E-09
7,3,1.73736,1.56519,0,0,0,0,1.3703,0.193337,0.000807234,0.000532176,0.00011959,9.56602E-05,0,0,0.538855,0.0720021,0.000042034,1.77703E-05,2.28607E-06,9.62554E-07
7,4,2.60746,1.9529,0,0,0,0,0,1.72748,0.12811,0.0701766,0.0157436,0.0113851,0,0,0,0.683144,0.0125151,0.00529088,0.000680647,0.000286588
7,5,3.22796,2.30378,0,0,0,0,0,0.000296881,1.09242,0.924741,0.170604,0.115714,0,0,0,0,0,0,0,0
7,6,3.35665,2.40646,0,0,0,0,0,1.07777E-15,0.00111968,1.47008,0.5953,0.339969,0,0,0,0,0,0,0,0
7,7,3.55707,2.59614,0,0,0,0,0,0,8.74364E-10,0.0628837,1.3974,1.13586,0,0,0,0,0,0,0,0
7,8,4.31839,3.3766,0,0,0,0,0,0,9.10471E-11,0.0041218,0.264904,3.10757,0,0,0,0,0,0,0,0
8,1,0.439187,0.4342,0,0,0.325644,0.106935,0.00159305,2.61854E-05,1.19888E-07,7.90374E-08,1.77612E-08,1.42072E-08,0.0974479,0.0384463,0.000109098,2.2757E-07,1.24075E-10,5.24537E-11,6.74792E-12,2.84123E-12
8,2,1.09141,1.06684,0,0,0,0.929188,0.135653,0.00197867,9.05924E-06,5.97239E-06,1.34211E-06,1.07355E-06,0,0.32613,0.0499667,0.000113715,6.19991E-08,2.62107E-08,3.37189E-09,1.41974E-09
8,3,1.73727,1.56515,0,0,0,0,1.3704,0.193198,0.000806679,0.00053181,0.000119508,9.55945E-05,0,0,0.538891,0.0719421,4.19984E-05,1.77552E-05,2.28413E-06,9.61738E-07
8,4,2.6072,1.95276,0,0,0,0,0,1.72761,0.127955,0.0700988,0.0157261,0.011373,0,0,0,0.683268,0.0125074,0.00528764,0.00068023,0.000286412
8,5,3.22796,2.30377,0,0,0,0,0,0.000296958,1.09248,0.924692,0.170598,0.11571,0,0,0,0,0,0,0,0
8,6,3.35663,2.40645,0,0,0,0,0,1.07824E-15,0.00112017,1.47018,0.595221,0.339937,0,0,0,0,0,0,0,0
8,7,3.55707,2.59614,0,0,0,0,0,0,8.74406E-10,0.0628874,1.39741,1.13584,0,0,0,0,0,0,0,0
8,8,4.31839,3.3766,0,0,0,0,0,0,9.10474E-11,0.00412181,0.264905,3.10757,0,0,0,0,0,0,0,0
9,1,0.439134,0.434146,0,0,0.325656,0.106871,0.00159231,2.61731E-05,1.19832E-07,7.90004E-08,1.77529E-08,1.42005E-08,0.0974477,0.0384262,0.000109031,2.27431E-07,1.23999E-10,5.24216E-11,6.7438E-12,2.83949E-12
9,2,1.0913,1.06674,0,0,0,0.929165,0.135577,0.00197762,9.05445E-06,5.96922E-06,1.3414E-06,1.07299E-06,0,0.326117,0.0499361,0.000113644,6.19603E-08,2.61943E-08,3.36978E-09,1.41885E-09
9,3,1.7372,1.56512,0,0,0,0,1.37046,0.193108,0.000806322,0.000531575,0.000119455,9.55521E-05,0,0,0.538914,0.0719035,4.19756E-05,1.77456E-05,2.28289E-06,9.61214E-07
9,4,2.60708,1.9527,0,0,0,0,0,1.72765,0.127895,0.0700677,0.0157191,0.0113681,0,0,0,0.683314,0.0125035,0.00528598,0.000680016,0.000286323
9,5,3.22795,2.30377,0,0,0,0,0,0.000296972,1.09248,0.924686,0.170597,0.115709,0,0,0,0,0,0,0,0
9,6,3.35665,2.40647,0,0,0,0,0,1.07779E-15,0.0011197,1.46999,0.595374,0.339992,0,0,0,0,0,0,0,0
9,7,3.55714,2.59621,0,0,0,0,0,0,8.73438E-10,0.0628016,1.39714,1.13626,0,0,0,0,0,0,0,0
9,8,4.3185,3.37671,0,0,0,0,0,0,9.1036E-11,0.00412129,0.264853,3.10774,0,0,0,0,0,0,0,0
10,1,0.439096,0.434108,0,0,0.325657,0.106832,0.00159183,2.61653E-05,1.19796E-07,7.89769E-08,1.77476E-08,1.41963E-08,0.0974461,0.0384135,0.00010899,2.27345E-07,1.23952E-10,5.24018E-11,6.74125E-12,2.83842E-12
10,2,1.09125,1.06669,0,0,0,0.929154,0.135539,0.00197709,9.05198E-06,5.9676E-06,1.34103E-06,1.07269E-06,0,0.326111,0.0499204,0.000113607,6.19403E-08,2.61858E-08,3.36869E-09,1.41839E-09
10,3,1.73716,1.5651,0,0,0,0,1.37049,0.193058,0.000806119,0.000531441,0.000119425,0.000095528,0,0,0.538927,0.0718816,4.19625E-05,1.77401E-05,2.28218E-06,9.60916E-07
10,4,2.60704,1.95268,0,0,0,0,0,1.72766,0.12788,0.0700592,0.0157172,0.0113667,0,0,0,0.683323,0.0125017,0.00528522,0.000679919,0.000286282
10,5,3.22796,2.30377,0,0,0,0,0,0.000296953,1.09247,0.924699,0.170599,0.11571,0,0,0,0,0,0,0,0
10,6,3.35669,2.4065,0,0,0,0,0,1.07704E-15,0.00111892,1.46971,0.595602,0.340076,0,0,0,0,0,0,0,0
10,7,3.55724,2.59631,0,0,0,0,0,0,8.72068E-10,0.0626803,1.39677,1.13686,0,0,0,0,0,0,0,0
10,8,4.31867,3.37688,0,0,0,0,0,0,9.10194E-11,0.00412053,0.264777,3.10798,0,0,0,0,0,0,0,0
11,1,0.439075,0.434087,0,0,0.325647,0.106822,0.00159168,2.61628E-05,1.19785E-07,7.89693E-08,1.77459E-08,1.41949E-08,0.0974426,0.0384095,0.000108979,2.27322E-07,1.2394E-10,5.23967E-11,6.74058E-12,2.83814E-12
11,2,1.09126,1.0667,0,0,0,0.929157,0.135545,0.00197718,9.05241E-06,5.96789E-06,1.3411E-06,1.07274E-06,0,0.326113,0.0499231,0.000113613,6.19436E-08,2.61873E-08,3.36887E-09,1.41847E-09
11,3,1.73716,1.5651,0,0,0,0,1.3705,0.193045,0.00080607,0.000531409,0.000119418,9.55223E-05,0,0,0.538931,0.0718762,4.19593E-05,1.77387E-05,0.000002282,9.60843E-07
11,4,2.60704,1.95268,0,0,0,0,0,1.72764,0.127891,0.0700636,0.0157182,0.0113674,0,0,0,0.683313,0.0125014,0.0052851,0.000679903,0.000286275
11,5,3.22796,2.30377,0,0,0,0,0,0.000296921,1.09244,0.924721,0.170601,0.115712,0,0,0,0,0,0,0,0
11,6,3.35672,2.40653,0,0,0,0,0,1.07633E-15,0.00111819,1.46944,0.595815,0.340153,0,0,0,0,0,0,0,0
11,7,3.55734,2.59641,0,0,0,0,0,0,8.7076E-10,0.0625644,1.39641,1.13743,0,0,0,0,0,0,0,0
11,8,4.31883,3.37705,0,0,0,0,0,0,9.10029E-11,0.00411977,0.264702,3.10823,0,0,0,0,0,0,0,0
12,1,0.439062,0.434074,0,0,0.325625,0.106831,0.00159172,2.61634E-05,1.19788E-07,7.89711E-08,1.77463E-08,1.41953E-08,0.0974371,0.0384108,0.000108987,2.2734E-07,1.23949E-10,5.24006E-11,6.7411E-12,2.83835E-12
12,2,1.09132,1.06676,0,0,0,0.929172,0.135589,0.00197779,9.0552E-06,5.96972E-06,1.34151E-06,1.07307E-06,0,0.326121,0.0499408,0.000113654,6.19661E-08,2.61968E-08,3.37009E-09,1.41898E-09
12,3,1.73717,1.56511,0,0,0,0,1.37049,0.193068,0.000806163,0.00053147,0.000119431,9.55332E-05,0,0,0.538925,0.071886,4.19651E-05,1.77412E-05,2.28232E-06,9.60975E-07
12,4,2.60709,1.95271,0,0,0,0,0,1.72761,0.127923,0.0700793,0.0157217,0.0113698,0,0,0,0.683285,0.0125025,0.00528553,0.000679959,0.000286299
12,5,3.22796,2.30378,0,0,0,0,0,0.000296882,1.09241,0.924747,0.170604,0.115714,0,0,0,0,0,0,0,0
12,6,3.35674,2.40655,0,0,0,0,0,1.07573E-15,0.00111756,1.46923,0.595989,0.340217,0,0,0,0,0,0,0,0
12,7,3.55741,2.59648,0,0,0,0,0,0,8.69708E-10,0.0624712,1.39612,1.13789,0,0,0,0,0,0,0,0
12,8,4.31897,3.37719,0,0,0,0,0,0,9.09894E-11,0.00411915,0.26464,3.10843,0,0,0,0,0,0,0,0
13,1,0.439044,0.434056,0,0,0.325594,0.106844,0.00159177,2.61643E-05,1.19792E-07,7.89738E-08,1.77469E-08,1.41958E-08,0.0974292,0.0384125,0.000108999,2.27364E-07,1.23962E-10,5.24062E-11,6.74182E-12,2.83866E-12
13,2,1.09141,1.06684,0,0,0,0.929193,0.135654,0.00197869,9.05934E-06,5.97245E-06,1.34212E-06,1.07357E-06,0,0.326133,0.0499671,0.000113716,6.19995E-08,2.62109E-08,3.37191E-09,1.41975E-09
13,3,1.73721,1.56513,0,0,0,0,1.37045,0.193118,0.000806364,0.000531603,0.000119461,9.55572E-05,0,0,0.538913,0.0719075,4.19779E-05,1.77465E-05,2.28301E-06,9.61267E-07
13,4,2.60717,1.95275,0,0,0,0,0,1.72757,0.127976,0.0701053,0.0157276,0.0113739,0,0,0,0.683241,0.0125047,0.00528647,0.000680079,0.000286349
13,5,3.22796,2.30378,0,0,0,0,0,0.000296841,1.09238,0.924774,0.170607,0.115716,0,0,0,0,0,0,0,0
13,6,3.35677,2.40657,0,0,0,0,0,1.07522E-15,0.00111703,1.46906,0.596125,0.340267,0,0,0,0,0,0,0,0
13,7,3.55747,2.59654,0,0,0,0,0,0,8.68951E-10,0.0624041,1.39592,1.13822,0,0,0,0,0,0,0,0
13,8,4.31907,3.3773,0,0,0,0,0,0,9.09794E-11,0.00411869,0.264595,3.10858,0,0,0,0,0,0,0,0
14,1,0.43901,0.434022,0,0,0.325555,0.106848,0.00159168,2.61628E-05,1.19785E-07,7.89694E-08,1.77459E-08,1.4195E-08,0.097419,0.0384105,0.000109,2.27366E-07,1.23964E-10,5.24068E-11,6.74189E-12,2.83869E-12
14,2,1.09151,1.06694,0,0,0,0.929215,0.135728,0.00197971,0.000009064,5.97553E-06,1.34281E-06,1.07412E-06,0,0.326145,0.0499968,0.000113785,6.20373E-08,2.62269E-08,3.37397E-09,1.42062E-09
14,3,1.73726,1.56515,0,0,0,0,1.3704,0.19319,0.000806653,0.000531793,0.000119504,9.55913E-05,0,0,0.538895,0.0719385,4.19962E-05,1.77543E-05,2.28401E-06,9.61687E-07
14,4,2.60729,1.95281,0,0,0,0,0,1.72751,0.128046,0.0701402,0.0157354,0.0113793,0,0,0,0.683184,0.0125079,0.00528785,0.000680257,0.000286424
14,5,3.22796,2.30378,0,0,0,0,0,0.000296798,1.09235,0.924802,0.17061,0.115718,0,0,0,0,0,0,0,0
14,6,3.35678,2.40658,0,0,0,0,0,1.07482E-15,0.00111662,1.46894,0.596224,0.340304,0,0,0,0,0,0,0,0
14,7,3.55751,2.59658,0,0,0,0,0,0,8.68417E-10,0.0623569,1.39577,1.13845,0,0,0,0,0,0,0,0
14,8,4.31916,3.37739,0,0,0,0,0,0,9.09717E-11,0.00411833,0.26456,3.10871,0,0,0,0,0,0,0,0
15,1,0.438954,0.433965,0,0,0.325511,0.106836,0.00159138,2.61579E-05,1.19762E-07,7.89545E-08,1.77426E-08,1.41923E-08,0.0974065,0.0384027,0.000108984,2.27333E-07,1.23946E-10,5.23992E-11,6.74092E-12,2.83828E-12
15,2,1.09163,1.06705,0,0,0,0.929239,0.135808,0.00198082,9.06906E-06,5.97886E-06,1.34356E-06,1.07472E-06,0,0.326158,0.0500292,0.00011386,6.20784E-08,2.62443E-08,3.3762E-09,1.42156E-09
15,3,1.73734,1.56518,0,0,0,0,1.37033,0.193291,0.000807056,0.000532059,0.000119564,9.56391E-05,0,0,0.538868,0.0719819,0.000042022,1.77652E-05,2.28541E-06,9.62277E-07
15,4,2.60745,1.95289,0,0,0,0,0,1.72743,0.128142,0.0701882,0.0157462,0.0113868,0,0,0,0.683108,0.0125127,0.00528988,0.000680518,0.000286534
15,5,3.22797,2.30378,0,0,0,0,0,0.000296747,1.09232,0.924834,0.170614,0.115721,0,0,0,0,0,0,0,0
15,6,3.3568,2.4066,0,0,0,0,0,1.07442E-15,0.0011162,1.46881,0.596328,0.340343,0,0,0,0,0,0,0,0
15,7,3.55756,2.59663,0,0,0,0,0,0,8.67701E-10,0.0622935,1.39557,1.13876,0,0,0,0,0,0,0,0
15,8,4.3193,3.37753,0,0,0,0,0,0,9.09597E-11,0.00411779,0.264505,3.10891,0,0,0,0,0,0,0,0
16,1,0.438875,0.433886,0,0,0.32546,0.106808,0.00159086,2.61493E-05,1.19723E-07,7.89285E-08,1.77367E-08,1.41876E-08,0.0973916,0.0383887,0.000108951,2.27263E-07,1.23907E-10,5.2383E-11,6.73883E-12,2.8374E-12
16,2,1.09177,1.06718,0,0,0,0.929266,0.135913,0.00198226,9.07568E-06,5.98323E-06,1.34455E-06,1.0755E-06,0,0.326175,0.0500716,0.00011396,6.21325E-08,2.62671E-08,3.37914E-09,1.4228E-09
16,3,1.73746,1.56523,0,0,0,0,1.37021,0.193468,0.000807762,0.000532524,0.000119668,9.57228E-05,0,0,0.538822,0.0720584,4.20674E-05,1.77844E-05,2.28788E-06,9.63317E-07
16,4,2.60776,1.95306,0,0,0,0,0,1.72728,0.128326,0.0702809,0.0157669,0.0114013,0,0,0,0.68296,0.0125221,0.00529381,0.000681025,0.000286747
16,5,3.22797,2.30378,0,0,0,0,0,0.000296643,1.09224,0.924901,0.170621,0.115726,0,0,0,0,0,0,0,0
16,6,3.35684,2.40664,0,0,0,0,0,1.07338E-15,0.00111512,1.46843,0.596634,0.340454,0,0,0,0,0,0,0,0
16,7,3.55773,2.5968,0,0,0,0,0,0,8.6539E-10,0.062089,1.39493,1.13978,0,0,0,0,0,0,0,0
16,8,4.31973,3.37798,0,0,0,0,0,0,9.09227E-11,0.00411609,0.264337,3.10953,0,0,0,0,0,0,0,0
17,1,0.438762,0.433771,0,0,0.325396,0.106758,0.00159,2.61352E-05,1.19658E-07,7.88859E-08,1.77272E-08,1.418E-08,0.0973727,0.0383654,0.000108891,2.27138E-07,1.23839E-10,5.23543E-11,6.73513E-12,2.83584E-12
17,2,1.09202,1.06742,0,0,0,0.929311,0.136107,0.00198492,9.08786E-06,5.99125E-06,1.34635E-06,1.07695E-06,0,0.326201,0.0501502,0.000114143,6.22327E-08,2.63095E-08,3.38459E-09,1.42509E-09
17,3,1.73778,1.56537,0,0,0,0,1.36989,0.193921,0.000809564,0.000533712,0.000119935,9.59363E-05,0,0,0.538701,0.0722545,0.000042184,1.78337E-05,2.29422E-06,9.65987E-07
17,4,2.60872,1.95355,0,0,0,0,0,1.72681,0.128899,0.070567,0.0158311,0.0114459,0,0,0,0.6825,0.0125498,0.00530555,0.000682534,0.000287383
17,5,3.22799,2.3038,0,0,0,0,0,0.000296313,1.092,0.925112,0.170645,0.115741,0,0,0,0,0,0,0,0
17,6,3.35701,2.40679,0,0,0,0,0,1.06935E-15,0.00111093,1.46698,0.597813,0.340883,0,0,0,0,0,0,0,0
17,7,3.5583,2.59737,0,0,0,0,0,0,8.57694E-10,0.0614077,1.39281,1.14314,0,0,0,0,0,0,0,0
17,8,4.32111,3.37939,0,0,0,0,0,0,9.08078E-11,0.00411081,0.263815,3.11147,0,0,0,0,0,0,0,0
18,1,0.438559,0.433566,0,0,0.325295,0.106655,0.00158831,2.61075E-05,1.19532E-07,7.88023E-08,1.77084E-08,1.41649E-08,0.097343,0.0383186,0.000108768,2.26881E-07,1.23699E-10,5.2295E-11,6.72751E-12,2.83263E-12
18,2,1.09269,1.06804,0,0,0,0.929413,0.13662,0.00199195,9.12006E-06,6.01248E-06,1.35112E-06,1.08076E-06,0,0.326264,0.0503588,0.000114632,6.24989E-08,2.6422E-08,3.39907E-09,1.43119E-09
18,3,1.73887,1.56584,0,0,0,0,1.36873,0.195529,0.000815951,0.000537923,0.000120882,9.66932E-05,0,0,0.538263,0.0729538,4.26001E-05,1.80096E-05,2.31685E-06,9.75515E-07
18,4,2.61279,1.95565,0,0,0,0,0,1.72481,0.131321,0.071779,0.0161028,0.011635,0,0,0,0.680555,0.0126681,0.00535556,0.000688968,0.000290092
18,5,3.22804,2.30383,0,0,0,0,0,0.000295181,1.09118,0.925836,0.170725,0.115796,0,0,0,0,0,0,0,0
18,6,3.35759,2.40729,0,0,0,0,0,1.05556E-15,0.00109661,1.46218,0.601701,0.342309,0,0,0,0,0,0,0,0
18,7,3.5598,2.59886,0,0,0,0,0,0,8.37419E-10,0.0596125,1.38724,1.152,0,0,0,0,0,0,0,0
18,8,4.32454,3.38292,0,0,0,0,0,0,9.05323E-11,0.00409817,0.262562,3.11626,0,0,0,0,0,0,0,0
19,1,0.438217,0.433218,0,0,0.325055,0.10655,0.00158596,2.60687E-05,1.19354E-07,7.86853E-08,1.76821E-08,1.41439E-08,0.0972814,0.0382497,0.000108616,2.26564E-07,1.23526E-10,5.22219E-11,6.7181E-12,2.82867E-12
19,2,1.09489,1.07011,0,0,0,0.929745,0.138333,0.00201549,9.22783E-06,6.08353E-06,1.36708E-06,1.09353E-06,0,0.326464,0.0510584,0.000116265,6.33895E-08,2.67985E-08,3.44751E-09,1.45158E-09
19,3,1.74345,1.56778,0,0,0,0,1.36375,0.202403,0.000843164,0.000555863,0.000124913,0.000099918,0,0,0.53635,0.0759541,4.43875E-05,1.87653E-05,2.41407E-06,1.01645E-06
19,4,2.6324,1.96577,0,0,0,0,0,1.71569,0.142656,0.0774999,0.0173855,0.0125292,0,0,0,0.671486,0.0132611,0.00560625,0.000721218,0.000303671
19,5,3.2282,2.30395,0,0,0,0,0,0.000292064,1.08865,0.928084,0.170968,0.115961,0,0,0,0,0,0,0,0
19,6,3.35894,2.40847,0,0,0,0,0,1.0226E-15,0.00106235,1.45101,0.610758,0.345642,0,0,0,0,0,0,0,0
19,7,3.56224,2.60129,0,0,0,0,0,0,8.04192E-10,0.0566698,1.37814,1.16648,0,0,0,0,0,0,0,0
19,8,4.32639,3.38484,0,0,0,0,0,0,9.02299E-11,0.00408429,0.261185,3.11957,0,0,0,0,0,0,0,0
20,1,0.55057,0.55056,0,0,0.360386,0.186939,0.00318178,5.22996E-05,2.39451E-07,1.5786E-07,3.54742E-08,2.83758E-08,0.167528,0.0846619,0.000218179,4.55106E-07,2.48131E-10,1.049E-10,1.34948E-11,5.68203E-12
20,2,1.56819,1.56816,0,0,0,1.29979,0.264242,0.00408987,1.87252E-05,1.23448E-05,2.77411E-06,2.21901E-06,0,0.609825,0.108874,0.000236908,1.29166E-07,5.46062E-08,7.02484E-09,2.95782E-09
20,3,2.35784,2.35767,0,0,0,0,1.98679,0.367814,0.00158945,0.00104786,0.000235474,0.000188356,0,0,0.932085,0.148679,8.44934E-05,3.57204E-05,4.59526E-06,1.93485E-06
20,4,2.39694,2.39517,0,0,0,0,0,2.06381,0.187984,0.103448,0.0232065,0.0167222,0,0,0,0.867637,0.0177419,0.00750053,0.000964909,0.000406277
20,5,2.42916,2.42313,0,0,0,0,0,0.000302067,1.13134,0.984358,0.183006,0.124125,0,0,0,0,0,0,0,0
20,6,2.4951,2.48485,0,0,0,0,0,1.04586E-15,0.00106389,1.4819,0.639532,0.36235,0,0,0,0,0,0,0,0
20,7,2.66807,2.65086,0,0,0,0,0,0,8.03733E-10,0.0558564,1.39565,1.19935,0,0,0,0,0,0,0,0
20,8,3.45342,3.41924,0,0,0,0,0,0,9.13336E-11,0.00413343,0.263574,3.15153,0,0,0,0,0,0,0,0
21,1,0.550199,0.550189,0,0,0.359852,0.187101,0.00318281,5.23166E-05,2.39529E-07,1.57911E-07,3.54857E-08,2.8385E-08,0.167279,0.0847402,0.000218451,4.55673E-07,2.4844E-10,1.0503E-10,1.35117E-11,5.68912E-12
21,2,1.57409,1.57407,0,0,0,1.30079,0.269077,0.00416246,1.90576E-05,1.25639E-05,2.82335E-06,2.25839E-06,0,0.610238,0.111164,0.00024195,1.31915E-07,5.57682E-08,7.17433E-09,3.02077E-09
21,3,2.35873,2.35855,0,0,0,0,1.97555,0.379845,0.00163981,0.00108106,0.000242935,0.000194323,0,0,0.92667,0.154495,0.000087836,3.71335E-05,4.77706E-06,2.01139E-06
21,4,2.39725,2.39543,0,0,0,0,0,2.04735,0.197821,0.108433,0.024324,0.017497,0,0,0,0.854477,0.0181934,0.00769144,0.000989467,0.000416618
21,5,2.4292,2.42316,0,0,0,0,0,0.000299746,1.12951,0.985928,0.183179,0.124243,0,0,0,0,0,0,0,0
21,6,2.49577,2.48548,0,0,0,0,0,1.02184E-15,0.00103945,1.47338,0.646248,0.364814,0,0,0,0,0,0,0,0
21,7,2.6691,2.65186,0,0,0,0,0,0,7.88641E-10,0.0545338,1.3915,1.20582,0,0,0,0,0,0,0,0
21,8,3.4546,3.42039,0,0,0,0,0,0,9.12054E-11,0.00412755,0.262996,3.15327,0,0,0,0,0,0,0,0
22,1,0.550921,0.550911,0,0,0.359397,0.18826,0.00319984,5.25966E-05,2.40811E-07,1.58757E-07,3.56756E-08,2.85369E-08,0.167014,0.0853349,0.000220087,4.59085E-07,2.503E-10,1.05817E-10,1.36128E-11,5.73172E-12
22,2,1.57941,1.57938,0,0,0,1.30185,0.273268,0.00422544,0.000019346,0.000012754,2.86607E-06,2.29257E-06,0,0.610697,0.113136,0.000246293,1.34282E-07,5.67692E-08,7.3031E-09,3.07498E-09
22,3,2.3592,2.35903,0,0,0,0,1.9697,0.386114,0.00166606,0.00109837,0.000246824,0.000197434,0,0,0.923859,0.15752,8.95742E-05,3.78684E-05,4.87159E-06,2.05119E-06
22,4,2.39742,2.39557,0,0,0,0,0,2.03808,0.203384,0.111226,0.0249503,0.0179302,0,0,0,0.847079,0.0184251,0.0077894,0.00100207,0.000421924
22,5,2.42922,2.42318,0,0,0,0,0,0.00029814,1.12828,0.986986,0.183297,0.124323,0,0,0,0,0,0,0,0
22,6,2.49634,2.48603,0,0,0,0,0,1.00265E-15,0.00101993,1.46609,0.652011,0.366906,0,0,0,0,0,0,0,0
22,7,2.6699,2.65263,0,0,0,0,0,0,7.76969E-10,0.0535111,1.38828,1.21083,0,0,0,0,0,0,0,0
22,8,3.45567,3.42144,0,0,0,0,0,0,9.11067E-11,0.00412303,0.262551,3.15477,0,0,0,0,0,0,0,0
23,1,0.552865,0.552855,0,0,0.358942,0.190623,0.00323584,5.31883E-05,2.4352E-07,1.60543E-07,3.6077E-08,2.8858E-08,0.166689,0.0865471,0.000223367,4.65928E-07,2.54031E-10,1.07394E-10,1.38158E-11,5.81716E-12
23,2,1.58492,1.58489,0,0,0,1.30306,0.277507,0.00428925,1.96381E-05,1.29466E-05,2.90934E-06,2.32719E-06,0,0.611234,0.115122,0.000250663,1.36665E-07,5.77765E-08,7.43268E-09,3.12955E-09
23,3,2.35952,2.35934,0,0,0,0,1.96591,0.390192,0.00168315,0.00110963,0.000249356,0.00019946,0,0,0.922041,0.159482,9.07011E-05,3.83448E-05,4.93288E-06,0.000002077
23,4,2.3975,2.39564,0,0,0,0,0,2.03324,0.206279,0.112685,0.0252773,0.0181566,0,0,0,0.843214,0.018551,0.00784263,0.00100892,0.000424807
23,5,2.42923,2.42319,0,0,0,0,0,0.000297361,1.12765,0.987529,0.183356,0.124363,0,0,0,0,0,0,0,0
23,6,2.49668,2.48635,0,0,0,0,0,9.91602E-16,0.00100869,1.46167,0.655506,0.368166,0,0,0,0,0,0,0,0
23,7,2.67035,2.65306,0,0,0,0,0,0,7.70453E-10,0.0529403,1.38648,1.21364,0,0,0,0,0,0,0,0
23,8,3.45639,3.42215,0,0,0,0,0,0,9.10474E-11,0.00412031,0.262284,3.15575,0,0,0,0,0,0,0,0
24,1,0.443129,0.438168,0,0,0.324847,0.111645,0.00164791,0.000027087,1.24016E-07,8.1759E-08,1.83728E-08,1.46964E-08,0.0974645,0.0399321,0.000114001,2.37799E-07,1.29651E-10,5.48114E-11,7.05123E-12,2.96894E-12
24,2,1.09883,1.07384,0,0,0,0.93095,0.140817,0.00205029,9.38715E-06,6.18856E-06,1.39069E-06,1.11241E-06,0,0.327102,0.0520468,0.000118555,6.46379E-08,2.73263E-08,3.51541E-09,1.48017E-09
24,3,1.73833,1.56563,0,0,0,0,1.36971,0.194352,0.000811452,0.000534957,0.000120215,9.61601E-05,0,0,0.538682,0.0724144,4.22741E-05,1.78718E-05,2.29913E-06,9.68052E-07
24,4,2.60249,1.95033,0,0,0,0,0,1.73004,0.125066,0.0686653,0.0154047,0.0111498,0,0,0,0.685601,0.0123787,0.00523321,0.000673228,0.000283464
24,5,3.22789,2.30373,0,0,0,0,0,0.000298438,1.09342,0.923854,0.170503,0.115646,0,0,0,0,0,0,0,0
24,6,3.35656,2.40639,0,0,0,0,0,1.08318E-15,0.0011253,1.47049,0.594992,0.33979,0,0,0,0,0,0,0,0
24,7,3.55765,2.59672,0,0,0,0,0,0,8.66651E-10,0.0622016,1.39524,1.13927,0,0,0,0,0,0,0,0
24,8,4.32073,3.379,0,0,0,0,0,0,9.08878E-11,0.00411449,0.26418,3.1107,0,0,0,0,0,0,0,0
25,1,0.554826,0.554816,0,0,0.360936,0.190585,0.00324069,0.000053268,2.43884E-07,1.60783E-07,3.6131E-08,2.89012E-08,0.167607,0.0865288,0.000223095,4.65359E-07,2.53721E-10,1.07263E-10,1.37989E-11,5.81005E-12
25,2,1.56581,1.56578,0,0,0,1.29968,0.262014,0.00405664,1.85731E-05,1.22445E-05,2.75157E-06,2.20098E-06,0,0.609813,0.107798,0.000234532,1.2787E-07,5.40583E-08,6.95436E-09,2.92815E-09
25,3,2.35685,2.35669,0,0,0,0,1.99983,0.353906,0.00153132,0.00100953,0.000226861,0.000181467,0,0,0.938394,0.141926,8.06107E-05,0.000034079,4.3841E-06,1.84594E-06
25,4,2.39638,2.39471,0,0,0,0,0,2.09402,0.169931,0.0942978,0.021155,0.0152991,0,0,0,0.891742,0.0168958,0.00714285,0.000918895,0.000386903
25,5,2.42907,2.42305,0,0,0,0,0,0.000308405,1.13639,0.980019,0.182528,0.123801,0,0,0,0,0,0,0,0
25,6,2.49293,2.48279,0,0,0,0,0,1.12367E-15,0.00114304,1.5094,0.617857,0.354388,0,0,0,0,0,0,0,0
25,7,2.66212,2.64511,0,0,0,0,0,0,8.90873E-10,0.0634939,1.41957,1.16204,0,0,0,0,0,0,0,0
25,8,3.44304,3.40907,0,0,0,0,0,0,9.23288E-11,0.00417907,0.268057,3.13683,0,0,0,0,0,0,0,0
26,1,0.549234,0.549224,0,0,0.361477,0.184547,0.00314693,5.17269E-05,2.36829E-07,1.56131E-07,3.50857E-08,2.80651E-08,0.168154,0.0834265,0.000214772,4.47998E-07,2.44255E-10,1.03261E-10,1.32841E-11,5.59329E-12
26,2,1.55622,1.55619,0,0,0,1.297,0.255205,0.00395361,1.81014E-05,1.19335E-05,2.68169E-06,2.14508E-06,0,0.60857,0.104651,0.000227623,1.24104E-07,5.2466E-08,6.74951E-09,2.8419E-09
26,3,2.35692,2.35675,0,0,0,0,1.99812,0.35567,0.00153859,0.00101433,0.00022794,0.000182329,0,0,0.93753,0.142818,8.11261E-05,3.42969E-05,4.41213E-06,1.85774E-06
26,4,2.39655,2.39484,0,0,0,0,0,2.08484,0.17548,0.0970358,0.0217688,0.0157202,0,0,0,0.884334,0.0170363,0.00720225,0.000926536,0.00039012
26,5,2.42908,2.42305,0,0,0,0,0,0.000307026,1.13614,0.980214,0.182563,0.123825,0,0,0,0,0,0,0,0
26,6,2.49293,2.48279,0,0,0,0,0,1.1207E-15,0.00114003,1.50942,0.617817,0.354412,0,0,0,0,0,0,0,0
26,7,2.66184,2.64484,0,0,0,0,0,0,8.95027E-10,0.0638585,1.42069,1.16029,0,0,0,0,0,0,0,0
26,8,3.43789,3.40401,0,0,0,0,0,0,9.25542E-11,0.00418938,0.269062,3.13075,0,0,0,0,0,0,0,0
27,1,0.547306,0.547296,0,0,0.361775,0.182356,0.00311318,0.000051172,2.34288E-07,1.54457E-07,3.47094E-08,2.7764E-08,0.168399,0.0823006,0.000211739,4.41673E-07,2.40807E-10,1.01803E-10,1.30965E-11,5.51433E-12
27,2,1.55048,1.55046,0,0,0,1.29559,0.250943,0.00388929,1.78069E-05,1.17394E-05,2.63806E-06,2.11019E-06,0,0.607929,0.102666,0.000223261,1.21725E-07,5.14604E-08,6.62015E-09,2.78743E-09
27,3,2.35668,2.35651,0,0,0,0,2.00049,0.353072,0.00152763,0.0010071,0.000226316,0.00018103,0,0,0.938647,0.141592,8.04239E-05,0.000034,4.37394E-06,1.84166E-06
27,4,2.39655,2.39484,0,0,0,0,0,2.08464,0.175627,0.0970758,0.0217777,0.0157248,0,0,0,0.884195,0.0170054,0.0071892,0.000924857,0.000389414
27,5,2.42908,2.42306,0,0,0,0,0,0.000306601,1.13599,0.98034,0.182581,0.123837,0,0,0,0,0,0,0,0
27,6,2.49291,2.48277,0,0,0,0,0,1.12049E-15,0.00113981,1.50974,0.617561,0.354333,0,0,0,0,0,0,0,0
27,7,2.6616,2.6446,0,0,0,0,0,0,8.98602E-10,0.0641718,1.42167,1.15875,0,0,0,0,0,0,0,0
27,8,3.43706,3.40319,0,0,0,0,0,0,9.26262E-11,0.00419268,0.269385,3.12962,0,0,0,0,0,0,0,0
28,1,0.546642,0.546632,0,0,0.361911,0.181568,0.00310113,5.09739E-05,2.33381E-07,1.53859E-07,3.4575E-08,2.76565E-08,0.168501,0.0818957,0.000210646,4.39393E-07,2.39564E-10,1.01278E-10,1.30289E-11,5.48586E-12
28,2,1.54802,1.548,0,0,0,1.29502,0.249083,0.00386126,1.76786E-05,1.16548E-05,2.61905E-06,2.09498E-06,0,0.607672,0.101797,0.000221349,1.20683E-07,5.10199E-08,6.56348E-09,2.76357E-09
28,3,2.35651,2.35635,0,0,0,0,2.00223,0.351187,0.0015197,0.00100187,0.00022514,0.00018009,0,0,0.939469,0.140696,0.00007991,3.37827E-05,4.34599E-06,1.82989E-06
28,4,2.39652,2.39482,0,0,0,0,0,2.08617,0.174715,0.0966086,0.021673,0.015652,0,0,0,0.885422,0.016959,0.00716958,0.000922333,0.000388351
28,5,2.42908,2.42305,0,0,0,0,0,0.000306734,1.1361,0.980251,0.182571,0.12383,0,0,0,0,0,0,0,0
28,6,2.49285,2.48272,0,0,0,0,0,1.12277E-15,0.00114213,1.51049,0.616969,0.354113,0,0,0,0,0,0,0,0
28,7,2.66138,2.64439,0,0,0,0,0,0,9.01794E-10,0.0644518,1.42254,1.1574,0,0,0,0,0,0,0,0
28,8,3.43685,3.40299,0,0,0,0,0,0,9.26617E-11,0.00419431,0.269545,3.12925,0,0,0,0,0,0,0,0
29,1,0.546449,0.546439,0,0,0.361971,0.181319,0.00309735,5.09118E-05,2.33097E-07,1.53671E-07,3.45329E-08,2.76228E-08,0.168541,0.0817669,0.000210297,4.38664E-07,2.39166E-10,1.0111E-10,1.30073E-11,5.47676E-12
29,2,1.54711,1.54709,0,0,0,1.29482,0.248384,0.00385073,1.76304E-05,0.000011623,2.61191E-06,2.08927E-06,0,0.607583,0.101469,0.000220628,1.2029E-07,5.08537E-08,6.5421E-09,2.75456E-09
29,3,2.35643,2.35626,0,0,0,0,2.00314,0.350201,0.00151555,0.000999141,0.000224526,0.000179598,0,0,0.939902,0.140226,7.96401E-05,3.36686E-05,4.33132E-06,1.82371E-06
29,4,2.39649,2.3948,0,0,0,0,0,2.08749,0.173922,0.0962107,0.0215838,0.0155903,0,0,0,0.886473,0.0169271,0.0071561,0.000920599,0.000387621
29,5,2.42908,2.42305,0,0,0,0,0,0.000306988,1.13628,0.980097,0.182553,0.123819,0,0,0,0,0,0,0,0
29,6,2.49278,2.48265,0,0,0,0,0,1.12589E-15,0.0011453,1.51138,0.616272,0.353846,0,0,0,0,0,0,0,0
29,7,2.6612,2.64422,0,0,0,0,0,0,9.0442E-10,0.0646822,1.42325,1.15628,0,0,0,0,0,0,0,0
29,8,3.43675,3.40289,0,0,0,0,0,0,9.26852E-11,0.00419539,0.269652,3.12904,0,0,0,0,0,0,0,0
30,1,0.546426,0.546416,0,0,0.362,0.181267,0.00309661,5.08997E-05,2.33041E-07,1.53635E-07,3.45246E-08,2.76162E-08,0.168558,0.08174,0.000210222,4.38508E-07,2.39081E-10,1.01074E-10,1.30027E-11,5.47482E-12
30,2,1.54679,1.54677,0,0,0,1.29475,0.248134,0.00384699,1.76133E-05,1.16117E-05,2.60937E-06,2.08724E-06,0,0.607556,0.101352,0.00022037,1.20149E-07,5.07942E-08,6.53444E-09,2.75134E-09
30,3,2.35639,2.35622,0,0,0,0,2.00359,0.349714,0.0015135,0.000997792,0.000224223,0.000179356,0,0,0.940117,0.139993,7.95064E-05,3.36121E-05,4.32404E-06,1.82065E-06
30,4,2.39648,2.39479,0,0,0,0,0,2.08833,0.173419,0.0959592,0.0215274,0.0155514,0,0,0,0.887142,0.0169093,0.00714857,0.000919631,0.000387213
30,5,2.42907,2.42305,0,0,0,0,0,0.000307175,1.13641,0.979977,0.18254,0.12381,0,0,0,0,0,0,0,0
30,6,2.49272,2.4826,0,0,0,0,0,1.12831E-15,0.00114777,1.51204,0.615764,0.353649,0,0,0,0,0,0,0,0
30,7,2.6611,2.64413,0,0,0,0,0,0,9.05862E-10,0.0648089,1.42364,1.15568,0,0,0,0,0,0,0,0
30,8,3.43673,3.40288,0,0,0,0,0,0,9.26956E-11,0.00419587,0.2697,3.12898,0,0,0,0,0,0,0,0
31,1,0.54636,0.54635,0,0,0.362021,0.181182,0.00309532,5.08785E-05,2.32945E-07,1.53571E-07,3.45103E-08,2.76048E-08,0.168572,0.0816962,0.000210103,4.38261E-07,2.38946E-10,1.01017E-10,1.29953E-11,5.47172E-12
31,2,1.54655,1.54653,0,0,0,1.2947,0.247951,0.00384423,1.76006E-05,1.16034E-05,2.6075E-06,2.08574E-06,0,0.607532,0.101266,0.000220181,1.20046E-07,5.07506E-08,6.52884E-09,2.74898E-09
31,3,2.35637,2.3562,0,0,0,0,2.00384,0.349446,0.00151238,0.000997051,0.000224056,0.000179223,0,0,0.940234,0.139865,7.94332E-05,3.35812E-05,4.32006E-06,1.81897E-06
31,4,2.39647,2.39478,0,0,0,0,0,2.08868,0.17321,0.0958537,0.0215037,0.015535,0,0,0,0.887419,0.0168998,0.00714457,0.000919115,0.000386996
31,5,2.42907,2.42305,0,0,0,0,0,0.000307256,1.13647,0.979932,0.182535,0.123806,0,0,0,0,0,0,0,0
31,6,2.49272,2.48259,0,0,0,0,0,1.12857E-15,0.00114803,1.51206,0.615744,0.353639,0,0,0,0,0,0,0,0
31,7,2.66112,2.64414,0,0,0,0,0,0,9.05672E-10,0.0647923,1.42359,1.15576,0,0,0,0,0,0,0,0
31,8,3.43673,3.40287,0,0,0,0,0,0,9.26945E-11,0.00419582,0.269694,3.12898,0,0,0,0,0,0,0,0
32,1,0.546231,0.54622,0,0,0.362036,0.181039,0.00309311,5.08422E-05,2.32778E-07,1.53461E-07,3.44856E-08,2.7585E-08,0.168586,0.0816228,0.000209906,4.37849E-07,2.38722E-10,1.00922E-10,1.29831E-11,5.46658E-12
32,2,1.54629,1.54627,0,0,0,1.29463,0.247757,0.0038413,1.75872E-05,1.15945E-05,2.6055E-06,2.08414E-06,0,0.607502,0.101175,0.000219982,1.19938E-07,5.07048E-08,6.52294E-09,2.7465E-09
32,3,2.35635,2.35619,0,0,0,0,2.00399,0.349284,0.00151169,0.000996599,0.000223955,0.000179141,0,0,0.940304,0.139788,0.000079389,3.35625E-05,4.31766E-06,1.81796E-06
32,4,2.39647,2.39478,0,0,0,0,0,2.08869,0.173205,0.0958485,0.0215026,0.015534,0,0,0,0.887427,0.0168952,0.0071426,0.000918862,0.000386889
32,5,2.42907,2.42305,0,0,0,0,0,0.000307251,1.13645,0.979947,0.182536,0.123807,0,0,0,0,0,0,0,0
32,6,2.49276,2.48263,0,0,0,0,0,1.12701E-15,0.00114645,1.51157,0.616129,0.353784,0,0,0,0,0,0,0,0
32,7,2.66122,2.64424,0,0,0,0,0,0,9.04176E-10,0.0646609,1.42318,1.15639,0,0,0,0,0,0,0,0
32,8,3.43673,3.40287,0,0,0,0,0,0,9.26844E-11,0.00419535,0.269648,3.12903,0,0,0,0,0,0,0,0
33,1,0.546148,0.546138,0,0,0.362039,0.180955,0.0030918,5.08206E-05,2.32679E-07,1.53396E-07,3.4471E-08,2.75733E-08,0.168591,0.08158,0.000209792,4.3761E-07,2.38592E-10,1.00867E-10,1.29761E-11,5.4636E-12
33,2,1.54615,1.54613,0,0,0,1.2946,0.247653,0.00383973,0.00001758,1.15898E-05,2.60445E-06,2.0833E-06,0,0.607486,0.101127,0.000219877,1.1988E-07,5.06804E-08,6.51981E-09,2.74518E-09
33,3,2.35634,2.35618,0,0,0,0,2.00406,0.349208,0.00151138,0.000996388,0.000223907,0.000179104,0,0,0.940337,0.139753,7.93686E-05,3.35539E-05,4.31655E-06,1.81749E-06
33,4,2.39647,2.39478,0,0,0,0,0,2.08859,0.173267,0.0958772,0.021509,0.0155383,0,0,0,0.887349,0.0168943,0.00714223,0.000918814,0.000386869
33,5,2.42907,2.42305,0,0,0,0,0,0.000307202,1.13641,0.979984,0.18254,0.12381,0,0,0,0,0,0,0,0
33,6,2.49281,2.48267,0,0,0,0,0,1.12531E-15,0.00114471,1.51102,0.616562,0.353947,0,0,0,0,0,0,0,0
33,7,2.66135,2.64436,0,0,0,0,0,0,9.02242E-10,0.0644912,1.42266,1.15721,0,0,0,0,0,0,0,0
33,8,3.43679,3.40294,0,0,0,0,0,0,9.26677E-11,0.00419458,0.269572,3.12917,0,0,0,0,0,0,0,0
34,1,0.546108,0.546098,0,0,0.362024,0.180931,0.00309138,5.08137E-05,2.32648E-07,1.53375E-07,3.44663E-08,2.75696E-08,0.168585,0.081568,0.000209761,4.37545E-07,2.38556E-10,1.00852E-10,1.29741E-11,5.46279E-12
34,2,1.54617,1.54615,0,0,0,1.2946,0.247669,0.00383997,1.75811E-05,1.15905E-05,2.6046E-06,2.08342E-06,0,0.607489,0.101134,0.000219893,1.19889E-07,5.06841E-08,6.52028E-09,2.74538E-09
34,3,2.35635,2.35618,0,0,0,0,2.00404,0.349227,0.00151146,0.000996442,0.00022392,0.000179113,0,0,0.940328,0.139762,7.93741E-05,3.35562E-05,4.31685E-06,1.81762E-06
34,4,2.39647,2.39479,0,0,0,0,0,2.08845,0.173352,0.0959184,0.0215182,0.0155447,0,0,0,0.88724,0.0168962,0.00714304,0.000918919,0.000386913
34,5,2.42907,2.42305,0,0,0,0,0,0.000307137,1.13636,0.980027,0.182545,0.123813,0,0,0,0,0,0,0,0
34,6,2.49284,2.48271,0,0,0,0,0,1.12402E-15,0.0011434,1.51059,0.616901,0.354074,0,0,0,0,0,0,0,0
34,7,2.66147,2.64448,0,0,0,0,0,0,9.00498E-10,0.0643382,1.42219,1.15795,0,0,0,0,0,0,0,0
34,8,3.43691,3.40305,0,0,0,0,0,0,9.26501E-11,0.00419378,0.269492,3.12936,0,0,0,0,0,0,0,0
35,1,0.54609,0.54608,0,0,0.361995,0.180942,0.00309149,5.08155E-05,2.32656E-07,1.5338E-07,3.44675E-08,2.75706E-08,0.168569,0.0815747,0.000209781,4.37588E-07,2.3858E-10,1.00862E-10,1.29754E-11,5.46332E-12
35,2,1.54632,1.54629,0,0,0,1.29464,0.247776,0.00384159,1.75885E-05,1.15954E-05,2.6057E-06,2.0843E-06,0,0.607504,0.101184,0.000220003,1.19949E-07,5.07094E-08,6.52354E-09,2.74675E-09
35,3,2.35635,2.35619,0,0,0,0,2.00395,0.349332,0.0015119,0.000996731,0.000223984,0.000179165,0,0,0.940282,0.139812,7.94025E-05,3.35682E-05,4.31839E-06,1.81827E-06
35,4,2.39648,2.39479,0,0,0,0,0,2.08827,0.173461,0.0959722,0.0215303,0.015553,0,0,0,0.887099,0.0169003,0.00714475,0.000919138,0.000387006
35,5,2.42908,2.42305,0,0,0,0,0,0.000307068,1.13631,0.980072,0.18255,0.123816,0,0,0,0,0,0,0,0
35,6,2.49287,2.48273,0,0,0,0,0,1.12307E-15,0.00114244,1.51028,0.617147,0.354165,0,0,0,0,0,0,0,0
35,7,2.66156,2.64456,0,0,0,0,0,0,8.99161E-10,0.0642209,1.42182,1.15852,0,0,0,0,0,0,0,0
35,8,3.43702,3.40315,0,0,0,0,0,0,9.26354E-11,0.0041931,0.269425,3.12954,0,0,0,0,0,0,0,0
36,1,0.546069,0.546059,0,0,0.361953,0.180962,0.00309171,5.08192E-05,2.32673E-07,1.53392E-07,3.44701E-08,2.75726E-08,0.168548,0.0815865,0.000209816,4.37662E-07,2.3862E-10,1.00879E-10,1.29776E-11,5.46424E-12
36,2,1.54652,1.5465,0,0,0,1.29469,0.247931,0.00384393,1.75992E-05,1.16024E-05,2.60729E-06,2.08557E-06,0,0.607527,0.101257,0.000220162,1.20036E-07,5.07462E-08,6.52826E-09,2.74874E-09
36,3,2.35637,2.3562,0,0,0,0,2.0038,0.349491,0.00151257,0.000997173,0.000224084,0.000179245,0,0,0.940213,0.139887,7.94461E-05,3.35866E-05,4.32076E-06,1.81927E-06
36,4,2.39648,2.39479,0,0,0,0,0,2.08806,0.173587,0.0960358,0.0215445,0.0155629,0,0,0,0.886931,0.0169056,0.00714702,0.00091943,0.000387129
36,5,2.42908,2.42305,0,0,0,0,0,0.000307002,1.13626,0.980113,0.182555,0.12382,0,0,0,0,0,0,0,0
36,6,2.49288,2.48275,0,0,0,0,0,1.12239E-15,0.00114174,1.51006,0.617315,0.354228,0,0,0,0,0,0,0,0
36,7,2.66162,2.64462,0,0,0,0,0,0,8.98272E-10,0.064143,1.42158,1.1589,0,0,0,0,0,0,0,0
36,8,3.4371,3.40324,0,0,0,0,0,0,9.26249E-11,0.00419262,0.269378,3.12967,0,0,0,0,0,0,0,0
37,1,0.546026,0.546015,0,0,0.361902,0.18097,0.00309171,5.08192E-05,2.32673E-07,1.53392E-07,3.44701E-08,2.75726E-08,0.168523,0.0815919,0.000209835,4.37701E-07,2.38641E-10,1.00888E-10,1.29788E-11,5.46474E-12
37,2,1.54674,1.54672,0,0,0,1.29474,0.248098,0.00384643,1.76107E-05,0.00001161,2.60899E-06,2.08693E-06,0,0.60755,0.101335,0.000220333,1.20129E-07,5.07855E-08,6.53333E-09,2.75087E-09
37,3,2.35638,2.35622,0,0,0,0,2.00363,0.349677,0.00151335,0.000997688,0.000224199,0.000179337,0,0,0.940132,0.139976,7.94967E-05,0.000033608,4.32352E-06,1.82043E-06
37,4,2.39648,2.39479,0,0,0,0,0,2.08784,0.173717,0.0961014,0.0215592,0.0155731,0,0,0,0.886759,0.0169116,0.00714954,0.000919755,0.000387265
37,5,2.42908,2.42305,0,0,0,0,0,0.000306944,1.13622,0.980149,0.182559,0.123822,0,0,0,0,0,0,0,0
37,6,2.49289,2.48275,0,0,0,0,0,1.122E-15,0.00114135,1.50995,0.617399,0.354261,0,0,0,0,0,0,0,0
37,7,2.66165,2.64465,0,0,0,0,0,0,8.97795E-10,0.0641012,1.42145,1.1591,0,0,0,0,0,0,0,0
37,8,3.43719,3.40332,0,0,0,0,0,0,9.26175E-11,0.00419228,0.269344,3.12979,0,0,0,0,0,0,0,0
38,1,0.545955,0.545945,0,0,0.361844,0.180958,0.0030914,0.000050814,2.32649E-07,1.53376E-07,3.44666E-08,2.75698E-08,0.168495,0.0815877,0.000209829,4.37689E-07,2.38635E-10,1.00885E-10,1.29784E-11,5.46458E-12
38,2,1.54696,1.54694,0,0,0,1.29479,0.248265,0.00384895,1.76222E-05,1.16176E-05,2.6107E-06,2.0883E-06,0,0.607573,0.101413,0.000220504,1.20222E-07,5.08251E-08,6.53842E-09,2.75301E-09
38,3,2.3564,2.35624,0,0,0,0,2.00344,0.349879,0.0015142,0.00099825,0.000224326,0.000179438,0,0,0.940043,0.140072,7.95521E-05,3.36314E-05,4.32653E-06,1.82169E-06
38,4,2.39649,2.3948,0,0,0,0,0,2.08763,0.173843,0.0961655,0.0215736,0.0155831,0,0,0,0.88659,0.0169183,0.00715238,0.00092012,0.000387419
38,5,2.42908,2.42305,0,0,0,0,0,0.000306892,1.13618,0.98018,0.182562,0.123825,0,0,0,0,0,0,0,0
38,6,2.49289,2.48276,0,0,0,0,0,1.12197E-15,0.00114131,1.50994,0.617407,0.354263,0,0,0,0,0,0,0,0
38,7,2.66168,2.64468,0,0,0,0,0,0,8.97399E-10,0.0640665,1.42134,1.15927,0,0,0,0,0,0,0,0
38,8,3.43735,3.40348,0,0,0,0,0,0,9.26066E-11,0.00419178,0.269296,3.12999,0,0,0,0,0,0,0,0
39,1,0.545867,0.545857,0,0,0.361778,0.180937,0.0030909,5.08058E-05,2.32612E-07,1.53351E-07,3.4461E-08,2.75653E-08,0.168464,0.0815783,0.00020981,4.37649E-07,2.38613E-10,1.00876E-10,1.29772E-11,5.46409E-12
39,2,1.54721,1.54719,0,0,0,1.29485,0.248453,0.00385178,1.76352E-05,1.16262E-05,2.61262E-06,2.08983E-06,0,0.607598,0.101501,0.000220698,1.20328E-07,5.08697E-08,6.54416E-09,2.75543E-09
39,3,2.35642,2.35626,0,0,0,0,2.0032,0.350139,0.00151529,0.000998969,0.000224487,0.000179568,0,0,0.939929,0.140196,7.96231E-05,3.36614E-05,4.33039E-06,1.82332E-06
39,4,2.39649,2.3948,0,0,0,0,0,2.08733,0.174021,0.096257,0.0215941,0.0155974,0,0,0,0.886351,0.0169288,0.00715679,0.000920687,0.000387658
39,5,2.42908,2.42305,0,0,0,0,0,0.000306801,1.13612,0.980232,0.182568,0.123829,0,0,0,0,0,0,0,0
39,6,2.4929,2.48276,0,0,0,0,0,1.12186E-15,0.00114121,1.50986,0.617478,0.354285,0,0,0,0,0,0,0,0
39,7,2.66179,2.64479,0,0,0,0,0,0,8.95795E-10,0.0639261,1.42089,1.15997,0,0,0,0,0,0,0,0
39,8,3.43781,3.40394,0,0,0,0,0,0,9.25724E-11,0.00419021,0.269142,3.1306,0,0,0,0,0,0,0,0
40,1,0.545763,0.545752,0,0,0.361705,0.180905,0.00309023,5.07949E-05,2.32561E-07,1.53318E-07,3.44535E-08,2.75594E-08,0.16843,0.081564,0.000209779,4.37583E-07,2.38577E-10,1.00861E-10,1.29753E-11,5.46327E-12
40,2,1.54753,1.54751,0,0,0,1.29492,0.248702,0.00385553,1.76523E-05,1.16375E-05,2.61516E-06,2.09187E-06,0,0.607628,0.101617,0.000220955,1.20468E-07,5.0929E-08,6.55178E-09,2.75864E-09
40,3,2.35646,2.3563,0,0,0,0,2.00275,0.350626,0.00151733,0.00100032,0.00022479,0.00017981,0,0,0.939713,0.14043,7.97571E-05,3.37181E-05,4.33768E-06,1.82639E-06
40,4,2.39651,2.39482,0,0,0,0,0,2.08647,0.174535,0.0965162,0.0216523,0.0156377,0,0,0,0.885673,0.016954,0.00716747,0.000922062,0.000388237
40,5,2.42908,2.42306,0,0,0,0,0,0.000306531,1.13593,0.980396,0.182587,0.123841,0,0,0,0,0,0,0,0
40,6,2.49297,2.48283,0,0,0,0,0,1.11958E-15,0.00113889,1.50896,0.618188,0.35454,0,0,0,0,0,0,0,0
40,7,2.66221,2.64519,0,0,0,0,0,0,8.89684E-10,0.0633906,1.41921,1.16259,0,0,0,0,0,0,0,0
40,8,3.439,3.4051,0,0,0,0,0,0,9.24726E-11,0.00418564,0.268693,3.13222,0,0,0,0,0,0,0,0
41,1,0.545534,0.545524,0,0,0.361621,0.180764,0.0030878,5.07548E-05,2.32378E-07,1.53197E-07,3.44264E-08,2.75377E-08,0.168397,0.081493,0.000209598,4.37206E-07,2.38371E-10,1.00774E-10,1.29641E-11,5.45856E-12
41,2,1.54804,1.54801,0,0,0,1.295,0.249115,0.00386173,1.76807E-05,1.16562E-05,2.61936E-06,2.09523E-06,0,0.607663,0.101813,0.000221386,1.20703E-07,5.10284E-08,6.56458E-09,2.76403E-09
41,3,2.35656,2.3564,0,0,0,0,2.00154,0.351927,0.00152279,0.00100391,0.000225598,0.000180456,0,0,0.939132,0.141056,8.01171E-05,3.38703E-05,4.35726E-06,1.83463E-06
41,4,2.39656,2.39486,0,0,0,0,0,2.08365,0.176227,0.0973676,0.0218431,0.0157699,0,0,0,0.883428,0.0170274,0.00719848,0.000926051,0.000389916
41,5,2.42909,2.42307,0,0,0,0,0,0.000305773,1.13535,0.980892,0.182642,0.123879,0,0,0,0,0,0,0,0
41,6,2.49323,2.48308,0,0,0,0,0,1.11004E-15,0.00112918,1.50561,0.620831,0.355512,0,0,0,0,0,0,0,0
41,7,2.66327,2.64622,0,0,0,0,0,0,8.74056E-10,0.0620208,1.41492,1.16928,0,0,0,0,0,0,0,0
41,8,3.4414,3.40745,0,0,0,0,0,0,9.22564E-11,0.00417573,0.267719,3.13556,0,0,0,0,0,0,0,0
42,1,0.545183,0.545173,0,0,0.361489,0.180548,0.00308404,5.06931E-05,2.32095E-07,1.53011E-07,3.43845E-08,2.75042E-08,0.168346,0.0813826,0.000209318,4.36622E-07,2.38053E-10,1.00639E-10,1.29468E-11,5.45127E-12
42,2,1.54939,1.54937,0,0,0,1.29522,0.250234,0.00387849,1.77575E-05,1.17068E-05,2.63073E-06,2.10433E-06,0,0.607753,0.102343,0.000222555,1.2134E-07,5.12977E-08,6.59921E-09,2.77861E-09
42,3,2.35685,2.35668,0,0,0,0,1.99802,0.355696,0.00153857,0.00101432,0.000227937,0.000182327,0,0,0.937441,0.142875,8.11622E-05,3.43121E-05,4.4141E-06,1.85856E-06
42,4,2.3967,2.39498,0,0,0,0,0,2.07602,0.180792,0.0996738,0.0223602,0.0161282,0,0,0,0.877349,0.0172324,0.00728514,0.000937199,0.00039461
42,5,2.42912,2.42309,0,0,0,0,0,0.000304148,1.13406,0.982002,0.182764,0.123962,0,0,0,0,0,0,0,0
42,6,2.49381,2.48363,0,0,0,0,0,1.08896E-15,0.00110773,1.49833,0.626564,0.357628,0,0,0,0,0,0,0,0
42,7,2.66506,2.64795,0,0,0,0,0,0,8.47875E-10,0.0597258,1.40775,1.18047,0,0,0,0,0,0,0,0
42,8,3.44483,3.41081,0,0,0,0,0,0,9.19375E-11,0.0041611,0.266282,3.14037,0,0,0,0,0,0,0,0
43,1,0.544892,0.544881,0,0,0.361229,0.180518,0.00308284,5.06733E-05,2.32005E-07,1.52951E-07,3.43711E-08,2.74934E-08,0.16823,0.0813657,0.000209303,4.36592E-07,2.38036E-10,1.00632E-10,1.29459E-11,5.45088E-12
43,2,1.5528,1.55277,0,0,0,1.29582,0.252993,0.00391996,1.79473E-05,1.18319E-05,2.65886E-06,2.12682E-06,0,0.608006,0.103648,0.000225427,1.22906E-07,5.19599E-08,6.6844E-09,2.81448E-09
43,3,2.35747,2.35731,0,0,0,0,1.99017,0.364099,0.00157376,0.00103751,0.000233149,0.000186496,0,0,0.933666,0.146934,8.34942E-05,0.000035298,4.54092E-06,1.91196E-06
43,4,2.39696,2.39519,0,0,0,0,0,2.0622,0.189044,0.103866,0.0233001,0.0167806,0,0,0,0.866311,0.0176268,0.00745191,0.000958654,0.000403644
43,5,2.42915,2.42312,0,0,0,0,0,0.000301931,1.13218,0.983617,0.18294,0.124081,0,0,0,0,0,0,0,0
43,6,2.49458,2.48435,0,0,0,0,0,1.06141E-15,0.00107971,1.48864,0.634199,0.360437,0,0,0,0,0,0,0,0
43,7,2.66689,2.64972,0,0,0,0,0,0,8.21065E-10,0.0573756,1.4004,1.19194,0,0,0,0,0,0,0,0
43,8,3.44814,3.41406,0,0,0,0,0,0,9.16393E-11,0.00414743,0.26494,3.14497,0,0,0,0,0,0,0,0
44,1,0.545117,0.545107,0,0,0.360939,0.181026,0.00309005,5.07919E-05,2.32548E-07,1.53309E-07,3.44516E-08,2.75578E-08,0.168071,0.0816263,0.00021003,4.38108E-07,2.38863E-10,1.00982E-10,1.29908E-11,5.46981E-12
44,2,1.55699,1.55697,0,0,0,1.29666,0.256301,0.00396968,0.000018175,0.000011982,2.69259E-06,2.1538E-06,0,0.608371,0.105204,0.000228854,1.24774E-07,5.27496E-08,6.78599E-09,2.85726E-09
44,3,2.35798,2.35781,0,0,0,0,1.98397,0.370756,0.00160164,0.0010559,0.00023728,0.000189801,0,0,0.930684,0.150144,8.53385E-05,3.60777E-05,4.64123E-06,1.9542E-06
44,4,2.39717,2.39536,0,0,0,0,0,2.05087,0.19583,0.107285,0.0240665,0.0173112,0,0,0,0.857269,0.0179199,0.00757579,0.00097459,0.000410354
44,5,2.42918,2.42314,0,0,0,0,0,0.000299973,1.13062,0.984954,0.183088,0.124181,0,0,0,0,0,0,0,0
44,6,2.49526,2.485,0,0,0,0,0,1.03742E-15,0.0010553,1.4799,0.64109,0.362957,0,0,0,0,0,0,0,0
44,7,2.66821,2.65099,0,0,0,0,0,0,8.01741E-10,0.0556821,1.39509,1.20022,0,0,0,0,0,0,0,0
44,8,3.45004,3.41592,0,0,0,0,0,0,9.14549E-11,0.00413897,0.264109,3.14767,0,0,0,0,0,0,0,0
45,1,0.546496,0.546486,0,0,0.360478,0.182838,0.00311736,5.12408E-05,2.34603E-07,1.54664E-07,3.4756E-08,2.78013E-08,0.167771,0.0825561,0.000212559,4.43383E-07,2.41739E-10,1.02198E-10,1.31472E-11,5.53568E-12
45,2,1.56415,1.56412,0,0,0,1.29827,0.261763,0.00405195,1.85517E-05,1.22303E-05,2.74839E-06,2.19844E-06,0,0.609088,0.107761,0.000234477,1.2784E-07,5.40457E-08,6.95273E-09,2.92746E-09
45,3,2.35848,2.35831,0,0,0,0,1.97804,0.37713,0.00162837,0.00107352,0.00024124,0.000192968,0,0,0.927848,0.153207,0.000087098,3.68215E-05,4.73692E-06,1.99449E-06
45,4,2.39732,2.39549,0,0,0,0,0,2.04272,0.200699,0.109756,0.0246205,0.0176955,0,0,0,0.850747,0.0181518,0.00767382,0.000987202,0.000415664
45,5,2.4292,2.42316,0,0,0,0,0,0.000298662,1.12945,0.985967,0.183197,0.124255,0,0,0,0,0,0,0,0
45,6,2.49585,2.48556,0,0,0,0,0,1.01804E-15,0.00103559,1.47244,0.646983,0.365095,0,0,0,0,0,0,0,0
45,7,2.66917,2.65192,0,0,0,0,0,0,7.87635E-10,0.054446,1.39121,1.20627,0,0,0,0,0,0,0,0
45,8,3.45176,3.4176,0,0,0,0,0,0,9.1308E-11,0.00413224,0.263449,3.15002,0,0,0,0,0,0,0,0
46,1,0.550249,0.550239,0,0,0.359733,0.187268,0.00318512,5.23546E-05,2.39703E-07,1.58026E-07,3.55115E-08,2.84056E-08,0.167215,0.0848265,0.000218694,4.56179E-07,2.48716E-10,1.05147E-10,1.35267E-11,5.69544E-12
46,2,1.5747,1.57468,0,0,0,1.30083,0.269634,0.00417073,1.90955E-05,1.25889E-05,2.82896E-06,2.26288E-06,0,0.610248,0.111431,0.000242542,1.32238E-07,5.59048E-08,7.19189E-09,3.02816E-09
46,3,2.35897,2.35879,0,0,0,0,1.97237,0.383238,0.00165399,0.0010904,0.000245035,0.000196003,0,0,0.925128,0.156144,8.87844E-05,3.75345E-05,4.82864E-06,2.03311E-06
46,4,2.39739,2.39555,0,0,0,0,0,2.03905,0.202827,0.110914,0.0248803,0.0178803,0,0,0,0.847874,0.0183666,0.00776465,0.000998886,0.000420584
46,5,2.42922,2.42318,0,0,0,0,0,0.000297987,1.12829,0.986975,0.183298,0.124323,0,0,0,0,0,0,0,0
46,6,2.49627,2.48596,0,0,0,0,0,1.00424E-15,0.00102155,1.46703,0.651257,0.366646,0,0,0,0,0,0,0,0
46,7,2.66975,2.65248,0,0,0,0,0,0,7.79163E-10,0.0537032,1.38889,1.20989,0,0,0,0,0,0,0,0
46,8,3.45515,3.42093,0,0,0,0,0,0,9.11427E-11,0.00412467,0.262711,3.1541,0,0,0,0,0,0,0,0
47,1,0.4408,0.435822,0,0,0.32518,0.108998,0.0016166,2.65724E-05,1.2166E-07,8.02056E-08,1.80237E-08,1.44172E-08,0.0974269,0.0390828,0.000111229,2.32016E-07,1.26499E-10,5.34785E-11,6.87975E-12,2.89674E-12
47,2,1.09572,1.0709,0,0,0,0.930139,0.138722,0.00202112,9.25357E-06,6.1005E-06,1.3709E-06,1.09658E-06,0,0.326663,0.0512053,0.000116601,6.35724E-08,2.68758E-08,3.45745E-09,1.45577E-09
47,3,1.73904,1.56591,0,0,0,0,1.36876,0.195585,0.000816255,0.000538124,0.000120927,9.67292E-05,0,0,0.538295,0.0729649,4.26043E-05,1.80114E-05,2.31708E-06,9.75613E-07
47,4,2.60945,1.95392,0,0,0,0,0,1.72668,0.129181,0.0707239,0.0158663,0.011471,0,0,0,0.682318,0.0125783,0.00531759,0.000684083,0.000288035
47,5,3.22797,2.30378,0,0,0,0,0,0.000296725,1.09228,0.924868,0.170617,0.115723,0,0,0,0,0,0,0,0
47,6,3.35682,2.40662,0,0,0,0,0,1.07379E-15,0.00111555,1.46859,0.596503,0.340407,0,0,0,0,0,0,0,0
47,7,3.55764,2.59671,0,0,0,0,0,0,8.66701E-10,0.062205,1.3953,1.1392,0,0,0,0,0,0,0,0
47,8,4.31952,3.37776,0,0,0,0,0,0,9.0941E-11,0.00411693,0.26442,3.10922,0,0,0,0,0,0,0,0
48,1,0.549234,0.549224,0,0,0.361477,0.184547,0.00314693,5.17269E-05,2.36829E-07,1.56131E-07,3.50857E-08,2.80651E-08,0.168154,0.0834265,0.000214772,4.47998E-07,2.44255E-10,1.03261E-10,1.32841E-11,5.59329E-12
48,2,1.55622,1.55619,0,0,0,1.297,0.255205,0.00395361,1.81014E-05,1.19335E-05,2.68169E-06,2.14508E-06,0,0.60857,0.104651,0.000227623,1.24104E-07,5.2466E-08,6.74951E-09,2.8419E-09
48,3,2.35692,2.35675,0,0,0,0,1.99812,0.35567,0.00153859,0.00101433,0.00022794,0.000182329,0,0,0.93753,0.142818,8.11261E-05,3.42969E-05,4.41213E-06,1.85774E-06
48,4,2.39655,2.39484,0,0,0,0,0,2.08484,0.17548,0.0970358,0.0217688,0.0157202,0,0,0,0.884334,0.0170363,0.00720225,0.000926536,0.00039012
48,5,2.42908,2.42305,0,0,0,0,0,0.000307026,1.13614,0.980214,0.182563,0.123825,0,0,0,0,0,0,0,0
48,6,2.49293,2.48279,0,0,0,0,0,1.1207E-15,0.00114003,1.50942,0.617817,0.354412,0,0,0,0,0,0,0,0
48,7,2.66184,2.64484,0,0,0,0,0,0,8.95027E-10,0.0638585,1.42069,1.16029,0,0,0,0,0,0,0,0
48,8,3.43789,3.40401,0,0,0,0,0,0,9.25542E-11,0.00418938,0.269062,3.13075,0,0,0,0,0,0,0,0
49,1,0.398185,0.370782,0,1,0.272198,0.0969491,0.00160858,2.64406E-05,1.21057E-07,7.98077E-08,1.79343E-08,1.43457E-08,0.094061,0.041161,0.0001081,2.25488E-07,1.22939E-10,5.19738E-11,6.68619E-12,2.81523E-12
49,2,0.996674,0.987902,0,0,0,0.854079,0.131796,0.00200877,9.19704E-06,6.06323E-06,1.36252E-06,1.08988E-06,0,0.330223,0.052045,0.00011466,6.25146E-08,2.64286E-08,3.39992E-09,1.43154E-09
49,3,1.47021,1.4566,0,0,0,0,1.26142,0.193601,0.000823715,0.000543041,0.000122032,9.76132E-05,0,0,0.512436,0.0753866,4.33778E-05,1.83384E-05,2.35915E-06,9.93326E-07
49,4,1.52633,1.47871,0,0,0,0,0,1.29862,0.103936,0.0549375,0.0123242,0.00888191,0,0,0,0.485419,0.00933237,0.00394535,0.00050755,0.000213705
49,5,1.49717,1.46011,0,0,0,0,0,0.000199341,0.739145,0.55425,0.0992195,0.0672966,0,0,0,0,0,0,0,0
49,6,1.58732,1.51633,0,0,0,0,0,6.22753E-16,0.000730064,0.966409,0.353025,0.196168,0,0,0,0,0,0,0,0
49,7,1.74913,1.63786,0,0,0,0,0,0,5.12925E-10,0.0396696,0.92059,0.677602,0,0,0,0,0,0,0,0
49,8,2.39538,2.17952,1,0,0,0,0,0,5.61338E-11,0.0025424,0.169632,2.00734,0,0,0,0,0,0,0,0
50,1,0.396691,0.36919,0,1,0.272149,0.0954273,0.0015869,2.60842E-05,1.19425E-07,7.87321E-08,1.76926E-08,1.41523E-08,0.0941648,0.0404754,0.000106159,2.21439E-07,1.20732E-10,5.10406E-11,6.56613E-12,2.76469E-12
50,2,0.991875,0.983026,0,0,0,0.852788,0.128263,0.00195664,8.95836E-06,5.90588E-06,1.32716E-06,1.0616E-06,0,0.329612,0.0504726,0.000111151,6.06011E-08,2.56197E-08,3.29586E-09,1.38773E-09
50,3,1.4699,1.45636,0,0,0,0,1.26368,0.19111,0.000813475,0.000536291,0.000120515,9.63999E-05,0,0,0.513454,0.0742506,4.27161E-05,1.80587E-05,2.32316E-06,9.78173E-07
50,4,1.52613,1.47865,0,0,0,0,0,1.29796,0.104364,0.0550664,0.012353,0.00889831,0,0,0,0.484892,0.00926245,0.00391579,0.000503748,0.000212104
50,5,1.49716,1.4601,0,0,0,0,0,0.000199086,0.739471,0.553948,0.0991982,0.0672822,0,0,0,0,0,0,0,0
50,6,1.58713,1.51621,0,0,0,0,0,6.25139E-16,0.000732862,0.967482,0.352125,0.195867,0,0,0,0,0,0,0,0
50,7,1.74863,1.63748,0,0,0,0,0,0,5.17419E-10,0.0401087,0.921875,0.675496,0,0,0,0,0,0,0,0
50,8,2.39055,2.17529,1,0,0,0,0,0,5.62908E-11,0.00254962,0.170438,2.00231,0,0,0,0,0,0,0,0
51,1,0.396218,0.368684,0,1,0.272144,0.0949341,0.0015799,2.59693E-05,1.18899E-07,7.83851E-08,1.76146E-08,1.40899E-08,0.0942036,0.0402532,0.000105528,2.20124E-07,1.20015E-10,5.07375E-11,6.52715E-12,2.74827E-12
51,2,0.990113,0.981236,0,0,0,0.852346,0.126934,0.00193708,8.8688E-06,5.84684E-06,1.3139E-06,1.05099E-06,0,0.329403,0.0498795,0.000109825,5.98783E-08,2.53141E-08,3.25655E-09,1.37118E-09
51,3,1.46972,1.45622,0,0,0,0,1.26498,0.189683,0.000807612,0.000532425,0.000119646,0.000095705,0,0,0.514038,0.0735992,4.23367E-05,1.78982E-05,2.30253E-06,9.69483E-07
51,4,1.5262,1.47872,0,0,0,0,0,1.29917,0.103689,0.054734,0.0122784,0.00884638,0,0,0,0.48577,0.00922747,0.003901,0.000501845,0.000211303
51,5,1.49716,1.4601,0,0,0,0,0,0.000199118,0.739555,0.553872,0.0991918,0.0672778,0,0,0,0,0,0,0,0
51,6,1.58697,1.5161,0,0,0,0,0,6.27645E-16,0.0007358,0.968334,0.351413,0.19562,0,0,0,0,0,0,0,0
51,7,1.74828,1.63722,0,0,0,0,0,0,5.20456E-10,0.040405,0.922756,0.674059,0,0,0,0,0,0,0,0
51,8,2.39005,2.17488,1,0,0,0,0,0,5.63322E-11,0.00255153,0.170648,2.00168,0,0,0,0,0,0,0,0
52,1,0.396081,0.368538,0,1,0.272149,0.094785,0.00157781,2.59348E-05,1.18741E-07,7.82812E-08,1.75913E-08,1.40713E-08,0.0942186,0.040186,0.000105337,2.19725E-07,1.19797E-10,5.06455E-11,6.51531E-12,2.74329E-12
52,2,0.989527,0.980641,0,0,0,0.852211,0.126482,0.00193044,8.83841E-06,5.8268E-06,1.30939E-06,1.04738E-06,0,0.329339,0.049677,0.000109372,5.96314E-08,2.52097E-08,3.24312E-09,1.36552E-09
52,3,1.46963,1.45615,0,0,0,0,1.26565,0.18895,0.000804608,0.000530445,0.000119201,0.000095349,0,0,0.514339,0.0732643,4.21414E-05,1.78157E-05,2.29191E-06,9.65012E-07
52,4,1.52629,1.4788,0,0,0,0,0,1.30041,0.102987,0.0544013,0.0122039,0.00879517,0,0,0,0.486684,0.0092089,0.00389315,0.000500835,0.000210878
52,5,1.49716,1.46009,0,0,0,0,0,0.000199287,0.739703,0.55374,0.0991792,0.0672692,0,0,0,0,0,0,0,0
52,6,1.58675,1.51596,0,0,0,0,0,6.31408E-16,0.000740214,0.969401,0.350523,0.1953,0,0,0,0,0,0,0,0
52,7,1.74803,1.63703,0,0,0,0,0,0,5.22708E-10,0.040625,0.923401,0.673003,0,0,0,0,0,0,0,0
52,8,2.39008,2.17491,1,0,0,0,0,0,5.63482E-11,0.00255227,0.17073,2.00163,0,0,0,0,0,0,0,0
53,1,0.396074,0.368529,0,1,0.272159,0.0947666,0.00157758,0.000025931,1.18724E-07,7.82697E-08,1.75887E-08,1.40692E-08,0.0942243,0.0401779,0.000105313,2.19674E-07,1.1977E-10,5.06338E-11,6.51381E-12,2.74265E-12
53,2,0.989359,0.98047,0,0,0,0.85218,0.126344,0.00192842,8.82917E-06,5.82071E-06,1.30802E-06,1.04629E-06,0,0.329325,0.0496146,0.000109232,5.9555E-08,2.51775E-08,3.23896E-09,1.36377E-09
53,3,1.46959,1.45612,0,0,0,0,1.266,0.18857,0.000803047,0.000529416,0.00011897,9.51641E-05,0,0,0.514497,0.0730896,4.20395E-05,1.77726E-05,2.28636E-06,9.62679E-07
53,4,1.52637,1.47886,0,0,0,0,0,1.30131,0.102482,0.0541598,0.0121497,0.00875829,0,0,0,0.48738,0.00920191,0.00389019,0.000500455,0.000210718
53,5,1.49716,1.46008,0,0,0,0,0,0.000199446,0.739869,0.553591,0.0991653,0.0672599,0,0,0,0,0,0,0,0
53,6,1.58653,1.51583,0,0,0,0,0,6.35313E-16,0.000744794,0.970399,0.349692,0.194995,0,0,0,0,0,0,0,0
53,7,1.7479,1.63694,0,0,0,0,0,0,5.23806E-10,0.0407325,0.923708,0.672496,0,0,0,0,0,0,0,0
53,8,2.39032,2.17512,1,0,0,0,0,0,5.63474E-11,0.00255223,0.170726,2.00185,0,0,0,0,0,0,0,0
54,1,0.396014,0.368465,0,1,0.27216,0.094702,0.00157667,2.59161E-05,1.18655E-07,7.82246E-08,1.75786E-08,1.40611E-08,0.0942304,0.0401488,0.00010523,2.19501E-07,1.19676E-10,5.0594E-11,6.50868E-12,2.7405E-12
54,2,0.989177,0.980285,0,0,0,0.852136,0.126205,0.00192638,8.81985E-06,5.81456E-06,1.30664E-06,1.04518E-06,0,0.329304,0.0495528,0.000109094,5.94797E-08,2.51456E-08,3.23487E-09,1.36205E-09
54,3,1.46957,1.4561,0,0,0,0,1.26616,0.188389,0.000802305,0.000528927,0.00011886,9.50761E-05,0,0,0.514571,0.0730072,4.19915E-05,1.77523E-05,2.28376E-06,9.6158E-07
54,4,1.52638,1.47887,0,0,0,0,0,1.3015,0.102372,0.0541074,0.012138,0.0087501,0,0,0,0.487517,0.00919635,0.00388784,0.000500153,0.000210591
54,5,1.49716,1.46008,0,0,0,0,0,0.000199487,0.739884,0.553578,0.0991638,0.0672588,0,0,0,0,0,0,0,0
54,6,1.58656,1.51585,0,0,0,0,0,6.34904E-16,0.000744314,0.970251,0.349816,0.195038,0,0,0,0,0,0,0,0
54,7,1.74796,1.63698,0,0,0,0,0,0,5.23289E-10,0.040682,0.923559,0.67274,0,0,0,0,0,0,0,0
54,8,2.39033,2.17513,1,0,0,0,0,0,5.63431E-11,0.00255203,0.170704,2.00188,0,0,0,0,0,0,0,0
55,1,0.395889,0.368332,0,1,0.272152,0.094579,0.0015749,2.58871E-05,1.18522E-07,7.81371E-08,1.75589E-08,1.40454E-08,0.0942375,0.0400932,0.000105073,2.19174E-07,1.19497E-10,5.05186E-11,6.49898E-12,2.73641E-12
55,2,0.988925,0.980029,0,0,0,0.852065,0.126023,0.00192368,8.80747E-06,5.80641E-06,1.30481E-06,1.04372E-06,0,0.32927,0.0494717,0.000108913,5.9381E-08,2.51039E-08,3.2295E-09,1.35979E-09
55,3,1.46956,1.45609,0,0,0,0,1.26622,0.188323,0.000802029,0.000528745,0.000118819,9.50434E-05,0,0,0.514596,0.0729778,4.19745E-05,1.77451E-05,2.28283E-06,9.6119E-07
55,4,1.52634,1.47885,0,0,0,0,0,1.30115,0.102569,0.054202,0.0121592,0.00876417,0,0,0,0.487212,0.00919044,0.00388535,0.000499832,0.000210455
55,5,1.49716,1.46009,0,0,0,0,0,0.000199424,0.739765,0.553685,0.0991731,0.0672651,0,0,0,0,0,0,0,0
55,6,1.5868,1.516,0,0,0,0,0,6.30738E-16,0.000739428,0.969111,0.350766,0.195382,0,0,0,0,0,0,0,0
55,7,1.74816,1.63713,0,0,0,0,0,0,5.21521E-10,0.0405092,0.923059,0.673562,0,0,0,0,0,0,0,0
55,8,2.39012,2.17494,1,0,0,0,0,0,5.63384E-11,0.00255181,0.17068,2.00171,0,0,0,0,0,0,0,0
56,1,0.395816,0.368255,0,1,0.272145,0.0945097,0.0015739,2.58706E-05,1.18447E-07,7.80873E-08,1.75477E-08,1.40364E-08,0.09424,0.0400619,0.000104985,2.18991E-07,1.19397E-10,5.04762E-11,6.49353E-12,2.73412E-12
56,2,0.98878,0.979882,0,0,0,0.852025,0.125917,0.00192212,8.80034E-06,5.8017E-06,1.30375E-06,1.04287E-06,0,0.329251,0.0494249,0.000108809,5.93241E-08,2.50799E-08,3.22641E-09,1.35849E-09
56,3,1.46955,1.45609,0,0,0,0,1.26623,0.188308,0.000801966,0.000528704,0.00011881,0.000095036,0,0,0.5146,0.072972,4.19712E-05,1.77437E-05,2.28265E-06,9.61114E-07
56,4,1.52631,1.47883,0,0,0,0,0,1.30079,0.102779,0.0542987,0.0121809,0.00877877,0,0,0,0.486931,0.00918958,0.00388498,0.000499784,0.000210436
56,5,1.49716,1.46009,0,0,0,0,0,0.000199345,0.739675,0.553766,0.0991806,0.0672702,0,0,0,0,0,0,0,0
56,6,1.58699,1.51612,0,0,0,0,0,6.2761E-16,0.00073576,0.96819,0.351534,0.195656,0,0,0,0,0,0,0,0
56,7,1.74839,1.6373,0,0,0,0,0,0,5.19505E-10,0.0403122,0.922482,0.674507,0,0,0,0,0,0,0,0
56,8,2.39009,2.1749,1,0,0,0,0,0,5.63252E-11,0.0025512,0.170612,2.00174,0,0,0,0,0,0,0,0
57,1,0.39578,0.368217,0,1,0.272133,0.0944837,0.0015735,0.000025864,1.18417E-07,7.80674E-08,1.75432E-08,1.40328E-08,0.0942371,0.0400501,0.000104953,2.18924E-07,1.19361E-10,5.04608E-11,6.49155E-12,2.73328E-12
57,2,0.988768,0.979869,0,0,0,0.85202,0.125909,0.00192201,8.7998E-06,5.80135E-06,1.30367E-06,1.04281E-06,0,0.329248,0.0494215,0.000108801,5.932E-08,2.50781E-08,3.22619E-09,1.35839E-09
57,3,1.46956,1.45609,0,0,0,0,1.26619,0.188355,0.000802156,0.000528829,0.000118838,9.50585E-05,0,0,0.51458,0.0729938,4.19839E-05,1.77491E-05,2.28334E-06,9.61406E-07
57,4,1.52628,1.47881,0,0,0,0,0,1.3005,0.102945,0.0543746,0.0121979,0.00879037,0,0,0,0.486723,0.00919211,0.00388605,0.000499922,0.000210494
57,5,1.49716,1.46009,0,0,0,0,0,0.000199259,0.739609,0.553825,0.0991863,0.0672741,0,0,0,0,0,0,0,0
57,6,1.58709,1.51618,0,0,0,0,0,6.25895E-16,0.000733748,0.967645,0.351989,0.195816,0,0,0,0,0,0,0,0
57,7,1.74857,1.63744,0,0,0,0,0,0,5.17856E-10,0.0401512,0.922006,0.675284,0,0,0,0,0,0,0,0
57,8,2.39017,2.17497,1,0,0,0,0,0,5.63105E-11,0.00255053,0.170537,2.00188,0,0,0,0,0,0,0,0
58,1,0.395763,0.368201,0,1,0.272117,0.0944845,0.00157346,2.58633E-05,1.18414E-07,7.80655E-08,1.75428E-08,1.40325E-08,0.0942295,0.0400502,0.000104955,2.18929E-07,1.19363E-10,5.0462E-11,6.49171E-12,2.73335E-12
58,2,0.988853,0.979956,0,0,0,0.852041,0.125974,0.00192296,8.80418E-06,5.80423E-06,1.30432E-06,1.04333E-06,0,0.329258,0.0494506,0.000108866,5.93555E-08,2.50931E-08,3.22811E-09,1.3592E-09
58,3,1.46957,1.4561,0,0,0,0,1.26609,0.188463,0.000802597,0.000529119,0.000118903,9.51107E-05,0,0,0.514536,0.0730431,4.20127E-05,1.77613E-05,2.28491E-06,9.62064E-07
58,4,1.52626,1.47879,0,0,0,0,0,1.30024,0.103095,0.0544439,0.0122134,0.00880106,0,0,0,0.486537,0.00919632,0.00388783,0.000500151,0.00021059
58,5,1.49716,1.4601,0,0,0,0,0,0.000199174,0.739552,0.553876,0.0991914,0.0672775,0,0,0,0,0,0,0,0
58,6,1.58715,1.51622,0,0,0,0,0,6.24919E-16,0.000732604,0.967325,0.352257,0.195909,0,0,0,0,0,0,0,0
58,7,1.74871,1.63754,0,0,0,0,0,0,5.16684E-10,0.0400369,0.921667,0.675839,0,0,0,0,0,0,0,0
58,8,2.39027,2.17504,1,0,0,0,0,0,5.62988E-11,0.00254999,0.170477,2.00202,0,0,0,0,0,0,0,0
59,1,0.395751,0.36819,0,1,0.272094,0.0944965,0.00157356,0.000025865,1.18421E-07,7.80705E-08,1.75439E-08,1.40334E-08,0.0942185,0.0400552,0.000104973,2.18965E-07,1.19383E-10,5.04703E-11,6.49277E-12,2.7338E-12
59,2,0.988991,0.980096,0,0,0,0.852074,0.126079,0.0019245,8.81123E-06,5.80888E-06,1.30537E-06,1.04416E-06,0,0.329274,0.0494974,0.000108971,5.94125E-08,2.51172E-08,3.23122E-09,1.36051E-09
59,3,1.46959,1.45611,0,0,0,0,1.26596,0.188608,0.000803194,0.000529513,0.000118992,9.51815E-05,0,0,0.514476,0.0731095,4.20514E-05,1.77776E-05,2.28701E-06,9.62952E-07
59,4,1.52625,1.47878,0,0,0,0,0,1.29999,0.103236,0.0545099,0.0122282,0.00881126,0,0,0,0.486361,0.00920115,0.00388987,0.000500414,0.000210701
59,5,1.49716,1.4601,0,0,0,0,0,0.0001991,0.739505,0.553918,0.0991957,0.0672804,0,0,0,0,0,0,0,0
59,6,1.58719,1.51625,0,0,0,0,0,6.24365E-16,0.000731955,0.96715,0.352403,0.19596,0,0,0,0,0,0,0,0
59,7,1.74879,1.6376,0,0,0,0,0,0,5.1599E-10,0.0399691,0.921465,0.676168,0,0,0,0,0,0,0,0
59,8,2.39034,2.1751,1,0,0,0,0,0,5.62913E-11,0.00254964,0.170439,2.00212,0,0,0,0,0,0,0,0
60,1,0.395731,0.368171,0,1,0.272065,0.0945065,0.00157362,2.58659E-05,1.18426E-07,7.80731E-08,1.75445E-08,1.40339E-08,0.094205,0.0400592,0.000104988,2.18997E-07,1.194E-10,5.04776E-11,6.49371E-12,2.73419E-12
60,2,0.989145,0.980252,0,0,0,0.852112,0.126196,0.00192623,8.81912E-06,5.81409E-06,1.30654E-06,1.0451E-06,0,0.329292,0.0495497,0.000109088,5.94763E-08,2.51442E-08,3.23469E-09,1.36197E-09
60,3,1.46961,1.45613,0,0,0,0,1.26582,0.18876,0.000803819,0.000529925,0.000119084,9.52556E-05,0,0,0.514414,0.073179,4.20919E-05,1.77948E-05,2.28921E-06,9.63879E-07
60,4,1.52623,1.47877,0,0,0,0,0,1.2998,0.103345,0.0545615,0.0122398,0.00881929,0,0,0,0.486224,0.00920575,0.00389182,0.000500664,0.000210806
60,5,1.49716,1.4601,0,0,0,0,0,0.000199047,0.739473,0.553946,0.0991986,0.0672824,0,0,0,0,0,0,0,0
60,6,1.58719,1.51625,0,0,0,0,0,6.243E-16,0.000731878,0.967138,0.352413,0.195964,0,0,0,0,0,0,0,0
60,7,1.74881,1.63762,0,0,0,0,0,0,5.15812E-10,0.0399518,0.921412,0.676254,0,0,0,0,0,0,0,0
60,8,2.39039,2.17515,1,0,0,0,0,0,5.62879E-11,0.00254949,0.170422,2.00218,0,0,0,0,0,0,0,0
61,1,0.395702,0.368143,0,1,0.272029,0.0945141,0.00157362,2.58659E-05,1.18426E-07,7.80732E-08,1.75445E-08,1.40339E-08,0.0941894,0.0400619,0.000105,2.19022E-07,1.19414E-10,5.04835E-11,6.49447E-12,2.73451E-12
61,2,0.989308,0.980418,0,0,0,0.852153,0.12632,0.00192804,8.82744E-06,5.81957E-06,1.30777E-06,1.04608E-06,0,0.329311,0.0496048,0.000109211,5.95434E-08,2.51726E-08,3.23834E-09,1.36351E-09
61,3,1.46962,1.45614,0,0,0,0,1.2657,0.188897,0.000804384,0.000530297,0.000119168,9.53225E-05,0,0,0.514358,0.0732415,4.21283E-05,1.78101E-05,2.29119E-06,9.64712E-07
61,4,1.52623,1.47876,0,0,0,0,0,1.29973,0.103384,0.0545816,0.0122443,0.00882251,0,0,0,0.486175,0.00921005,0.00389363,0.000500898,0.000210904
61,5,1.49716,1.4601,0,0,0,0,0,0.000199017,0.739464,0.553953,0.0991996,0.0672831,0,0,0,0,0,0,0,0
61,6,1.58714,1.51621,0,0,0,0,0,6.25108E-16,0.000732825,0.967387,0.352206,0.19589,0,0,0,0,0,0,0,0
61,7,1.74877,1.63759,0,0,0,0,0,0,5.1611E-10,0.039981,0.921493,0.676118,0,0,0,0,0,0,0,0
61,8,2.39051,2.17525,1,0,0,0,0,0,5.62858E-11,0.00254939,0.170411,2.00229,0,0,0,0,0,0,0,0
62,1,0.395678,0.368121,0,1,0.27199,0.0945306,0.00157373,2.58678E-05,1.18434E-07,7.8079E-08,1.75458E-08,1.40349E-08,0.0941716,0.0400685,0.000105024,2.19072E-07,1.19441E-10,5.0495E-11,6.49595E-12,2.73513E-12
62,2,0.989503,0.980616,0,0,0,0.852203,0.126464,0.00193018,8.83721E-06,5.82601E-06,1.30922E-06,1.04724E-06,0,0.329335,0.0496693,0.000109355,5.9622E-08,2.52058E-08,3.24261E-09,1.36531E-09
62,3,1.46964,1.45616,0,0,0,0,1.26559,0.18902,0.000804887,0.000530629,0.000119243,9.53821E-05,0,0,0.514309,0.0732969,4.21605E-05,1.78238E-05,2.29295E-06,9.6545E-07
62,4,1.52625,1.47877,0,0,0,0,0,1.29979,0.103346,0.0545648,0.0122405,0.00882026,0,0,0,0.486241,0.00921644,0.00389634,0.000501245,0.000211051
62,5,1.49716,1.4601,0,0,0,0,0,0.000198989,0.739485,0.553934,0.0991984,0.0672823,0,0,0,0,0,0,0,0
62,6,1.58701,1.51614,0,0,0,0,0,6.27314E-16,0.000735412,0.967983,0.351709,0.195708,0,0,0,0,0,0,0,0
62,7,1.74876,1.63758,0,0,0,0,0,0,5.1629E-10,0.039999,0.921532,0.676048,0,0,0,0,0,0,0,0
62,8,2.39089,2.17559,1,0,0,0,0,0,5.6273E-11,0.0025488,0.170345,2.0027,0,0,0,0,0,0,0,0
63,1,0.395675,0.368122,0,1,0.271952,0.0945696,0.00157417,0.000025875,1.18467E-07,7.81006E-08,1.75507E-08,1.40388E-08,0.0941523,0.0400852,0.000105076,2.19182E-07,1.19501E-10,5.05203E-11,6.49919E-12,2.7365E-12
63,2,0.989737,0.980854,0,0,0,0.852266,0.126637,0.00193272,8.84885E-06,5.83369E-06,1.31094E-06,1.04862E-06,0,0.329365,0.0497459,0.000109526,5.97153E-08,2.52452E-08,3.24768E-09,1.36744E-09
63,3,1.46966,1.45617,0,0,0,0,1.26544,0.189184,0.000805563,0.000531075,0.000119343,9.54622E-05,0,0,0.514242,0.0733719,4.22042E-05,1.78422E-05,2.29532E-06,9.66451E-07
63,4,1.52626,1.47876,0,0,0,0,0,1.2997,0.103402,0.054588,0.0122457,0.00882439,0,0,0,0.48623,0.00923047,0.00390227,0.000502008,0.000211372
63,5,1.49716,1.4601,0,0,0,0,0,0.000198894,0.739498,0.55392,0.0991986,0.0672824,0,0,0,0,0,0,0,0
63,6,1.58688,1.51606,0,0,0,0,0,6.29834E-16,0.000738369,0.968508,0.351275,0.195537,0,0,0,0,0,0,0,0
63,7,1.74898,1.63775,0,0,0,0,0,0,5.14371E-10,0.0398125,0.920953,0.676982,0,0,0,0,0,0,0,0
63,8,2.39189,2.17645,1,0,0,0,0,0,5.62239E-11,0.00254654,0.170095,2.0038,0,0,0,0,0,0,0,0
64,1,0.395596,0.368041,0,1,0.271903,0.0945381,0.00157358,2.58653E-05,1.18423E-07,7.80713E-08,1.75441E-08,1.40335E-08,0.0941353,0.0400698,0.000105039,2.19104E-07,1.19459E-10,5.05023E-11,6.49688E-12,2.73553E-12
64,2,0.989918,0.981038,0,0,0,0.852303,0.126782,0.00193484,8.85857E-06,5.84009E-06,1.31238E-06,1.04977E-06,0,0.329383,0.0498111,0.000109672,5.97949E-08,2.52789E-08,3.25201E-09,1.36927E-09
64,3,1.46971,1.45621,0,0,0,0,1.26504,0.189617,0.000807332,0.000532241,0.000119605,9.56718E-05,0,0,0.514061,0.0735712,4.23206E-05,1.78914E-05,2.30165E-06,9.69116E-07
64,4,1.52617,1.47868,0,0,0,0,0,1.29845,0.104112,0.0549211,0.0123204,0.00887595,0,0,0,0.485339,0.00925598,0.00391305,0.000503396,0.000211956
64,5,1.49716,1.46011,0,0,0,0,0,0.000198534,0.739256,0.554136,0.0992203,0.0672972,0,0,0,0,0,0,0,0
64,6,1.58711,1.51621,0,0,0,0,0,6.26428E-16,0.000734374,0.967229,0.352347,0.195898,0,0,0,0,0,0,0,0
64,7,1.74977,1.63834,0,0,0,0,0,0,5.07486E-10,0.0391413,0.918933,0.680267,0,0,0,0,0,0,0,0
64,8,2.39346,2.17779,1,0,0,0,0,0,5.61239E-11,0.00254194,0.169585,2.00566,0,0,0,0,0,0,0,0
65,1,0.395463,0.367904,0,1,0.271841,0.0944649,0.00157236,2.58452E-05,1.18331E-07,7.80107E-08,1.75305E-08,1.40226E-08,0.0941175,0.0400348,0.000104948,2.18914E-07,1.19355E-10,5.04586E-11,6.49126E-12,2.73316E-12
65,2,0.990231,0.981355,0,0,0,0.852355,0.127044,0.00193866,8.87607E-06,5.85163E-06,1.31497E-06,1.05185E-06,0,0.329406,0.0499299,0.000109939,5.99403E-08,2.53404E-08,3.25992E-09,1.3726E-09
65,3,1.46983,1.4563,0,0,0,0,1.26407,0.190673,0.000811645,0.000535084,0.000120244,9.61829E-05,0,0,0.513618,0.0740586,4.26053E-05,1.80118E-05,2.31713E-06,9.75634E-07
65,4,1.52593,1.47848,0,0,0,0,0,1.29527,0.105918,0.0557762,0.0125121,0.00900783,0,0,0,0.483001,0.00931038,0.00393605,0.000506355,0.000213202
65,5,1.49717,1.46013,0,0,0,0,0,0.000197787,0.738656,0.554671,0.0992724,0.0673324,0,0,0,0,0,0,0,0
65,6,1.58779,1.51664,0,0,0,0,0,6.15719E-16,0.000721815,0.963649,0.355341,0.196933,0,0,0,0,0,0,0,0
65,7,1.75115,1.63939,0,0,0,0,0,0,4.95318E-10,0.0379546,0.915378,0.686055,0,0,0,0,0,0,0,0
65,8,2.39586,2.17983,1,0,0,0,0,0,5.59717E-11,0.00253493,0.168808,2.00849,0,0,0,0,0,0,0,0
66,1,0.395468,0.367915,0,1,0.271772,0.0945436,0.00157326,2.58601E-05,1.18399E-07,7.80557E-08,1.75406E-08,1.40307E-08,0.0940856,0.0400676,0.000105051,2.19128E-07,1.19472E-10,5.05079E-11,6.49761E-12,2.73583E-12
66,2,0.991223,0.982362,0,0,0,0.852566,0.127828,0.00195015,8.92867E-06,5.88631E-06,1.32277E-06,1.05808E-06,0,0.329504,0.0502822,0.000110728,6.03706E-08,2.55222E-08,3.28332E-09,1.38245E-09
66,3,1.47006,1.45648,0,0,0,0,1.26223,0.192675,0.000819828,0.000540479,0.000121456,9.71527E-05,0,0,0.512781,0.0749817,4.31442E-05,1.82396E-05,2.34645E-06,9.87976E-07
66,4,1.52559,1.47818,0,0,0,0,0,1.29033,0.108721,0.0571029,0.0128095,0.00921315,0,0,0,0.479436,0.00941067,0.00397845,0.000511809,0.000215498
66,5,1.49718,1.46016,0,0,0,0,0,0.000196793,0.737886,0.555357,0.0993395,0.067378,0,0,0,0,0,0,0,0
66,6,1.58864,1.51719,0,0,0,0,0,6.02909E-16,0.000706792,0.959072,0.359173,0.19824,0,0,0,0,0,0,0,0
66,7,1.75276,1.6406,0,0,0,0,0,0,4.81235E-10,0.0365815,0.911254,0.692763,0,0,0,0,0,0,0,0
66,8,2.39891,2.18246,1,0,0,0,0,0,5.58006E-11,0.00252705,0.167933,2.012,0,0,0,0,0,0,0,0
67,1,0.395838,0.368315,0,1,0.271705,0.0950039,0.00157958,2.59639E-05,1.18874E-07,7.8369E-08,1.7611E-08,1.4087E-08,0.0940248,0.0402719,0.00010564,2.20357E-07,1.20142E-10,5.07913E-11,6.53406E-12,2.75118E-12
67,2,0.993641,0.984818,0,0,0,0.853141,0.129681,0.00197738,9.05332E-06,5.96848E-06,1.34123E-06,1.07285E-06,0,0.329774,0.051111,0.000112582,6.13812E-08,2.59495E-08,3.33829E-09,1.40559E-09
67,3,1.47041,1.45675,0,0,0,0,1.25957,0.195571,0.000831681,0.000548293,0.000123212,9.85573E-05,0,0,0.511577,0.0763133,4.39213E-05,1.85682E-05,2.38871E-06,1.00577E-06
67,4,1.52523,1.47784,0,0,0,0,0,1.28497,0.111753,0.0585486,0.0131336,0.00943748,0,0,0,0.475573,0.00953301,0.00403017,0.000518462,0.0002183
67,5,1.49718,1.46019,0,0,0,0,0,0.000195869,0.737138,0.556026,0.0994044,0.067422,0,0,0,0,0,0,0,0
67,6,1.58947,1.51774,0,0,0,0,0,5.90767E-16,0.000692554,0.954419,0.363073,0.199553,0,0,0,0,0,0,0,0
67,7,1.75419,1.64168,0,0,0,0,0,0,4.68699E-10,0.0353596,0.907572,0.698749,0,0,0,0,0,0,0,0
67,8,2.40137,2.18456,1,0,0,0,0,0,5.56549E-11,0.00252035,0.167192,2.01485,0,0,0,0,0,0,0,0
68,1,0.397183,0.369755,0,1,0.271643,0.0964848,0.00160035,2.63054E-05,1.20438E-07,7.93997E-08,1.78426E-08,1.42723E-08,0.0938888,0.0409335,0.000107528,2.24296E-07,1.2229E-10,5.16992E-11,6.65086E-12,2.80036E-12
68,2,0.999367,0.990635,0,0,0,0.854615,0.133961,0.00204044,9.34203E-06,6.15882E-06,0.000001384,1.10707E-06,0,0.330466,0.0530203,0.000116846,6.37064E-08,2.69325E-08,3.46474E-09,1.45884E-09
68,3,1.47093,1.45715,0,0,0,0,1.25551,0.200009,0.000849846,0.000560268,0.000125903,0.00010071,0,0,0.50973,0.0783548,4.51127E-05,1.90718E-05,2.4535E-06,1.03305E-06
68,4,1.52518,1.47764,0,0,0,0,0,1.28129,0.113775,0.0595979,0.013369,0.00960457,0,0,0,0.472994,0.00971912,0.00410885,0.000528584,0.000222562
68,5,1.4972,1.46023,0,0,0,0,0,0.000195163,0.735995,0.557057,0.099496,0.0674841,0,0,0,0,0,0,0,0
68,6,1.59036,1.51833,0,0,0,0,0,5.78139E-16,0.000677746,0.949396,0.367284,0.200967,0,0,0,0,0,0,0,0
68,7,1.75542,1.64261,0,0,0,0,0,0,4.57909E-10,0.0343075,0.904415,0.703885,0,0,0,0,0,0,0,0
68,8,2.40886,2.19112,1,0,0,0,0,0,5.5417E-11,0.00250941,0.16597,2.02264,0,0,0,0,0,0,0,0
69,1,0.546015,0.546004,0,0,0.360595,0.182249,0.00310839,5.10934E-05,2.33928E-07,1.54219E-07,3.4656E-08,2.77213E-08,0.167854,0.0822536,0.00021174,4.41675E-07,2.40808E-10,1.01804E-10,1.30966E-11,5.51435E-12
69,2,1.56141,1.56138,0,0,0,1.29772,0.259611,0.00401962,1.84036E-05,1.21327E-05,2.72646E-06,2.1809E-06,0,0.608846,0.106749,0.000232249,1.26626E-07,5.35322E-08,6.88667E-09,2.89965E-09
69,3,2.35825,2.35808,0,0,0,0,1.98076,0.374201,0.00161608,0.00106541,0.000239419,0.000191511,0,0,0.929145,0.151804,8.62921E-05,3.64808E-05,4.69309E-06,1.97604E-06
69,4,2.39726,2.39544,0,0,0,0,0,2.04589,0.1988,0.108796,0.0244054,0.0175467,0,0,0,0.853305,0.0180714,0.00763985,0.000982831,0.000413824
69,5,2.4292,2.42316,0,0,0,0,0,0.000298958,1.12965,0.985791,0.183177,0.124242,0,0,0,0,0,0,0,0
69,6,2.49561,2.48533,0,0,0,0,0,1.02483E-15,0.00104249,1.47555,0.644516,0.364224,0,0,0,0,0,0,0,0
69,7,2.66867,2.65144,0,0,0,0,0,0,7.94988E-10,0.0550899,1.39325,1.2031,0,0,0,0,0,0,0,0
69,8,3.45088,3.41674,0,0,0,0,0,0,9.13839E-11,0.00413572,0.263791,3.14882,0,0,0,0,0,0,0,0
70,1,0.439764,0.43478,0,0,0.325411,0.107739,0.00160203,2.63329E-05,1.20564E-07,7.94827E-08,1.78613E-08,1.42872E-08,0.0974265,0.0386886,0.000109922,2.2929E-07,1.25012E-10,5.28502E-11,6.79893E-12,2.86271E-12
70,2,1.09343,1.06874,0,0,0,0.929612,0.137111,0.0019988,9.1514E-06,6.03314E-06,1.35576E-06,1.08447E-06,0,0.326371,0.0505557,0.000115089,6.2748E-08,2.65273E-08,3.41262E-09,1.43689E-09
70,3,1.73843,1.56565,0,0,0,0,1.36928,0.194803,0.0008131,0.000536043,0.000120459,9.63553E-05,0,0,0.538479,0.0726331,4.24083E-05,1.79285E-05,2.30642E-06,9.71125E-07
70,4,2.60971,1.95406,0,0,0,0,0,1.72641,0.129426,0.0708364,0.0158915,0.0114882,0,0,0,0.682097,0.0125807,0.00531861,0.000684215,0.00028809
70,5,3.22798,2.30379,0,0,0,0,0,0.00029636,1.09205,0.925072,0.17064,0.115738,0,0,0,0,0,0,0,0
70,6,3.35685,2.40664,0,0,0,0,0,1.07231E-15,0.00111401,1.46844,0.596625,0.340469,0,0,0,0,0,0,0,0
70,7,3.5575,2.59657,0,0,0,0,0,0,8.68507E-10,0.0623646,1.3958,1.1384,0,0,0,0,0,0,0,0
70,8,4.31908,3.3773,0,0,0,0,0,0,9.0976E-11,0.00411853,0.26458,3.1086,0,0,0,0,0,0,0,0
71,1,0.547306,0.547296,0,0,0.361775,0.182356,0.00311318,0.000051172,2.34288E-07,1.54457E-07,3.47094E-08,2.7764E-08,0.168399,0.0823006,0.000211739,4.41673E-07,2.40807E-10,1.01803E-10,1.30965E-11,5.51433E-12
71,2,1.55048,1.55046,0,0,0,1.29559,0.250943,0.00388929,1.78069E-05,1.17394E-05,2.63806E-06,2.11019E-06,0,0.607929,0.102666,0.000223261,1.21725E-07,5.14604E-08,6.62015E-09,2.78743E-09
71,3,2.35668,2.35651,0,0,0,0,2.00049,0.353072,0.00152763,0.0010071,0.000226316,0.00018103,0,0,0.938647,0.141592,8.04239E-05,0.000034,4.37394E-06,1.84166E-06
71,4,2.39655,2.39484,0,0,0,0,0,2.08464,0.175627,0.0970758,0.0217777,0.0157248,0,0,0,0.884195,0.0170054,0.0071892,0.000924857,0.000389414
71,5,2.42908,2.42306,0,0,0,0,0,0.000306601,1.13599,0.98034,0.182581,0.123837,0,0,0,0,0,0,0,0
71,6,2.49291,2.48277,0,0,0,0,0,1.12049E-15,0.00113981,1.50974,0.617561,0.354333,0,0,0,0,0,0,0,0
71,7,2.6616,2.6446,0,0,0,0,0,0,8.98602E-10,0.0641718,1.42167,1.15875,0,0,0,0,0,0,0,0
71,8,3.43706,3.40319,0,0,0,0,0,0,9.26262E-11,0.00419268,0.269385,3.12962,0,0,0,0,0,0,0,0
72,1,0.396691,0.36919,0,1,0.272149,0.0954273,0.0015869,2.60842E-05,1.19425E-07,7.87321E-08,1.76926E-08,1.41523E-08,0.0941648,0.0404754,0.000106159,2.21439E-07,1.20732E-10,5.10406E-11,6.56613E-12,2.76469E-12
72,2,0.991875,0.983026,0,0,0,0.852788,0.128263,0.00195664,8.95836E-06,5.90588E-06,1.32716E-06,1.0616E-06,0,0.329612,0.0504726,0.000111151,6.06011E-08,2.56197E-08,3.29586E-09,1.38773E-09
72,3,1.4699,1.45636,0,0,0,0,1.26368,0.19111,0.000813475,0.000536291,0.000120515,9.63999E-05,0,0,0.513454,0.0742506,4.27161E-05,1.80587E-05,2.32316E-06,9.78173E-07
72,4,1.52613,1.47865,0,0,0,0,0,1.29796,0.104364,0.0550664,0.012353,0.00889831,0,0,0,0.484892,0.00926245,0.00391579,0.000503748,0.000212104
72,5,1.49716,1.4601,0,0,0,0,0,0.000199086,0.739471,0.553948,0.0991982,0.0672822,0,0,0,0,0,0,0,0
72,6,1.58713,1.51621,0,0,0,0,0,6.25139E-16,0.000732862,0.967482,0.352125,0.195867,0,0,0,0,0,0,0,0
72,7,1.74863,1.63748,0,0,0,0,0,0,5.17419E-10,0.0401087,0.921875,0.675496,0,0,0,0,0,0,0,0
72,8,2.39055,2.17529,1,0,0,0,0,0,5.62908E-11,0.00254962,0.170438,2.00231,0,0,0,0,0,0,0,0
73,1,0.395202,0.367604,0,1,0.272096,0.0939161,0.00156535,2.57301E-05,1.17804E-07,7.76633E-08,1.74524E-08,1.39602E-08,0.094266,0.0397944,0.000104231,2.17419E-07,1.1854E-10,5.0114E-11,6.44693E-12,2.71449E-12
73,2,0.986487,0.977551,0,0,0,0.851323,0.124312,0.00189832,8.69134E-06,5.72984E-06,1.2876E-06,1.02996E-06,0,0.328916,0.0487154,0.000107229,5.8463E-08,2.47158E-08,3.17958E-09,1.33877E-09
73,3,1.46951,1.45606,0,0,0,0,1.26651,0.188001,0.000800702,0.00052787,0.000118622,9.48861E-05,0,0,0.514725,0.0728321,4.18898E-05,1.77093E-05,2.27822E-06,9.59251E-07
73,4,1.5259,1.47859,0,0,0,0,0,1.29749,0.104703,0.0551312,0.0123674,0.00890384,0,0,0,0.484495,0.0091666,0.00387527,0.000498535,0.000209909
73,5,1.49715,1.46008,0,0,0,0,0,0.00019878,0.739907,0.553545,0.0991694,0.0672626,0,0,0,0,0,0,0,0
73,6,1.58681,1.516,0,0,0,0,0,6.29453E-16,0.00073792,0.969212,0.350676,0.195373,0,0,0,0,0,0,0,0
73,7,1.74786,1.6369,0,0,0,0,0,0,5.2423E-10,0.0407742,0.923823,0.672304,0,0,0,0,0,0,0,0
73,8,2.38375,2.16936,1,0,0,0,0,0,5.65242E-11,0.00256036,0.171633,1.99516,0,0,0,0,0,0,0,0
74,1,0.394752,0.367123,0,1,0.272089,0.0934494,0.00155873,2.56212E-05,1.17305E-07,7.73346E-08,1.73786E-08,1.39011E-08,0.0943019,0.0395841,0.000103635,2.16175E-07,1.17862E-10,4.98272E-11,6.41004E-12,2.69896E-12
74,2,0.984598,0.975632,0,0,0,0.850845,0.122892,0.0018774,8.59559E-06,5.66672E-06,1.27342E-06,1.01861E-06,0,0.32869,0.0480817,0.000105813,5.76911E-08,2.43895E-08,3.13759E-09,1.32109E-09
74,3,1.4693,1.45589,0,0,0,0,1.26808,0.186276,0.000793612,0.000523196,0.000117572,0.000094046,0,0,0.515432,0.0720445,4.14309E-05,1.75153E-05,2.25327E-06,9.48742E-07
74,4,1.526,1.4787,0,0,0,0,0,1.29922,0.103738,0.0546552,0.0122607,0.00882979,0,0,0,0.485776,0.00912308,0.00385687,0.000496168,0.000208913
74,5,1.49714,1.46008,0,0,0,0,0,0.000198807,0.740062,0.553404,0.0991579,0.0672548,0,0,0,0,0,0,0,0
74,6,1.58648,1.51579,0,0,0,0,0,6.34789E-16,0.000744179,0.970872,0.349289,0.194884,0,0,0,0,0,0,0,0
74,7,1.7473,1.63648,0,0,0,0,0,0,5.29141E-10,0.0412537,0.925237,0.669992,0,0,0,0,0,0,0,0
74,8,2.38271,2.16848,1,0,0,0,0,0,5.65982E-11,0.00256376,0.17201,1.9939,0,0,0,0,0,0,0,0
75,1,0.394639,0.367001,0,1,0.27209,0.0933285,0.00155702,2.55931E-05,1.17177E-07,7.72499E-08,1.73595E-08,1.38859E-08,0.0943134,0.0395293,0.000103479,2.15851E-07,1.17685E-10,4.97525E-11,6.40043E-12,2.69491E-12
75,2,0.984043,0.975068,0,0,0,0.850723,0.122457,0.00187103,8.56639E-06,5.64747E-06,1.26909E-06,1.01515E-06,0,0.328632,0.0478867,0.000105377,5.74529E-08,2.42888E-08,3.12464E-09,1.31564E-09
75,3,1.46918,1.4558,0,0,0,0,1.26893,0.185347,0.000789802,0.000520684,0.000117008,9.35945E-05,0,0,0.515815,0.0716192,0.000041183,1.74105E-05,2.23978E-06,9.43064E-07
75,4,1.52619,1.47883,0,0,0,0,0,1.30122,0.102616,0.0541083,0.0121381,0.00874636,0,0,0,0.487389,0.0091097,0.00385121,0.00049544,0.000208606
75,5,1.49714,1.46006,0,0,0,0,0,0.000199093,0.740464,0.553043,0.0991256,0.0672329,0,0,0,0,0,0,0,0
75,6,1.58589,1.51542,0,0,0,0,0,6.45426E-16,0.000756654,0.973635,0.34699,0.194041,0,0,0,0,0,0,0,0
75,7,1.74687,1.63616,0,0,0,0,0,0,5.33043E-10,0.0416355,0.926338,0.66818,0,0,0,0,0,0,0,0
75,8,2.38299,2.16874,1,0,0,0,0,0,5.6621E-11,0.00256482,0.172126,1.99405,0,0,0,0,0,0,0,0
76,1,0.394692,0.367058,0,1,0.272099,0.0933745,0.0015577,2.56043E-05,1.17228E-07,7.72836E-08,1.73671E-08,1.38919E-08,0.0943141,0.0395501,0.000103537,2.15971E-07,1.17751E-10,4.97803E-11,6.404E-12,2.69642E-12
76,2,0.983985,0.975009,0,0,0,0.850738,0.122384,0.00186999,8.56164E-06,5.64434E-06,1.26839E-06,1.01459E-06,0,0.328641,0.0478522,0.000105298,5.74101E-08,2.42707E-08,3.12231E-09,1.31466E-09
76,3,1.46911,1.45574,0,0,0,0,1.26949,0.184734,0.000787294,0.000519031,0.000116636,9.32973E-05,0,0,0.516069,0.071338,4.10189E-05,1.73411E-05,2.23086E-06,9.39307E-07
76,4,1.52642,1.47897,0,0,0,0,0,1.30312,0.1016,0.053562,0.0120157,0.00866457,0,0,0,0.489313,0.00913044,0.00385998,0.000496568,0.000209081
76,5,1.49712,1.46003,0,0,0,0,0,0.000199727,0.741406,0.552192,0.0990502,0.0671817,0,0,0,0,0,0,0,0
76,6,1.5849,1.51482,0,0,0,0,0,6.64369E-16,0.000778876,0.977992,0.343373,0.19268,0,0,0,0,0,0,0,0
76,7,1.74669,1.63602,0,0,0,0,0,0,5.34669E-10,0.0417953,0.926769,0.667457,0,0,0,0,0,0,0,0
76,8,2.38559,2.17104,1,0,0,0,0,0,5.65724E-11,0.00256258,0.17187,1.99661,0,0,0,0,0,0,0,0
77,1,0.394614,0.366974,0,1,0.2721,0.0932915,0.00155653,0.000025585,1.1714E-07,7.72253E-08,1.7354E-08,1.38815E-08,0.0943212,0.0395127,0.000103431,2.15749E-07,1.1763E-10,4.97292E-11,6.39742E-12,2.69365E-12
77,2,0.983739,0.97476,0,0,0,0.850675,0.1222,0.00186729,8.54927E-06,5.63618E-06,1.26656E-06,1.01312E-06,0,0.328611,0.0477705,0.000105116,5.73106E-08,2.42286E-08,3.1169E-09,1.31238E-09
77,3,1.46909,1.45572,0,0,0,0,1.26967,0.184539,0.000786489,0.0005185,0.000116517,9.32018E-05,0,0,0.516148,0.0712492,4.09672E-05,1.73193E-05,2.22805E-06,9.38125E-07
77,4,1.52641,1.47897,0,0,0,0,0,1.30317,0.101576,0.0535505,0.0120131,0.00866251,0,0,0,0.489322,0.00912316,0.0038569,0.000496172,0.000208915
77,5,1.49712,1.46003,0,0,0,0,0,0.00019973,0.741368,0.552227,0.0990529,0.0671836,0,0,0,0,0,0,0,0
77,6,1.58502,1.51489,0,0,0,0,0,6.6242E-16,0.00077659,0.977443,0.34383,0.192845,0,0,0,0,0,0,0,0
77,7,1.74685,1.63615,0,0,0,0,0,0,5.33225E-10,0.0416542,0.926358,0.668132,0,0,0,0,0,0,0,0
77,8,2.38575,2.17117,1,0,0,0,0,0,5.6557E-11,0.00256187,0.171791,1.99682,0,0,0,0,0,0,0,0
78,1,0.394396,0.366742,0,1,0.272088,0.0930752,0.00155343,2.55341E-05,1.16907E-07,7.70717E-08,1.73195E-08,1.38539E-08,0.0943343,0.039415,0.000103155,2.15174E-07,1.17316E-10,4.95965E-11,6.38036E-12,2.68647E-12
78,2,0.983269,0.974281,0,0,0,0.850526,0.121876,0.00186246,8.52717E-06,5.62161E-06,1.26328E-06,1.0105E-06,0,0.328539,0.0476273,0.000104797,5.71369E-08,2.41552E-08,3.10746E-09,1.3084E-09
78,3,1.46909,1.45573,0,0,0,0,1.26957,0.184645,0.000786915,0.000518781,0.00011658,9.32524E-05,0,0,0.516099,0.0713002,4.09972E-05,0.000017332,2.22968E-06,9.38811E-07
78,4,1.5262,1.47886,0,0,0,0,0,1.30164,0.102383,0.0539943,0.0121125,0.00872811,0,0,0,0.487655,0.00908762,0.00384188,0.000494239,0.000208101
78,5,1.49714,1.46006,0,0,0,0,0,0.000199144,0.740424,0.553079,0.0991279,0.0672344,0,0,0,0,0,0,0,0
78,6,1.58613,1.51558,0,0,0,0,0,6.41399E-16,0.000751932,0.972403,0.348018,0.194406,0,0,0,0,0,0,0,0
78,7,1.74726,1.63645,0,0,0,0,0,0,5.29586E-10,0.0412977,0.92535,0.6698,0,0,0,0,0,0,0,0
78,8,2.38321,2.16892,1,0,0,0,0,0,5.65881E-11,0.0025633,0.171957,1.9944,0,0,0,0,0,0,0,0
79,1,0.394292,0.366631,0,1,0.272081,0.0929726,0.00155196,2.55099E-05,1.16796E-07,7.69987E-08,1.73031E-08,1.38407E-08,0.0943394,0.0393689,0.000103025,2.14902E-07,1.17168E-10,4.95339E-11,6.37231E-12,2.68308E-12
79,2,0.983013,0.974021,0,0,0,0.850449,0.121695,0.00185978,8.5149E-06,5.61353E-06,1.26147E-06,1.00905E-06,0,0.328501,0.0475474,0.000104619,5.704E-08,2.41142E-08,3.10218E-09,1.30618E-09
79,3,1.4691,1.45573,0,0,0,0,1.26951,0.184708,0.000787168,0.000518948,0.000116617,9.32823E-05,0,0,0.51607,0.0713308,4.10152E-05,1.73396E-05,2.23066E-06,9.39224E-07
79,4,1.52608,1.47879,0,0,0,0,0,1.30059,0.102972,0.0542813,0.0121768,0.00877122,0,0,0,0.486753,0.00908007,0.00383868,0.000493829,0.000207928
79,5,1.49714,1.46008,0,0,0,0,0,0.000198918,0.740088,0.553382,0.0991548,0.0672527,0,0,0,0,0,0,0,0
79,6,1.58668,1.51592,0,0,0,0,0,6.31791E-16,0.000740663,0.969846,0.350147,0.195182,0,0,0,0,0,0,0,0
79,7,1.74768,1.63677,0,0,0,0,0,0,5.25765E-10,0.0409239,0.924269,0.671577,0,0,0,0,0,0,0,0
79,8,2.38297,2.16868,1,0,0,0,0,0,5.65665E-11,0.0025623,0.171848,1.99427,0,0,0,0,0,0,0,0
80,1,0.394244,0.366581,0,1,0.272069,0.0929356,0.0015514,2.55007E-05,1.16754E-07,7.69709E-08,1.72968E-08,1.38357E-08,0.0943368,0.039352,0.000102979,2.14806E-07,1.17116E-10,4.95117E-11,6.36945E-12,2.68187E-12
80,2,0.982969,0.973976,0,0,0,0.850434,0.121666,0.00185935,8.51294E-06,5.61223E-06,1.26118E-06,1.00881E-06,0,0.328494,0.0475349,0.000104592,5.70249E-08,2.41078E-08,3.10136E-09,1.30583E-09
80,3,1.46911,1.45574,0,0,0,0,1.26941,0.18481,0.000787583,0.000519221,0.000116679,9.33315E-05,0,0,0.516027,0.0713782,0.000041043,1.73513E-05,2.23217E-06,9.39859E-07
80,4,1.52603,1.47875,0,0,0,0,0,1.29995,0.103338,0.0544503,0.0122147,0.008797,0,0,0,0.486278,0.00908397,0.00384033,0.000494041,0.000208017
80,5,1.49715,1.46008,0,0,0,0,0,0.000198766,0.739951,0.553505,0.0991664,0.0672606,0,0,0,0,0,0,0,0
80,6,1.5869,1.51606,0,0,0,0,0,6.2809E-16,0.000736322,0.968745,0.351065,0.195509,0,0,0,0,0,0,0,0
80,7,1.748,1.63701,0,0,0,0,0,0,5.22942E-10,0.0406481,0.92346,0.672902,0,0,0,0,0,0,0,0
80,8,2.38319,2.16887,1,0,0,0,0,0,5.65387E-11,0.00256102,0.171705,1.9946,0,0,0,0,0,0,0,0
81,1,0.394227,0.366565,0,1,0.272051,0.0929366,0.00155136,2.55001E-05,1.16751E-07,7.69689E-08,1.72964E-08,1.38354E-08,0.0943288,0.0393523,0.000102982,2.14812E-07,1.17119E-10,4.95131E-11,6.36963E-12,2.68195E-12
81,2,0.983069,0.974078,0,0,0,0.850457,0.121743,0.00186048,8.51811E-06,5.61564E-06,1.26194E-06,1.00943E-06,0,0.328504,0.0475694,0.000104669,5.7067E-08,2.41256E-08,3.10365E-09,1.3068E-09
81,3,1.46913,1.45576,0,0,0,0,1.26925,0.184987,0.000788308,0.000519699,0.000116786,9.34175E-05,0,0,0.515953,0.0714594,4.10903E-05,1.73713E-05,2.23474E-06,9.40943E-07
81,4,1.52599,1.47872,0,0,0,0,0,1.29945,0.103626,0.0545833,0.0122445,0.00881746,0,0,0,0.485919,0.00909131,0.00384344,0.00049444,0.000208185
81,5,1.49715,1.46009,0,0,0,0,0,0.000198623,0.739855,0.553591,0.0991751,0.0672665,0,0,0,0,0,0,0,0
81,6,1.58701,1.51612,0,0,0,0,0,6.26364E-16,0.000734298,0.968198,0.351522,0.195669,0,0,0,0,0,0,0,0
81,7,1.74822,1.63718,0,0,0,0,0,0,5.21016E-10,0.0404602,0.922903,0.673812,0,0,0,0,0,0,0,0
81,8,2.38341,2.16905,1,0,0,0,0,0,5.6517E-11,0.00256002,0.171594,1.9949,0,0,0,0,0,0,0,0
82,1,0.394222,0.366561,0,1,0.272028,0.0929561,0.00155157,2.55035E-05,1.16766E-07,7.69792E-08,1.72987E-08,1.38372E-08,0.0943169,0.0393607,0.000103009,2.14869E-07,1.1715E-10,4.95261E-11,6.37131E-12,2.68265E-12
82,2,0.983246,0.974258,0,0,0,0.8505,0.121878,0.00186247,8.5272E-06,5.62163E-06,1.26329E-06,1.0105E-06,0,0.328525,0.0476296,0.000104803,5.71404E-08,2.41567E-08,3.10764E-09,1.30848E-09
82,3,1.46916,1.45578,0,0,0,0,1.26905,0.185212,0.00078923,0.000520307,0.000116923,9.35266E-05,0,0,0.515861,0.071562,4.11501E-05,1.73966E-05,2.23799E-06,9.42312E-07
82,4,1.52596,1.47869,0,0,0,0,0,1.29901,0.103874,0.0546991,0.0122705,0.00883536,0,0,0,0.485609,0.00909939,0.00384685,0.00049488,0.00020837
82,5,1.49715,1.46009,0,0,0,0,0,0.000198502,0.739778,0.553659,0.099182,0.0672712,0,0,0,0,0,0,0,0
82,6,1.58706,1.51616,0,0,0,0,0,6.2549E-16,0.000733274,0.967924,0.351752,0.195749,0,0,0,0,0,0,0,0
82,7,1.74835,1.63727,0,0,0,0,0,0,5.19892E-10,0.0403505,0.922577,0.674344,0,0,0,0,0,0,0,0
82,8,2.38356,2.16917,1,0,0,0,0,0,5.65037E-11,0.00255941,0.171526,1.99509,0,0,0,0,0,0,0,0
83,1,0.39421,0.366551,0,1,0.271998,0.0929759,0.00155176,2.55066E-05,1.1678E-07,7.69886E-08,1.73008E-08,1.38389E-08,0.0943023,0.0393691,0.000103036,2.14926E-07,1.17181E-10,4.95395E-11,6.37302E-12,2.68338E-12
83,2,0.983448,0.974463,0,0,0,0.85055,0.122031,0.00186471,8.53748E-06,5.62841E-06,1.26481E-06,1.01172E-06,0,0.328549,0.0476978,0.000104956,5.72234E-08,2.41917E-08,3.11216E-09,1.31038E-09
83,3,1.46919,1.4558,0,0,0,0,1.26885,0.185428,0.000790118,0.000520892,0.000117054,9.36319E-05,0,0,0.515773,0.0716605,4.12075E-05,1.74209E-05,2.24112E-06,9.43627E-07
83,4,1.52594,1.47868,0,0,0,0,0,1.29874,0.10403,0.054773,0.0122871,0.00884686,0,0,0,0.485414,0.00910638,0.00384981,0.00049526,0.000208531
83,5,1.49715,1.46009,0,0,0,0,0,0.000198424,0.739735,0.553696,0.099186,0.0672739,0,0,0,0,0,0,0,0
83,6,1.58705,1.51615,0,0,0,0,0,6.25623E-16,0.00073343,0.967974,0.35171,0.195734,0,0,0,0,0,0,0,0
83,7,1.74836,1.63728,0,0,0,0,0,0,5.19757E-10,0.0403374,0.922535,0.674411,0,0,0,0,0,0,0,0
83,8,2.38361,2.16922,1,0,0,0,0,0,5.65004E-11,0.00255926,0.17151,1.99515,0,0,0,0,0,0,0,0
84,1,0.394196,0.366539,0,1,0.271962,0.0929992,0.00155198,2.55102E-05,1.16797E-07,7.69997E-08,1.73033E-08,1.38409E-08,0.0942853,0.0393789,0.000103069,2.14994E-07,1.17218E-10,4.9555E-11,6.37502E-12,2.68422E-12
84,2,0.98367,0.974689,0,0,0,0.850608,0.122196,0.00186715,8.54863E-06,5.63576E-06,1.26646E-06,1.01304E-06,0,0.328577,0.0477713,0.00010512,5.7313E-08,2.42296E-08,3.11703E-09,1.31243E-09
84,3,1.46921,1.45582,0,0,0,0,1.26871,0.185582,0.000790752,0.00052131,0.000117148,0.000093707,0,0,0.515711,0.0717301,0.000041248,0.000017438,2.24332E-06,9.44554E-07
84,4,1.52596,1.47868,0,0,0,0,0,1.29883,0.103975,0.054749,0.0122817,0.0088435,0,0,0,0.4855,0.0091124,0.00385235,0.000495587,0.000208668
84,5,1.49715,1.46009,0,0,0,0,0,0.000198409,0.739766,0.553668,0.099184,0.0672725,0,0,0,0,0,0,0,0
84,6,1.5869,1.51606,0,0,0,0,0,6.28133E-16,0.000736373,0.968709,0.351097,0.195514,0,0,0,0,0,0,0,0
84,7,1.74823,1.63718,0,0,0,0,0,0,5.20939E-10,0.040453,0.922867,0.673863,0,0,0,0,0,0,0,0
84,8,2.38362,2.16923,1,0,0,0,0,0,5.65072E-11,0.00255957,0.171544,1.99513,0,0,0,0,0,0,0,0
85,1,0.394203,0.366551,0,1,0.271922,0.09305,0.00155258,2.55201E-05,1.16842E-07,7.70294E-08,1.731E-08,1.38462E-08,0.0942647,0.0394008,0.000103136,2.15135E-07,1.17295E-10,4.95875E-11,6.3792E-12,2.68598E-12
85,2,0.983966,0.974989,0,0,0,0.850693,0.122409,0.00187029,8.56304E-06,5.64526E-06,1.2686E-06,1.01475E-06,0,0.328618,0.0478656,0.00010533,5.74276E-08,2.42781E-08,3.12326E-09,1.31506E-09
85,3,1.46921,1.45582,0,0,0,0,1.26868,0.18562,0.000790917,0.000521419,0.000117173,9.37266E-05,0,0,0.515698,0.0717464,4.12573E-05,1.74419E-05,2.24383E-06,9.44768E-07
85,4,1.52605,1.47873,0,0,0,0,0,1.29959,0.103555,0.05454,0.0122349,0.00881242,0,0,0,0.486195,0.00912548,0.00385788,0.000496298,0.000208968
85,5,1.49714,1.46008,0,0,0,0,0,0.000198522,0.740031,0.553428,0.0991635,0.0672586,0,0,0,0,0,0,0,0
85,6,1.5864,1.51575,0,0,0,0,0,6.3703E-16,0.000746808,0.97105,0.349148,0.194801,0,0,0,0,0,0,0,0
85,7,1.74797,1.63698,0,0,0,0,0,0,5.23346E-10,0.0406888,0.923537,0.672756,0,0,0,0,0,0,0,0
85,8,2.38414,2.1697,1,0,0,0,0,0,5.65071E-11,0.00255957,0.171544,1.99559,0,0,0,0,0,0,0,0
86,1,0.394292,0.366649,0,1,0.271888,0.09318,0.00155432,2.55487E-05,1.16973E-07,7.71156E-08,1.73293E-08,1.38617E-08,0.0942398,0.0394586,0.000103305,2.15486E-07,1.17486E-10,4.96685E-11,6.38962E-12,2.69037E-12
86,2,0.984375,0.975405,0,0,0,0.850824,0.122689,0.00187447,8.58215E-06,5.65786E-06,1.27143E-06,1.01702E-06,0,0.328681,0.0479893,0.000105605,5.75776E-08,2.43415E-08,3.13142E-09,1.31849E-09
86,3,1.46921,1.45582,0,0,0,0,1.26877,0.185523,0.000790524,0.00052116,0.000117115,0.00009368,0,0,0.515742,0.0716998,4.12299E-05,1.74304E-05,2.24234E-06,9.44141E-07
86,4,1.52625,1.47883,0,0,0,0,0,1.30091,0.10287,0.0541506,0.0121476,0.00875526,0,0,0,0.487723,0.00916532,0.00387473,0.000498465,0.00020988
86,5,1.49712,1.46005,0,0,0,0,0,0.000199002,0.740915,0.552629,0.0990941,0.0672116,0,0,0,0,0,0,0,0
86,6,1.58533,1.51509,0,0,0,0,0,6.57304E-16,0.00077059,0.975833,0.345175,0.193313,0,0,0,0,0,0,0,0
86,7,1.74783,1.63688,0,0,0,0,0,0,5.24599E-10,0.0408126,0.92385,0.672221,0,0,0,0,0,0,0,0
86,8,2.3872,2.17239,1,0,0,0,0,0,5.64382E-11,0.0025564,0.171185,1.99865,0,0,0,0,0,0,0,0
87,1,0.394242,0.366599,0,1,0.271847,0.0931726,0.00155409,2.55449E-05,1.16956E-07,7.71042E-08,1.73268E-08,1.38597E-08,0.0942231,0.0394542,0.000103298,2.15472E-07,1.17479E-10,4.96653E-11,6.3892E-12,2.69019E-12
87,2,0.984547,0.97558,0,0,0,0.850866,0.12282,0.00187639,8.59095E-06,5.66366E-06,1.27273E-06,1.01806E-06,0,0.328701,0.0480477,0.000105736,5.76487E-08,2.43715E-08,3.13529E-09,1.32012E-09
87,3,1.46924,1.45584,0,0,0,0,1.26855,0.185765,0.000791515,0.000521814,0.000117261,9.37975E-05,0,0,0.515642,0.0718107,4.12946E-05,1.74577E-05,2.24585E-06,9.45621E-07
87,4,1.52621,1.47879,0,0,0,0,0,1.30031,0.103208,0.0543075,0.0121828,0.00877968,0,0,0,0.487317,0.00918031,0.00388106,0.00049928,0.000210223
87,5,1.49712,1.46005,0,0,0,0,0,0.00019879,0.740801,0.552729,0.0991049,0.0672188,0,0,0,0,0,0,0,0
87,6,1.5854,1.51514,0,0,0,0,0,6.56369E-16,0.000769493,0.975383,0.345554,0.193435,0,0,0,0,0,0,0,0
87,7,1.74832,1.63725,0,0,0,0,0,0,5.20367E-10,0.0404,0.922609,0.674239,0,0,0,0,0,0,0,0
87,8,2.38776,2.17286,1,0,0,0,0,0,5.63819E-11,0.00255381,0.170898,1.99941,0,0,0,0,0,0,0,0
88,1,0.394081,0.366431,0,1,0.271798,0.0930546,0.00155227,0.000025515,1.16819E-07,7.70141E-08,1.73065E-08,1.38435E-08,0.0942129,0.0393999,0.00010315,2.15164E-07,1.17311E-10,4.95942E-11,6.38006E-12,2.68634E-12
88,2,0.984634,0.975668,0,0,0,0.850852,0.12292,0.00187781,8.59746E-06,5.66795E-06,1.2737E-06,1.01883E-06,0,0.328693,0.0480943,0.000105842,5.77064E-08,2.43959E-08,3.13843E-09,1.32144E-09
88,3,1.46934,1.45592,0,0,0,0,1.26776,0.186628,0.000795047,0.000524142,0.000117785,0.000094216,0,0,0.515281,0.0722084,4.15268E-05,1.75559E-05,2.25848E-06,9.50938E-07
88,4,1.52588,1.47858,0,0,0,0,0,1.29714,0.104954,0.0551934,0.0123814,0.00891373,0,0,0,0.484465,0.00917909,0.00388054,0.000499214,0.000210195
88,5,1.49714,1.4601,0,0,0,0,0,0.000197779,0.73959,0.553818,0.0992041,0.0672862,0,0,0,0,0,0,0,0
88,6,1.5867,1.51595,0,0,0,0,0,6.32734E-16,0.00074177,0.969271,0.350642,0.195293,0,0,0,0,0,0,0,0
88,7,1.74944,1.63809,0,0,0,0,0,0,5.10452E-10,0.0394319,0.919754,0.678908,0,0,0,0,0,0,0,0
88,8,2.38649,2.17168,1,0,0,0,0,0,5.63258E-11,0.00255122,0.170618,1.99851,0,0,0,0,0,0,0,0
89,1,0.394116,0.366472,0,1,0.271754,0.0931386,0.00155333,2.55324E-05,1.16899E-07,7.70666E-08,1.73183E-08,1.38529E-08,0.0941887,0.0394365,0.00010326,2.15393E-07,1.17435E-10,4.9647E-11,6.38685E-12,2.6892E-12
89,2,0.985447,0.976493,0,0,0,0.851031,0.123558,0.00188716,8.64027E-06,5.69618E-06,1.28004E-06,1.0239E-06,0,0.328777,0.0483805,0.000106483,5.80559E-08,2.45437E-08,3.15743E-09,1.32944E-09
89,3,1.46952,1.45606,0,0,0,0,1.26634,0.188172,0.000801367,0.000528309,0.000118721,0.000094965,0,0,0.514641,0.0729177,4.19406E-05,1.77308E-05,2.28099E-06,9.60415E-07
89,4,1.52554,1.47831,0,0,0,0,0,1.2929,0.107352,0.0563346,0.0126372,0.00908891,0,0,0,0.481254,0.00923268,0.0039032,0.000502128,0.000211423
89,5,1.49715,1.46012,0,0,0,0,0,0.000196943,0.738817,0.55451,0.0992697,0.0673306,0,0,0,0,0,0,0,0
89,6,1.5877,1.51658,0,0,0,0,0,6.16276E-16,0.000722468,0.964203,0.354874,0.196782,0,0,0,0,0,0,0,0
89,7,1.75094,1.63923,0,0,0,0,0,0,4.97201E-10,0.0381389,0.915908,0.685181,0,0,0,0,0,0,0,0
89,8,2.38781,2.17277,1,0,0,0,0,0,5.6193E-11,0.0025451,0.169941,2.00028,0,0,0,0,0,0,0,0
90,1,0.394524,0.366911,0,1,0.271709,0.0936168,0.00155996,2.56414E-05,1.17398E-07,7.73956E-08,1.73923E-08,1.39121E-08,0.0941335,0.0396498,0.000103872,2.16669E-07,1.18132E-10,4.99412E-11,6.42471E-12,2.70514E-12
90,2,0.987966,0.979052,0,0,0,0.851651,0.125468,0.00191526,8.76893E-06,0.000005781,1.2991E-06,1.03915E-06,0,0.329069,0.0492338,0.00010839,5.90959E-08,2.49833E-08,3.21399E-09,1.35326E-09
90,3,1.46986,1.45633,0,0,0,0,1.26374,0.191021,0.000813042,0.000536005,0.000120451,9.63485E-05,0,0,0.513463,0.0742242,4.27027E-05,0.000018053,2.32243E-06,9.77865E-07
90,4,1.52521,1.478,0,0,0,0,0,1.28792,0.110162,0.0576805,0.0129389,0.00929761,0,0,0,0.477639,0.00934328,0.00394996,0.000508144,0.000213955
90,5,1.49716,1.46015,0,0,0,0,0,0.000196235,0.738158,0.5551,0.0993256,0.0673685,0,0,0,0,0,0,0,0
90,6,1.58856,1.51714,0,0,0,0,0,6.03351E-16,0.00070731,0.959542,0.358776,0.198113,0,0,0,0,0,0,0,0
90,7,1.75254,1.64044,0,0,0,0,0,0,4.83145E-10,0.0367682,0.9118,0.691869,0,0,0,0,0,0,0,0
90,8,2.39065,2.17519,1,0,0,0,0,0,5.60129E-11,0.00253681,0.169024,2.00363,0,0,0,0,0,0,0,0
91,1,0.395944,0.36843,0,1,0.271669,0.0951537,0.00158159,0.000025997,1.19026E-07,7.84689E-08,1.76335E-08,1.4105E-08,0.0940007,0.0403375,0.000105832,2.20757E-07,1.2036E-10,5.08833E-11,6.5459E-12,2.75617E-12
91,2,0.994387,0.985576,0,0,0,0.853338,0.130234,0.00198554,9.09067E-06,5.99311E-06,1.34677E-06,1.07728E-06,0,0.329866,0.0513576,0.000113132,6.16813E-08,2.60764E-08,3.35461E-09,1.41246E-09
91,3,1.47046,1.45679,0,0,0,0,1.25912,0.196061,0.000833682,0.000549612,0.000123508,9.87944E-05,0,0,0.511372,0.0765394,4.40534E-05,0.000018624,2.39589E-06,1.0088E-06
91,4,1.52522,1.47781,0,0,0,0,0,1.28436,0.112092,0.0587213,0.0131724,0.00946487,0,0,0,0.475144,0.00956113,0.00404206,0.000519992,0.000218944
91,5,1.49719,1.46019,0,0,0,0,0,0.000195703,0.736925,0.556217,0.0994218,0.0674338,0,0,0,0,0,0,0,0
91,6,1.58954,1.51778,0,0,0,0,0,5.8936E-16,0.000690904,0.954127,0.363314,0.199648,0,0,0,0,0,0,0,0
91,7,1.75411,1.64162,0,0,0,0,0,0,4.69353E-10,0.0354231,0.907776,0.698422,0,0,0,0,0,0,0,0
91,8,2.40152,2.1847,1,0,0,0,0,0,5.56562E-11,0.00252041,0.167198,2.01498,0,0,0,0,0,0,0,0
92,1,0.544659,0.544649,0,0,0.360956,0.180559,0.00308273,5.06716E-05,2.31997E-07,1.52946E-07,3.43699E-08,2.74925E-08,0.168102,0.0813863,0.000209389,4.36771E-07,2.38134E-10,1.00673E-10,1.29512E-11,5.45312E-12
92,2,1.55513,1.55511,0,0,0,1.2963,0.254825,0.00394752,1.80735E-05,1.19151E-05,2.67756E-06,2.14178E-06,0,0.608214,0.10451,0.000227322,1.2394E-07,5.23966E-08,6.74059E-09,2.83814E-09
92,3,2.35781,2.35764,0,0,0,0,1.98579,0.368781,0.00159333,0.00105042,0.000236049,0.000188816,0,0,0.931548,0.149204,8.47994E-05,3.58498E-05,4.61191E-06,1.94185E-06
92,4,2.39715,2.39535,0,0,0,0,0,2.05196,0.195179,0.106953,0.0239921,0.0172597,0,0,0,0.858167,0.0178932,0.00756451,0.000973139,0.000409743
92,5,2.42918,2.42315,0,0,0,0,0,0.000299835,1.13046,0.985095,0.183102,0.124191,0,0,0,0,0,0,0,0
92,6,2.49509,2.48484,0,0,0,0,0,1.04107E-15,0.00105902,1.48227,0.639195,0.362315,0,0,0,0,0,0,0,0
92,7,2.66758,2.65038,0,0,0,0,0,0,8.10939E-10,0.0564872,1.39765,1.19624,0,0,0,0,0,0,0,0
92,8,3.4489,3.4148,0,0,0,0,0,0,9.15563E-11,0.00414363,0.264565,3.14609,0,0,0,0,0,0,0,0
93,1,0.439371,0.434385,0,0,0.325534,0.107228,0.00159621,2.62373E-05,1.20126E-07,7.91942E-08,1.77964E-08,1.42354E-08,0.0974335,0.0385315,0.000109394,2.28189E-07,1.24412E-10,5.25964E-11,6.76627E-12,2.84896E-12
93,2,1.09225,1.06764,0,0,0,0.929359,0.136273,0.00198721,9.09834E-06,5.99816E-06,1.3479E-06,1.07819E-06,0,0.326228,0.0502171,0.000114299,6.23177E-08,2.63454E-08,3.38922E-09,1.42704E-09
93,3,1.73786,1.56541,0,0,0,0,1.36981,0.194033,0.000810015,0.00053401,0.000120002,9.59898E-05,0,0,0.538674,0.0723022,4.22122E-05,1.78456E-05,2.29576E-06,9.66633E-07
93,4,2.60876,1.95357,0,0,0,0,0,1.72683,0.12889,0.0705652,0.0158307,0.0114457,0,0,0,0.682518,0.0125519,0.00530644,0.000682649,0.000287431
93,5,3.22798,2.30379,0,0,0,0,0,0.0002965,1.09215,0.924983,0.17063,0.115732,0,0,0,0,0,0,0,0
93,6,3.35678,2.40659,0,0,0,0,0,1.07394E-15,0.0011157,1.46897,0.596191,0.340308,0,0,0,0,0,0,0,0
93,7,3.55733,2.5964,0,0,0,0,0,0,8.709E-10,0.0625766,1.39646,1.13736,0,0,0,0,0,0,0,0
93,8,4.31878,3.37699,0,0,0,0,0,0,9.10067E-11,0.00411994,0.264719,3.10816,0,0,0,0,0,0,0,0
94,1,0.546642,0.546632,0,0,0.361911,0.181568,0.00310113,5.09739E-05,2.33381E-07,1.53859E-07,3.4575E-08,2.76565E-08,0.168501,0.0818957,0.000210646,4.39393E-07,2.39564E-10,1.01278E-10,1.30289E-11,5.48586E-12
94,2,1.54802,1.548,0,0,0,1.29502,0.249083,0.00386126,1.76786E-05,1.16548E-05,2.61905E-06,2.09498E-06,0,0.607672,0.101797,0.000221349,1.20683E-07,5.10199E-08,6.56348E-09,2.76357E-09
94,3,2.35651,2.35635,0,0,0,0,2.00223,0.351187,0.0015197,0.00100187,0.00022514,0.00018009,0,0,0.939469,0.140696,0.00007991,3.37827E-05,4.34599E-06,1.82989E-06
94,4,2.39652,2.39482,0,0,0,0,0,2.08617,0.174715,0.0966086,0.021673,0.015652,0,0,0,0.885422,0.016959,0.00716958,0.000922333,0.000388351
94,5,2.42908,2.42305,0,0,0,0,0,0.000306734,1.1361,0.980251,0.182571,0.12383,0,0,0,0,0,0,0,0
94,6,2.49285,2.48272,0,0,0,0,0,1.12277E-15,0.00114213,1.51049,0.616969,0.354113,0,0,0,0,0,0,0,0
94,7,2.66138,2.64439,0,0,0,0,0,0,9.01794E-10,0.0644518,1.42254,1.1574,0,0,0,0,0,0,0,0
94,8,3.43685,3.40299,0,0,0,0,0,0,9.26617E-11,0.00419431,0.269545,3.12925,0,0,0,0,0,0,0,0
95,1,0.396218,0.368684,0,1,0.272144,0.0949341,0.0015799,2.59693E-05,1.18899E-07,7.83851E-08,1.76146E-08,1.40899E-08,0.0942036,0.0402532,0.000105528,2.20124E-07,1.20015E-10,5.07375E-11,6.52715E-12,2.74827E-12
95,2,0.990113,0.981236,0,0,0,0.852346,0.126934,0.00193708,8.8688E-06,5.84684E-06,1.3139E-06,1.05099E-06,0,0.329403,0.0498795,0.000109825,5.98783E-08,2.53141E-08,3.25655E-09,1.37118E-09
95,3,1.46972,1.45622,0,0,0,0,1.26498,0.189683,0.000807612,0.000532425,0.000119646,0.000095705,0,0,0.514038,0.0735992,4.23367E-05,1.78982E-05,2.30253E-06,9.69483E-07
95,4,1.5262,1.47872,0,0,0,0,0,1.29917,0.103689,0.054734,0.0122784,0.00884638,0,0,0,0.48577,0.00922747,0.003901,0.000501845,0.000211303
95,5,1.49716,1.4601,0,0,0,0,0,0.000199118,0.739555,0.553872,0.0991918,0.0672778,0,0,0,0,0,0,0,0
95,6,1.58697,1.5161,0,0,0,0,0,6.27645E-16,0.0007358,0.968334,0.351413,0.19562,0,0,0,0,0,0,0,0
95,7,1.74828,1.63722,0,0,0,0,0,0,5.20456E-10,0.040405,0.922756,0.674059,0,0,0,0,0,0,0,0
95,8,2.39005,2.17488,1,0,0,0,0,0,5.63322E-11,0.00255153,0.170648,2.00168,0,0,0,0,0,0,0,0
96,1,0.394752,0.367123,0,1,0.272089,0.0934494,0.00155873,2.56212E-05,1.17305E-07,7.73346E-08,1.73786E-08,1.39011E-08,0.0943019,0.0395841,0.000103635,2.16175E-07,1.17862E-10,4.98272E-11,6.41004E-12,2.69896E-12
96,2,0.984598,0.975632,0,0,0,0.850845,0.122892,0.0018774,8.59559E-06,5.66672E-06,1.27342E-06,1.01861E-06,0,0.32869,0.0480817,0.000105813,5.76911E-08,2.43895E-08,3.13759E-09,1.32109E-09
96,3,1.4693,1.45589,0,0,0,0,1.26808,0.186276,0.000793612,0.000523196,0.000117572,0.000094046,0,0,0.515432,0.0720445,4.14309E-05,1.75153E-05,2.25327E-06,9.48742E-07
96,4,1.526,1.4787,0,0,0,0,0,1.29922,0.103738,0.0546552,0.0122607,0.00882979,0,0,0,0.485776,0.00912308,0.00385687,0.000496168,0.000208913
96,5,1.49714,1.46008,0,0,0,0,0,0.000198807,0.740062,0.553404,0.0991579,0.0672548,0,0,0,0,0,0,0,0
96,6,1.58648,1.51579,0,0,0,0,0,6.34789E-16,0.000744179,0.970872,0.349289,0.194884,0,0,0,0,0,0,0,0
96,7,1.7473,1.63648,0,0,0,0,0,0,5.29141E-10,0.0412537,0.925237,0.669992,0,0,0,0,0,0,0,0
96,8,2.38271,2.16848,1,0,0,0,0,0,5.65982E-11,0.00256376,0.17201,1.9939,0,0,0,0,0,0,0,0
97,1,0.394352,0.366696,0,1,0.272084,0.0930335,0.00155283,2.55242E-05,1.16861E-07,7.70419E-08,1.73128E-08,1.38485E-08,0.0943345,0.0393966,0.000103103,2.15066E-07,1.17257E-10,4.95716E-11,6.37716E-12,2.68512E-12
97,2,0.982747,0.973751,0,0,0,0.850383,0.121494,0.00185683,8.50137E-06,5.60461E-06,1.25946E-06,1.00744E-06,0,0.328471,0.0474576,0.000104419,5.69306E-08,2.40679E-08,3.09623E-09,1.30367E-09
97,3,1.46906,1.4557,0,0,0,0,1.26984,0.184348,0.000785694,0.000517976,0.000116399,9.31077E-05,0,0,0.516222,0.0711641,4.09179E-05,1.72984E-05,2.22536E-06,9.36995E-07
97,4,1.52618,1.47886,0,0,0,0,0,1.30168,0.102368,0.0539769,0.0121086,0.00872512,0,0,0,0.487682,0.00907998,0.00383865,0.000493824,0.000207926
97,5,1.49714,1.46007,0,0,0,0,0,0.000198901,0.740395,0.553102,0.0991327,0.0672377,0,0,0,0,0,0,0,0
97,6,1.58584,1.51539,0,0,0,0,0,6.45786E-16,0.000757076,0.973983,0.346697,0.19395,0,0,0,0,0,0,0,0
97,7,1.74651,1.63589,0,0,0,0,0,0,5.36189E-10,0.0419424,0.92725,0.666692,0,0,0,0,0,0,0,0
97,8,2.38165,2.16758,1,0,0,0,0,0,5.66903E-11,0.002568,0.172479,1.99254,0,0,0,0,0,0,0,0
98,1,0.394302,0.366641,0,1,0.272086,0.0929772,0.00155204,2.55113E-05,1.16802E-07,7.70027E-08,1.7304E-08,1.38415E-08,0.0943415,0.039371,0.00010303,2.14914E-07,1.17174E-10,4.95365E-11,6.37264E-12,2.68321E-12
98,2,0.982297,0.973295,0,0,0,0.850305,0.121121,0.00185139,8.47648E-06,5.5882E-06,1.25577E-06,1.00449E-06,0,0.328435,0.0472893,0.000104041,5.67246E-08,2.39809E-08,3.08503E-09,1.29896E-09
98,3,1.46892,1.45559,0,0,0,0,1.2709,0.183188,0.000780942,0.000514843,0.000115695,9.25445E-05,0,0,0.516701,0.0706329,4.06081E-05,1.71675E-05,2.20852E-06,9.299E-07
98,4,1.52652,1.47907,0,0,0,0,0,1.30474,0.100704,0.0531125,0.0119149,0.00859475,0,0,0,0.490544,0.00909167,0.00384359,0.00049446,0.000208194
98,5,1.49711,1.46002,0,0,0,0,0,0.000199662,0.741566,0.552046,0.0990393,0.0671744,0,0,0,0,0,0,0,0
98,6,1.58442,1.51452,0,0,0,0,0,6.72367E-16,0.000788255,0.980367,0.341391,0.191973,0,0,0,0,0,0,0,0
98,7,1.74586,1.6354,0,0,0,0,0,0,5.4203E-10,0.0425145,0.928877,0.664005,0,0,0,0,0,0,0,0
98,8,2.38451,2.17015,1,0,0,0,0,0,5.66753E-11,0.00256732,0.172393,1.99519,0,0,0,0,0,0,0,0
99,1,0.386736,0.359781,0,1,0.265268,0.0929284,0.00155885,2.56233E-05,1.17315E-07,7.73408E-08,1.73799E-08,1.39022E-08,0.0939951,0.0397118,0.000103555,2.16007E-07,1.1777E-10,4.97886E-11,6.40507E-12,2.69687E-12
99,2,0.966387,0.957361,0,0,0,0.834406,0.121082,0.00185537,8.49469E-06,5.6002E-06,1.25847E-06,1.00665E-06,0,0.327778,0.047487,0.000104275,5.68525E-08,2.40349E-08,3.09199E-09,1.30189E-09
99,3,1.48125,1.45902,0,0,0,0,1.27422,0.183298,0.000782961,0.000516174,0.000115994,9.27838E-05,0,0,0.518995,0.0708729,4.06843E-05,1.71997E-05,2.21266E-06,9.31646E-07
99,4,1.60643,1.50629,0,0,0,0,0,1.32807,0.102591,0.054551,0.0122377,0.00883081,0,0,0,0.506952,0.00939288,0.00397093,0.000510841,0.000215091
99,5,1.57974,1.48655,0,0,0,0,0,0.000202151,0.749438,0.565073,0.102387,0.0694451,0,0,0,0,0,0,0,0
99,6,2.29626,1.84594,0,0,0,0,0,8.5734E-16,0.000967102,1.17013,0.428565,0.246277,0,0,0,0,0,0,0,0
99,7,3.37547,2.55594,0,0,0,0,0,0,9.06223E-10,0.0660291,1.39283,1.09708,0,0,0,0,0,0,0,0
99,8,4.1987,3.37277,0,0,0,0,0,0,9.28961E-11,0.0042055,0.271957,3.09661,0,0,0,0,0,0,0,0
100,1,0.386628,0.359666,0,1,0.265268,0.0928146,0.00155722,2.55964E-05,1.17191E-07,7.72596E-08,1.73617E-08,1.38876E-08,0.0940048,0.0396593,0.000103407,2.157E-07,1.17603E-10,4.97177E-11,6.39595E-12,2.69303E-12
100,2,0.966059,0.957028,0,0,0,0.834313,0.120846,0.00185187,8.47868E-06,5.58964E-06,1.2561E-06,1.00475E-06,0,0.327736,0.0473815,0.00010404,5.67244E-08,2.39808E-08,3.08502E-09,1.29895E-09
100,3,1.48121,1.459,0,0,0,0,1.27436,0.183134,0.000782281,0.000515726,0.000115893,9.27032E-05,0,0,0.519059,0.0707989,4.06414E-05,1.71815E-05,2.21033E-06,9.30663E-07
100,4,1.60668,1.5064,0,0,0,0,0,1.32782,0.102803,0.0546612,0.0122624,0.00884698,0,0,0,0.506622,0.00938081,0.00396582,0.000510185,0.000214815
100,5,1.57978,1.48657,0,0,0,0,0,0.000202031,0.749216,0.565286,0.102407,0.0694584,0,0,0,0,0,0,0,0
100,6,2.29999,1.84802,0,0,0,0,0,8.4856E-16,0.000957194,1.16866,0.431065,0.247339,0,0,0,0,0,0,0,0
100,7,3.37644,2.55677,0,0,0,0,0,0,8.99772E-10,0.0654521,1.39126,1.10006,0,0,0,0,0,0,0,0
100,8,4.19793,3.37199,0,0,0,0,0,0,9.28709E-11,0.00420433,0.271837,3.09595,0,0,0,0,0,0,0,0
101,1,0.393974,0.366291,0,1,0.272077,0.0926411,0.00154726,2.54326E-05,1.16442E-07,7.67654E-08,1.72507E-08,1.37988E-08,0.0943665,0.0392192,0.0001026,2.14017E-07,1.16685E-10,4.93298E-11,6.34605E-12,2.67202E-12
101,2,0.981314,0.972296,0,0,0,0.850042,0.120396,0.00184068,8.42747E-06,5.55588E-06,1.24851E-06,9.98686E-07,0,0.328309,0.0469665,0.00010332,5.63317E-08,2.38148E-08,3.06366E-09,1.28996E-09
101,3,1.46883,1.45553,0,0,0,0,1.27148,0.182543,0.00077828,0.000513088,0.000115301,9.22291E-05,0,0,0.516959,0.0703413,4.04385E-05,1.70958E-05,2.19929E-06,9.26017E-07
101,4,1.52643,1.47904,0,0,0,0,0,1.30424,0.100984,0.0532511,0.011946,0.00861435,0,0,0,0.489998,0.0090605,0.00383041,0.000492765,0.00020748
101,5,1.49712,1.46004,0,0,0,0,0,0.000199486,0.741183,0.552392,0.0990691,0.0671946,0,0,0,0,0,0,0,0
101,6,1.58523,1.51503,0,0,0,0,0,6.5811E-16,0.000771535,0.9765,0.344612,0.193143,0,0,0,0,0,0,0,0
101,7,1.74678,1.63609,0,0,0,0,0,0,5.33822E-10,0.0417119,0.926552,0.667826,0,0,0,0,0,0,0,0
101,8,2.38418,2.16981,1,0,0,0,0,0,5.66168E-11,0.00256462,0.172096,1.99515,0,0,0,0,0,0,0,0
102,1,0.393807,0.366114,0,1,0.272067,0.0924765,0.0015449,2.53938E-05,1.16264E-07,7.66483E-08,1.72243E-08,1.37777E-08,0.094375,0.0391451,0.000102391,2.13581E-07,1.16447E-10,4.92293E-11,6.33311E-12,2.66657E-12
102,2,0.980927,0.971902,0,0,0,0.849914,0.120134,0.00183678,8.40962E-06,5.54412E-06,1.24587E-06,9.96571E-07,0,0.328247,0.0468515,0.000103065,5.61924E-08,2.37559E-08,3.05609E-09,1.28677E-09
102,3,1.46886,1.45554,0,0,0,0,1.27125,0.182795,0.000779301,0.000513761,0.000115452,0.00009235,0,0,0.51685,0.070459,4.05075E-05,1.71249E-05,2.20304E-06,9.27596E-07
102,4,1.52617,1.47889,0,0,0,0,0,1.30212,0.102135,0.0538538,0.012081,0.00870431,0,0,0,0.4879,0.00903166,0.00381822,0.000491196,0.000206819
102,5,1.49714,1.46007,0,0,0,0,0,0.000198796,0.740151,0.553323,0.0991516,0.0672505,0,0,0,0,0,0,0,0
102,6,1.5865,1.5158,0,0,0,0,0,6.3468E-16,0.000744051,0.970733,0.349407,0.19492,0,0,0,0,0,0,0,0
102,7,1.74741,1.63657,0,0,0,0,0,0,5.28172E-10,0.0411589,0.924965,0.670441,0,0,0,0,0,0,0,0
102,8,2.38209,2.16793,1,0,0,0,0,0,5.66175E-11,0.00256465,0.172106,1.99326,0,0,0,0,0,0,0,0
103,1,0.393748,0.366052,0,1,0.272052,0.0924308,0.0015442,2.53825E-05,1.16212E-07,7.66139E-08,1.72166E-08,1.37716E-08,0.0943719,0.0391243,0.000102334,2.13462E-07,1.16383E-10,4.92018E-11,6.32958E-12,2.66509E-12
103,2,0.980893,0.971867,0,0,0,0.849896,0.120117,0.00183651,8.40838E-06,5.5433E-06,1.24569E-06,9.96424E-07,0,0.328238,0.0468442,0.000103049,5.61838E-08,2.37523E-08,3.05562E-09,1.28658E-09
103,3,1.46888,1.45556,0,0,0,0,1.27104,0.183015,0.000780198,0.000514353,0.000115585,9.24564E-05,0,0,0.516758,0.0705607,4.05668E-05,0.00001715,2.20627E-06,9.28956E-07
103,4,1.52607,1.47882,0,0,0,0,0,1.301,0.102767,0.0541506,0.0121475,0.00874952,0,0,0,0.48705,0.00903771,0.00382078,0.000491525,0.000206958
103,5,1.49714,1.46008,0,0,0,0,0,0.000198546,0.739905,0.553544,0.0991724,0.0672646,0,0,0,0,0,0,0,0
103,6,1.58687,1.51604,0,0,0,0,0,6.28358E-16,0.000736637,0.968926,0.350913,0.19546,0,0,0,0,0,0,0,0
103,7,1.74788,1.63692,0,0,0,0,0,0,5.23983E-10,0.0407497,0.923765,0.672406,0,0,0,0,0,0,0,0
103,8,2.38239,2.16818,1,0,0,0,0,0,5.65767E-11,0.00256277,0.171897,1.99372,0,0,0,0,0,0,0,0
104,1,0.393742,0.366048,0,1,0.272032,0.0924459,0.00154436,0.000025385,1.16224E-07,7.66216E-08,1.72183E-08,1.37729E-08,0.094362,0.0391308,0.000102355,2.13506E-07,1.16407E-10,4.9212E-11,6.33089E-12,2.66564E-12
104,2,0.981073,0.97205,0,0,0,0.849938,0.120256,0.00183856,8.41776E-06,5.54948E-06,1.24707E-06,9.97536E-07,0,0.328258,0.0469067,0.000103189,5.62601E-08,2.37845E-08,3.05977E-09,1.28832E-09
104,3,1.46892,1.45559,0,0,0,0,1.27075,0.183337,0.00078152,0.000515224,0.000115781,0.000092613,0,0,0.516625,0.0707083,0.000040653,1.71864E-05,2.21096E-06,9.30928E-07
104,4,1.526,1.47877,0,0,0,0,0,1.30013,0.103267,0.0543823,0.0121995,0.0087852,0,0,0,0.486424,0.00905101,0.0038264,0.000492249,0.000207263
104,5,1.49715,1.46009,0,0,0,0,0,0.000198324,0.739752,0.553679,0.0991859,0.0672738,0,0,0,0,0,0,0,0
104,6,1.58704,1.51614,0,0,0,0,0,6.2568E-16,0.000733496,0.968081,0.351619,0.195708,0,0,0,0,0,0,0,0
104,7,1.74823,1.63718,0,0,0,0,0,0,5.20954E-10,0.040454,0.922889,0.673837,0,0,0,0,0,0,0,0
104,8,2.38278,2.1685,1,0,0,0,0,0,5.6541E-11,0.00256112,0.171715,1.99422,0,0,0,0,0,0,0,0
105,1,0.393763,0.366072,0,1,0.272009,0.0924932,0.00154496,2.53948E-05,1.16269E-07,7.66513E-08,1.7225E-08,1.37783E-08,0.0943476,0.0391518,0.000102418,2.13636E-07,1.16478E-10,4.9242E-11,6.33475E-12,2.66726E-12
105,2,0.981368,0.972349,0,0,0,0.850011,0.12048,0.00184185,8.4328E-06,5.5594E-06,1.2493E-06,9.99318E-07,0,0.328292,0.0470065,0.000103412,5.63816E-08,2.38359E-08,3.06638E-09,1.2911E-09
105,3,1.46897,1.45563,0,0,0,0,1.2704,0.183723,0.000783105,0.000516269,0.000116015,9.28008E-05,0,0,0.516466,0.0708848,4.07558E-05,1.72299E-05,2.21655E-06,9.33283E-07
105,4,1.52594,1.47872,0,0,0,0,0,1.29937,0.103703,0.0545866,0.0122453,0.00881679,0,0,0,0.485877,0.00906561,0.00383257,0.000493043,0.000207597
105,5,1.49715,1.46009,0,0,0,0,0,0.000198135,0.739633,0.553785,0.0991968,0.0672812,0,0,0,0,0,0,0,0
105,6,1.58713,1.5162,0,0,0,0,0,6.2426E-16,0.00073183,0.967622,0.352003,0.195841,0,0,0,0,0,0,0,0
105,7,1.74845,1.63735,0,0,0,0,0,0,5.18956E-10,0.0402592,0.922307,0.674784,0,0,0,0,0,0,0,0
105,8,2.38307,2.16874,1,0,0,0,0,0,5.6516E-11,0.00255997,0.171588,1.99459,0,0,0,0,0,0,0,0
106,1,0.393773,0.366086,0,1,0.271978,0.0925363,0.00154548,2.54034E-05,1.16308E-07,7.6677E-08,1.72308E-08,1.37829E-08,0.0943309,0.0391707,0.000102475,2.13756E-07,1.16543E-10,4.92697E-11,6.33832E-12,2.66876E-12
106,2,0.981671,0.972657,0,0,0,0.850086,0.120708,0.00184521,8.44821E-06,5.56956E-06,1.25159E-06,1.00114E-06,0,0.328328,0.0471085,0.00010364,5.65059E-08,2.38884E-08,3.07314E-09,1.29395E-09
106,3,1.46901,1.45566,0,0,0,0,1.27009,0.184059,0.000784487,0.00051718,0.00011622,9.29646E-05,0,0,0.516329,0.0710382,4.08451E-05,1.72677E-05,2.22141E-06,9.35329E-07
106,4,1.52591,1.47869,0,0,0,0,0,1.2989,0.103965,0.0547108,0.0122731,0.00883611,0,0,0,0.48555,0.00907741,0.00383756,0.000493684,0.000207867
106,5,1.49715,1.4601,0,0,0,0,0,0.000198017,0.73957,0.55384,0.0992027,0.0672852,0,0,0,0,0,0,0,0
106,6,1.58712,1.51619,0,0,0,0,0,6.24402E-16,0.000731997,0.967659,0.351972,0.195828,0,0,0,0,0,0,0,0
106,7,1.74851,1.6374,0,0,0,0,0,0,5.18446E-10,0.0402095,0.922154,0.675032,0,0,0,0,0,0,0,0
106,8,2.38319,2.16885,1,0,0,0,0,0,5.6507E-11,0.00255956,0.171541,1.99474,0,0,0,0,0,0,0,0
107,1,0.393784,0.366101,0,1,0.271943,0.0925861,0.00154608,2.54132E-05,1.16353E-07,7.67069E-08,1.72375E-08,1.37883E-08,0.0943119,0.0391924,0.000102542,2.13895E-07,1.16619E-10,4.93016E-11,6.34243E-12,2.67049E-12
107,2,0.981968,0.972959,0,0,0,0.850167,0.120927,0.00184844,8.46299E-06,5.5793E-06,1.25378E-06,1.0029E-06,0,0.328367,0.0472057,0.000103857,5.66242E-08,2.39384E-08,3.07957E-09,1.29666E-09
107,3,1.46903,1.45568,0,0,0,0,1.26994,0.184228,0.000785185,0.00051764,0.000116324,9.30473E-05,0,0,0.516262,0.0711143,4.08894E-05,1.72864E-05,2.22381E-06,9.36342E-07
107,4,1.52595,1.47871,0,0,0,0,0,1.29917,0.103812,0.0546376,0.0122567,0.00882545,0,0,0,0.485801,0.00908687,0.00384156,0.000494199,0.000208084
107,5,1.49714,1.46009,0,0,0,0,0,0.000198026,0.739663,0.553756,0.0991959,0.0672806,0,0,0,0,0,0,0,0
107,6,1.58685,1.51602,0,0,0,0,0,6.28968E-16,0.000737352,0.968936,0.350908,0.195443,0,0,0,0,0,0,0,0
107,7,1.74832,1.63725,0,0,0,0,0,0,5.20179E-10,0.0403791,0.922641,0.674229,0,0,0,0,0,0,0,0
107,8,2.38325,2.1689,1,0,0,0,0,0,5.65152E-11,0.00255993,0.171583,1.99476,0,0,0,0,0,0,0,0
108,1,0.393855,0.36618,0,1,0.271906,0.0927005,0.00154758,0.000025438,1.16466E-07,7.67816E-08,1.72543E-08,1.38017E-08,0.0942872,0.039243,0.00010269,2.14204E-07,1.16788E-10,4.9373E-11,6.35161E-12,2.67436E-12
108,2,0.982381,0.97338,0,0,0,0.850299,0.12121,0.00185266,8.48229E-06,5.59203E-06,1.25664E-06,1.00518E-06,0,0.328431,0.0473306,0.000104134,5.67756E-08,2.40024E-08,3.0878E-09,1.30013E-09
108,3,1.46902,1.45567,0,0,0,0,1.2701,0.184061,0.000784511,0.000517196,0.000116224,9.29675E-05,0,0,0.516335,0.0710354,4.08431E-05,1.72668E-05,2.2213E-06,9.35282E-07
108,4,1.5262,1.47884,0,0,0,0,0,1.30104,0.102812,0.0541033,0.012137,0.00874611,0,0,0,0.487724,0.00912155,0.00385622,0.000496085,0.000208878
108,5,1.49713,1.46006,0,0,0,0,0,0.000198586,0.740618,0.552893,0.0991204,0.0672294,0,0,0,0,0,0,0,0
108,6,1.58562,1.51527,0,0,0,0,0,6.51667E-16,0.000763977,0.974548,0.346242,0.193715,0,0,0,0,0,0,0,0
108,7,1.74783,1.63688,0,0,0,0,0,0,5.24576E-10,0.0408096,0.923869,0.672202,0,0,0,0,0,0,0,0
108,8,2.38558,2.17098,1,0,0,0,0,0,5.64943E-11,0.00255898,0.17147,1.99695,0,0,0,0,0,0,0,0
109,1,0.386362,0.3594,0,1,0.265049,0.0927696,0.00155595,2.55754E-05,1.17096E-07,7.71965E-08,1.73475E-08,1.38763E-08,0.093914,0.0396361,0.000103368,2.15619E-07,1.17559E-10,4.96991E-11,6.39356E-12,2.69202E-12
109,2,0.966989,0.95797,0,0,0,0.834544,0.121547,0.00186221,8.52604E-06,5.62087E-06,1.26312E-06,1.01037E-06,0,0.327838,0.0476972,0.000104745,5.71084E-08,2.41431E-08,3.10591E-09,1.30775E-09
109,3,1.48148,1.45918,0,0,0,0,1.27313,0.184533,0.000788037,0.000519521,0.000116746,9.33853E-05,0,0,0.518497,0.0714413,4.10152E-05,1.73396E-05,2.23066E-06,9.39223E-07
109,4,1.60684,1.50637,0,0,0,0,0,1.3248,0.10462,0.0555129,0.0124533,0.00897884,0,0,0,0.504487,0.00944527,0.00399308,0.000513691,0.000216291
109,5,1.57989,1.48663,0,0,0,0,0,0.000201098,0.748677,0.565794,0.102462,0.069496,0,0,0,0,0,0,0,0
109,6,2.30288,1.84965,0,0,0,0,0,8.42313E-16,0.000950145,1.16739,0.433127,0.248185,0,0,0,0,0,0,0,0
109,7,3.3788,2.55882,0,0,0,0,0,0,8.84061E-10,0.0640499,1.38733,1.10744,0,0,0,0,0,0,0,0
109,8,4.20034,3.37444,0,0,0,0,0,0,9.2621E-11,0.00419286,0.270699,3.09955,0,0,0,0,0,0,0,0
110,1,0.386327,0.359366,0,1,0.265011,0.0927732,0.00155589,2.55745E-05,1.17092E-07,7.71937E-08,1.73469E-08,1.38758E-08,0.0938979,0.0396373,0.000103376,2.15635E-07,1.17568E-10,4.97029E-11,6.39404E-12,2.69223E-12
110,2,0.967128,0.958111,0,0,0,0.834585,0.121645,0.00186367,8.53269E-06,5.62525E-06,1.2641E-06,1.01116E-06,0,0.327857,0.0477408,0.000104842,5.71613E-08,2.41655E-08,3.10878E-09,1.30896E-09
110,3,1.48149,1.45919,0,0,0,0,1.27311,0.184562,0.000788162,0.000519603,0.000116765,9.34001E-05,0,0,0.518486,0.0714545,4.10228E-05,1.73428E-05,2.23107E-06,9.39396E-07
110,4,1.60663,1.50628,0,0,0,0,0,1.325,0.104453,0.0554247,0.0124336,0.00896588,0,0,0,0.504749,0.00945469,0.00399706,0.000514203,0.000216507
110,5,1.57987,1.48662,0,0,0,0,0,0.000201099,0.748796,0.565679,0.102453,0.0694894,0,0,0,0,0,0,0,0
110,6,2.30036,1.84825,0,0,0,0,0,8.48471E-16,0.000957094,1.16834,0.43148,0.247476,0,0,0,0,0,0,0,0
110,7,3.37872,2.55875,0,0,0,0,0,0,8.84674E-10,0.0641057,1.38745,1.10719,0,0,0,0,0,0,0,0
110,8,4.20079,3.3749,0,0,0,0,0,0,9.25976E-11,0.00419179,0.270594,3.10012,0,0,0,0,0,0,0,0
111,1,0.393782,0.366111,0,1,0.271795,0.0927426,0.00154785,2.54423E-05,1.16486E-07,7.67947E-08,1.72572E-08,1.38041E-08,0.0942375,0.0392594,0.000102752,2.14332E-07,1.16857E-10,4.94025E-11,6.3554E-12,2.67596E-12
111,2,0.982962,0.97397,0,0,0,0.850455,0.121639,0.00185898,8.51124E-06,5.61111E-06,1.26092E-06,1.00861E-06,0,0.328506,0.0475212,0.00010456,5.70076E-08,2.41005E-08,3.10042E-09,1.30544E-09
111,3,1.46907,1.45571,0,0,0,0,1.26971,0.184491,0.000786281,0.000518363,0.000116486,9.31772E-05,0,0,0.516161,0.0712306,4.09567E-05,1.73149E-05,2.22748E-06,9.37884E-07
111,4,1.52623,1.47883,0,0,0,0,0,1.30092,0.102892,0.0541278,0.0121425,0.00875133,0,0,0,0.487806,0.00915573,0.00387067,0.000497944,0.000209661
111,5,1.49712,1.46006,0,0,0,0,0,0.000198352,0.740695,0.552819,0.0991176,0.0672275,0,0,0,0,0,0,0,0
111,6,1.58515,1.51498,0,0,0,0,0,6.60337E-16,0.000774146,0.976607,0.344533,0.19307,0,0,0,0,0,0,0,0
111,7,1.7481,1.63709,0,0,0,0,0,0,5.22285E-10,0.0405877,0.923149,0.67335,0,0,0,0,0,0,0,0
111,8,2.38693,2.17214,1,0,0,0,0,0,5.64235E-11,0.00255572,0.171109,1.99848,0,0,0,0,0,0,0,0
112,1,0.393772,0.366104,0,1,0.271759,0.0927708,0.00154814,2.54471E-05,1.16508E-07,7.68092E-08,1.72605E-08,1.38067E-08,0.0942202,0.0392714,0.00010279,2.14413E-07,1.16901E-10,4.94211E-11,6.35779E-12,2.67696E-12
112,2,0.983614,0.974632,0,0,0,0.85058,0.122168,0.00186672,8.54666E-06,5.63446E-06,1.26617E-06,1.01281E-06,0,0.328564,0.0477596,0.000105095,5.72992E-08,2.42238E-08,3.11628E-09,1.31212E-09
112,3,1.46926,1.45586,0,0,0,0,1.26828,0.186055,0.000792686,0.000522586,0.000117435,9.39362E-05,0,0,0.515513,0.0719486,4.13756E-05,1.74919E-05,2.25026E-06,9.47476E-07
112,4,1.52578,1.47853,0,0,0,0,0,1.29628,0.105461,0.0554103,0.01243,0.00894618,0,0,0,0.483822,0.00917088,0.00387708,0.000498768,0.000210007
112,5,1.49714,1.46011,0,0,0,0,0,0.000197213,0.739281,0.554091,0.099233,0.0673057,0,0,0,0,0,0,0,0
112,6,1.58686,1.51604,0,0,0,0,0,6.29809E-16,0.000738338,0.968541,0.351249,0.195514,0,0,0,0,0,0,0,0
112,7,1.74963,1.63824,0,0,0,0,0,0,5.08767E-10,0.0392674,0.919267,0.679703,0,0,0,0,0,0,0,0
112,8,2.38569,2.17097,1,0,0,0,0,0,5.63398E-11,0.00255186,0.170688,1.99773,0,0,0,0,0,0,0,0
113,1,0.394154,0.366515,0,1,0.271719,0.093216,0.00155432,2.55487E-05,1.16973E-07,7.71158E-08,1.73294E-08,1.38618E-08,0.0941696,0.03947,0.00010336,2.15601E-07,1.17549E-10,4.9695E-11,6.39303E-12,2.6918E-12
113,2,0.986096,0.977153,0,0,0,0.851188,0.124052,0.00189443,8.67356E-06,5.71812E-06,1.28497E-06,1.02785E-06,0,0.328851,0.0486014,0.000106977,5.83252E-08,2.46575E-08,3.17208E-09,1.33561E-09
113,3,1.46962,1.45614,0,0,0,0,1.26558,0.189001,0.000804763,0.000530547,0.000119224,9.53674E-05,0,0,0.514296,0.0732987,0.000042163,1.78248E-05,2.29308E-06,9.65506E-07
113,4,1.52541,1.47819,0,0,0,0,0,1.29095,0.108456,0.0568572,0.0127543,0.00916988,0,0,0,0.479854,0.00927434,0.00392082,0.000504395,0.000212377
113,5,1.49716,1.46014,0,0,0,0,0,0.000196553,0.738518,0.554776,0.0992958,0.0673484,0,0,0,0,0,0,0,0
113,6,1.58797,1.51675,0,0,0,0,0,6.12116E-16,0.000717589,0.962792,0.356055,0.197189,0,0,0,0,0,0,0,0
113,7,1.75142,1.63959,0,0,0,0,0,0,4.92983E-10,0.0377274,0.914679,0.687184,0,0,0,0,0,0,0,0
113,8,2.38863,2.17347,1,0,0,0,0,0,5.6139E-11,0.00254261,0.169666,2.00127,0,0,0,0,0,0,0,0
114,1,0.395587,0.368048,0,1,0.271689,0.0947563,0.00157603,2.59056E-05,1.18607E-07,7.8193E-08,1.75715E-08,1.40554E-08,0.0940402,0.0401597,0.000105323,2.19697E-07,1.19782E-10,5.06391E-11,6.51448E-12,2.74294E-12
114,2,0.992698,0.98386,0,0,0,0.85293,0.128946,0.0019666,9.00396E-06,5.93594E-06,1.33392E-06,0.000001067,0,0.329673,0.0507817,0.000111844,6.09792E-08,2.57795E-08,3.31642E-09,1.39639E-09
114,3,1.47026,1.45663,0,0,0,0,1.26071,0.19433,0.00082659,0.000544937,0.000122458,0.000097954,0,0,0.512088,0.0757451,4.35901E-05,1.84281E-05,2.37069E-06,9.98186E-07
114,4,1.5254,1.47798,0,0,0,0,0,1.28696,0.110621,0.0580189,0.0130149,0.0093559,0,0,0,0.477024,0.00950225,0.00401717,0.00051679,0.000217596
114,5,1.49718,1.46018,0,0,0,0,0,0.000196088,0.737244,0.555932,0.0993943,0.0674151,0,0,0,0,0,0,0,0
114,6,1.58907,1.51747,0,0,0,0,0,5.95924E-16,0.000698601,0.95683,0.361046,0.198894,0,0,0,0,0,0,0,0
114,7,1.75322,1.64095,0,0,0,0,0,0,4.77194E-10,0.0361871,0.910086,0.694672,0,0,0,0,0,0,0,0
114,8,2.40037,2.18372,1,0,0,0,0,0,5.57384E-11,0.00252419,0.167616,2.01358,0,0,0,0,0,0,0,0
115,1,0.544251,0.544241,0,0,0.361101,0.180014,0.00307453,5.05368E-05,2.3138E-07,1.52539E-07,3.42785E-08,2.74194E-08,0.168196,0.0811061,0.000208627,4.35181E-07,2.37267E-10,1.00307E-10,1.2904E-11,5.43327E-12
115,2,1.55278,1.55276,0,0,0,1.29579,0.253016,0.00392031,1.79489E-05,0.000011833,2.6591E-06,2.12701E-06,0,0.607987,0.103662,0.000225457,1.22923E-07,5.19667E-08,6.68528E-09,2.81485E-09
115,3,2.35761,2.35744,0,0,0,0,1.98814,0.366253,0.00158273,0.00104343,0.000234478,0.000187559,0,0,0.932668,0.147992,8.41035E-05,3.55556E-05,4.57406E-06,1.92592E-06
115,4,2.39708,2.39529,0,0,0,0,0,2.05561,0.19299,0.105856,0.0237462,0.0170897,0,0,0,0.861075,0.0178053,0.00752738,0.000968362,0.000407731
115,5,2.42917,2.42314,0,0,0,0,0,0.000300512,1.13097,0.984654,0.183053,0.124158,0,0,0,0,0,0,0,0
115,6,2.49476,2.48452,0,0,0,0,0,1.05166E-15,0.00106978,1.48654,0.635813,0.361098,0,0,0,0,0,0,0,0
115,7,2.66677,2.6496,0,0,0,0,0,0,8.22752E-10,0.0575222,1.40091,1.19117,0,0,0,0,0,0,0,0
115,8,3.44782,3.41374,0,0,0,0,0,0,9.16674E-11,0.00414872,0.265067,3.14453,0,0,0,0,0,0,0,0
116,1,0.439247,0.43426,0,0,0.325594,0.107044,0.00159419,2.62041E-05,1.19974E-07,7.9094E-08,1.77739E-08,1.42174E-08,0.0974403,0.038477,0.000109207,2.27798E-07,1.24199E-10,5.25062E-11,6.75468E-12,2.84407E-12
116,2,1.09175,1.06716,0,0,0,0.929255,0.135904,0.00198213,9.07506E-06,5.98282E-06,1.34445E-06,1.07543E-06,0,0.326169,0.0500682,0.000113952,6.21283E-08,2.62653E-08,3.37892E-09,1.4227E-09
116,3,1.73754,1.56526,0,0,0,0,1.37013,0.193578,0.000808198,0.000532812,0.000119733,9.57745E-05,0,0,0.538792,0.0721063,4.20959E-05,1.77965E-05,2.28943E-06,9.63971E-07
116,4,2.60796,1.95316,0,0,0,0,0,1.72723,0.128413,0.0703271,0.0157773,0.0114086,0,0,0,0.6829,0.0125291,0.00529677,0.000681405,0.000286908
116,5,3.22797,2.30378,0,0,0,0,0,0.000296721,1.0923,0.924843,0.170615,0.115721,0,0,0,0,0,0,0,0
116,6,3.3567,2.40651,0,0,0,0,0,1.07616E-15,0.00111801,1.46962,0.595665,0.340109,0,0,0,0,0,0,0,0
116,7,3.55717,2.59624,0,0,0,0,0,0,8.73078E-10,0.0627696,1.39705,1.13642,0,0,0,0,0,0,0,0
116,8,4.31853,3.37674,0,0,0,0,0,0,9.10324E-11,0.00412112,0.264837,3.10778,0,0,0,0,0,0,0,0
117,1,0.546449,0.546439,0,0,0.361971,0.181319,0.00309735,5.09118E-05,2.33097E-07,1.53671E-07,3.45329E-08,2.76228E-08,0.168541,0.0817669,0.000210297,4.38664E-07,2.39166E-10,1.0111E-10,1.30073E-11,5.47676E-12
117,2,1.54711,1.54709,0,0,0,1.29482,0.248384,0.00385073,1.76304E-05,0.000011623,2.61191E-06,2.08927E-06,0,0.607583,0.101469,0.000220628,1.2029E-07,5.08537E-08,6.5421E-09,2.75456E-09
117,3,2.35643,2.35626,0,0,0,0,2.00314,0.350201,0.00151555,0.000999141,0.000224526,0.000179598,0,0,0.939902,0.140226,7.96401E-05,3.36686E-05,4.33132E-06,1.82371E-06
117,4,2.39649,2.3948,0,0,0,0,0,2.08749,0.173922,0.0962107,0.0215838,0.0155903,0,0,0,0.886473,0.0169271,0.0071561,0.000920599,0.000387621
117,5,2.42908,2.42305,0,0,0,0,0,0.000306988,1.13628,0.980097,0.182553,0.123819,0,0,0,0,0,0,0,0
117,6,2.49278,2.48265,0,0,0,0,0,1.12589E-15,0.0011453,1.51138,0.616272,0.353846,0,0,0,0,0,0,0,0
117,7,2.6612,2.64422,0,0,0,0,0,0,9.0442E-10,0.0646822,1.42325,1.15628,0,0,0,0,0,0,0,0
117,8,3.43675,3.40289,0,0,0,0,0,0,9.26852E-11,0.00419539,0.269652,3.12904,0,0,0,0,0,0,0,0
118,1,0.396081,0.368538,0,1,0.272149,0.094785,0.00157781,2.59348E-05,1.18741E-07,7.82812E-08,1.75913E-08,1.40713E-08,0.0942186,0.040186,0.000105337,2.19725E-07,1.19797E-10,5.06455E-11,6.51531E-12,2.74329E-12
118,2,0.989527,0.980641,0,0,0,0.852211,0.126482,0.00193044,8.83841E-06,5.8268E-06,1.30939E-06,1.04738E-06,0,0.329339,0.049677,0.000109372,5.96314E-08,2.52097E-08,3.24312E-09,1.36552E-09
118,3,1.46963,1.45615,0,0,0,0,1.26565,0.18895,0.000804608,0.000530445,0.000119201,0.000095349,0,0,0.514339,0.0732643,4.21414E-05,1.78157E-05,2.29191E-06,9.65012E-07
118,4,1.52629,1.4788,0,0,0,0,0,1.30041,0.102987,0.0544013,0.0122039,0.00879517,0,0,0,0.486684,0.0092089,0.00389315,0.000500835,0.000210878
118,5,1.49716,1.46009,0,0,0,0,0,0.000199287,0.739703,0.55374,0.0991792,0.0672692,0,0,0,0,0,0,0,0
118,6,1.58675,1.51596,0,0,0,0,0,6.31408E-16,0.000740214,0.969401,0.350523,0.1953,0,0,0,0,0,0,0,0
118,7,1.74803,1.63703,0,0,0,0,0,0,5.22708E-10,0.040625,0.923401,0.673003,0,0,0,0,0,0,0,0
118,8,2.39008,2.17491,1,0,0,0,0,0,5.63482E-11,0.00255227,0.17073,2.00163,0,0,0,0,0,0,0,0
119,1,0.394639,0.367001,0,1,0.27209,0.0933285,0.00155702,2.55931E-05,1.17177E-07,7.72499E-08,1.73595E-08,1.38859E-08,0.0943134,0.0395293,0.000103479,2.15851E-07,1.17685E-10,4.97525E-11,6.40043E-12,2.69491E-12
119,2,0.984043,0.975068,0,0,0,0.850723,0.122457,0.00187103,8.56639E-06,5.64747E-06,1.26909E-06,1.01515E-06,0,0.328632,0.0478867,0.000105377,5.74529E-08,2.42888E-08,3.12464E-09,1.31564E-09
119,3,1.46918,1.4558,0,0,0,0,1.26893,0.185347,0.000789802,0.000520684,0.000117008,9.35945E-05,0,0,0.515815,0.0716192,0.000041183,1.74105E-05,2.23978E-06,9.43064E-07
119,4,1.52619,1.47883,0,0,0,0,0,1.30122,0.102616,0.0541083,0.0121381,0.00874636,0,0,0,0.487389,0.0091097,0.00385121,0.00049544,0.000208606
119,5,1.49714,1.46006,0,0,0,0,0,0.000199093,0.740464,0.553043,0.0991256,0.0672329,0,0,0,0,0,0,0,0
119,6,1.58589,1.51542,0,0,0,0,0,6.45426E-16,0.000756654,0.973635,0.34699,0.194041,0,0,0,0,0,0,0,0
119,7,1.74687,1.63616,0,0,0,0,0,0,5.33043E-10,0.0416355,0.926338,0.66818,0,0,0,0,0,0,0,0
119,8,2.38299,2.16874,1,0,0,0,0,0,5.6621E-11,0.00256482,0.172126,1.99405,0,0,0,0,0,0,0,0
120,1,0.394302,0.366641,0,1,0.272086,0.0929772,0.00155204,2.55113E-05,1.16802E-07,7.70027E-08,1.7304E-08,1.38415E-08,0.0943415,0.039371,0.00010303,2.14914E-07,1.17174E-10,4.95365E-11,6.37264E-12,2.68321E-12
120,2,0.982297,0.973295,0,0,0,0.850305,0.121121,0.00185139,8.47648E-06,5.5882E-06,1.25577E-06,1.00449E-06,0,0.328435,0.0472893,0.000104041,5.67246E-08,2.39809E-08,3.08503E-09,1.29896E-09
120,3,1.46892,1.45559,0,0,0,0,1.2709,0.183188,0.000780942,0.000514843,0.000115695,9.25445E-05,0,0,0.516701,0.0706329,4.06081E-05,1.71675E-05,2.20852E-06,9.299E-07
120,4,1.52652,1.47907,0,0,0,0,0,1.30474,0.100704,0.0531125,0.0119149,0.00859475,0,0,0,0.490544,0.00909167,0.00384359,0.00049446,0.000208194
120,5,1.49711,1.46002,0,0,0,0,0,0.000199662,0.741566,0.552046,0.0990393,0.0671744,0,0,0,0,0,0,0,0
120,6,1.58442,1.51452,0,0,0,0,0,6.72367E-16,0.000788255,0.980367,0.341391,0.191973,0,0,0,0,0,0,0,0
120,7,1.74586,1.6354,0,0,0,0,0,0,5.4203E-10,0.0425145,0.928877,0.664005,0,0,0,0,0,0,0,0
120,8,2.38451,2.17015,1,0,0,0,0,0,5.66753E-11,0.00256732,0.172393,1.99519,0,0,0,0,0,0,0,0
121,1,0.394218,0.366551,0,1,0.272088,0.0928867,0.00155076,2.54903E-05,1.16706E-07,7.69394E-08,1.72897E-08,1.38301E-08,0.0943508,0.0393299,0.000102913,2.1467E-07,1.17041E-10,4.94803E-11,6.36541E-12,2.68017E-12
121,2,0.981752,0.972741,0,0,0,0.850198,0.120682,0.00184496,8.44705E-06,5.56879E-06,1.25141E-06,1.00101E-06,0,0.328385,0.0470915,0.000103597,5.64828E-08,2.38786E-08,3.07188E-09,1.29342E-09
121,3,1.46878,1.45548,0,0,0,0,1.27196,0.18203,0.000776189,0.00051171,0.000114991,9.19813E-05,0,0,0.517178,0.0701025,4.02989E-05,1.70367E-05,2.1917E-06,9.2282E-07
121,4,1.52682,1.47927,0,0,0,0,0,1.30763,0.0991387,0.0522982,0.0117324,0.00847174,0,0,0,0.493228,0.00909808,0.0038463,0.000494809,0.00020834
121,5,1.49709,1.45999,0,0,0,0,0,0.000200393,0.742673,0.551047,0.098951,0.0671144,0,0,0,0,0,0,0,0
121,6,1.58297,1.51363,0,0,0,0,0,6.99705E-16,0.000820324,0.986877,0.335982,0.189955,0,0,0,0,0,0,0,0
121,7,1.74514,1.63485,0,0,0,0,0,0,5.48565E-10,0.0431546,0.930691,0.661005,0,0,0,0,0,0,0,0
121,8,2.38819,2.17344,1,0,0,0,0,0,5.66501E-11,0.00256617,0.172253,1.99862,0,0,0,0,0,0,0,0
122,1,0.386531,0.359562,0,1,0.265267,0.0927132,0.00155576,2.55723E-05,1.17081E-07,7.7187E-08,1.73454E-08,1.38746E-08,0.0940136,0.0396123,0.000103275,2.15424E-07,1.17453E-10,4.96542E-11,6.38779E-12,2.68959E-12
122,2,0.965577,0.95654,0,0,0,0.834198,0.120479,0.00184646,8.45393E-06,5.57333E-06,1.25243E-06,1.00182E-06,0,0.327685,0.0472161,0.000103671,5.65231E-08,2.38957E-08,3.07407E-09,1.29434E-09
122,3,1.48106,1.45889,0,0,0,0,1.27505,0.182341,0.000779018,0.000513575,0.00011541,9.23165E-05,0,0,0.519378,0.0704343,4.04293E-05,1.70919E-05,2.19879E-06,9.25805E-07
122,4,1.60629,1.50628,0,0,0,0,0,1.3296,0.101671,0.0541089,0.0121386,0.00876242,0,0,0,0.508067,0.00936132,0.00395759,0.000509125,0.000214368
122,5,1.57972,1.48653,0,0,0,0,0,0.000202272,0.749562,0.564955,0.102376,0.0694372,0,0,0,0,0,0,0,0
122,6,2.29325,1.84426,0,0,0,0,0,8.64003E-16,0.000974621,1.17136,0.426514,0.245414,0,0,0,0,0,0,0,0
122,7,3.37441,2.55502,0,0,0,0,0,0,9.13365E-10,0.0666677,1.39457,1.09378,0,0,0,0,0,0,0,0
122,8,4.19896,3.37303,0,0,0,0,0,0,9.2953E-11,0.00420811,0.27222,3.0966,0,0,0,0,0,0,0,0
123,1,0.386399,0.35942,0,1,0.265267,0.0925731,0.00155374,2.55392E-05,1.1693E-07,7.70871E-08,1.7323E-08,1.38566E-08,0.0940254,0.0395478,0.000103094,2.15046E-07,1.17247E-10,4.95671E-11,6.37657E-12,2.68487E-12
123,2,0.965166,0.956123,0,0,0,0.834076,0.120188,0.00184214,8.43414E-06,5.56028E-06,1.2495E-06,9.99477E-07,0,0.327629,0.0470862,0.000103383,5.63657E-08,2.38291E-08,3.06551E-09,1.29074E-09
123,3,1.48103,1.45887,0,0,0,0,1.27513,0.182246,0.000778618,0.000513311,0.000115351,9.22691E-05,0,0,0.519412,0.0703926,4.04052E-05,1.70817E-05,2.19748E-06,9.25254E-07
123,4,1.60684,1.50651,0,0,0,0,0,1.32884,0.102253,0.0544085,0.0122057,0.00880705,0,0,0,0.507203,0.00934393,0.00395023,0.000508179,0.00021397
123,5,1.57981,1.48658,0,0,0,0,0,0.000202006,0.749098,0.5654,0.102417,0.0694652,0,0,0,0,0,0,0,0
123,6,2.30121,1.84869,0,0,0,0,0,8.4524E-16,0.000953447,1.16825,0.431819,0.247673,0,0,0,0,0,0,0,0
123,7,3.37617,2.55654,0,0,0,0,0,0,9.01504E-10,0.0656063,1.39171,1.09923,0,0,0,0,0,0,0,0
123,8,4.19666,3.37069,0,0,0,0,0,0,9.29426E-11,0.00420761,0.27216,3.09432,0,0,0,0,0,0,0,0
124,1,0.39377,0.366074,0,1,0.272074,0.0924294,0.00154425,2.53833E-05,1.16216E-07,7.66164E-08,1.72172E-08,1.3772E-08,0.0943832,0.0391237,0.00010233,2.13452E-07,1.16377E-10,4.91996E-11,6.3293E-12,2.66497E-12
124,2,0.980487,0.971455,0,0,0,0.849833,0.119773,0.00183151,8.38547E-06,5.52819E-06,1.24229E-06,9.93709E-07,0,0.32821,0.0466886,0.000102699,5.59931E-08,2.36716E-08,3.04525E-09,1.28221E-09
124,3,1.46872,1.45544,0,0,0,0,1.27226,0.181682,0.000774741,0.000510755,0.000114776,9.18097E-05,0,0,0.51731,0.0699494,4.02103E-05,1.69993E-05,2.18688E-06,9.2079E-07
124,4,1.52647,1.47909,0,0,0,0,0,1.30508,0.100512,0.0530229,0.0118948,0.00857857,0,0,0,0.490582,0.00903378,0.00381911,0.000491311,0.000206868
124,5,1.49712,1.46004,0,0,0,0,0,0.000199492,0.741162,0.552411,0.0990706,0.0671956,0,0,0,0,0,0,0,0
124,6,1.58528,1.51506,0,0,0,0,0,6.57222E-16,0.000770493,0.976276,0.344798,0.193212,0,0,0,0,0,0,0,0
124,7,1.74681,1.63611,0,0,0,0,0,0,5.3358E-10,0.041688,0.926486,0.667936,0,0,0,0,0,0,0,0
124,8,2.38399,2.16964,1,0,0,0,0,0,5.66219E-11,0.00256486,0.172121,1.99496,0,0,0,0,0,0,0,0
125,1,0.393626,0.365921,0,1,0.272062,0.0922907,0.00154225,2.53504E-05,1.16065E-07,7.65171E-08,1.71949E-08,1.37542E-08,0.0943888,0.0390612,0.000102154,2.13085E-07,1.16177E-10,4.9115E-11,6.31842E-12,2.66039E-12
125,2,0.980199,0.971162,0,0,0,0.849731,0.119586,0.00182871,8.37264E-06,5.51974E-06,1.24039E-06,9.92189E-07,0,0.32816,0.0466068,0.000102518,5.58943E-08,2.36299E-08,3.03987E-09,1.27995E-09
125,3,1.46876,1.45547,0,0,0,0,1.27193,0.182043,0.000776209,0.000511723,0.000114994,9.19837E-05,0,0,0.517156,0.0701168,4.03082E-05,1.70407E-05,2.19221E-06,9.23033E-07
125,4,1.5262,1.47893,0,0,0,0,0,1.30274,0.101789,0.0536824,0.0120426,0.00867744,0,0,0,0.48835,0.00901178,0.00380981,0.000490115,0.000206364
125,5,1.49714,1.46008,0,0,0,0,0,0.000198741,0.740115,0.553355,0.0991549,0.0672528,0,0,0,0,0,0,0,0
125,6,1.58655,1.51583,0,0,0,0,0,6.33958E-16,0.000743204,0.97049,0.349609,0.19499,0,0,0,0,0,0,0,0
125,7,1.74754,1.63666,0,0,0,0,0,0,5.27064E-10,0.0410507,0.924644,0.670965,0,0,0,0,0,0,0,0
125,8,2.38216,2.16799,1,0,0,0,0,0,5.6607E-11,0.00256416,0.172052,1.99337,0,0,0,0,0,0,0,0
126,1,0.393595,0.36589,0,1,0.272044,0.0922778,0.00154202,2.53465E-05,1.16048E-07,7.65054E-08,1.71922E-08,1.37521E-08,0.0943821,0.0390551,0.000102139,2.13054E-07,1.1616E-10,4.91078E-11,6.31749E-12,2.65999E-12
126,2,0.980322,0.971286,0,0,0,0.849751,0.119688,0.0018302,8.37946E-06,5.52423E-06,1.2414E-06,9.92997E-07,0,0.328169,0.046653,0.000102622,5.59508E-08,2.36538E-08,3.04295E-09,1.28124E-09
126,3,1.46881,1.45551,0,0,0,0,1.27154,0.182469,0.000777952,0.000512872,0.000115252,9.21902E-05,0,0,0.516979,0.0703125,4.04224E-05,1.70889E-05,2.19841E-06,9.25647E-07
126,4,1.52607,1.47884,0,0,0,0,0,1.30122,0.102652,0.0540876,0.0121334,0.00873946,0,0,0,0.487211,0.00902657,0.00381607,0.000490919,0.000206703
126,5,1.49714,1.46009,0,0,0,0,0,0.000198401,0.739815,0.553623,0.0991805,0.0672702,0,0,0,0,0,0,0,0
126,6,1.58696,1.51609,0,0,0,0,0,6.2708E-16,0.000735138,0.968477,0.351289,0.195589,0,0,0,0,0,0,0,0
126,7,1.74815,1.63712,0,0,0,0,0,0,5.21661E-10,0.0405231,0.923089,0.673508,0,0,0,0,0,0,0,0
126,8,2.38269,2.16842,1,0,0,0,0,0,5.65489E-11,0.00256148,0.171755,1.9941,0,0,0,0,0,0,0,0
127,1,0.393637,0.365936,0,1,0.272022,0.0923454,0.00154291,2.53612E-05,1.16115E-07,7.65496E-08,1.72022E-08,1.376E-08,0.0943672,0.0390851,0.000102227,2.13237E-07,1.1626E-10,4.91502E-11,6.32294E-12,2.66229E-12
127,2,0.980753,0.971725,0,0,0,0.849856,0.120017,0.00183504,8.40164E-06,5.53886E-06,1.24469E-06,9.95625E-07,0,0.328218,0.0468002,0.000102951,5.61304E-08,2.37297E-08,3.05271E-09,1.28535E-09
127,3,1.46889,1.45557,0,0,0,0,1.27096,0.183101,0.000780545,0.000514582,0.000115636,9.24975E-05,0,0,0.516719,0.0706017,0.000040591,1.71602E-05,2.20759E-06,9.29509E-07
127,4,1.52597,1.47875,0,0,0,0,0,1.29978,0.103471,0.0544713,0.0122194,0.00879871,0,0,0,0.486179,0.00905226,0.00382693,0.000492317,0.000207291
127,5,1.49715,1.46009,0,0,0,0,0,0.000198087,0.7396,0.553814,0.0991997,0.0672832,0,0,0,0,0,0,0,0
127,6,1.58718,1.51623,0,0,0,0,0,6.23524E-16,0.000730968,0.967312,0.352263,0.195927,0,0,0,0,0,0,0,0
127,7,1.74867,1.63752,0,0,0,0,0,0,5.17024E-10,0.0400707,0.921741,0.675705,0,0,0,0,0,0,0,0
127,8,2.38337,2.169,1,0,0,0,0,0,5.64905E-11,0.0025588,0.171457,1.99498,0,0,0,0,0,0,0,0
128,1,0.393732,0.36604,0,1,0.272001,0.0924688,0.00154459,2.53888E-05,1.16241E-07,7.6633E-08,1.72209E-08,1.3775E-08,0.0943472,0.0391404,0.000102387,2.13571E-07,1.16442E-10,4.9227E-11,6.33282E-12,2.66645E-12
128,2,0.981367,0.972348,0,0,0,0.850009,0.12048,0.00184186,8.43284E-06,5.55942E-06,1.24931E-06,9.99322E-07,0,0.328292,0.0470068,0.000103413,5.63821E-08,2.38361E-08,3.0664E-09,1.29111E-09
128,3,1.46898,1.45564,0,0,0,0,1.27028,0.183847,0.000783609,0.000516601,0.00011609,9.28605E-05,0,0,0.516413,0.0709428,4.07897E-05,1.72443E-05,2.2184E-06,9.3406E-07
128,4,1.52587,1.47866,0,0,0,0,0,1.29842,0.104245,0.054837,0.0123014,0.00885536,0,0,0,0.485201,0.00908101,0.00383908,0.00049388,0.00020795
128,5,1.49715,1.4601,0,0,0,0,0,0.000197824,0.739424,0.553971,0.0992155,0.0672939,0,0,0,0,0,0,0,0
128,6,1.58733,1.51633,0,0,0,0,0,6.2118E-16,0.000728219,0.966507,0.352936,0.196158,0,0,0,0,0,0,0,0
128,7,1.74909,1.63783,0,0,0,0,0,0,5.13367E-10,0.0397141,0.920674,0.677444,0,0,0,0,0,0,0,0
128,8,2.384,2.16953,1,0,0,0,0,0,5.64417E-11,0.00255655,0.171208,1.99576,0,0,0,0,0,0,0,0
129,1,0.393779,0.366094,0,1,0.271968,0.0925543,0.0015457,0.000025407,1.16325E-07,7.66882E-08,1.72333E-08,1.37849E-08,0.0943261,0.0391782,0.000102498,2.13804E-07,1.16569E-10,4.92807E-11,6.33974E-12,2.66936E-12
129,2,0.981892,0.972882,0,0,0,0.85014,0.120877,0.00184769,8.45956E-06,5.57704E-06,1.25327E-06,1.00249E-06,0,0.328354,0.0471838,0.000103808,5.65978E-08,2.39272E-08,3.07813E-09,1.29605E-09
129,3,1.46905,1.4557,0,0,0,0,1.26974,0.184442,0.000786051,0.000518211,0.000116452,9.31499E-05,0,0,0.51617,0.0712141,4.09479E-05,1.73111E-05,2.22699E-06,9.37681E-07
129,4,1.52582,1.4786,0,0,0,0,0,1.29753,0.104747,0.0550761,0.012355,0.00889254,0,0,0,0.484566,0.00910251,0.00384817,0.000495049,0.000208442
129,5,1.49715,1.46011,0,0,0,0,0,0.000197658,0.739324,0.554059,0.0992246,0.0673001,0,0,0,0,0,0,0,0
129,6,1.58737,1.51635,0,0,0,0,0,6.20652E-16,0.000727599,0.966297,0.353113,0.196216,0,0,0,0,0,0,0,0
129,7,1.74928,1.63798,0,0,0,0,0,0,5.11714E-10,0.039553,0.920186,0.678235,0,0,0,0,0,0,0,0
129,8,2.38434,2.16982,1,0,0,0,0,0,5.64167E-11,0.0025554,0.17108,1.99618,0,0,0,0,0,0,0,0
130,1,0.393798,0.366117,0,1,0.271932,0.0926126,0.00154642,2.54188E-05,1.16379E-07,7.67238E-08,1.72413E-08,1.37913E-08,0.0943059,0.0392038,0.000102576,2.13965E-07,1.16657E-10,4.93179E-11,6.34452E-12,2.67138E-12
130,2,0.982231,0.973226,0,0,0,0.850231,0.121127,0.00185138,8.47646E-06,5.58818E-06,1.25577E-06,1.00449E-06,0,0.328397,0.0472951,0.000104057,5.67332E-08,2.39845E-08,3.0855E-09,1.29916E-09
130,3,1.46908,1.45572,0,0,0,0,1.26954,0.184659,0.000786949,0.000518803,0.000116585,9.32563E-05,0,0,0.516082,0.0713125,4.10051E-05,1.73353E-05,2.23011E-06,9.38991E-07
130,4,1.52585,1.47862,0,0,0,0,0,1.29772,0.104644,0.0550267,0.0123439,0.00888553,0,0,0,0.484751,0.00911323,0.0038527,0.000495632,0.000208687
130,5,1.49715,1.4601,0,0,0,0,0,0.00019766,0.739407,0.553984,0.0992186,0.067296,0,0,0,0,0,0,0,0
130,6,1.58712,1.5162,0,0,0,0,0,6.24812E-16,0.000732478,0.967461,0.352143,0.195865,0,0,0,0,0,0,0,0
130,7,1.74913,1.63786,0,0,0,0,0,0,5.13042E-10,0.039683,0.920557,0.677623,0,0,0,0,0,0,0,0
130,8,2.38444,2.16991,1,0,0,0,0,0,5.64201E-11,0.00255555,0.171098,1.99626,0,0,0,0,0,0,0,0
131,1,0.393839,0.366164,0,1,0.271895,0.0926955,0.00154748,2.54363E-05,1.16459E-07,7.67765E-08,1.72531E-08,1.38008E-08,0.0942839,0.0392402,0.000102684,2.14191E-07,1.1678E-10,4.937E-11,6.35122E-12,2.6742E-12
131,2,0.982478,0.973477,0,0,0,0.850321,0.121285,0.00185375,8.48731E-06,5.59534E-06,1.25738E-06,1.00578E-06,0,0.328442,0.047364,0.000104209,5.68164E-08,2.40197E-08,3.09002E-09,1.30106E-09
131,3,1.46905,1.45569,0,0,0,0,1.26987,0.184313,0.000785539,0.000517874,0.000116376,9.30893E-05,0,0,0.516229,0.0711517,4.09111E-05,1.72955E-05,2.22499E-06,9.36838E-07
131,4,1.5261,1.47876,0,0,0,0,0,1.29984,0.103495,0.0544231,0.0122087,0.0087953,0,0,0,0.486843,0.00913887,0.00386354,0.000497027,0.000209275
131,5,1.49713,1.46007,0,0,0,0,0,0.000198241,0.740348,0.553134,0.099144,0.0672454,0,0,0,0,0,0,0,0
131,6,1.58592,1.51546,0,0,0,0,0,6.46725E-16,0.000758182,0.972968,0.347563,0.194175,0,0,0,0,0,0,0,0
131,7,1.74861,1.63747,0,0,0,0,0,0,5.17742E-10,0.0401428,0.921882,0.675442,0,0,0,0,0,0,0,0
131,8,2.3864,2.17167,1,0,0,0,0,0,5.64113E-11,0.00255515,0.171046,1.99806,0,0,0,0,0,0,0,0
132,1,0.38626,0.359292,0,1,0.265036,0.0926755,0.00155455,2.55526E-05,1.16991E-07,7.71274E-08,1.7332E-08,1.38639E-08,0.0939173,0.0395923,0.000103247,2.15366E-07,1.17421E-10,4.96407E-11,6.38604E-12,2.68886E-12
132,2,0.966768,0.957746,0,0,0,0.83448,0.121389,0.00185987,8.5153E-06,5.61379E-06,1.26153E-06,1.00909E-06,0,0.327809,0.0476265,0.000104588,5.70227E-08,2.41069E-08,3.10124E-09,1.30578E-09
132,3,1.48147,1.45917,0,0,0,0,1.27318,0.184473,0.000787788,0.000519356,0.000116709,9.33558E-05,0,0,0.518518,0.0714152,4.10001E-05,1.73332E-05,2.22984E-06,9.38877E-07
132,4,1.60718,1.50651,0,0,0,0,0,1.32426,0.105019,0.0557168,0.012499,0.0090096,0,0,0,0.50391,0.00944273,0.003992,0.000513553,0.000216233
132,5,1.57996,1.48667,0,0,0,0,0,0.000200728,0.748309,0.566143,0.102497,0.0695195,0,0,0,0,0,0,0,0
132,6,2.30659,1.85172,0,0,0,0,0,8.33709E-16,0.000940435,1.16589,0.435644,0.249245,0,0,0,0,0,0,0,0
132,7,3.38003,2.55988,0,0,0,0,0,0,8.75896E-10,0.0633207,1.38531,1.11125,0,0,0,0,0,0,0,0
132,8,4.1989,3.37297,0,0,0,0,0,0,9.26008E-11,0.00419193,0.270599,3.09818,0,0,0,0,0,0,0,0
133,1,0.386204,0.359235,0,1,0.265002,0.0926538,0.00155414,2.55458E-05,1.1696E-07,7.7107E-08,1.73274E-08,1.38602E-08,0.0939047,0.0395817,0.000103222,2.15313E-07,1.17392E-10,4.96285E-11,6.38447E-12,2.6882E-12
133,2,0.966729,0.957707,0,0,0,0.834482,0.121349,0.00185929,8.51264E-06,5.61203E-06,1.26113E-06,1.00878E-06,0,0.327811,0.0476075,0.000104545,5.69993E-08,2.4097E-08,3.09997E-09,1.30525E-09
133,3,1.4814,1.45913,0,0,0,0,1.27349,0.184119,0.000786336,0.000518399,0.000116494,9.31837E-05,0,0,0.518663,0.0712512,4.09046E-05,1.72928E-05,2.22464E-06,9.36689E-07
133,4,1.60657,1.50627,0,0,0,0,0,1.32562,0.104077,0.0552422,0.0123927,0.00893779,0,0,0,0.505214,0.00944486,0.0039929,0.000513668,0.000216281
133,5,1.57987,1.48662,0,0,0,0,0,0.000200995,0.748782,0.565691,0.102455,0.0694911,0,0,0,0,0,0,0,0
133,6,2.29801,1.84694,0,0,0,0,0,8.53434E-16,0.000962694,1.16931,0.429867,0.2468,0,0,0,0,0,0,0,0
133,7,3.37807,2.55819,0,0,0,0,0,0,8.88994E-10,0.0644921,1.38849,1.1052,0,0,0,0,0,0,0,0
133,8,4.20131,3.37543,0,0,0,0,0,0,9.26094E-11,0.00419234,0.270651,3.10058,0,0,0,0,0,0,0,0
134,1,0.393756,0.366084,0,1,0.271794,0.0927166,0.00154748,2.54363E-05,1.16458E-07,7.67763E-08,1.72531E-08,1.38008E-08,0.0942402,0.0392475,0.000102718,2.14262E-07,1.16819E-10,4.93863E-11,6.35331E-12,2.67508E-12
134,2,0.98265,0.973653,0,0,0,0.850405,0.121376,0.00185515,8.4937E-06,5.59955E-06,1.25832E-06,1.00653E-06,0,0.328483,0.0474021,0.000104293,5.68618E-08,2.40389E-08,3.09249E-09,1.3021E-09
134,3,1.46897,1.45563,0,0,0,0,1.27052,0.1836,0.00078263,0.000515956,0.000115945,9.27446E-05,0,0,0.51653,0.0708219,4.07184E-05,1.72141E-05,2.21451E-06,9.32426E-07
134,4,1.52653,1.47902,0,0,0,0,0,1.30353,0.101486,0.053384,0.0119758,0.00863953,0,0,0,0.490343,0.00917417,0.00387847,0.000498946,0.000210083
134,5,1.4971,1.46002,0,0,0,0,0,0.00019902,0.74181,0.551812,0.0990294,0.0671676,0,0,0,0,0,0,0,0
134,6,1.58359,1.51403,0,0,0,0,0,6.891E-16,0.000807885,0.983726,0.338613,0.190881,0,0,0,0,0,0,0,0
134,7,1.7472,1.6364,0,0,0,0,0,0,5.30401E-10,0.0413817,0.925437,0.669584,0,0,0,0,0,0,0,0
134,8,2.39071,2.17552,1,0,0,0,0,0,5.64034E-11,0.00255481,0.170995,2.00198,0,0,0,0,0,0,0,0
135,1,0.393773,0.366104,0,1,0.271765,0.0927658,0.00154808,2.54462E-05,1.16504E-07,7.68064E-08,1.72599E-08,1.38062E-08,0.0942236,0.039269,0.000102783,2.14397E-07,1.16893E-10,4.94175E-11,6.35733E-12,2.67677E-12
135,2,0.983303,0.974316,0,0,0,0.850536,0.1219,0.00186281,8.52879E-06,5.62268E-06,1.26352E-06,1.01069E-06,0,0.328544,0.0476378,0.000104821,5.71499E-08,2.41607E-08,3.10816E-09,1.3087E-09
135,3,1.46914,1.45576,0,0,0,0,1.26922,0.185022,0.000788456,0.000519797,0.000116808,9.34349E-05,0,0,0.515941,0.0714743,4.10989E-05,1.73749E-05,2.23521E-06,9.41139E-07
135,4,1.52613,1.47874,0,0,0,0,0,1.2994,0.103764,0.054529,0.0122325,0.00881343,0,0,0,0.486759,0.00918612,0.00388352,0.000499596,0.000210356
135,5,1.49712,1.46007,0,0,0,0,0,0.000197991,0.740482,0.553007,0.0991372,0.0672408,0,0,0,0,0,0,0,0
135,6,1.58535,1.51512,0,0,0,0,0,6.57223E-16,0.000770495,0.97551,0.345451,0.193384,0,0,0,0,0,0,0,0
135,7,1.74877,1.63759,0,0,0,0,0,0,5.16394E-10,0.0400129,0.921437,0.676141,0,0,0,0,0,0,0,0
135,8,2.38823,2.17326,1,0,0,0,0,0,5.63411E-11,0.00255192,0.170687,2.00002,0,0,0,0,0,0,0,0
136,1,0.394095,0.366452,0,1,0.271728,0.0931449,0.00155334,2.55326E-05,1.169E-07,7.70672E-08,1.73185E-08,1.3853E-08,0.0941794,0.0394381,0.000103268,2.1541E-07,1.17445E-10,4.96509E-11,6.38736E-12,2.68941E-12
136,2,0.985646,0.976696,0,0,0,0.851093,0.123696,0.00188921,8.64965E-06,5.70236E-06,1.28143E-06,1.02502E-06,0,0.328806,0.0484413,0.000106618,5.81296E-08,2.45749E-08,3.16144E-09,1.33113E-09
136,3,1.46951,1.45606,0,0,0,0,1.26637,0.188139,0.000801233,0.00052822,0.000118701,9.49491E-05,0,0,0.514654,0.0729031,4.19322E-05,1.77272E-05,2.28053E-06,9.60222E-07
136,4,1.5256,1.47833,0,0,0,0,0,1.29312,0.107236,0.0562688,0.0126224,0.00908007,0,0,0,0.481573,0.00925836,0.00391406,0.000503525,0.000212011
136,5,1.49715,1.46012,0,0,0,0,0,0.000196898,0.738936,0.554401,0.0992616,0.0673252,0,0,0,0,0,0,0,0
136,6,1.58733,1.51635,0,0,0,0,0,6.22752E-16,0.000730063,0.965937,0.35343,0.196256,0,0,0,0,0,0,0,0
136,7,1.75077,1.6391,0,0,0,0,0,0,4.98748E-10,0.0382901,0.916345,0.684462,0,0,0,0,0,0,0,0
136,8,2.38851,2.17339,1,0,0,0,0,0,5.61798E-11,0.0025445,0.169874,2.00097,0,0,0,0,0,0,0,0
137,1,0.39552,0.367974,0,1,0.271705,0.0946676,0.00157482,2.58858E-05,1.18516E-07,7.81331E-08,1.7558E-08,1.40446E-08,0.094054,0.0401202,0.000105209,2.19459E-07,1.19652E-10,5.05841E-11,6.50741E-12,2.73996E-12
137,2,0.992227,0.983382,0,0,0,0.852825,0.128577,0.0019612,8.97924E-06,5.91965E-06,1.33026E-06,1.06407E-06,0,0.329624,0.0506166,0.000111475,6.07777E-08,2.56943E-08,3.30546E-09,1.39177E-09
137,3,1.47017,1.45657,0,0,0,0,1.26135,0.193634,0.000823739,0.000543058,0.000122035,9.76161E-05,0,0,0.512377,0.0754253,4.34035E-05,1.83493E-05,2.36055E-06,9.93914E-07
137,4,1.52551,1.47807,0,0,0,0,0,1.28846,0.109768,0.0576198,0.0129254,0.00929451,0,0,0,0.478118,0.00948057,0.004008,0.00051561,0.000217099
137,5,1.49718,1.46017,0,0,0,0,0,0.000196359,0.737446,0.555752,0.0993766,0.0674031,0,0,0,0,0,0,0,0
137,6,1.58876,1.51726,0,0,0,0,0,6.00636E-16,0.000704126,0.958564,0.359594,0.198402,0,0,0,0,0,0,0,0
137,7,1.75269,1.64055,0,0,0,0,0,0,4.81801E-10,0.0366362,0.911436,0.692475,0,0,0,0,0,0,0,0
137,8,2.40007,2.18348,1,0,0,0,0,0,5.57743E-11,0.00252585,0.1678,2.01315,0,0,0,0,0,0,0,0
138,1,0.544191,0.544181,0,0,0.361159,0.179897,0.00307284,0.000050509,2.31252E-07,1.52455E-07,3.42596E-08,2.74043E-08,0.16823,0.0810453,0.000208459,4.3483E-07,2.37076E-10,1.00226E-10,1.28936E-11,5.4289E-12
138,2,1.55208,1.55205,0,0,0,1.29564,0.252461,0.00391197,1.79107E-05,1.18078E-05,2.65344E-06,2.12249E-06,0,0.607924,0.103401,0.000224883,1.2261E-07,5.18344E-08,6.66826E-09,2.80769E-09
138,3,2.35753,2.35736,0,0,0,0,1.98908,0.365242,0.00157848,0.00104063,0.000233849,0.000187056,0,0,0.933118,0.147506,8.38245E-05,3.54376E-05,4.55888E-06,1.91953E-06
138,4,2.39705,2.39526,0,0,0,0,0,2.05741,0.191902,0.105315,0.023625,0.0170062,0,0,0,0.862509,0.0177667,0.00751105,0.000966262,0.000406847
138,5,2.42917,2.42313,0,0,0,0,0,0.000300923,1.13128,0.984395,0.183024,0.124138,0,0,0,0,0,0,0,0
138,6,2.49456,2.48434,0,0,0,0,0,1.05794E-15,0.00107618,1.48901,0.633863,0.360393,0,0,0,0,0,0,0,0
138,7,2.66627,2.64912,0,0,0,0,0,0,8.30029E-10,0.05816,1.40291,1.18804,0,0,0,0,0,0,0,0
138,8,3.44719,3.41313,0,0,0,0,0,0,9.17344E-11,0.00415179,0.26537,3.14361,0,0,0,0,0,0,0,0
139,1,0.439219,0.434232,0,0,0.325625,0.106986,0.0015936,2.61944E-05,1.19929E-07,7.90646E-08,1.77673E-08,1.42121E-08,0.0974454,0.0384611,0.000109149,2.27677E-07,1.24133E-10,5.24784E-11,6.7511E-12,2.84257E-12
139,2,1.09153,1.06696,0,0,0,0.929214,0.135748,0.00197997,9.06521E-06,5.97632E-06,1.34299E-06,1.07426E-06,0,0.326145,0.0500049,0.000113804,6.20477E-08,2.62313E-08,3.37453E-09,1.42085E-09
139,3,1.73736,1.56519,0,0,0,0,1.3703,0.193337,0.000807234,0.000532176,0.00011959,9.56602E-05,0,0,0.538855,0.0720021,0.000042034,1.77703E-05,2.28607E-06,9.62554E-07
139,4,2.60746,1.9529,0,0,0,0,0,1.72748,0.12811,0.0701766,0.0157436,0.0113851,0,0,0,0.683144,0.0125151,0.00529088,0.000680647,0.000286588
139,5,3.22796,2.30378,0,0,0,0,0,0.000296881,1.09242,0.924741,0.170604,0.115714,0,0,0,0,0,0,0,0
139,6,3.35665,2.40646,0,0,0,0,0,1.07777E-15,0.00111968,1.47008,0.5953,0.339969,0,0,0,0,0,0,0,0
139,7,3.55707,2.59614,0,0,0,0,0,0,8.74364E-10,0.0628837,1.3974,1.13586,0,0,0,0,0,0,0,0
139,8,4.31839,3.3766,0,0,0,0,0,0,9.10471E-11,0.0041218,0.264904,3.10757,0,0,0,0,0,0,0,0
140,1,0.546426,0.546416,0,0,0.362,0.181267,0.00309661,5.08997E-05,2.33041E-07,1.53635E-07,3.45246E-08,2.76162E-08,0.168558,0.08174,0.000210222,4.38508E-07,2.39081E-10,1.01074E-10,1.30027E-11,5.47482E-12
140,2,1.54679,1.54677,0,0,0,1.29475,0.248134,0.00384699,1.76133E-05,1.16117E-05,2.60937E-06,2.08724E-06,0,0.607556,0.101352,0.00022037,1.20149E-07,5.07942E-08,6.53444E-09,2.75134E-09
140,3,2.35639,2.35622,0,0,0,0,2.00359,0.349714,0.0015135,0.000997792,0.000224223,0.000179356,0,0,0.940117,0.139993,7.95064E-05,3.36121E-05,4.32404E-06,1.82065E-06
140,4,2.39648,2.39479,0,0,0,0,0,2.08833,0.173419,0.0959592,0.0215274,0.0155514,0,0,0,0.887142,0.0169093,0.00714857,0.000919631,0.000387213
140,5,2.42907,2.42305,0,0,0,0,0,0.000307175,1.13641,0.979977,0.18254,0.12381,0,0,0,0,0,0,0,0
140,6,2.49272,2.4826,0,0,0,0,0,1.12831E-15,0.00114777,1.51204,0.615764,0.353649,0,0,0,0,0,0,0,0
140,7,2.6611,2.64413,0,0,0,0,0,0,9.05862E-10,0.0648089,1.42364,1.15568,0,0,0,0,0,0,0,0
140,8,3.43673,3.40288,0,0,0,0,0,0,9.26956E-11,0.00419587,0.2697,3.12898,0,0,0,0,0,0,0,0
141,1,0.396074,0.368529,0,1,0.272159,0.0947666,0.00157758,0.000025931,1.18724E-07,7.82697E-08,1.75887E-08,1.40692E-08,0.0942243,0.0401779,0.000105313,2.19674E-07,1.1977E-10,5.06338E-11,6.51381E-12,2.74265E-12
141,2,0.989359,0.98047,0,0,0,0.85218,0.126344,0.00192842,8.82917E-06,5.82071E-06,1.30802E-06,1.04629E-06,0,0.329325,0.0496146,0.000109232,5.9555E-08,2.51775E-08,3.23896E-09,1.36377E-09
141,3,1.46959,1.45612,0,0,0,0,1.266,0.18857,0.000803047,0.000529416,0.00011897,9.51641E-05,0,0,0.514497,0.0730896,4.20395E-05,1.77726E-05,2.28636E-06,9.62679E-07
141,4,1.52637,1.47886,0,0,0,0,0,1.30131,0.102482,0.0541598,0.0121497,0.00875829,0,0,0,0.48738,0.00920191,0.00389019,0.000500455,0.000210718
141,5,1.49716,1.46008,0,0,0,0,0,0.000199446,0.739869,0.553591,0.0991653,0.0672599,0,0,0,0,0,0,0,0
141,6,1.58653,1.51583,0,0,0,0,0,6.35313E-16,0.000744794,0.970399,0.349692,0.194995,0,0,0,0,0,0,0,0
141,7,1.7479,1.63694,0,0,0,0,0,0,5.23806E-10,0.0407325,0.923708,0.672496,0,0,0,0,0,0,0,0
141,8,2.39032,2.17512,1,0,0,0,0,0,5.63474E-11,0.00255223,0.170726,2.00185,0,0,0,0,0,0,0,0
142,1,0.394692,0.367058,0,1,0.272099,0.0933745,0.0015577,2.56043E-05,1.17228E-07,7.72836E-08,1.73671E-08,1.38919E-08,0.0943141,0.0395501,0.000103537,2.15971E-07,1.17751E-10,4.97803E-11,6.404E-12,2.69642E-12
142,2,0.983985,0.975009,0,0,0,0.850738,0.122384,0.00186999,8.56164E-06,5.64434E-06,1.26839E-06,1.01459E-06,0,0.328641,0.0478522,0.000105298,5.74101E-08,2.42707E-08,3.12231E-09,1.31466E-09
142,3,1.46911,1.45574,0,0,0,0,1.26949,0.184734,0.000787294,0.000519031,0.000116636,9.32973E-05,0,0,0.516069,0.071338,4.10189E-05,1.73411E-05,2.23086E-06,9.39307E-07
142,4,1.52642,1.47897,0,0,0,0,0,1.30312,0.1016,0.053562,0.0120157,0.00866457,0,0,0,0.489313,0.00913044,0.00385998,0.000496568,0.000209081
142,5,1.49712,1.46003,0,0,0,0,0,0.000199727,0.741406,0.552192,0.0990502,0.0671817,0,0,0,0,0,0,0,0
142,6,1.5849,1.51482,0,0,0,0,0,6.64369E-16,0.000778876,0.977992,0.343373,0.19268,0,0,0,0,0,0,0,0
142,7,1.74669,1.63602,0,0,0,0,0,0,5.34669E-10,0.0417953,0.926769,0.667457,0,0,0,0,0,0,0,0
142,8,2.38559,2.17104,1,0,0,0,0,0,5.65724E-11,0.00256258,0.17187,1.99661,0,0,0,0,0,0,0,0
143,1,0.386736,0.359781,0,1,0.265268,0.0929284,0.00155885,2.56233E-05,1.17315E-07,7.73408E-08,1.73799E-08,1.39022E-08,0.0939951,0.0397118,0.000103555,2.16007E-07,1.1777E-10,4.97886E-11,6.40507E-12,2.69687E-12
143,2,0.966387,0.957361,0,0,0,0.834406,0.121082,0.00185537,8.49469E-06,5.6002E-06,1.25847E-06,1.00665E-06,0,0.327778,0.047487,0.000104275,5.68525E-08,2.40349E-08,3.09199E-09,1.30189E-09
143,3,1.48125,1.45902,0,0,0,0,1.27422,0.183298,0.000782961,0.000516174,0.000115994,9.27838E-05,0,0,0.518995,0.0708729,4.06843E-05,1.71997E-05,2.21266E-06,9.31646E-07
143,4,1.60643,1.50629,0,0,0,0,0,1.32807,0.102591,0.054551,0.0122377,0.00883081,0,0,0,0.506952,0.00939288,0.00397093,0.000510841,0.000215091
143,5,1.57974,1.48655,0,0,0,0,0,0.000202151,0.749438,0.565073,0.102387,0.0694451,0,0,0,0,0,0,0,0
143,6,2.29626,1.84594,0,0,0,0,0,8.5734E-16,0.000967102,1.17013,0.428565,0.246277,0,0,0,0,0,0,0,0
143,7,3.37547,2.55594,0,0,0,0,0,0,9.06223E-10,0.0660291,1.39283,1.09708,0,0,0,0,0,0,0,0
143,8,4.1987,3.37277,0,0,0,0,0,0,9.28961E-11,0.0042055,0.271957,3.09661,0,0,0,0,0,0,0,0
144,1,0.386531,0.359562,0,1,0.265267,0.0927132,0.00155576,2.55723E-05,1.17081E-07,7.7187E-08,1.73454E-08,1.38746E-08,0.0940136,0.0396123,0.000103275,2.15424E-07,1.17453E-10,4.96542E-11,6.38779E-12,2.68959E-12
144,2,0.965577,0.95654,0,0,0,0.834198,0.120479,0.00184646,8.45393E-06,5.57333E-06,1.25243E-06,1.00182E-06,0,0.327685,0.0472161,0.000103671,5.65231E-08,2.38957E-08,3.07407E-09,1.29434E-09
144,3,1.48106,1.45889,0,0,0,0,1.27505,0.182341,0.000779018,0.000513575,0.00011541,9.23165E-05,0,0,0.519378,0.0704343,4.04293E-05,1.70919E-05,2.19879E-06,9.25805E-07
144,4,1.60629,1.50628,0,0,0,0,0,1.3296,0.101671,0.0541089,0.0121386,0.00876242,0,0,0,0.508067,0.00936132,0.00395759,0.000509125,0.000214368
144,5,1.57972,1.48653,0,0,0,0,0,0.000202272,0.749562,0.564955,0.102376,0.0694372,0,0,0,0,0,0,0,0
144,6,2.29325,1.84426,0,0,0,0,0,8.64003E-16,0.000974621,1.17136,0.426514,0.245414,0,0,0,0,0,0,0,0
144,7,3.37441,2.55502,0,0,0,0,0,0,9.13365E-10,0.0666677,1.39457,1.09378,0,0,0,0,0,0,0,0
144,8,4.19896,3.37303,0,0,0,0,0,0,9.2953E-11,0.00420811,0.27222,3.0966,0,0,0,0,0,0,0,0
145,1,0.393942,0.366257,0,1,0.272084,0.0926007,0.00154671,2.54236E-05,1.164E-07,7.6738E-08,1.72445E-08,1.37939E-08,0.0943739,0.0392007,0.000102547,2.13906E-07,1.16625E-10,4.93043E-11,6.34276E-12,2.67063E-12
145,2,0.980856,0.971831,0,0,0,0.849963,0.120016,0.00183514,8.4021E-06,5.53916E-06,1.24476E-06,9.9568E-07,0,0.328273,0.0467949,0.000102935,5.61217E-08,2.3726E-08,3.05224E-09,1.28515E-09
145,3,1.46868,1.4554,0,0,0,0,1.27266,0.181251,0.000772985,0.000509597,0.000114516,9.16016E-05,0,0,0.517494,0.0697488,4.00929E-05,1.69497E-05,2.1805E-06,9.18104E-07
145,4,1.5268,1.47929,0,0,0,0,0,1.30801,0.0989008,0.0522057,0.0117117,0.00845588,0,0,0,0.493277,0.00905698,0.00382892,0.000492573,0.000207399
145,5,1.4971,1.46,0,0,0,0,0,0.000200305,0.742359,0.551332,0.0989747,0.0671305,0,0,0,0,0,0,0,0
145,6,1.58355,1.51399,0,0,0,0,0,6.89097E-16,0.000807881,0.984221,0.338191,0.190771,0,0,0,0,0,0,0,0
145,7,1.74559,1.6352,0,0,0,0,0,0,5.44466E-10,0.0427534,0.929546,0.662895,0,0,0,0,0,0,0,0
145,8,2.3866,2.17201,1,0,0,0,0,0,5.66538E-11,0.00256633,0.172275,1.99717,0,0,0,0,0,0,0,0
146,1,0.393766,0.366069,0,1,0.272081,0.0924183,0.00154412,0.000025381,1.16205E-07,7.66095E-08,1.72156E-08,1.37708E-08,0.0943871,0.0391187,0.000102315,2.13421E-07,1.1636E-10,4.91925E-11,6.32838E-12,2.66458E-12
146,2,0.98036,0.971326,0,0,0,0.84981,0.119669,0.00183,8.37856E-06,5.52364E-06,1.24127E-06,9.9289E-07,0,0.328199,0.046642,0.000102595,5.59361E-08,2.36475E-08,3.04215E-09,1.2809E-09
146,3,1.46868,1.45541,0,0,0,0,1.2726,0.181314,0.000773233,0.000509761,0.000114553,0.000091631,0,0,0.517462,0.0697805,4.01118E-05,1.69576E-05,2.18152E-06,9.18535E-07
146,4,1.52657,1.47916,0,0,0,0,0,1.30621,0.0998704,0.0527217,0.0118273,0.00853246,0,0,0,0.491421,0.00902244,0.00381432,0.000490695,0.000206608
146,5,1.49712,1.46003,0,0,0,0,0,0.000199676,0.741348,0.552244,0.099055,0.067185,0,0,0,0,0,0,0,0
146,6,1.58495,1.51485,0,0,0,0,0,6.63035E-16,0.00077731,0.977885,0.343458,0.192727,0,0,0,0,0,0,0,0
146,7,1.7464,1.6358,0,0,0,0,0,0,5.37229E-10,0.0420449,0.927521,0.666235,0,0,0,0,0,0,0,0
146,8,2.38391,2.16959,1,0,0,0,0,0,5.66533E-11,0.00256631,0.172282,1.99474,0,0,0,0,0,0,0,0
147,1,0.393602,0.365894,0,1,0.272068,0.0922585,0.00154182,2.53432E-05,1.16033E-07,7.64955E-08,1.719E-08,1.37503E-08,0.094395,0.0390466,0.000102111,2.12997E-07,1.16129E-10,4.90947E-11,6.31581E-12,2.65929E-12
147,2,0.980014,0.970974,0,0,0,0.849693,0.119438,0.00182655,8.36276E-06,5.51323E-06,1.23893E-06,9.91018E-07,0,0.328142,0.0465405,0.000102369,5.58133E-08,2.35956E-08,3.03547E-09,1.27809E-09
147,3,1.46871,1.45543,0,0,0,0,1.27234,0.181592,0.000774359,0.000510503,0.00011472,9.17644E-05,0,0,0.517343,0.0699099,4.01875E-05,1.69897E-05,2.18564E-06,9.20269E-07
147,4,1.52631,1.47901,0,0,0,0,0,1.30402,0.101066,0.0533356,0.0119648,0.00862446,0,0,0,0.489351,0.00900123,0.00380536,0.000489541,0.000206123
147,5,1.49714,1.46007,0,0,0,0,0,0.000198985,0.740375,0.553122,0.0991334,0.0672382,0,0,0,0,0,0,0,0
147,6,1.58619,1.51561,0,0,0,0,0,6.40277E-16,0.000750616,0.972184,0.348199,0.194477,0,0,0,0,0,0,0,0
147,7,1.74721,1.63642,0,0,0,0,0,0,5.2996E-10,0.0413339,0.925467,0.669613,0,0,0,0,0,0,0,0
147,8,2.3822,2.16804,1,0,0,0,0,0,5.66303E-11,0.00256524,0.17217,1.9933,0,0,0,0,0,0,0,0
148,1,0.39356,0.36585,0,1,0.272055,0.0922279,0.00154135,2.53355E-05,1.15997E-07,7.64721E-08,1.71847E-08,1.37461E-08,0.0943917,0.0390326,0.000102073,2.12918E-07,1.16086E-10,4.90765E-11,6.31346E-12,2.6583E-12
148,2,0.980059,0.97102,0,0,0,0.84969,0.119486,0.00182723,8.36587E-06,5.51527E-06,1.23939E-06,9.91386E-07,0,0.32814,0.0465625,0.000102419,5.58405E-08,2.36071E-08,3.03695E-09,1.27871E-09
148,3,1.46876,1.45547,0,0,0,0,1.27194,0.182034,0.00077617,0.000511697,0.000114988,0.000091979,0,0,0.517158,0.0701139,4.03066E-05,0.00001704,2.19212E-06,9.22996E-07
148,4,1.52614,1.4789,0,0,0,0,0,1.30215,0.102125,0.0538399,0.0120779,0.00870132,0,0,0,0.487887,0.00901253,0.00381013,0.000490155,0.000206381
148,5,1.49714,1.46008,0,0,0,0,0,0.000198553,0.739934,0.553517,0.0991702,0.0672632,0,0,0,0,0,0,0,0
148,6,1.5868,1.51599,0,0,0,0,0,6.29688E-16,0.000738196,0.969214,0.350675,0.195368,0,0,0,0,0,0,0,0
148,7,1.74798,1.637,0,0,0,0,0,0,5.23141E-10,0.0406678,0.923511,0.672816,0,0,0,0,0,0,0,0
148,8,2.38258,2.16834,1,0,0,0,0,0,5.6563E-11,0.00256214,0.171827,1.99395,0,0,0,0,0,0,0,0
149,1,0.393609,0.365905,0,1,0.272036,0.092301,0.00154232,2.53515E-05,1.1607E-07,7.65205E-08,1.71956E-08,1.37548E-08,0.0943775,0.0390651,0.000102168,2.13115E-07,1.16194E-10,4.9122E-11,6.31932E-12,2.66077E-12
149,2,0.980557,0.971526,0,0,0,0.849808,0.119868,0.00183285,8.39158E-06,5.53223E-06,1.2432E-06,9.94434E-07,0,0.328196,0.0467335,0.000102802,5.60491E-08,2.36953E-08,3.04829E-09,1.28349E-09
149,3,1.46885,1.45554,0,0,0,0,1.27121,0.18283,0.000779432,0.000513848,0.000115471,9.23656E-05,0,0,0.51683,0.0704781,0.000040519,1.71298E-05,2.20367E-06,9.27859E-07
149,4,1.526,1.47877,0,0,0,0,0,1.30018,0.103245,0.0543653,0.0121956,0.00878233,0,0,0,0.486462,0.00904516,0.00382393,0.00049193,0.000207128
149,5,1.49715,1.46009,0,0,0,0,0,0.000198144,0.739632,0.553786,0.0991968,0.0672812,0,0,0,0,0,0,0,0
149,6,1.58716,1.51622,0,0,0,0,0,6.23918E-16,0.000731429,0.967362,0.352222,0.195908,0,0,0,0,0,0,0,0
149,7,1.74875,1.63758,0,0,0,0,0,0,5.16345E-10,0.0400047,0.921538,0.676033,0,0,0,0,0,0,0,0
149,8,2.38357,2.16916,1,0,0,0,0,0,5.64774E-11,0.00255819,0.17139,1.99522,0,0,0,0,0,0,0,0
150,1,0.393771,0.36608,0,1,0.272012,0.0924967,0.00154502,2.53959E-05,1.16273E-07,7.66544E-08,1.72257E-08,1.37788E-08,0.0943518,0.0391526,0.00010242,2.1364E-07,1.1648E-10,4.9243E-11,6.33488E-12,2.66732E-12
150,2,0.981607,0.972593,0,0,0,0.85007,0.120661,0.00184452,8.44502E-06,5.56746E-06,1.25111E-06,1.00077E-06,0,0.32832,0.0470875,0.000103593,5.64803E-08,2.38776E-08,3.07175E-09,1.29336E-09
150,3,1.46901,1.45566,0,0,0,0,1.27005,0.184098,0.000784634,0.000517277,0.000116242,0.000092982,0,0,0.516309,0.0710577,4.08568E-05,1.72726E-05,2.22204E-06,9.35596E-07
150,4,1.52584,1.47863,0,0,0,0,0,1.29789,0.104543,0.0549836,0.0123343,0.00887826,0,0,0,0.484811,0.00909662,0.00384568,0.000494729,0.000208307
150,5,1.49715,1.4601,0,0,0,0,0,0.000197758,0.739339,0.554047,0.0992224,0.0672986,0,0,0,0,0,0,0,0
150,6,1.58747,1.51642,0,0,0,0,0,6.19251E-16,0.000725957,0.965718,0.353598,0.196379,0,0,0,0,0,0,0,0
150,7,1.74957,1.63819,0,0,0,0,0,0,5.09186E-10,0.0393065,0.919447,0.679439,0,0,0,0,0,0,0,0
150,8,2.38504,2.17041,1,0,0,0,0,0,5.63734E-11,0.0025534,0.17086,1.997,0,0,0,0,0,0,0,0
151,1,0.394076,0.366407,0,1,0.271996,0.0928355,0.00154977,2.54739E-05,1.16631E-07,7.68898E-08,1.72786E-08,1.38212E-08,0.0943169,0.0393048,0.000102854,2.14546E-07,1.16974E-10,4.94519E-11,6.36175E-12,2.67863E-12
151,2,0.983101,0.97411,0,0,0,0.850456,0.121776,0.00186095,8.52024E-06,5.61704E-06,1.26226E-06,1.00968E-06,0,0.328504,0.0475844,0.000104703,5.70855E-08,2.41334E-08,3.10466E-09,1.30722E-09
151,3,1.4692,1.45581,0,0,0,0,1.26863,0.185656,0.000791029,0.000521493,0.000117189,9.37398E-05,0,0,0.515668,0.0717706,4.12724E-05,1.74483E-05,2.24464E-06,9.45112E-07
151,4,1.52571,1.47849,0,0,0,0,0,1.29565,0.1058,0.0555947,0.0124713,0.00897358,0,0,0,0.483197,0.00915912,0.0038721,0.000498128,0.000209738
151,5,1.49715,1.46012,0,0,0,0,0,0.000197456,0.739055,0.554302,0.0992465,0.0673149,0,0,0,0,0,0,0,0
151,6,1.58774,1.5166,0,0,0,0,0,6.15195E-16,0.0007212,0.964221,0.354852,0.196804,0,0,0,0,0,0,0,0
151,7,1.75031,1.63875,0,0,0,0,0,0,5.02726E-10,0.0386767,0.917554,0.682517,0,0,0,0,0,0,0,0
151,8,2.38685,2.17196,1,0,0,0,0,0,5.62667E-11,0.00254849,0.170317,1.9991,0,0,0,0,0,0,0,0
152,1,0.394211,0.366555,0,1,0.271957,0.0930196,0.00155225,2.55148E-05,1.16818E-07,7.70133E-08,1.73064E-08,1.38433E-08,0.0942859,0.0393866,0.000103092,2.15042E-07,1.17244E-10,4.95661E-11,6.37645E-12,2.68482E-12
152,2,0.98418,0.975206,0,0,0,0.850725,0.122591,0.00187294,8.57518E-06,5.65326E-06,1.2704E-06,1.01619E-06,0,0.328631,0.0479483,0.000105516,5.7529E-08,2.43209E-08,3.12878E-09,1.31738E-09
152,3,1.46934,1.45592,0,0,0,0,1.26759,0.186797,0.000795711,0.00052458,0.000117883,9.42947E-05,0,0,0.5152,0.072292,4.15763E-05,1.75768E-05,2.26117E-06,9.52072E-07
152,4,1.52562,1.47839,0,0,0,0,0,1.29409,0.106676,0.0560193,0.0125665,0.00903974,0,0,0,0.482069,0.00920083,0.00388974,0.000500397,0.000210693
152,5,1.49715,1.46012,0,0,0,0,0,0.000197271,0.738898,0.554441,0.09926,0.0673241,0,0,0,0,0,0,0,0
152,6,1.58787,1.51668,0,0,0,0,0,6.13274E-16,0.000718948,0.963484,0.35547,0.197011,0,0,0,0,0,0,0,0
152,7,1.75069,1.63904,0,0,0,0,0,0,4.99321E-10,0.0383448,0.916552,0.684145,0,0,0,0,0,0,0,0
152,8,2.38776,2.17274,1,0,0,0,0,0,5.62118E-11,0.00254597,0.170038,2.00015,0,0,0,0,0,0,0,0
153,1,0.394221,0.366569,0,1,0.271918,0.0930727,0.00155289,2.55252E-05,1.16866E-07,7.70448E-08,1.73134E-08,1.3849E-08,0.0942649,0.0394098,0.000103163,2.1519E-07,1.17325E-10,4.96002E-11,6.38083E-12,2.68666E-12
153,2,0.984543,0.975576,0,0,0,0.850818,0.122863,0.00187695,8.59353E-06,5.66536E-06,1.27311E-06,1.01836E-06,0,0.328675,0.0480696,0.000105787,5.76767E-08,2.43834E-08,3.13681E-09,1.32076E-09
153,3,1.46938,1.45595,0,0,0,0,1.26733,0.187089,0.000796914,0.000525373,0.000118061,9.44372E-05,0,0,0.515081,0.0724249,4.16537E-05,1.76095E-05,2.26538E-06,9.53844E-07
153,4,1.52562,1.47838,0,0,0,0,0,1.294,0.106722,0.056044,0.012572,0.00904391,0,0,0,0.482022,0.00921045,0.0038938,0.00050092,0.000210914
153,5,1.49715,1.46012,0,0,0,0,0,0.000197253,0.738914,0.554427,0.0992591,0.0673234,0,0,0,0,0,0,0,0
153,6,1.58776,1.51661,0,0,0,0,0,6.15135E-16,0.000721129,0.964038,0.355008,0.196846,0,0,0,0,0,0,0,0
153,7,1.75063,1.63899,0,0,0,0,0,0,4.9992E-10,0.0384035,0.916719,0.683869,0,0,0,0,0,0,0,0
153,8,2.38784,2.17281,1,0,0,0,0,0,5.62113E-11,0.00254594,0.170036,2.00023,0,0,0,0,0,0,0,0
154,1,0.394117,0.366462,0,1,0.271883,0.0930005,0.00155176,2.55067E-05,1.16781E-07,7.69889E-08,1.73009E-08,1.3839E-08,0.0942556,0.0393768,0.000103073,2.15004E-07,1.17223E-10,4.95573E-11,6.37531E-12,2.68434E-12
154,2,0.984152,0.975178,0,0,0,0.850732,0.122557,0.00187247,8.57299E-06,5.65182E-06,1.27007E-06,1.01593E-06,0,0.328635,0.0479324,0.00010548,5.75092E-08,2.43126E-08,3.1277E-09,1.31692E-09
154,3,1.4693,1.45589,0,0,0,0,1.26795,0.186407,0.00079412,0.000523531,0.000117647,9.41062E-05,0,0,0.515365,0.0721111,4.14706E-05,1.75321E-05,2.25542E-06,9.4965E-07
154,4,1.52577,1.4785,0,0,0,0,0,1.29578,0.105726,0.0555589,0.0124633,0.00896962,0,0,0,0.483427,0.00919204,0.00388602,0.000499919,0.000210492
154,5,1.49715,1.46011,0,0,0,0,0,0.000197461,0.73924,0.554133,0.0992331,0.0673058,0,0,0,0,0,0,0,0
154,6,1.58721,1.51627,0,0,0,0,0,6.24383E-16,0.000731976,0.966764,0.352734,0.196035,0,0,0,0,0,0,0,0
154,7,1.75007,1.63857,0,0,0,0,0,0,5.0489E-10,0.0388888,0.918151,0.681528,0,0,0,0,0,0,0,0
154,8,2.38739,2.17244,1,0,0,0,0,0,5.62594E-11,0.00254816,0.17028,1.99962,0,0,0,0,0,0,0,0
155,1,0.39388,0.366213,0,1,0.27184,0.0927981,0.00154877,2.54575E-05,1.16556E-07,7.68404E-08,1.72675E-08,1.38123E-08,0.0942541,0.0392847,0.000102818,2.1447E-07,1.16932E-10,4.94343E-11,6.35949E-12,2.67768E-12
155,2,0.983266,0.974279,0,0,0,0.850524,0.121875,0.00186244,8.52709E-06,5.62156E-06,1.26327E-06,1.01049E-06,0,0.328538,0.0476268,0.000104796,5.71365E-08,2.4155E-08,3.10743E-09,1.30839E-09
155,3,1.46913,1.45576,0,0,0,0,1.26923,0.185008,0.000788392,0.000519755,0.000116799,9.34274E-05,0,0,0.515946,0.0714686,4.10957E-05,1.73736E-05,2.23503E-06,9.41066E-07
155,4,1.52608,1.47872,0,0,0,0,0,1.29912,0.103894,0.0546221,0.0122533,0.00882687,0,0,0,0.486342,0.0091713,0.00387725,0.000498791,0.000210017
155,5,1.49713,1.46007,0,0,0,0,0,0.000198085,0.740255,0.553217,0.0991526,0.0672512,0,0,0,0,0,0,0,0
155,6,1.58588,1.51544,0,0,0,0,0,6.47888E-16,0.000759545,0.973068,0.347484,0.194128,0,0,0,0,0,0,0,0
155,7,1.74904,1.6378,0,0,0,0,0,0,5.13976E-10,0.0397763,0.920759,0.677259,0,0,0,0,0,0,0,0
155,8,2.38755,2.17264,1,0,0,0,0,0,5.63339E-11,0.00255159,0.170654,1.99943,0,0,0,0,0,0,0,0
156,1,0.393768,0.366094,0,1,0.271813,0.0927082,0.00154742,2.54352E-05,1.16454E-07,7.67732E-08,1.72524E-08,1.38002E-08,0.09425,0.0392437,0.000102705,2.14235E-07,1.16804E-10,4.938E-11,6.35251E-12,2.67474E-12
156,2,0.98271,0.973714,0,0,0,0.850411,0.12143,0.00185594,8.49731E-06,5.60193E-06,1.25886E-06,1.00696E-06,0,0.328486,0.047427,0.000104348,5.68923E-08,2.40518E-08,3.09415E-09,1.3028E-09
156,3,1.469,1.45565,0,0,0,0,1.27029,0.183853,0.000783663,0.000516637,0.000116098,0.000092867,0,0,0.516425,0.0709382,4.07862E-05,1.72428E-05,2.2182E-06,9.3398E-07
156,4,1.52642,1.47895,0,0,0,0,0,1.30248,0.10206,0.053679,0.012042,0.00868401,0,0,0,0.489375,0.00916985,0.00387664,0.000498712,0.000209984
156,5,1.49711,1.46003,0,0,0,0,0,0.000198798,0.741414,0.552169,0.0990605,0.0671888,0,0,0,0,0,0,0,0
156,6,1.58424,1.51443,0,0,0,0,0,6.77414E-16,0.000794178,0.98068,0.341148,0.191808,0,0,0,0,0,0,0,0
156,7,1.7478,1.63686,0,0,0,0,0,0,5.25038E-10,0.0408574,0.923915,0.672084,0,0,0,0,0,0,0,0
156,8,2.3894,2.17434,1,0,0,0,0,0,5.63877E-11,0.00255408,0.170919,2.00087,0,0,0,0,0,0,0,0
157,1,0.38617,0.359202,0,1,0.264974,0.0926484,0.00155399,2.55432E-05,1.16948E-07,7.70993E-08,1.73257E-08,1.38588E-08,0.0938936,0.0395788,0.000103217,2.15303E-07,1.17386E-10,4.96262E-11,6.38417E-12,2.68807E-12
157,2,0.966879,0.957859,0,0,0,0.83452,0.121461,0.00186095,8.52024E-06,5.61705E-06,1.26226E-06,1.00968E-06,0,0.327828,0.0476581,0.000104658,5.70609E-08,2.4123E-08,3.10332E-09,1.30666E-09
157,3,1.48145,1.45916,0,0,0,0,1.27329,0.184354,0.0007873,0.000519035,0.000116637,9.32979E-05,0,0,0.518568,0.0713592,4.09674E-05,1.73194E-05,2.22806E-06,9.38129E-07
157,4,1.60644,1.50619,0,0,0,0,0,1.32491,0.104472,0.0554149,0.0124314,0.00896477,0,0,0,0.504808,0.00946366,0.00400085,0.000514691,0.000216712
157,5,1.57987,1.48662,0,0,0,0,0,0.000200834,0.748762,0.565709,0.102459,0.0694936,0,0,0,0,0,0,0,0
157,6,2.29762,1.84673,0,0,0,0,0,8.54757E-16,0.000964187,1.16939,0.429673,0.246703,0,0,0,0,0,0,0,0
157,7,3.37868,2.55871,0,0,0,0,0,0,8.84977E-10,0.064134,1.38748,1.1071,0,0,0,0,0,0,0,0
157,8,4.20325,3.37741,0,0,0,0,0,0,9.24955E-11,0.00418712,0.270137,3.10308,0,0,0,0,0,0,0,0
158,1,0.386271,0.359311,0,1,0.264951,0.0927786,0.00155579,0.000025573,1.17084E-07,7.71889E-08,1.73458E-08,1.38749E-08,0.0938729,0.0396385,0.000103387,2.15658E-07,1.1758E-10,4.97082E-11,6.39473E-12,2.69251E-12
158,2,0.967617,0.958608,0,0,0,0.834704,0.122017,0.00186915,8.55779E-06,5.6418E-06,1.26782E-06,1.01413E-06,0,0.32791,0.0479083,0.000105216,5.73652E-08,2.42517E-08,3.11987E-09,1.31363E-09
158,3,1.48165,1.4593,0,0,0,0,1.27236,0.185408,0.000791637,0.000521894,0.00011728,0.000093812,0,0,0.518143,0.0718444,4.12498E-05,1.74388E-05,2.24342E-06,9.44595E-07
158,4,1.60687,1.50631,0,0,0,0,0,1.32249,0.105991,0.0561511,0.0125964,0.00907797,0,0,0,0.5029,0.00950116,0.0040167,0.00051673,0.000217571
158,5,1.57997,1.48667,0,0,0,0,0,0.000200382,0.748295,0.566153,0.102502,0.0695231,0,0,0,0,0,0,0,0
158,6,2.30513,1.85093,0,0,0,0,0,8.38347E-16,0.00094567,1.16624,0.434872,0.248871,0,0,0,0,0,0,0,0
158,7,3.38158,2.56122,0,0,0,0,0,0,8.65656E-10,0.062408,1.3827,1.11611,0,0,0,0,0,0,0,0
158,8,4.20195,3.37608,0,0,0,0,0,0,9.23818E-11,0.00418189,0.269607,3.10229,0,0,0,0,0,0,0,0
159,1,0.394197,0.366559,0,1,0.271743,0.0932354,0.00155467,2.55544E-05,1.16999E-07,7.7133E-08,1.73333E-08,1.38649E-08,0.0941785,0.0394791,0.000103383,2.15649E-07,1.17575E-10,4.9706E-11,6.39444E-12,2.69239E-12
159,2,0.985719,0.976771,0,0,0,0.851139,0.123725,0.00188967,8.65177E-06,5.70376E-06,1.28174E-06,1.02527E-06,0,0.328829,0.0484526,0.000106642,5.81427E-08,2.45804E-08,3.16215E-09,1.33143E-09
159,3,1.46947,1.45602,0,0,0,0,1.26676,0.187715,0.000799495,0.000527075,0.000118444,9.47432E-05,0,0,0.514831,0.0727073,4.18179E-05,1.76789E-05,2.27431E-06,9.57604E-07
159,4,1.5258,1.47844,0,0,0,0,0,1.2947,0.106397,0.055815,0.0125208,0.00901237,0,0,0,0.483202,0.00928049,0.00392342,0.000504729,0.000212518
159,5,1.49713,1.46009,0,0,0,0,0,0.00019743,0.739729,0.553685,0.0991982,0.0672821,0,0,0,0,0,0,0,0
159,6,1.5865,1.51584,0,0,0,0,0,6.38332E-16,0.000748339,0.969728,0.350279,0.195088,0,0,0,0,0,0,0,0
159,7,1.75054,1.63892,0,0,0,0,0,0,5.00818E-10,0.0384926,0.91693,0.6835,0,0,0,0,0,0,0,0
159,8,2.39015,2.17485,1,0,0,0,0,0,5.6157E-11,0.00254345,0.169753,2.00255,0,0,0,0,0,0,0,0
160,1,0.395564,0.36802,0,1,0.271723,0.0946956,0.00157527,2.58931E-05,1.1855E-07,7.81553E-08,1.7563E-08,1.40486E-08,0.0940589,0.0401332,0.000105244,2.19531E-07,1.19692E-10,5.06008E-11,6.50956E-12,2.74086E-12
160,2,0.992171,0.983325,0,0,0,0.852821,0.128525,0.00196044,8.97579E-06,5.91737E-06,1.32975E-06,1.06366E-06,0,0.329623,0.0505927,0.000111421,6.07482E-08,2.56819E-08,3.30386E-09,1.3911E-09
160,3,1.47014,1.45654,0,0,0,0,1.26158,0.193375,0.00082268,0.000542359,0.000121878,9.74906E-05,0,0,0.512485,0.0753061,4.33339E-05,1.83198E-05,2.35676E-06,9.9232E-07
160,4,1.52558,1.47812,0,0,0,0,0,1.28921,0.10934,0.0574179,0.0128802,0.00926371,0,0,0,0.478698,0.0094755,0.00400586,0.000515335,0.000216983
160,5,1.49718,1.46017,0,0,0,0,0,0.000196513,0.737587,0.555626,0.0993646,0.067395,0,0,0,0,0,0,0,0
160,6,1.58855,1.51713,0,0,0,0,0,6.04004E-16,0.000708076,0.959653,0.358684,0.198085,0,0,0,0,0,0,0,0
160,7,1.75243,1.64035,0,0,0,0,0,0,4.84082E-10,0.0368587,0.912102,0.691391,0,0,0,0,0,0,0,0
160,8,2.40003,2.18345,1,0,0,0,0,0,5.57882E-11,0.00252649,0.167871,2.01306,0,0,0,0,0,0,0,0
161,1,0.544257,0.544247,0,0,0.361187,0.179935,0.0030735,5.05198E-05,2.31302E-07,1.52488E-07,3.4267E-08,2.74102E-08,0.168241,0.081064,0.000208506,4.34929E-07,2.3713E-10,1.00249E-10,1.28966E-11,5.43012E-12
161,2,1.55194,1.55192,0,0,0,1.29562,0.25235,0.0039103,1.79031E-05,1.18028E-05,2.65231E-06,2.12158E-06,0,0.607916,0.103348,0.000224766,1.22546E-07,5.18075E-08,6.66479E-09,2.80623E-09
161,3,2.3575,2.35733,0,0,0,0,1.98941,0.364884,0.00157698,0.00103964,0.000233627,0.000186878,0,0,0.933278,0.147333,8.37255E-05,3.53957E-05,4.5535E-06,1.91726E-06
161,4,2.39703,2.39525,0,0,0,0,0,2.0582,0.191425,0.10508,0.0235721,0.0169698,0,0,0,0.863138,0.0177518,0.00750472,0.000965447,0.000406504
161,5,2.42916,2.42313,0,0,0,0,0,0.000301124,1.13143,0.984266,0.18301,0.124128,0,0,0,0,0,0,0,0
161,6,2.49446,2.48425,0,0,0,0,0,1.06125E-15,0.00107954,1.49028,0.632856,0.360028,0,0,0,0,0,0,0,0
161,7,2.666,2.64886,0,0,0,0,0,0,8.33908E-10,0.0584999,1.40398,1.18638,0,0,0,0,0,0,0,0
161,8,3.44686,3.4128,0,0,0,0,0,0,9.17704E-11,0.00415344,0.265532,3.14311,0,0,0,0,0,0,0,0
162,1,0.439187,0.4342,0,0,0.325644,0.106935,0.00159305,2.61854E-05,1.19888E-07,7.90374E-08,1.77612E-08,1.42072E-08,0.0974479,0.0384463,0.000109098,2.2757E-07,1.24075E-10,5.24537E-11,6.74792E-12,2.84123E-12
162,2,1.09141,1.06684,0,0,0,0.929188,0.135653,0.00197867,9.05924E-06,5.97239E-06,1.34211E-06,1.07355E-06,0,0.32613,0.0499667,0.000113715,6.19991E-08,2.62107E-08,3.37189E-09,1.41974E-09
162,3,1.73727,1.56515,0,0,0,0,1.3704,0.193198,0.000806679,0.00053181,0.000119508,9.55945E-05,0,0,0.538891,0.0719421,4.19984E-05,1.77552E-05,2.28413E-06,9.61738E-07
162,4,2.6072,1.95276,0,0,0,0,0,1.72761,0.127955,0.0700988,0.0157261,0.011373,0,0,0,0.683268,0.0125074,0.00528764,0.00068023,0.000286412
162,5,3.22796,2.30377,0,0,0,0,0,0.000296958,1.09248,0.924692,0.170598,0.11571,0,0,0,0,0,0,0,0
162,6,3.35663,2.40645,0,0,0,0,0,1.07824E-15,0.00112017,1.47018,0.595221,0.339937,0,0,0,0,0,0,0,0
162,7,3.55707,2.59614,0,0,0,0,0,0,8.74406E-10,0.0628874,1.39741,1.13584,0,0,0,0,0,0,0,0
162,8,4.31839,3.3766,0,0,0,0,0,0,9.10474E-11,0.00412181,0.264905,3.10757,0,0,0,0,0,0,0,0
163,1,0.54636,0.54635,0,0,0.362021,0.181182,0.00309532,5.08785E-05,2.32945E-07,1.53571E-07,3.45103E-08,2.76048E-08,0.168572,0.0816962,0.000210103,4.38261E-07,2.38946E-10,1.01017E-10,1.29953E-11,5.47172E-12
163,2,1.54655,1.54653,0,0,0,1.2947,0.247951,0.00384423,1.76006E-05,1.16034E-05,2.6075E-06,2.08574E-06,0,0.607532,0.101266,0.000220181,1.20046E-07,5.07506E-08,6.52884E-09,2.74898E-09
163,3,2.35637,2.3562,0,0,0,0,2.00384,0.349446,0.00151238,0.000997051,0.000224056,0.000179223,0,0,0.940234,0.139865,7.94332E-05,3.35812E-05,4.32006E-06,1.81897E-06
163,4,2.39647,2.39478,0,0,0,0,0,2.08868,0.17321,0.0958537,0.0215037,0.015535,0,0,0,0.887419,0.0168998,0.00714457,0.000919115,0.000386996
163,5,2.42907,2.42305,0,0,0,0,0,0.000307256,1.13647,0.979932,0.182535,0.123806,0,0,0,0,0,0,0,0
163,6,2.49272,2.48259,0,0,0,0,0,1.12857E-15,0.00114803,1.51206,0.615744,0.353639,0,0,0,0,0,0,0,0
163,7,2.66112,2.64414,0,0,0,0,0,0,9.05672E-10,0.0647923,1.42359,1.15576,0,0,0,0,0,0,0,0
163,8,3.43673,3.40287,0,0,0,0,0,0,9.26945E-11,0.00419582,0.269694,3.12898,0,0,0,0,0,0,0,0
164,1,0.396014,0.368465,0,1,0.27216,0.094702,0.00157667,2.59161E-05,1.18655E-07,7.82246E-08,1.75786E-08,1.40611E-08,0.0942304,0.0401488,0.00010523,2.19501E-07,1.19676E-10,5.0594E-11,6.50868E-12,2.7405E-12
164,2,0.989177,0.980285,0,0,0,0.852136,0.126205,0.00192638,8.81985E-06,5.81456E-06,1.30664E-06,1.04518E-06,0,0.329304,0.0495528,0.000109094,5.94797E-08,2.51456E-08,3.23487E-09,1.36205E-09
164,3,1.46957,1.4561,0,0,0,0,1.26616,0.188389,0.000802305,0.000528927,0.00011886,9.50761E-05,0,0,0.514571,0.0730072,4.19915E-05,1.77523E-05,2.28376E-06,9.6158E-07
164,4,1.52638,1.47887,0,0,0,0,0,1.3015,0.102372,0.0541074,0.012138,0.0087501,0,0,0,0.487517,0.00919635,0.00388784,0.000500153,0.000210591
164,5,1.49716,1.46008,0,0,0,0,0,0.000199487,0.739884,0.553578,0.0991638,0.0672588,0,0,0,0,0,0,0,0
164,6,1.58656,1.51585,0,0,0,0,0,6.34904E-16,0.000744314,0.970251,0.349816,0.195038,0,0,0,0,0,0,0,0
164,7,1.74796,1.63698,0,0,0,0,0,0,5.23289E-10,0.040682,0.923559,0.67274,0,0,0,0,0,0,0,0
164,8,2.39033,2.17513,1,0,0,0,0,0,5.63431E-11,0.00255203,0.170704,2.00188,0,0,0,0,0,0,0,0
165,1,0.394614,0.366974,0,1,0.2721,0.0932915,0.00155653,0.000025585,1.1714E-07,7.72253E-08,1.7354E-08,1.38815E-08,0.0943212,0.0395127,0.000103431,2.15749E-07,1.1763E-10,4.97292E-11,6.39742E-12,2.69365E-12
165,2,0.983739,0.97476,0,0,0,0.850675,0.1222,0.00186729,8.54927E-06,5.63618E-06,1.26656E-06,1.01312E-06,0,0.328611,0.0477705,0.000105116,5.73106E-08,2.42286E-08,3.1169E-09,1.31238E-09
165,3,1.46909,1.45572,0,0,0,0,1.26967,0.184539,0.000786489,0.0005185,0.000116517,9.32018E-05,0,0,0.516148,0.0712492,4.09672E-05,1.73193E-05,2.22805E-06,9.38125E-07
165,4,1.52641,1.47897,0,0,0,0,0,1.30317,0.101576,0.0535505,0.0120131,0.00866251,0,0,0,0.489322,0.00912316,0.0038569,0.000496172,0.000208915
165,5,1.49712,1.46003,0,0,0,0,0,0.00019973,0.741368,0.552227,0.0990529,0.0671836,0,0,0,0,0,0,0,0
165,6,1.58502,1.51489,0,0,0,0,0,6.6242E-16,0.00077659,0.977443,0.34383,0.192845,0,0,0,0,0,0,0,0
165,7,1.74685,1.63615,0,0,0,0,0,0,5.33225E-10,0.0416542,0.926358,0.668132,0,0,0,0,0,0,0,0
165,8,2.38575,2.17117,1,0,0,0,0,0,5.6557E-11,0.00256187,0.171791,1.99682,0,0,0,0,0,0,0,0
166,1,0.386628,0.359666,0,1,0.265268,0.0928146,0.00155722,2.55964E-05,1.17191E-07,7.72596E-08,1.73617E-08,1.38876E-08,0.0940048,0.0396593,0.000103407,2.157E-07,1.17603E-10,4.97177E-11,6.39595E-12,2.69303E-12
166,2,0.966059,0.957028,0,0,0,0.834313,0.120846,0.00185187,8.47868E-06,5.58964E-06,1.2561E-06,1.00475E-06,0,0.327736,0.0473815,0.00010404,5.67244E-08,2.39808E-08,3.08502E-09,1.29895E-09
166,3,1.48121,1.459,0,0,0,0,1.27436,0.183134,0.000782281,0.000515726,0.000115893,9.27032E-05,0,0,0.519059,0.0707989,4.06414E-05,1.71815E-05,2.21033E-06,9.30663E-07
166,4,1.60668,1.5064,0,0,0,0,0,1.32782,0.102803,0.0546612,0.0122624,0.00884698,0,0,0,0.506622,0.00938081,0.00396582,0.000510185,0.000214815
166,5,1.57978,1.48657,0,0,0,0,0,0.000202031,0.749216,0.565286,0.102407,0.0694584,0,0,0,0,0,0,0,0
166,6,2.29999,1.84802,0,0,0,0,0,8.4856E-16,0.000957194,1.16866,0.431065,0.247339,0,0,0,0,0,0,0,0
166,7,3.37644,2.55677,0,0,0,0,0,0,8.99772E-10,0.0654521,1.39126,1.10006,0,0,0,0,0,0,0,0
166,8,4.19793,3.37199,0,0,0,0,0,0,9.28709E-11,0.00420433,0.271837,3.09595,0,0,0,0,0,0,0,0
167,1,0.386399,0.35942,0,1,0.265267,0.0925731,0.00155374,2.55392E-05,1.1693E-07,7.70871E-08,1.7323E-08,1.38566E-08,0.0940254,0.0395478,0.000103094,2.15046E-07,1.17247E-10,4.95671E-11,6.37657E-12,2.68487E-12
167,2,0.965166,0.956123,0,0,0,0.834076,0.120188,0.00184214,8.43414E-06,5.56028E-06,1.2495E-06,9.99477E-07,0,0.327629,0.0470862,0.000103383,5.63657E-08,2.38291E-08,3.06551E-09,1.29074E-09
167,3,1.48103,1.45887,0,0,0,0,1.27513,0.182246,0.000778618,0.000513311,0.000115351,9.22691E-05,0,0,0.519412,0.0703926,4.04052E-05,1.70817E-05,2.19748E-06,9.25254E-07
167,4,1.60684,1.50651,0,0,0,0,0,1.32884,0.102253,0.0544085,0.0122057,0.00880705,0,0,0,0.507203,0.00934393,0.00395023,0.000508179,0.00021397
167,5,1.57981,1.48658,0,0,0,0,0,0.000202006,0.749098,0.5654,0.102417,0.0694652,0,0,0,0,0,0,0,0
167,6,2.30121,1.84869,0,0,0,0,0,8.4524E-16,0.000953447,1.16825,0.431819,0.247673,0,0,0,0,0,0,0,0
167,7,3.37617,2.55654,0,0,0,0,0,0,9.01504E-10,0.0656063,1.39171,1.09923,0,0,0,0,0,0,0,0
167,8,4.19666,3.37069,0,0,0,0,0,0,9.29426E-11,0.00420761,0.27216,3.09432,0,0,0,0,0,0,0,0
168,1,0.393766,0.366069,0,1,0.272081,0.0924183,0.00154412,0.000025381,1.16205E-07,7.66095E-08,1.72156E-08,1.37708E-08,0.0943871,0.0391187,0.000102315,2.13421E-07,1.1636E-10,4.91925E-11,6.32838E-12,2.66458E-12
168,2,0.98036,0.971326,0,0,0,0.84981,0.119669,0.00183,8.37856E-06,5.52364E-06,1.24127E-06,9.9289E-07,0,0.328199,0.046642,0.000102595,5.59361E-08,2.36475E-08,3.04215E-09,1.2809E-09
168,3,1.46868,1.45541,0,0,0,0,1.2726,0.181314,0.000773233,0.000509761,0.000114553,0.000091631,0,0,0.517462,0.0697805,4.01118E-05,1.69576E-05,2.18152E-06,9.18535E-07
168,4,1.52657,1.47916,0,0,0,0,0,1.30621,0.0998704,0.0527217,0.0118273,0.00853246,0,0,0,0.491421,0.00902244,0.00381432,0.000490695,0.000206608
168,5,1.49712,1.46003,0,0,0,0,0,0.000199676,0.741348,0.552244,0.099055,0.067185,0,0,0,0,0,0,0,0
168,6,1.58495,1.51485,0,0,0,0,0,6.63035E-16,0.00077731,0.977885,0.343458,0.192727,0,0,0,0,0,0,0,0
168,7,1.7464,1.6358,0,0,0,0,0,0,5.37229E-10,0.0420449,0.927521,0.666235,0,0,0,0,0,0,0,0
168,8,2.38391,2.16959,1,0,0,0,0,0,5.66533E-11,0.00256631,0.172282,1.99474,0,0,0,0,0,0,0,0
169,1,0.393621,0.365915,0,1,0.272077,0.0922701,0.00154201,2.53463E-05,1.16047E-07,7.65049E-08,1.71921E-08,1.3752E-08,0.0943971,0.0390521,0.000102126,2.13027E-07,1.16146E-10,4.91017E-11,6.31671E-12,2.65966E-12
169,2,0.979978,0.970938,0,0,0,0.849687,0.119408,0.00182611,8.36074E-06,5.51189E-06,1.23863E-06,9.90779E-07,0,0.328139,0.0465268,0.000102339,5.57965E-08,2.35885E-08,3.03456E-09,1.27771E-09
169,3,1.46869,1.45542,0,0,0,0,1.27245,0.181479,0.000773897,0.000510199,0.000114651,9.17097E-05,0,0,0.51739,0.0698582,4.01574E-05,1.69769E-05,0.000002184,9.19579E-07
169,4,1.52633,1.47903,0,0,0,0,0,1.30432,0.100889,0.0532585,0.0119475,0.00861246,0,0,0,0.489532,0.0089942,0.00380238,0.000489159,0.000205962
169,5,1.49714,1.46007,0,0,0,0,0,0.000199025,0.740375,0.553122,0.0991329,0.0672378,0,0,0,0,0,0,0,0
169,6,1.58616,1.51559,0,0,0,0,0,6.40539E-16,0.000750923,0.972333,0.348074,0.194436,0,0,0,0,0,0,0,0
169,7,1.74709,1.63632,0,0,0,0,0,0,5.31048E-10,0.0414402,0.92578,0.669101,0,0,0,0,0,0,0,0
169,8,2.3819,2.16778,1,0,0,0,0,0,5.66451E-11,0.00256592,0.172247,1.99297,0,0,0,0,0,0,0,0
170,1,0.393565,0.365856,0,1,0.272066,0.0922228,0.0015413,2.53348E-05,1.15994E-07,7.64701E-08,1.71843E-08,1.37457E-08,0.0943963,0.0390306,0.000102066,2.12903E-07,1.16078E-10,4.90731E-11,6.31302E-12,2.65811E-12
170,2,0.979959,0.970918,0,0,0,0.849669,0.119406,0.00182606,8.36054E-06,5.51176E-06,1.2386E-06,9.90755E-07,0,0.32813,0.0465268,0.000102339,5.57969E-08,2.35887E-08,3.03458E-09,1.27771E-09
170,3,1.46873,1.45545,0,0,0,0,1.27213,0.18182,0.000775289,0.000511116,0.000114858,9.18746E-05,0,0,0.517247,0.0700155,4.02492E-05,1.70157E-05,0.000002189,9.21682E-07
170,4,1.52619,1.47893,0,0,0,0,0,1.30269,0.101815,0.0536952,0.0120454,0.00867903,0,0,0,0.488279,0.00900391,0.00380649,0.000489687,0.000206184
170,5,1.49714,1.46008,0,0,0,0,0,0.000198656,0.740008,0.553451,0.0991637,0.0672587,0,0,0,0,0,0,0,0
170,6,1.58671,1.51594,0,0,0,0,0,6.31229E-16,0.000740004,0.96968,0.350286,0.19523,0,0,0,0,0,0,0,0
170,7,1.74783,1.63688,0,0,0,0,0,0,5.24521E-10,0.0408025,0.923909,0.672165,0,0,0,0,0,0,0,0
170,8,2.38241,2.16819,1,0,0,0,0,0,5.65794E-11,0.00256289,0.171911,1.99372,0,0,0,0,0,0,0,0
171,1,0.393606,0.365901,0,1,0.27205,0.0922826,0.00154211,2.53479E-05,1.16054E-07,7.65098E-08,1.71932E-08,1.37528E-08,0.094385,0.0390572,0.000102144,2.13065E-07,1.16166E-10,4.91103E-11,6.31781E-12,2.66013E-12
171,2,0.980374,0.97134,0,0,0,0.849765,0.119727,0.00183078,8.38211E-06,5.52598E-06,1.24179E-06,9.93311E-07,0,0.328175,0.0466705,0.000102661,5.59722E-08,2.36628E-08,3.04411E-09,1.28173E-09
171,3,1.46882,1.45552,0,0,0,0,1.27146,0.182554,0.000778299,0.000513101,0.000115304,9.22314E-05,0,0,0.516944,0.0703518,4.04453E-05,1.70987E-05,2.19966E-06,9.26173E-07
171,4,1.52604,1.47881,0,0,0,0,0,1.30072,0.102941,0.0542216,0.0121634,0.00876011,0,0,0,0.486848,0.00903458,0.00381945,0.000491355,0.000206886
171,5,1.49715,1.46009,0,0,0,0,0,0.00019822,0.739688,0.553735,0.0991918,0.0672778,0,0,0,0,0,0,0,0
171,6,1.5871,1.51618,0,0,0,0,0,6.25004E-16,0.000732703,0.967703,0.351938,0.195808,0,0,0,0,0,0,0,0
171,7,1.74863,1.63749,0,0,0,0,0,0,5.17405E-10,0.0401081,0.921846,0.675531,0,0,0,0,0,0,0,0
171,8,2.38337,2.16899,1,0,0,0,0,0,5.6493E-11,0.00255891,0.17147,1.99497,0,0,0,0,0,0,0,0
172,1,0.393781,0.36609,0,1,0.272028,0.0924906,0.00154498,2.53952E-05,1.16271E-07,7.66525E-08,1.72253E-08,1.37785E-08,0.0943593,0.0391501,0.000102411,2.13621E-07,1.1647E-10,4.92387E-11,6.33432E-12,2.66708E-12
172,2,0.981509,0.972493,0,0,0,0.850046,0.120586,0.00184342,8.43998E-06,5.56414E-06,1.25037E-06,1.00017E-06,0,0.328309,0.0470541,0.000103518,5.64396E-08,2.38604E-08,3.06953E-09,1.29243E-09
172,3,1.469,1.45565,0,0,0,0,1.27016,0.183977,0.000784138,0.00051695,0.000116169,9.29233E-05,0,0,0.516359,0.0710026,4.08247E-05,1.72591E-05,2.2203E-06,9.34861E-07
172,4,1.52585,1.47864,0,0,0,0,0,1.29802,0.10447,0.0549482,0.0123263,0.00887274,0,0,0,0.484904,0.00909317,0.00384422,0.000494541,0.000208228
172,5,1.49715,1.4601,0,0,0,0,0,0.000197751,0.739336,0.554049,0.0992227,0.0672988,0,0,0,0,0,0,0,0
172,6,1.58747,1.51643,0,0,0,0,0,6.19207E-16,0.000725905,0.965672,0.353637,0.19639,0,0,0,0,0,0,0,0
172,7,1.74962,1.63823,0,0,0,0,0,0,5.08701E-10,0.0392592,0.919304,0.67967,0,0,0,0,0,0,0,0
172,8,2.38508,2.17044,1,0,0,0,0,0,5.63689E-11,0.0025532,0.170837,1.99705,0,0,0,0,0,0,0,0
173,1,0.394216,0.366556,0,1,0.272001,0.0929773,0.00155179,2.55071E-05,1.16783E-07,7.69902E-08,1.73012E-08,1.38392E-08,0.0943102,0.0393678,0.000103033,2.14919E-07,1.17177E-10,4.95378E-11,6.3728E-12,2.68328E-12
173,2,0.983954,0.974976,0,0,0,0.850677,0.122412,0.00187032,8.56317E-06,5.64535E-06,1.26862E-06,1.01477E-06,0,0.328608,0.0478681,0.000105336,5.74309E-08,2.42795E-08,3.12344E-09,1.31513E-09
173,3,1.4693,1.45589,0,0,0,0,1.26791,0.186445,0.000794261,0.000523624,0.000117668,9.41229E-05,0,0,0.515343,0.0721322,4.14833E-05,1.75375E-05,2.25612E-06,9.49942E-07
173,4,1.52569,1.47844,0,0,0,0,0,1.2948,0.106265,0.055835,0.0125252,0.00901167,0,0,0,0.482588,0.00919758,0.00388836,0.00050022,0.000210619
173,5,1.49716,1.46012,0,0,0,0,0,0.000197343,0.73884,0.554496,0.0992635,0.0673264,0,0,0,0,0,0,0,0
173,6,1.58795,1.51673,0,0,0,0,0,6.12252E-16,0.000717749,0.963072,0.355816,0.197129,0,0,0,0,0,0,0,0
173,7,1.75084,1.63915,0,0,0,0,0,0,4.98033E-10,0.0382191,0.91618,0.684753,0,0,0,0,0,0,0,0
173,8,2.38919,2.17399,1,0,0,0,0,0,5.61619E-11,0.00254367,0.169785,2.00166,0,0,0,0,0,0,0,0
174,1,0.395208,0.367616,0,1,0.272002,0.0940218,0.00156657,2.57501E-05,1.17895E-07,7.77236E-08,1.7466E-08,1.3971E-08,0.0942275,0.039837,0.000104366,2.17699E-07,1.18693E-10,5.01786E-11,6.45524E-12,2.718E-12
174,2,0.988048,0.979137,0,0,0,0.851791,0.125414,0.00191464,8.76607E-06,5.77911E-06,1.29868E-06,1.03881E-06,0,0.329136,0.0492034,0.000108316,5.90555E-08,2.49663E-08,3.2118E-09,1.35234E-09
174,3,1.46971,1.4562,0,0,0,0,1.2648,0.189852,0.000808225,0.00053283,0.000119737,9.57777E-05,0,0,0.513932,0.0736956,4.23951E-05,1.79229E-05,2.3057E-06,9.70822E-07
174,4,1.52574,1.47832,0,0,0,0,0,1.29249,0.107509,0.0565188,0.0126786,0.0091223,0,0,0,0.480999,0.0093573,0.00395589,0.000508906,0.000214276
174,5,1.49718,1.46016,0,0,0,0,0,0.000196948,0.737924,0.555326,0.099335,0.067375,0,0,0,0,0,0,0,0
174,6,1.58852,1.51711,0,0,0,0,0,6.03916E-16,0.000707973,0.959937,0.358441,0.198022,0,0,0,0,0,0,0,0
174,7,1.75201,1.64004,0,0,0,0,0,0,4.87739E-10,0.0372149,0.913187,0.689633,0,0,0,0,0,0,0,0
174,8,2.39853,2.18216,1,0,0,0,0,0,5.5863E-11,0.00252993,0.16825,2.01138,0,0,0,0,0,0,0,0
175,1,0.395598,0.368036,0,1,0.271946,0.0944913,0.00157305,2.58566E-05,1.18383E-07,7.8045E-08,1.75382E-08,1.40288E-08,0.0941694,0.040046,0.000104967,2.18953E-07,1.19377E-10,5.04676E-11,6.49242E-12,2.73365E-12
175,2,0.990534,0.981662,0,0,0,0.852418,0.127284,0.00194219,8.89219E-06,5.86226E-06,1.31736E-06,1.05376E-06,0,0.329432,0.0500385,0.000110182,6.00728E-08,2.53963E-08,3.26712E-09,1.37563E-09
175,3,1.46997,1.45641,0,0,0,0,1.2628,0.192034,0.000817172,0.000538728,0.000121063,0.000096838,0,0,0.513032,0.0746952,0.000042978,1.81694E-05,2.33741E-06,9.8417E-07
175,4,1.52566,1.47819,0,0,0,0,0,1.29041,0.10866,0.0571017,0.0128093,0.00921417,0,0,0,0.479497,0.00943855,0.00399024,0.000513325,0.000216137
175,5,1.49718,1.46017,0,0,0,0,0,0.000196784,0.737621,0.555599,0.0993589,0.0673912,0,0,0,0,0,0,0,0
175,6,1.58879,1.51728,0,0,0,0,0,6.00127E-16,0.000703529,0.958448,0.359689,0.198442,0,0,0,0,0,0,0,0
175,7,1.75257,1.64046,0,0,0,0,0,0,4.82817E-10,0.0367352,0.91174,0.691984,0,0,0,0,0,0,0,0
175,8,2.40091,2.18422,1,0,0,0,0,0,5.57625E-11,0.00252531,0.167738,2.01396,0,0,0,0,0,0,0,0
176,1,0.395621,0.368065,0,1,0.271904,0.0945611,0.00157391,2.58708E-05,1.18448E-07,7.80878E-08,1.75478E-08,1.40365E-08,0.094146,0.0400765,0.000105059,2.19146E-07,1.19482E-10,5.0512E-11,6.49813E-12,2.73605E-12
176,2,0.990955,0.98209,0,0,0,0.852524,0.127601,0.00194685,8.91357E-06,5.87635E-06,1.32053E-06,1.05629E-06,0,0.329482,0.05018,0.000110498,6.02452E-08,2.54692E-08,3.2765E-09,1.37958E-09
176,3,1.47001,1.45644,0,0,0,0,1.26251,0.192351,0.000818473,0.000539586,0.000121255,9.69921E-05,0,0,0.512903,0.0748396,4.30622E-05,0.000018205,2.34198E-06,9.86098E-07
176,4,1.52565,1.47819,0,0,0,0,0,1.29027,0.108737,0.0571427,0.0128185,0.00922076,0,0,0,0.479396,0.00944711,0.00399385,0.00051379,0.000216333
176,5,1.49718,1.46017,0,0,0,0,0,0.000196783,0.737614,0.555605,0.0993595,0.0673915,0,0,0,0,0,0,0,0
176,6,1.58875,1.51726,0,0,0,0,0,6.00775E-16,0.00070429,0.958672,0.359502,0.198377,0,0,0,0,0,0,0,0
176,7,1.75253,1.64043,0,0,0,0,0,0,4.83182E-10,0.0367708,0.911844,0.691813,0,0,0,0,0,0,0,0
176,8,2.40101,2.18431,1,0,0,0,0,0,5.57612E-11,0.00252525,0.167732,2.01405,0,0,0,0,0,0,0,0
177,1,0.395257,0.367678,0,1,0.271885,0.0941982,0.00156872,2.57854E-05,1.18057E-07,7.78302E-08,1.74899E-08,1.39902E-08,0.094164,0.039914,0.0001046,2.18187E-07,1.18959E-10,5.0291E-11,6.46971E-12,2.72409E-12
177,2,0.989142,0.980249,0,0,0,0.85207,0.126234,0.00192672,8.8214E-06,5.81559E-06,1.30687E-06,1.04537E-06,0,0.329269,0.0495692,0.000109133,5.95011E-08,2.51547E-08,3.23603E-09,1.36254E-09
177,3,1.46981,1.45629,0,0,0,0,1.26405,0.19067,0.000811585,0.000535045,0.000120235,9.61758E-05,0,0,0.513599,0.0740681,4.26121E-05,1.80147E-05,2.31751E-06,9.75792E-07
177,4,1.52575,1.4783,0,0,0,0,0,1.29223,0.107648,0.0565973,0.0126962,0.00913527,0,0,0,0.480826,0.00938166,0.00396618,0.000510231,0.000214834
177,5,1.49718,1.46016,0,0,0,0,0,0.000196939,0.737924,0.555325,0.0993352,0.067375,0,0,0,0,0,0,0,0
177,6,1.58834,1.51699,0,0,0,0,0,6.06798E-16,0.000711353,0.960855,0.357675,0.197752,0,0,0,0,0,0,0,0
177,7,1.75187,1.63993,0,0,0,0,0,0,4.88973E-10,0.0373355,0.913536,0.689058,0,0,0,0,0,0,0,0
177,8,2.39894,2.18252,1,0,0,0,0,0,5.58565E-11,0.00252963,0.168217,2.01178,0,0,0,0,0,0,0,0
178,1,0.394218,0.366574,0,1,0.271827,0.0931666,0.00155395,2.55426E-05,1.16945E-07,7.70972E-08,1.73252E-08,1.38584E-08,0.0942209,0.0394495,0.000103288,2.15451E-07,1.17467E-10,4.96603E-11,6.38857E-12,2.68992E-12
178,2,0.985344,0.976389,0,0,0,0.85104,0.123446,0.00188557,0.000008633,5.69138E-06,1.27896E-06,1.02304E-06,0,0.328781,0.0483289,0.000106365,5.7992E-08,2.45167E-08,3.15396E-09,1.32798E-09
178,3,1.46943,1.45599,0,0,0,0,1.267,0.187454,0.000798417,0.000526364,0.000118284,9.46154E-05,0,0,0.514933,0.0725909,4.17503E-05,1.76504E-05,2.27064E-06,9.56057E-07
178,4,1.52574,1.47844,0,0,0,0,0,1.29481,0.106253,0.0558374,0.0125257,0.00901373,0,0,0,0.482697,0.00923547,0.00390438,0.00050228,0.000211486
178,5,1.49715,1.46012,0,0,0,0,0,0.000197329,0.738979,0.554369,0.0992537,0.0673198,0,0,0,0,0,0,0,0
178,6,1.5874,1.51639,0,0,0,0,0,6.21402E-16,0.000728479,0.965724,0.353604,0.196335,0,0,0,0,0,0,0,0
178,7,1.75052,1.63891,0,0,0,0,0,0,5.00937E-10,0.0385034,0.916991,0.683414,0,0,0,0,0,0,0,0
178,8,2.38976,2.1745,1,0,0,0,0,0,5.61547E-11,0.00254334,0.16975,2.0022,0,0,0,0,0,0,0,0
179,1,0.393814,0.366144,0,1,0.271811,0.0927597,0.00154814,2.54471E-05,1.16508E-07,7.68091E-08,1.72605E-08,1.38066E-08,0.0942449,0.0392668,0.000102771,2.14372E-07,1.16879E-10,4.94117E-11,6.35659E-12,2.67646E-12
179,2,0.983268,0.97428,0,0,0,0.850524,0.121876,0.00186246,8.52719E-06,5.62163E-06,1.26329E-06,1.0105E-06,0,0.328538,0.0476275,0.000104798,5.71374E-08,2.41554E-08,3.10748E-09,1.30841E-09
179,3,1.46914,1.45576,0,0,0,0,1.26921,0.185038,0.000788516,0.000519836,0.000116817,0.000093442,0,0,0.515933,0.0714825,4.11038E-05,0.000017377,2.23548E-06,9.41252E-07
179,4,1.52607,1.47871,0,0,0,0,0,1.29899,0.103977,0.054654,0.0122605,0.0088319,0,0,0,0.486285,0.00917588,0.00387919,0.00049904,0.000210122
179,5,1.49713,1.46007,0,0,0,0,0,0.000198032,0.740262,0.553209,0.0991527,0.0672513,0,0,0,0,0,0,0,0
179,6,1.58583,1.51541,0,0,0,0,0,6.48724E-16,0.000760526,0.973272,0.347314,0.194065,0,0,0,0,0,0,0,0
179,7,1.74904,1.63779,0,0,0,0,0,0,5.14009E-10,0.0397796,0.920767,0.677245,0,0,0,0,0,0,0,0
179,8,2.38786,2.17292,1,0,0,0,0,0,5.63274E-11,0.00255129,0.17062,1.99974,0,0,0,0,0,0,0,0
180,1,0.386158,0.359188,0,1,0.264979,0.0926294,0.00155373,0.000025539,1.16929E-07,7.70865E-08,1.73228E-08,1.38565E-08,0.0938971,0.0395702,0.000103192,2.15251E-07,1.17358E-10,4.96143E-11,6.38264E-12,2.68743E-12
180,2,0.966941,0.957922,0,0,0,0.834521,0.121522,0.00186182,8.52424E-06,5.61968E-06,1.26285E-06,1.01015E-06,0,0.327827,0.0476862,0.000104721,5.70954E-08,2.41376E-08,3.1052E-09,1.30745E-09
180,3,1.48153,1.45922,0,0,0,0,1.27288,0.184813,0.000789183,0.000520276,0.000116916,9.35211E-05,0,0,0.518381,0.0715717,4.10912E-05,1.73717E-05,2.23479E-06,9.40964E-07
180,4,1.6072,1.50648,0,0,0,0,0,1.32322,0.105639,0.0560024,0.012563,0.00905376,0,0,0,0.503196,0.00946307,0.0040006,0.000514658,0.000216698
180,5,1.58,1.48669,0,0,0,0,0,0.000200405,0.748133,0.566309,0.102515,0.069532,0,0,0,0,0,0,0,0
180,6,2.30746,1.85221,0,0,0,0,0,8.31895E-16,0.000938387,1.16548,0.436284,0.249504,0,0,0,0,0,0,0,0
180,7,3.38078,2.56052,0,0,0,0,0,0,8.70945E-10,0.0628788,1.38407,1.11358,0,0,0,0,0,0,0,0
180,8,4.20021,3.37431,0,0,0,0,0,0,9.25067E-11,0.00418761,0.270173,3.09995,0,0,0,0,0,0,0,0
181,1,0.38624,0.359278,0,1,0.264959,0.0927375,0.00155523,2.55636E-05,1.17042E-07,7.71608E-08,1.73395E-08,1.38699E-08,0.0938797,0.0396197,0.000103333,2.15546E-07,1.17519E-10,4.96823E-11,6.3914E-12,2.69111E-12
181,2,0.967525,0.958514,0,0,0,0.834671,0.121957,0.00186825,8.55369E-06,5.63909E-06,1.26721E-06,1.01364E-06,0,0.327894,0.047882,0.000105158,5.73335E-08,2.42383E-08,3.11814E-09,1.3129E-09
181,3,1.48168,1.45931,0,0,0,0,1.27225,0.18554,0.000792175,0.000522248,0.000117359,9.38757E-05,0,0,0.518088,0.0719058,4.12857E-05,1.74539E-05,2.24537E-06,9.45416E-07
181,4,1.60728,1.50647,0,0,0,0,0,1.32177,0.106507,0.0564138,0.0126553,0.00911751,0,0,0,0.502165,0.00949527,0.00401421,0.00051641,0.000217436
181,5,1.58003,1.48671,0,0,0,0,0,0.000200165,0.747964,0.566469,0.102532,0.0695433,0,0,0,0,0,0,0,0
181,6,2.30971,1.85348,0,0,0,0,0,8.27411E-16,0.000933328,1.16447,0.43791,0.250167,0,0,0,0,0,0,0,0
181,7,3.38215,2.56171,0,0,0,0,0,0,8.61816E-10,0.062064,1.38179,1.11786,0,0,0,0,0,0,0,0
181,8,4.20073,3.37484,0,0,0,0,0,0,9.24074E-11,0.00418305,0.269718,3.10094,0,0,0,0,0,0,0,0
182,1,0.394184,0.366544,0,1,0.271754,0.0932102,0.00155434,2.55491E-05,1.16975E-07,7.71169E-08,1.73296E-08,1.3862E-08,0.0941852,0.039468,0.00010335,2.1558E-07,1.17537E-10,4.96901E-11,6.39239E-12,2.69153E-12
182,2,0.985621,0.976671,0,0,0,0.851112,0.123653,0.00188862,8.64694E-06,5.70057E-06,1.28103E-06,1.02469E-06,0,0.328816,0.048421,0.000106571,5.81041E-08,2.45641E-08,3.16006E-09,1.33055E-09
182,3,1.46946,1.45601,0,0,0,0,1.26679,0.187687,0.000799379,0.000526998,0.000118426,9.47293E-05,0,0,0.514842,0.072695,4.18107E-05,1.76759E-05,2.27392E-06,9.5744E-07
182,4,1.52578,1.47843,0,0,0,0,0,1.29453,0.106491,0.0558601,0.0125309,0.00901905,0,0,0,0.483055,0.00927704,0.00392196,0.000504541,0.000212439
182,5,1.49714,1.46009,0,0,0,0,0,0.000197417,0.739677,0.553733,0.0992021,0.0672848,0,0,0,0,0,0,0,0
182,6,1.58659,1.5159,0,0,0,0,0,6.36592E-16,0.000746299,0.969331,0.350608,0.195213,0,0,0,0,0,0,0,0
182,7,1.75049,1.63889,0,0,0,0,0,0,5.01176E-10,0.0385273,0.917043,0.68332,0,0,0,0,0,0,0,0
182,8,2.39004,2.17476,1,0,0,0,0,0,5.61647E-11,0.0025438,0.169793,2.00242,0,0,0,0,0,0,0,0
183,1,0.395566,0.368021,0,1,0.271736,0.094684,0.00157515,2.58911E-05,1.18541E-07,7.81491E-08,1.75616E-08,1.40475E-08,0.0940653,0.0401283,0.000105228,2.19498E-07,1.19674E-10,5.05932E-11,6.50858E-12,2.74045E-12
183,2,0.992101,0.983255,0,0,0,0.852805,0.128472,0.00195966,8.97222E-06,5.91502E-06,1.32922E-06,1.06324E-06,0,0.329615,0.050569,0.000111368,6.07193E-08,2.56697E-08,3.30229E-09,1.39044E-09
183,3,1.47013,1.45654,0,0,0,0,1.26165,0.193302,0.000822383,0.000542164,0.000121835,9.74555E-05,0,0,0.512515,0.0752731,4.33147E-05,1.83117E-05,2.35572E-06,9.91879E-07
183,4,1.52559,1.47812,0,0,0,0,0,1.28932,0.109281,0.0573905,0.012874,0.00925943,0,0,0,0.478769,0.00947264,0.00400465,0.000515179,0.000216918
183,5,1.49718,1.46017,0,0,0,0,0,0.000196554,0.737604,0.555611,0.0993628,0.0673938,0,0,0,0,0,0,0,0
183,6,1.58853,1.51712,0,0,0,0,0,6.04093E-16,0.000708181,0.959761,0.358593,0.198058,0,0,0,0,0,0,0,0
183,7,1.75233,1.64027,0,0,0,0,0,0,4.84989E-10,0.036947,0.912371,0.690955,0,0,0,0,0,0,0,0
183,8,2.39986,2.18331,1,0,0,0,0,0,5.57991E-11,0.00252699,0.167926,2.01286,0,0,0,0,0,0,0,0
184,1,0.544286,0.544276,0,0,0.361212,0.179939,0.00307362,5.05218E-05,2.31311E-07,1.52494E-07,3.42683E-08,2.74112E-08,0.168253,0.0810653,0.000208507,4.34931E-07,2.37131E-10,1.00249E-10,1.28966E-11,5.43015E-12
184,2,1.55186,1.55183,0,0,0,1.29561,0.252281,0.00390927,1.78984E-05,1.17997E-05,2.65161E-06,2.12103E-06,0,0.607908,0.103316,0.000224696,1.22507E-07,5.17912E-08,6.6627E-09,2.80534E-09
184,3,2.35749,2.35732,0,0,0,0,1.98954,0.364747,0.00157641,0.00103926,0.000233542,0.00018681,0,0,0.933339,0.147267,8.36876E-05,3.53797E-05,4.55144E-06,1.91639E-06
184,4,2.39703,2.39525,0,0,0,0,0,2.05846,0.191272,0.105003,0.0235551,0.016958,0,0,0,0.86334,0.0177461,0.00750233,0.00096514,0.000406375
184,5,2.42916,2.42313,0,0,0,0,0,0.000301198,1.13148,0.98422,0.183005,0.124125,0,0,0,0,0,0,0,0
184,6,2.49443,2.48421,0,0,0,0,0,1.06229E-15,0.0010806,1.49073,0.632503,0.359902,0,0,0,0,0,0,0,0
184,7,2.66589,2.64875,0,0,0,0,0,0,8.35643E-10,0.0586518,1.40446,1.18564,0,0,0,0,0,0,0,0
184,8,3.44666,3.41261,0,0,0,0,0,0,9.17891E-11,0.0041543,0.265617,3.14284,0,0,0,0,0,0,0,0
185,1,0.439134,0.434146,0,0,0.325656,0.106871,0.00159231,2.61731E-05,1.19832E-07,7.90004E-08,1.77529E-08,1.42005E-08,0.0974477,0.0384262,0.000109031,2.27431E-07,1.23999E-10,5.24216E-11,6.7438E-12,2.83949E-12
185,2,1.0913,1.06674,0,0,0,0.929165,0.135577,0.00197762,9.05445E-06,5.96922E-06,1.3414E-06,1.07299E-06,0,0.326117,0.0499361,0.000113644,6.19603E-08,2.61943E-08,3.36978E-09,1.41885E-09
185,3,1.7372,1.56512,0,0,0,0,1.37046,0.193108,0.000806322,0.000531575,0.000119455,9.55521E-05,0,0,0.538914,0.0719035,4.19756E-05,1.77456E-05,2.28289E-06,9.61214E-07
185,4,2.60708,1.9527,0,0,0,0,0,1.72765,0.127895,0.0700677,0.0157191,0.0113681,0,0,0,0.683314,0.0125035,0.00528598,0.000680016,0.000286323
185,5,3.22795,2.30377,0,0,0,0,0,0.000296972,1.09248,0.924686,0.170597,0.115709,0,0,0,0,0,0,0,0
185,6,3.35665,2.40647,0,0,0,0,0,1.07779E-15,0.0011197,1.46999,0.595374,0.339992,0,0,0,0,0,0,0,0
185,7,3.55714,2.59621,0,0,0,0,0,0,8.73438E-10,0.0628016,1.39714,1.13626,0,0,0,0,0,0,0,0
185,8,4.3185,3.37671,0,0,0,0,0,0,9.1036E-11,0.00412129,0.264853,3.10774,0,0,0,0,0,0,0,0
186,1,0.546231,0.54622,0,0,0.362036,0.181039,0.00309311,5.08422E-05,2.32778E-07,1.53461E-07,3.44856E-08,2.7585E-08,0.168586,0.0816228,0.000209906,4.37849E-07,2.38722E-10,1.00922E-10,1.29831E-11,5.46658E-12
186,2,1.54629,1.54627,0,0,0,1.29463,0.247757,0.0038413,1.75872E-05,1.15945E-05,2.6055E-06,2.08414E-06,0,0.607502,0.101175,0.000219982,1.19938E-07,5.07048E-08,6.52294E-09,2.7465E-09
186,3,2.35635,2.35619,0,0,0,0,2.00399,0.349284,0.00151169,0.000996599,0.000223955,0.000179141,0,0,0.940304,0.139788,0.000079389,3.35625E-05,4.31766E-06,1.81796E-06
186,4,2.39647,2.39478,0,0,0,0,0,2.08869,0.173205,0.0958485,0.0215026,0.015534,0,0,0,0.887427,0.0168952,0.0071426,0.000918862,0.000386889
186,5,2.42907,2.42305,0,0,0,0,0,0.000307251,1.13645,0.979947,0.182536,0.123807,0,0,0,0,0,0,0,0
186,6,2.49276,2.48263,0,0,0,0,0,1.12701E-15,0.00114645,1.51157,0.616129,0.353784,0,0,0,0,0,0,0,0
186,7,2.66122,2.64424,0,0,0,0,0,0,9.04176E-10,0.0646609,1.42318,1.15639,0,0,0,0,0,0,0,0
186,8,3.43673,3.40287,0,0,0,0,0,0,9.26844E-11,0.00419535,0.269648,3.12903,0,0,0,0,0,0,0,0
187,1,0.395889,0.368332,0,1,0.272152,0.094579,0.0015749,2.58871E-05,1.18522E-07,7.81371E-08,1.75589E-08,1.40454E-08,0.0942375,0.0400932,0.000105073,2.19174E-07,1.19497E-10,5.05186E-11,6.49898E-12,2.73641E-12
187,2,0.988925,0.980029,0,0,0,0.852065,0.126023,0.00192368,8.80747E-06,5.80641E-06,1.30481E-06,1.04372E-06,0,0.32927,0.0494717,0.000108913,5.9381E-08,2.51039E-08,3.2295E-09,1.35979E-09
187,3,1.46956,1.45609,0,0,0,0,1.26622,0.188323,0.000802029,0.000528745,0.000118819,9.50434E-05,0,0,0.514596,0.0729778,4.19745E-05,1.77451E-05,2.28283E-06,9.6119E-07
187,4,1.52634,1.47885,0,0,0,0,0,1.30115,0.102569,0.054202,0.0121592,0.00876417,0,0,0,0.487212,0.00919044,0.00388535,0.000499832,0.000210455
187,5,1.49716,1.46009,0,0,0,0,0,0.000199424,0.739765,0.553685,0.0991731,0.0672651,0,0,0,0,0,0,0,0
187,6,1.5868,1.516,0,0,0,0,0,6.30738E-16,0.000739428,0.969111,0.350766,0.195382,0,0,0,0,0,0,0,0
187,7,1.74816,1.63713,0,0,0,0,0,0,5.21521E-10,0.0405092,0.923059,0.673562,0,0,0,0,0,0,0,0
187,8,2.39012,2.17494,1,0,0,0,0,0,5.63384E-11,0.00255181,0.17068,2.00171,0,0,0,0,0,0,0,0
188,1,0.394396,0.366742,0,1,0.272088,0.0930752,0.00155343,2.55341E-05,1.16907E-07,7.70717E-08,1.73195E-08,1.38539E-08,0.0943343,0.039415,0.000103155,2.15174E-07,1.17316E-10,4.95965E-11,6.38036E-12,2.68647E-12
188,2,0.983269,0.974281,0,0,0,0.850526,0.121876,0.00186246,8.52717E-06,5.62161E-06,1.26328E-06,1.0105E-06,0,0.328539,0.0476273,0.000104797,5.71369E-08,2.41552E-08,3.10746E-09,1.3084E-09
188,3,1.46909,1.45573,0,0,0,0,1.26957,0.184645,0.000786915,0.000518781,0.00011658,9.32524E-05,0,0,0.516099,0.0713002,4.09972E-05,0.000017332,2.22968E-06,9.38811E-07
188,4,1.5262,1.47886,0,0,0,0,0,1.30164,0.102383,0.0539943,0.0121125,0.00872811,0,0,0,0.487655,0.00908762,0.00384188,0.000494239,0.000208101
188,5,1.49714,1.46006,0,0,0,0,0,0.000199144,0.740424,0.553079,0.0991279,0.0672344,0,0,0,0,0,0,0,0
188,6,1.58613,1.51558,0,0,0,0,0,6.41399E-16,0.000751932,0.972403,0.348018,0.194406,0,0,0,0,0,0,0,0
188,7,1.74726,1.63645,0,0,0,0,0,0,5.29586E-10,0.0412977,0.92535,0.6698,0,0,0,0,0,0,0,0
188,8,2.38321,2.16892,1,0,0,0,0,0,5.65881E-11,0.0025633,0.171957,1.9944,0,0,0,0,0,0,0,0
189,1,0.393974,0.366291,0,1,0.272077,0.0926411,0.00154726,2.54326E-05,1.16442E-07,7.67654E-08,1.72507E-08,1.37988E-08,0.0943665,0.0392192,0.0001026,2.14017E-07,1.16685E-10,4.93298E-11,6.34605E-12,2.67202E-12
189,2,0.981314,0.972296,0,0,0,0.850042,0.120396,0.00184068,8.42747E-06,5.55588E-06,1.24851E-06,9.98686E-07,0,0.328309,0.0469665,0.00010332,5.63317E-08,2.38148E-08,3.06366E-09,1.28996E-09
189,3,1.46883,1.45553,0,0,0,0,1.27148,0.182543,0.00077828,0.000513088,0.000115301,9.22291E-05,0,0,0.516959,0.0703413,4.04385E-05,1.70958E-05,2.19929E-06,9.26017E-07
189,4,1.52643,1.47904,0,0,0,0,0,1.30424,0.100984,0.0532511,0.011946,0.00861435,0,0,0,0.489998,0.0090605,0.00383041,0.000492765,0.00020748
189,5,1.49712,1.46004,0,0,0,0,0,0.000199486,0.741183,0.552392,0.0990691,0.0671946,0,0,0,0,0,0,0,0
189,6,1.58523,1.51503,0,0,0,0,0,6.5811E-16,0.000771535,0.9765,0.344612,0.193143,0,0,0,0,0,0,0,0
189,7,1.74678,1.63609,0,0,0,0,0,0,5.33822E-10,0.0417119,0.926552,0.667826,0,0,0,0,0,0,0,0
189,8,2.38418,2.16981,1,0,0,0,0,0,5.66168E-11,0.00256462,0.172096,1.99515,0,0,0,0,0,0,0,0
190,1,0.39377,0.366074,0,1,0.272074,0.0924294,0.00154425,2.53833E-05,1.16216E-07,7.66164E-08,1.72172E-08,1.3772E-08,0.0943832,0.0391237,0.00010233,2.13452E-07,1.16377E-10,4.91996E-11,6.3293E-12,2.66497E-12
190,2,0.980487,0.971455,0,0,0,0.849833,0.119773,0.00183151,8.38547E-06,5.52819E-06,1.24229E-06,9.93709E-07,0,0.32821,0.0466886,0.000102699,5.59931E-08,2.36716E-08,3.04525E-09,1.28221E-09
190,3,1.46872,1.45544,0,0,0,0,1.27226,0.181682,0.000774741,0.000510755,0.000114776,9.18097E-05,0,0,0.51731,0.0699494,4.02103E-05,1.69993E-05,2.18688E-06,9.2079E-07
190,4,1.52647,1.47909,0,0,0,0,0,1.30508,0.100512,0.0530229,0.0118948,0.00857857,0,0,0,0.490582,0.00903378,0.00381911,0.000491311,0.000206868
190,5,1.49712,1.46004,0,0,0,0,0,0.000199492,0.741162,0.552411,0.0990706,0.0671956,0,0,0,0,0,0,0,0
190,6,1.58528,1.51506,0,0,0,0,0,6.57222E-16,0.000770493,0.976276,0.344798,0.193212,0,0,0,0,0,0,0,0
190,7,1.74681,1.63611,0,0,0,0,0,0,5.3358E-10,0.041688,0.926486,0.667936,0,0,0,0,0,0,0,0
190,8,2.38399,2.16964,1,0,0,0,0,0,5.66219E-11,0.00256486,0.172121,1.99496,0,0,0,0,0,0,0,0
191,1,0.393602,0.365894,0,1,0.272068,0.0922585,0.00154182,2.53432E-05,1.16033E-07,7.64955E-08,1.719E-08,1.37503E-08,0.094395,0.0390466,0.000102111,2.12997E-07,1.16129E-10,4.90947E-11,6.31581E-12,2.65929E-12
191,2,0.980014,0.970974,0,0,0,0.849693,0.119438,0.00182655,8.36276E-06,5.51323E-06,1.23893E-06,9.91018E-07,0,0.328142,0.0465405,0.000102369,5.58133E-08,2.35956E-08,3.03547E-09,1.27809E-09
191,3,1.46871,1.45543,0,0,0,0,1.27234,0.181592,0.000774359,0.000510503,0.00011472,9.17644E-05,0,0,0.517343,0.0699099,4.01875E-05,1.69897E-05,2.18564E-06,9.20269E-07
191,4,1.52631,1.47901,0,0,0,0,0,1.30402,0.101066,0.0533356,0.0119648,0.00862446,0,0,0,0.489351,0.00900123,0.00380536,0.000489541,0.000206123
191,5,1.49714,1.46007,0,0,0,0,0,0.000198985,0.740375,0.553122,0.0991334,0.0672382,0,0,0,0,0,0,0,0
191,6,1.58619,1.51561,0,0,0,0,0,6.40277E-16,0.000750616,0.972184,0.348199,0.194477,0,0,0,0,0,0,0,0
191,7,1.74721,1.63642,0,0,0,0,0,0,5.2996E-10,0.0413339,0.925467,0.669613,0,0,0,0,0,0,0,0
191,8,2.3822,2.16804,1,0,0,0,0,0,5.66303E-11,0.00256524,0.17217,1.9933,0,0,0,0,0,0,0,0
192,1,0.393565,0.365856,0,1,0.272066,0.0922228,0.0015413,2.53348E-05,1.15994E-07,7.64701E-08,1.71843E-08,1.37457E-08,0.0943963,0.0390306,0.000102066,2.12903E-07,1.16078E-10,4.90731E-11,6.31302E-12,2.65811E-12
192,2,0.979959,0.970918,0,0,0,0.849669,0.119406,0.00182606,8.36054E-06,5.51176E-06,1.2386E-06,9.90755E-07,0,0.32813,0.0465268,0.000102339,5.57969E-08,2.35887E-08,3.03458E-09,1.27771E-09
192,3,1.46873,1.45545,0,0,0,0,1.27213,0.18182,0.000775289,0.000511116,0.000114858,9.18746E-05,0,0,0.517247,0.0700155,4.02492E-05,1.70157E-05,0.000002189,9.21682E-07
192,4,1.52619,1.47893,0,0,0,0,0,1.30269,0.101815,0.0536952,0.0120454,0.00867903,0,0,0,0.488279,0.00900391,0.00380649,0.000489687,0.000206184
192,5,1.49714,1.46008,0,0,0,0,0,0.000198656,0.740008,0.553451,0.0991637,0.0672587,0,0,0,0,0,0,0,0
192,6,1.58671,1.51594,0,0,0,0,0,6.31229E-16,0.000740004,0.96968,0.350286,0.19523,0,0,0,0,0,0,0,0
192,7,1.74783,1.63688,0,0,0,0,0,0,5.24521E-10,0.0408025,0.923909,0.672165,0,0,0,0,0,0,0,0
192,8,2.38241,2.16819,1,0,0,0,0,0,5.65794E-11,0.00256289,0.171911,1.99372,0,0,0,0,0,0,0,0
193,1,0.39361,0.365904,0,1,0.272058,0.092278,0.00154206,2.53472E-05,1.16051E-07,7.65077E-08,1.71927E-08,1.37525E-08,0.0943883,0.0390554,0.000102138,2.13052E-07,1.16159E-10,4.91073E-11,6.31743E-12,2.65997E-12
193,2,0.980276,0.971239,0,0,0,0.849742,0.119651,0.00182966,8.37699E-06,5.5226E-06,1.24103E-06,9.92704E-07,0,0.328165,0.0466364,0.000102584,5.59306E-08,2.36452E-08,3.04185E-09,1.28078E-09
193,3,1.4688,1.4555,0,0,0,0,1.27159,0.182409,0.000777707,0.00051271,0.000115216,9.21611E-05,0,0,0.517003,0.0702858,4.04068E-05,1.70824E-05,2.19757E-06,9.25291E-07
193,4,1.52605,1.47882,0,0,0,0,0,1.30099,0.102786,0.0541475,0.0121468,0.00874861,0,0,0,0.487046,0.00902852,0.00381689,0.000491025,0.000206748
193,5,1.49715,1.46009,0,0,0,0,0,0.000198253,0.739714,0.553712,0.0991896,0.0672763,0,0,0,0,0,0,0,0
193,6,1.58706,1.51616,0,0,0,0,0,6.25532E-16,0.000733322,0.967888,0.351783,0.195755,0,0,0,0,0,0,0,0
193,7,1.74854,1.63742,0,0,0,0,0,0,5.18232E-10,0.0401887,0.922088,0.675138,0,0,0,0,0,0,0,0
193,8,2.38319,2.16885,1,0,0,0,0,0,5.6506E-11,0.00255951,0.171536,1.99475,0,0,0,0,0,0,0,0
194,1,0.393758,0.366063,0,1,0.272045,0.0924485,0.00154444,2.53862E-05,1.1623E-07,7.66254E-08,1.72192E-08,1.37736E-08,0.0943686,0.0391318,0.000102357,2.13508E-07,1.16408E-10,4.92126E-11,6.33097E-12,2.66567E-12
194,2,0.981126,0.972104,0,0,0,0.84995,0.120297,0.00183916,8.4205E-06,5.55129E-06,1.24748E-06,9.9786E-07,0,0.328263,0.046925,0.00010323,5.62824E-08,2.37939E-08,3.06098E-09,1.28883E-09
194,3,1.46895,1.45561,0,0,0,0,1.27053,0.18357,0.00078247,0.00051585,0.000115921,9.27256E-05,0,0,0.516526,0.0708167,4.07163E-05,1.72132E-05,2.2144E-06,9.32379E-07
194,4,1.52588,1.47867,0,0,0,0,0,1.29853,0.104184,0.0548049,0.0122942,0.00885026,0,0,0,0.485283,0.00907598,0.00383695,0.000493606,0.000207834
194,5,1.49715,1.4601,0,0,0,0,0,0.00019775,0.739373,0.554015,0.0992201,0.067297,0,0,0,0,0,0,0,0
194,6,1.58741,1.51638,0,0,0,0,0,6.20148E-16,0.000727008,0.96605,0.353321,0.196284,0,0,0,0,0,0,0,0
194,7,1.74941,1.63807,0,0,0,0,0,0,5.10555E-10,0.0394399,0.919851,0.678782,0,0,0,0,0,0,0,0
194,8,2.38438,2.16984,1,0,0,0,0,0,5.6409E-11,0.00255504,0.171041,1.99625,0,0,0,0,0,0,0,0
195,1,0.394154,0.366488,0,1,0.272029,0.0928823,0.00155053,2.54864E-05,1.16688E-07,7.69276E-08,1.72871E-08,1.3828E-08,0.0943273,0.0393264,0.000102911,2.14666E-07,1.17039E-10,4.94794E-11,6.36529E-12,2.68012E-12
195,2,0.983156,0.974166,0,0,0,0.850467,0.12182,0.0018616,8.52323E-06,5.61902E-06,1.2627E-06,1.01003E-06,0,0.328509,0.0476045,0.000104748,5.71101E-08,2.41438E-08,3.106E-09,1.30779E-09
195,3,1.46922,1.45583,0,0,0,0,1.2685,0.185804,0.000791635,0.000521892,0.000117279,9.38117E-05,0,0,0.515607,0.0718385,0.000041312,1.74651E-05,2.2468E-06,9.4602E-07
195,4,1.52567,1.47845,0,0,0,0,0,1.29506,0.10614,0.0557493,0.0125059,0.00899731,0,0,0,0.482778,0.00916651,0.00387523,0.00049853,0.000209907
195,5,1.49715,1.46012,0,0,0,0,0,0.000197257,0.738937,0.554406,0.0992574,0.0673223,0,0,0,0,0,0,0,0
195,6,1.58785,1.51667,0,0,0,0,0,6.13482E-16,0.000719191,0.963594,0.355378,0.196982,0,0,0,0,0,0,0,0
195,7,1.75059,1.63897,0,0,0,0,0,0,5.00201E-10,0.0384304,0.916819,0.683716,0,0,0,0,0,0,0,0
195,8,2.387,2.17208,1,0,0,0,0,0,5.62463E-11,0.00254755,0.170212,1.99932,0,0,0,0,0,0,0,0
196,1,0.395278,0.367689,0,1,0.27202,0.0940751,0.00156738,2.57634E-05,1.17956E-07,7.77639E-08,1.7475E-08,1.39783E-08,0.0942309,0.0398615,0.000104433,2.17839E-07,1.18769E-10,5.02108E-11,6.45938E-12,2.71974E-12
196,2,0.988158,0.979249,0,0,0,0.851813,0.125502,0.00191593,0.000008772,5.78302E-06,1.29956E-06,1.03951E-06,0,0.329147,0.0492432,0.000108405,5.91042E-08,2.49869E-08,3.21445E-09,1.35345E-09
196,3,1.46973,1.45622,0,0,0,0,1.2646,0.190066,0.000809103,0.000533408,0.000119867,9.58817E-05,0,0,0.513844,0.0737935,4.24522E-05,1.79471E-05,2.30881E-06,9.72129E-07
196,4,1.52568,1.47828,0,0,0,0,0,1.29186,0.107874,0.056684,0.0127156,0.00914759,0,0,0,0.480545,0.00936362,0.00395856,0.00050925,0.000214421
196,5,1.49718,1.46016,0,0,0,0,0,0.000196778,0.737846,0.555394,0.0993426,0.0673801,0,0,0,0,0,0,0,0
196,6,1.5886,1.51716,0,0,0,0,0,6.02778E-16,0.000706639,0.959536,0.358777,0.198136,0,0,0,0,0,0,0,0
196,7,1.75215,1.64014,0,0,0,0,0,0,4.86528E-10,0.0370967,0.912834,0.690208,0,0,0,0,0,0,0,0
196,8,2.39808,2.18176,1,0,0,0,0,0,5.58669E-11,0.00253011,0.16827,2.01096,0,0,0,0,0,0,0,0
197,1,0.542093,0.542083,0,0,0.362069,0.176935,0.00302848,4.97798E-05,2.27914E-07,1.50254E-07,3.3765E-08,2.70086E-08,0.168802,0.079515,0.000204288,4.26129E-07,2.32332E-10,9.82207E-11,1.26356E-11,5.32026E-12
197,2,1.54089,1.54087,0,0,0,1.29282,0.244222,0.00378752,1.73409E-05,1.14322E-05,2.56903E-06,2.05497E-06,0,0.606637,0.0995674,0.000216462,1.18018E-07,4.98933E-08,6.41855E-09,2.70254E-09
197,3,2.35693,2.35677,0,0,0,0,1.99575,0.358033,0.0015482,0.00102067,0.000229363,0.000183468,0,0,0.936296,0.144058,8.18463E-05,3.46013E-05,4.4513E-06,1.87423E-06
197,4,2.39696,2.39519,0,0,0,0,0,2.06143,0.189576,0.104044,0.0233399,0.0168033,0,0,0,0.865675,0.0175319,0.00741179,0.000953492,0.00040147
197,5,2.42915,2.42312,0,0,0,0,0,0.000301456,1.13232,0.983483,0.182934,0.124077,0,0,0,0,0,0,0,0
197,6,2.49432,2.48411,0,0,0,0,0,1.06675E-15,0.00108514,1.49204,0.63148,0.359508,0,0,0,0,0,0,0,0
197,7,2.66581,2.64867,0,0,0,0,0,0,8.36789E-10,0.0587532,1.40474,1.18518,0,0,0,0,0,0,0,0
197,8,3.44404,3.41003,0,0,0,0,0,0,9.18972E-11,0.00415925,0.266096,3.13978,0,0,0,0,0,0,0,0
198,1,0.54447,0.54446,0,0,0.361524,0.179812,0.00307233,5.05006E-05,2.31214E-07,1.5243E-07,3.4254E-08,2.73997E-08,0.168413,0.0809903,0.00020828,4.34457E-07,2.36873E-10,1.0014E-10,1.28826E-11,5.42424E-12
198,2,1.55107,1.55104,0,0,0,1.29539,0.251721,0.0039008,1.78596E-05,1.17741E-05,2.64586E-06,2.11643E-06,0,0.607806,0.103057,0.000224128,1.22198E-07,5.16603E-08,6.64586E-09,2.79825E-09
198,3,2.35747,2.35731,0,0,0,0,1.98963,0.364638,0.00157594,0.00103895,0.000233472,0.000186754,0,0,0.933379,0.14722,8.36606E-05,3.53683E-05,4.54997E-06,1.91578E-06
198,4,2.39704,2.39526,0,0,0,0,0,2.05797,0.191555,0.105155,0.0235891,0.0169819,0,0,0,0.86294,0.0177667,0.00751105,0.000966261,0.000406847
198,5,2.42916,2.42313,0,0,0,0,0,0.000301215,1.1314,0.984292,0.183011,0.124129,0,0,0,0,0,0,0,0
198,6,2.49461,2.48438,0,0,0,0,0,1.05709E-15,0.00107531,1.48841,0.634342,0.360557,0,0,0,0,0,0,0,0
198,7,2.66644,2.64928,0,0,0,0,0,0,8.27517E-10,0.0579399,1.40221,1.18913,0,0,0,0,0,0,0,0
198,8,3.44802,3.41394,0,0,0,0,0,0,9.16823E-11,0.00414941,0.265137,3.14466,0,0,0,0,0,0,0,0
199,1,0.544489,0.544479,0,0,0.361435,0.179919,0.0030738,5.05247E-05,2.31324E-07,1.52503E-07,3.42703E-08,2.74128E-08,0.168365,0.0810469,0.00020844,4.3479E-07,2.37054E-10,1.00217E-10,1.28924E-11,5.42839E-12
199,2,1.55162,1.55159,0,0,0,1.29552,0.252129,0.00390695,1.78877E-05,1.17927E-05,2.65004E-06,2.11976E-06,0,0.607868,0.103247,0.000224544,1.22425E-07,5.17563E-08,6.65822E-09,2.80346E-09
199,3,2.3575,2.35733,0,0,0,0,1.9894,0.364885,0.00157698,0.00103964,0.000233626,0.000186878,0,0,0.933272,0.147337,8.37278E-05,3.53967E-05,4.55363E-06,1.91731E-06
199,4,2.39704,2.39526,0,0,0,0,0,2.05807,0.191493,0.105129,0.0235832,0.0169781,0,0,0,0.863015,0.0177694,0.0075122,0.000966409,0.000406909
199,5,2.42916,2.42313,0,0,0,0,0,0.00030129,1.13145,0.984252,0.183006,0.124126,0,0,0,0,0,0,0,0
199,6,2.49458,2.48435,0,0,0,0,0,1.05825E-15,0.00107649,1.48884,0.634001,0.360433,0,0,0,0,0,0,0,0
199,7,2.66637,2.64921,0,0,0,0,0,0,8.28642E-10,0.0580386,1.40252,1.18865,0,0,0,0,0,0,0,0
199,8,3.44797,3.41389,0,0,0,0,0,0,9.16902E-11,0.00414977,0.265173,3.14457,0,0,0,0,0,0,0,0
200,1,0.542058,0.542047,0,0,0.361842,0.177124,0.00303091,4.98199E-05,2.28097E-07,1.50375E-07,3.37922E-08,2.70304E-08,0.168683,0.0796177,0.000204582,4.26744E-07,2.32667E-10,9.83623E-11,1.26539E-11,5.32793E-12
200,2,1.54221,1.54219,0,0,0,1.29316,0.245194,0.00380219,1.74081E-05,1.14765E-05,2.57898E-06,2.06293E-06,0,0.60679,0.100019,0.000217454,1.18559E-07,5.0122E-08,6.44797E-09,2.71493E-09
200,3,2.35699,2.35682,0,0,0,0,1.99517,0.358668,0.00155088,0.00102243,0.000229759,0.000183785,0,0,0.936021,0.144359,8.20188E-05,3.46742E-05,4.46068E-06,1.87818E-06
200,4,2.39696,2.39519,0,0,0,0,0,2.06179,0.189346,0.103944,0.0233175,0.0167886,0,0,0,0.865957,0.0175414,0.00741578,0.000954005,0.000401686
200,5,2.42915,2.42312,0,0,0,0,0,0.000301664,1.13244,0.983383,0.182922,0.124069,0,0,0,0,0,0,0,0
200,6,2.49422,2.48401,0,0,0,0,0,1.07037E-15,0.00108883,1.49333,0.630459,0.359132,0,0,0,0,0,0,0,0
200,7,2.66559,2.64846,0,0,0,0,0,0,8.40108E-10,0.0590443,1.40564,1.18377,0,0,0,0,0,0,0,0
200,8,3.4441,3.4101,0,0,0,0,0,0,9.19117E-11,0.00415991,0.266163,3.13978,0,0,0,0,0,0,0,0
201,1,0.395109,0.367523,0,1,0.27185,0.0940803,0.00156694,2.57562E-05,1.17923E-07,7.77421E-08,1.74701E-08,1.39744E-08,0.0941584,0.0398603,0.000104452,2.17879E-07,1.18791E-10,5.02199E-11,6.46056E-12,2.72023E-12
201,2,0.988885,0.979987,0,0,0,0.852004,0.126042,0.00192389,8.80843E-06,5.80704E-06,1.30495E-06,1.04383E-06,0,0.329238,0.0494835,0.000108942,5.93967E-08,2.51105E-08,3.23036E-09,1.36015E-09
201,3,1.46979,1.45627,0,0,0,0,1.26425,0.190452,0.000810694,0.000534457,0.000120103,9.60702E-05,0,0,0.513689,0.0739682,4.25539E-05,1.79901E-05,2.31434E-06,9.74457E-07
201,4,1.52575,1.47831,0,0,0,0,0,1.29241,0.10755,0.0565454,0.0126845,0.00912698,0,0,0,0.480953,0.00937188,0.00396205,0.000509699,0.00021461
201,5,1.49718,1.46015,0,0,0,0,0,0.000196956,0.737972,0.555282,0.0993315,0.0673725,0,0,0,0,0,0,0,0
201,6,1.58829,1.51696,0,0,0,0,0,6.07544E-16,0.000712227,0.96115,0.357427,0.197669,0,0,0,0,0,0,0,0
201,7,1.75176,1.63985,0,0,0,0,0,0,4.89971E-10,0.0374328,0.913828,0.688583,0,0,0,0,0,0,0,0
201,8,2.39851,2.18215,1,0,0,0,0,0,5.58742E-11,0.00253045,0.168307,2.01131,0,0,0,0,0,0,0,0
202,1,0.39395,0.366289,0,1,0.271821,0.092892,0.00155004,2.54784E-05,1.16651E-07,7.69034E-08,1.72817E-08,1.38236E-08,0.094238,0.0393266,0.000102939,2.14724E-07,1.17071E-10,4.94928E-11,6.36701E-12,2.68085E-12
202,2,0.98405,0.975074,0,0,0,0.850704,0.122482,0.00187136,8.56791E-06,5.64847E-06,1.26932E-06,1.01533E-06,0,0.328622,0.0478989,0.000105405,5.74685E-08,2.42954E-08,3.12549E-09,1.31599E-09
202,3,1.46929,1.45588,0,0,0,0,1.268,0.186351,0.000793893,0.000523381,0.000117614,9.40792E-05,0,0,0.515388,0.0720858,4.14558E-05,1.75259E-05,2.25462E-06,9.49313E-07
202,4,1.52576,1.4785,0,0,0,0,0,1.29573,0.105755,0.0555679,0.0124653,0.00897089,0,0,0,0.483402,0.00919,0.00388516,0.000499807,0.000210445
202,5,1.49715,1.46011,0,0,0,0,0,0.000197378,0.739204,0.554164,0.0992367,0.0673083,0,0,0,0,0,0,0,0
202,6,1.58718,1.51625,0,0,0,0,0,6.24616E-16,0.000732249,0.966906,0.352614,0.195997,0,0,0,0,0,0,0,0
202,7,1.74997,1.6385,0,0,0,0,0,0,5.05699E-10,0.0389677,0.918389,0.681141,0,0,0,0,0,0,0,0
202,8,2.38718,2.17227,1,0,0,0,0,0,5.62727E-11,0.00254877,0.170348,1.99937,0,0,0,0,0,0,0,0
203,1,0.393666,0.365987,0,1,0.271807,0.0926086,0.00154599,2.54117E-05,1.16346E-07,7.67024E-08,1.72365E-08,1.37875E-08,0.094254,0.0391992,0.000102579,2.13973E-07,1.16661E-10,4.93196E-11,6.34474E-12,2.67147E-12
203,2,0.982645,0.973648,0,0,0,0.850358,0.121417,0.00185569,8.49615E-06,5.60117E-06,1.25869E-06,1.00683E-06,0,0.328459,0.0474231,0.000104342,5.68886E-08,2.40502E-08,3.09395E-09,1.30271E-09
203,3,1.46909,1.45573,0,0,0,0,1.26954,0.184667,0.000786991,0.000518831,0.000116591,9.32613E-05,0,0,0.516083,0.0713142,4.10058E-05,1.73356E-05,2.23015E-06,9.39009E-07
203,4,1.52602,1.4787,0,0,0,0,0,1.29875,0.10412,0.0547143,0.012274,0.00884008,0,0,0,0.486042,0.00915447,0.00387014,0.000497875,0.000209632
203,5,1.49713,1.46008,0,0,0,0,0,0.000197861,0.740085,0.553367,0.0991674,0.0672613,0,0,0,0,0,0,0,0
203,6,1.5861,1.51557,0,0,0,0,0,6.43683E-16,0.000754613,0.972117,0.348272,0.194428,0,0,0,0,0,0,0,0
203,7,1.74891,1.63769,0,0,0,0,0,0,5.15113E-10,0.0398862,0.921121,0.676684,0,0,0,0,0,0,0,0
203,8,2.38665,2.17187,1,0,0,0,0,0,5.63838E-11,0.00255389,0.170906,1.99841,0,0,0,0,0,0,0,0
204,1,0.393684,0.366008,0,1,0.271787,0.0926485,0.00154649,2.54201E-05,1.16384E-07,7.67274E-08,1.72421E-08,1.3792E-08,0.0942428,0.0392167,0.000102631,2.14081E-07,1.1672E-10,4.93447E-11,6.34796E-12,2.67282E-12
204,2,0.982965,0.973973,0,0,0,0.850434,0.121662,0.00185929,8.51266E-06,5.61205E-06,1.26113E-06,1.00878E-06,0,0.328495,0.0475329,0.000104587,5.70225E-08,2.41068E-08,3.10123E-09,1.30578E-09
204,3,1.46914,1.45577,0,0,0,0,1.26913,0.185113,0.000788819,0.000520036,0.000116862,0.000093478,0,0,0.5159,0.0715181,4.11247E-05,1.73859E-05,2.23661E-06,9.4173E-07
204,4,1.52596,1.47864,0,0,0,0,0,1.29787,0.104618,0.054947,0.0123261,0.00887611,0,0,0,0.485425,0.00917234,0.00387769,0.000498847,0.000210041
204,5,1.49713,1.46008,0,0,0,0,0,0.000197691,0.739978,0.553462,0.0991771,0.0672678,0,0,0,0,0,0,0,0
204,6,1.58618,1.51563,0,0,0,0,0,6.42252E-16,0.000752935,0.971648,0.348665,0.194564,0,0,0,0,0,0,0,0
204,7,1.74913,1.63786,0,0,0,0,0,0,5.1314E-10,0.0396938,0.920548,0.677619,0,0,0,0,0,0,0,0
204,8,2.38705,2.17221,1,0,0,0,0,0,5.63574E-11,0.00255267,0.170771,1.99888,0,0,0,0,0,0,0,0
205,1,0.394054,0.366404,0,1,0.271761,0.0930653,0.00155231,2.55157E-05,1.16822E-07,7.70162E-08,1.7307E-08,1.38439E-08,0.0941999,0.039403,0.000103164,2.15193E-07,1.17326E-10,4.96009E-11,6.38092E-12,2.6867E-12
205,2,0.985291,0.976335,0,0,0,0.851002,0.123431,0.00188531,8.63178E-06,5.69058E-06,1.27878E-06,1.0229E-06,0,0.328763,0.0483233,0.000106354,5.79859E-08,2.45141E-08,3.15363E-09,1.32784E-09
205,3,1.46948,1.45603,0,0,0,0,1.26662,0.187868,0.000800113,0.000527482,0.000118535,9.48164E-05,0,0,0.514764,0.0727796,4.18603E-05,1.76969E-05,2.27662E-06,9.58575E-07
205,4,1.52559,1.47833,0,0,0,0,0,1.29317,0.107208,0.0562566,0.0126197,0.00907766,0,0,0,0.481563,0.00924562,0.00390867,0.000502832,0.000211719
205,5,1.49715,1.46012,0,0,0,0,0,0.000196962,0.738904,0.554431,0.0992632,0.0673262,0,0,0,0,0,0,0,0
205,6,1.58746,1.51643,0,0,0,0,0,6.2023E-16,0.000727105,0.965445,0.353836,0.19642,0,0,0,0,0,0,0,0
205,7,1.75052,1.63891,0,0,0,0,0,0,5.00864E-10,0.0384959,0.916983,0.683434,0,0,0,0,0,0,0,0
205,8,2.38795,2.17291,1,0,0,0,0,0,5.62148E-11,0.00254611,0.170053,2.00031,0,0,0,0,0,0,0,0
206,1,0.395517,0.367968,0,1,0.271745,0.0946217,0.00157429,0.000025877,1.18477E-07,7.81068E-08,1.75521E-08,1.40399E-08,0.0940746,0.0401003,0.000105148,2.1933E-07,1.19582E-10,5.05545E-11,6.50361E-12,2.73836E-12
206,2,0.991948,0.983099,0,0,0,0.85276,0.128362,0.00195804,8.96478E-06,5.91011E-06,1.32812E-06,1.06236E-06,0,0.329593,0.0505204,0.000111259,6.06603E-08,2.56447E-08,3.29907E-09,1.38908E-09
206,3,1.47013,1.45653,0,0,0,0,1.26166,0.19329,0.00082233,0.000542129,0.000121827,9.74492E-05,0,0,0.512519,0.075268,4.33118E-05,1.83105E-05,2.35556E-06,9.91814E-07
206,4,1.52556,1.47811,0,0,0,0,0,1.28907,0.109418,0.057457,0.0128889,0.00926931,0,0,0,0.478553,0.00946827,0.0040028,0.000514942,0.000216818
206,5,1.49718,1.46017,0,0,0,0,0,0.000196537,0.737542,0.555668,0.0993675,0.067397,0,0,0,0,0,0,0,0
206,6,1.58865,1.51719,0,0,0,0,0,6.01885E-16,0.000705591,0.959217,0.359044,0.198227,0,0,0,0,0,0,0,0
206,7,1.7523,1.64025,0,0,0,0,0,0,4.85232E-10,0.0369704,0.912451,0.69083,0,0,0,0,0,0,0,0
206,8,2.39955,2.18303,1,0,0,0,0,0,5.58114E-11,0.00252756,0.167989,2.01252,0,0,0,0,0,0,0,0
207,1,0.544263,0.544253,0,0,0.36124,0.179888,0.00307289,5.05097E-05,2.31256E-07,1.52458E-07,3.42602E-08,2.74047E-08,0.168269,0.0810386,0.000208434,4.34777E-07,2.37047E-10,1.00214E-10,1.28921E-11,5.42824E-12
207,2,1.5517,1.55168,0,0,0,1.29557,0.252167,0.00390755,1.78905E-05,1.17945E-05,2.65045E-06,2.12009E-06,0,0.607891,0.103263,0.000224579,1.22444E-07,5.17643E-08,6.65924E-09,2.80389E-09
207,3,2.35748,2.35731,0,0,0,0,1.98962,0.36466,0.00157604,0.00103902,0.000233488,0.000186767,0,0,0.933377,0.147226,8.36641E-05,3.53698E-05,4.55016E-06,1.91586E-06
207,4,2.39703,2.39525,0,0,0,0,0,2.05849,0.191254,0.104994,0.0235529,0.0169564,0,0,0,0.863363,0.0177433,0.00750115,0.000964988,0.000406311
207,5,2.42916,2.42313,0,0,0,0,0,0.000301217,1.13149,0.984213,0.183004,0.124124,0,0,0,0,0,0,0,0
207,6,2.49443,2.48421,0,0,0,0,0,1.06211E-15,0.00108042,1.49074,0.63249,0.359902,0,0,0,0,0,0,0,0
207,7,2.66584,2.6487,0,0,0,0,0,0,8.36293E-10,0.0587087,1.40464,1.18535,0,0,0,0,0,0,0,0
207,8,3.44652,3.41247,0,0,0,0,0,0,9.17994E-11,0.00415478,0.265663,3.14265,0,0,0,0,0,0,0,0
208,1,0.439096,0.434108,0,0,0.325657,0.106832,0.00159183,2.61653E-05,1.19796E-07,7.89769E-08,1.77476E-08,1.41963E-08,0.0974461,0.0384135,0.00010899,2.27345E-07,1.23952E-10,5.24018E-11,6.74125E-12,2.83842E-12
208,2,1.09125,1.06669,0,0,0,0.929154,0.135539,0.00197709,9.05198E-06,5.9676E-06,1.34103E-06,1.07269E-06,0,0.326111,0.0499204,0.000113607,6.19403E-08,2.61858E-08,3.36869E-09,1.41839E-09
208,3,1.73716,1.5651,0,0,0,0,1.37049,0.193058,0.000806119,0.000531441,0.000119425,0.000095528,0,0,0.538927,0.0718816,4.19625E-05,1.77401E-05,2.28218E-06,9.60916E-07
208,4,2.60704,1.95268,0,0,0,0,0,1.72766,0.12788,0.0700592,0.0157172,0.0113667,0,0,0,0.683323,0.0125017,0.00528522,0.000679919,0.000286282
208,5,3.22796,2.30377,0,0,0,0,0,0.000296953,1.09247,0.924699,0.170599,0.11571,0,0,0,0,0,0,0,0
208,6,3.35669,2.4065,0,0,0,0,0,1.07704E-15,0.00111892,1.46971,0.595602,0.340076,0,0,0,0,0,0,0,0
208,7,3.55724,2.59631,0,0,0,0,0,0,8.72068E-10,0.0626803,1.39677,1.13686,0,0,0,0,0,0,0,0
208,8,4.31867,3.37688,0,0,0,0,0,0,9.10194E-11,0.00412053,0.264777,3.10798,0,0,0,0,0,0,0,0
209,1,0.546148,0.546138,0,0,0.362039,0.180955,0.0030918,5.08206E-05,2.32679E-07,1.53396E-07,3.4471E-08,2.75733E-08,0.168591,0.08158,0.000209792,4.3761E-07,2.38592E-10,1.00867E-10,1.29761E-11,5.4636E-12
209,2,1.54615,1.54613,0,0,0,1.2946,0.247653,0.00383973,0.00001758,1.15898E-05,2.60445E-06,2.0833E-06,0,0.607486,0.101127,0.000219877,1.1988E-07,5.06804E-08,6.51981E-09,2.74518E-09
209,3,2.35634,2.35618,0,0,0,0,2.00406,0.349208,0.00151138,0.000996388,0.000223907,0.000179104,0,0,0.940337,0.139753,7.93686E-05,3.35539E-05,4.31655E-06,1.81749E-06
209,4,2.39647,2.39478,0,0,0,0,0,2.08859,0.173267,0.0958772,0.021509,0.0155383,0,0,0,0.887349,0.0168943,0.00714223,0.000918814,0.000386869
209,5,2.42907,2.42305,0,0,0,0,0,0.000307202,1.13641,0.979984,0.18254,0.12381,0,0,0,0,0,0,0,0
209,6,2.49281,2.48267,0,0,0,0,0,1.12531E-15,0.00114471,1.51102,0.616562,0.353947,0,0,0,0,0,0,0,0
209,7,2.66135,2.64436,0,0,0,0,0,0,9.02242E-10,0.0644912,1.42266,1.15721,0,0,0,0,0,0,0,0
209,8,3.43679,3.40294,0,0,0,0,0,0,9.26677E-11,0.00419458,0.269572,3.12917,0,0,0,0,0,0,0,0
210,1,0.395816,0.368255,0,1,0.272145,0.0945097,0.0015739,2.58706E-05,1.18447E-07,7.80873E-08,1.75477E-08,1.40364E-08,0.09424,0.0400619,0.000104985,2.18991E-07,1.19397E-10,5.04762E-11,6.49353E-12,2.73412E-12
210,2,0.98878,0.979882,0,0,0,0.852025,0.125917,0.00192212,8.80034E-06,5.8017E-06,1.30375E-06,1.04287E-06,0,0.329251,0.0494249,0.000108809,5.93241E-08,2.50799E-08,3.22641E-09,1.35849E-09
210,3,1.46955,1.45609,0,0,0,0,1.26623,0.188308,0.000801966,0.000528704,0.00011881,0.000095036,0,0,0.5146,0.072972,4.19712E-05,1.77437E-05,2.28265E-06,9.61114E-07
210,4,1.52631,1.47883,0,0,0,0,0,1.30079,0.102779,0.0542987,0.0121809,0.00877877,0,0,0,0.486931,0.00918958,0.00388498,0.000499784,0.000210436
210,5,1.49716,1.46009,0,0,0,0,0,0.000199345,0.739675,0.553766,0.0991806,0.0672702,0,0,0,0,0,0,0,0
210,6,1.58699,1.51612,0,0,0,0,0,6.2761E-16,0.00073576,0.96819,0.351534,0.195656,0,0,0,0,0,0,0,0
210,7,1.74839,1.6373,0,0,0,0,0,0,5.19505E-10,0.0403122,0.922482,0.674507,0,0,0,0,0,0,0,0
210,8,2.39009,2.1749,1,0,0,0,0,0,5.63252E-11,0.0025512,0.170612,2.00174,0,0,0,0,0,0,0,0
211,1,0.394292,0.366631,0,1,0.272081,0.0929726,0.00155196,2.55099E-05,1.16796E-07,7.69987E-08,1.73031E-08,1.38407E-08,0.0943394,0.0393689,0.000103025,2.14902E-07,1.17168E-10,4.95339E-11,6.37231E-12,2.68308E-12
211,2,0.983013,0.974021,0,0,0,0.850449,0.121695,0.00185978,8.5149E-06,5.61353E-06,1.26147E-06,1.00905E-06,0,0.328501,0.0475474,0.000104619,5.704E-08,2.41142E-08,3.10218E-09,1.30618E-09
211,3,1.4691,1.45573,0,0,0,0,1.26951,0.184708,0.000787168,0.000518948,0.000116617,9.32823E-05,0,0,0.51607,0.0713308,4.10152E-05,1.73396E-05,2.23066E-06,9.39224E-07
211,4,1.52608,1.47879,0,0,0,0,0,1.30059,0.102972,0.0542813,0.0121768,0.00877122,0,0,0,0.486753,0.00908007,0.00383868,0.000493829,0.000207928
211,5,1.49714,1.46008,0,0,0,0,0,0.000198918,0.740088,0.553382,0.0991548,0.0672527,0,0,0,0,0,0,0,0
211,6,1.58668,1.51592,0,0,0,0,0,6.31791E-16,0.000740663,0.969846,0.350147,0.195182,0,0,0,0,0,0,0,0
211,7,1.74768,1.63677,0,0,0,0,0,0,5.25765E-10,0.0409239,0.924269,0.671577,0,0,0,0,0,0,0,0
211,8,2.38297,2.16868,1,0,0,0,0,0,5.65665E-11,0.0025623,0.171848,1.99427,0,0,0,0,0,0,0,0
212,1,0.393807,0.366114,0,1,0.272067,0.0924765,0.0015449,2.53938E-05,1.16264E-07,7.66483E-08,1.72243E-08,1.37777E-08,0.094375,0.0391451,0.000102391,2.13581E-07,1.16447E-10,4.92293E-11,6.33311E-12,2.66657E-12
212,2,0.980927,0.971902,0,0,0,0.849914,0.120134,0.00183678,8.40962E-06,5.54412E-06,1.24587E-06,9.96571E-07,0,0.328247,0.0468515,0.000103065,5.61924E-08,2.37559E-08,3.05609E-09,1.28677E-09
212,3,1.46886,1.45554,0,0,0,0,1.27125,0.182795,0.000779301,0.000513761,0.000115452,0.00009235,0,0,0.51685,0.070459,4.05075E-05,1.71249E-05,2.20304E-06,9.27596E-07
212,4,1.52617,1.47889,0,0,0,0,0,1.30212,0.102135,0.0538538,0.012081,0.00870431,0,0,0,0.4879,0.00903166,0.00381822,0.000491196,0.000206819
212,5,1.49714,1.46007,0,0,0,0,0,0.000198796,0.740151,0.553323,0.0991516,0.0672505,0,0,0,0,0,0,0,0
212,6,1.5865,1.5158,0,0,0,0,0,6.3468E-16,0.000744051,0.970733,0.349407,0.19492,0,0,0,0,0,0,0,0
212,7,1.74741,1.63657,0,0,0,0,0,0,5.28172E-10,0.0411589,0.924965,0.670441,0,0,0,0,0,0,0,0
212,8,2.38209,2.16793,1,0,0,0,0,0,5.66175E-11,0.00256465,0.172106,1.99326,0,0,0,0,0,0,0,0
213,1,0.393626,0.365921,0,1,0.272062,0.0922907,0.00154225,2.53504E-05,1.16065E-07,7.65171E-08,1.71949E-08,1.37542E-08,0.0943888,0.0390612,0.000102154,2.13085E-07,1.16177E-10,4.9115E-11,6.31842E-12,2.66039E-12
213,2,0.980199,0.971162,0,0,0,0.849731,0.119586,0.00182871,8.37264E-06,5.51974E-06,1.24039E-06,9.92189E-07,0,0.32816,0.0466068,0.000102518,5.58943E-08,2.36299E-08,3.03987E-09,1.27995E-09
213,3,1.46876,1.45547,0,0,0,0,1.27193,0.182043,0.000776209,0.000511723,0.000114994,9.19837E-05,0,0,0.517156,0.0701168,4.03082E-05,1.70407E-05,2.19221E-06,9.23033E-07
213,4,1.5262,1.47893,0,0,0,0,0,1.30274,0.101789,0.0536824,0.0120426,0.00867744,0,0,0,0.48835,0.00901178,0.00380981,0.000490115,0.000206364
213,5,1.49714,1.46008,0,0,0,0,0,0.000198741,0.740115,0.553355,0.0991549,0.0672528,0,0,0,0,0,0,0,0
213,6,1.58655,1.51583,0,0,0,0,0,6.33958E-16,0.000743204,0.97049,0.349609,0.19499,0,0,0,0,0,0,0,0
213,7,1.74754,1.63666,0,0,0,0,0,0,5.27064E-10,0.0410507,0.924644,0.670965,0,0,0,0,0,0,0,0
213,8,2.38216,2.16799,1,0,0,0,0,0,5.6607E-11,0.00256416,0.172052,1.99337,0,0,0,0,0,0,0,0
214,1,0.39356,0.36585,0,1,0.272055,0.0922279,0.00154135,2.53355E-05,1.15997E-07,7.64721E-08,1.71847E-08,1.37461E-08,0.0943917,0.0390326,0.000102073,2.12918E-07,1.16086E-10,4.90765E-11,6.31346E-12,2.6583E-12
214,2,0.980059,0.97102,0,0,0,0.84969,0.119486,0.00182723,8.36587E-06,5.51527E-06,1.23939E-06,9.91386E-07,0,0.32814,0.0465625,0.000102419,5.58405E-08,2.36071E-08,3.03695E-09,1.27871E-09
214,3,1.46876,1.45547,0,0,0,0,1.27194,0.182034,0.00077617,0.000511697,0.000114988,0.000091979,0,0,0.517158,0.0701139,4.03066E-05,0.00001704,2.19212E-06,9.22996E-07
214,4,1.52614,1.4789,0,0,0,0,0,1.30215,0.102125,0.0538399,0.0120779,0.00870132,0,0,0,0.487887,0.00901253,0.00381013,0.000490155,0.000206381
214,5,1.49714,1.46008,0,0,0,0,0,0.000198553,0.739934,0.553517,0.0991702,0.0672632,0,0,0,0,0,0,0,0
214,6,1.5868,1.51599,0,0,0,0,0,6.29688E-16,0.000738196,0.969214,0.350675,0.195368,0,0,0,0,0,0,0,0
214,7,1.74798,1.637,0,0,0,0,0,0,5.23141E-10,0.0406678,0.923511,0.672816,0,0,0,0,0,0,0,0
214,8,2.38258,2.16834,1,0,0,0,0,0,5.6563E-11,0.00256214,0.171827,1.99395,0,0,0,0,0,0,0,0
215,1,0.393606,0.365901,0,1,0.27205,0.0922826,0.00154211,2.53479E-05,1.16054E-07,7.65098E-08,1.71932E-08,1.37528E-08,0.094385,0.0390572,0.000102144,2.13065E-07,1.16166E-10,4.91103E-11,6.31781E-12,2.66013E-12
215,2,0.980374,0.97134,0,0,0,0.849765,0.119727,0.00183078,8.38211E-06,5.52598E-06,1.24179E-06,9.93311E-07,0,0.328175,0.0466705,0.000102661,5.59722E-08,2.36628E-08,3.04411E-09,1.28173E-09
215,3,1.46882,1.45552,0,0,0,0,1.27146,0.182554,0.000778299,0.000513101,0.000115304,9.22314E-05,0,0,0.516944,0.0703518,4.04453E-05,1.70987E-05,2.19966E-06,9.26173E-07
215,4,1.52604,1.47881,0,0,0,0,0,1.30072,0.102941,0.0542216,0.0121634,0.00876011,0,0,0,0.486848,0.00903458,0.00381945,0.000491355,0.000206886
215,5,1.49715,1.46009,0,0,0,0,0,0.00019822,0.739688,0.553735,0.0991918,0.0672778,0,0,0,0,0,0,0,0
215,6,1.5871,1.51618,0,0,0,0,0,6.25004E-16,0.000732703,0.967703,0.351938,0.195808,0,0,0,0,0,0,0,0
215,7,1.74863,1.63749,0,0,0,0,0,0,5.17405E-10,0.0401081,0.921846,0.675531,0,0,0,0,0,0,0,0
215,8,2.38337,2.16899,1,0,0,0,0,0,5.6493E-11,0.00255891,0.17147,1.99497,0,0,0,0,0,0,0,0
216,1,0.393758,0.366063,0,1,0.272045,0.0924485,0.00154444,2.53862E-05,1.1623E-07,7.66254E-08,1.72192E-08,1.37736E-08,0.0943686,0.0391318,0.000102357,2.13508E-07,1.16408E-10,4.92126E-11,6.33097E-12,2.66567E-12
216,2,0.981126,0.972104,0,0,0,0.84995,0.120297,0.00183916,8.4205E-06,5.55129E-06,1.24748E-06,9.9786E-07,0,0.328263,0.046925,0.00010323,5.62824E-08,2.37939E-08,3.06098E-09,1.28883E-09
216,3,1.46895,1.45561,0,0,0,0,1.27053,0.18357,0.00078247,0.00051585,0.000115921,9.27256E-05,0,0,0.516526,0.0708167,4.07163E-05,1.72132E-05,2.2144E-06,9.32379E-07
216,4,1.52588,1.47867,0,0,0,0,0,1.29853,0.104184,0.0548049,0.0122942,0.00885026,0,0,0,0.485283,0.00907598,0.00383695,0.000493606,0.000207834
216,5,1.49715,1.4601,0,0,0,0,0,0.00019775,0.739373,0.554015,0.0992201,0.067297,0,0,0,0,0,0,0,0
216,6,1.58741,1.51638,0,0,0,0,0,6.20148E-16,0.000727008,0.96605,0.353321,0.196284,0,0,0,0,0,0,0,0
216,7,1.74941,1.63807,0,0,0,0,0,0,5.10555E-10,0.0394399,0.919851,0.678782,0,0,0,0,0,0,0,0
216,8,2.38438,2.16984,1,0,0,0,0,0,5.6409E-11,0.00255504,0.171041,1.99625,0,0,0,0,0,0,0,0
217,1,0.393998,0.366321,0,1,0.272028,0.092719,0.00154821,2.54483E-05,1.16514E-07,7.68128E-08,1.72613E-08,1.38073E-08,0.0943395,0.0392531,0.000102703,2.14232E-07,1.16802E-10,4.93793E-11,6.35242E-12,2.6747E-12
217,2,0.982441,0.97344,0,0,0,0.850274,0.121295,0.00185384,8.48769E-06,5.59559E-06,1.25744E-06,1.00582E-06,0,0.328417,0.0473705,0.000104226,5.68254E-08,2.40235E-08,3.09051E-09,1.30127E-09
217,3,1.46915,1.45577,0,0,0,0,1.26904,0.185214,0.000789216,0.000520298,0.000116921,9.35251E-05,0,0,0.51585,0.0715683,4.11545E-05,1.73984E-05,2.23823E-06,9.42412E-07
217,4,1.52567,1.47848,0,0,0,0,0,1.29548,0.105919,0.0556243,0.0124779,0.00897717,0,0,0,0.483088,0.00913915,0.00386366,0.000497042,0.000209281
217,5,1.49715,1.46012,0,0,0,0,0,0.000197198,0.739,0.554347,0.0992534,0.0673196,0,0,0,0,0,0,0,0
217,6,1.58776,1.51661,0,0,0,0,0,6.14696E-16,0.000720615,0.964119,0.354937,0.196835,0,0,0,0,0,0,0,0
217,7,1.75032,1.63876,0,0,0,0,0,0,5.02622E-10,0.0386662,0.917533,0.682556,0,0,0,0,0,0,0,0
217,8,2.38563,2.1709,1,0,0,0,0,0,5.63108E-11,0.00255052,0.170539,1.99781,0,0,0,0,0,0,0,0
218,1,0.394521,0.366882,0,1,0.272005,0.0932943,0.00155629,0.000025581,1.17121E-07,7.72133E-08,1.73513E-08,1.38793E-08,0.0942846,0.039511,0.000103439,2.15766E-07,1.17639E-10,4.97329E-11,6.39791E-12,2.69385E-12
218,2,0.985146,0.976187,0,0,0,0.850958,0.123328,0.00188378,8.62481E-06,5.68598E-06,1.27775E-06,1.02207E-06,0,0.328741,0.048278,0.000106253,5.79309E-08,2.44908E-08,3.15063E-09,1.32658E-09
218,3,1.4695,1.45604,0,0,0,0,1.26645,0.188044,0.000800828,0.000527953,0.000118641,9.49011E-05,0,0,0.514686,0.0728632,4.19093E-05,1.77176E-05,2.27928E-06,9.59698E-07
218,4,1.52543,1.47823,0,0,0,0,0,1.29149,0.108158,0.056711,0.0127215,0.00914653,0,0,0,0.480208,0.00924726,0.00390937,0.000502922,0.000211757
218,5,1.49716,1.46013,0,0,0,0,0,0.000196717,0.738541,0.554758,0.0992922,0.0673459,0,0,0,0,0,0,0,0
218,6,1.58824,1.51692,0,0,0,0,0,6.07738E-16,0.000712456,0.961493,0.357137,0.197579,0,0,0,0,0,0,0,0
218,7,1.75148,1.63963,0,0,0,0,0,0,4.92461E-10,0.0376758,0.914553,0.687402,0,0,0,0,0,0,0,0
218,8,2.38836,2.17324,1,0,0,0,0,0,5.61501E-11,0.00254312,0.169722,2.00097,0,0,0,0,0,0,0,0
219,1,0.395924,0.368382,0,1,0.271979,0.0947989,0.0015775,2.59298E-05,1.18718E-07,7.82659E-08,1.75878E-08,1.40685E-08,0.0941587,0.0401849,0.000105357,2.19767E-07,1.19821E-10,5.06553E-11,6.51657E-12,2.74382E-12
219,2,0.991517,0.982661,0,0,0,0.852649,0.128041,0.0019533,8.94306E-06,5.89579E-06,1.3249E-06,1.05979E-06,0,0.329541,0.0503769,0.000110939,6.04856E-08,2.55709E-08,3.28958E-09,1.38508E-09
219,3,1.47012,1.45652,0,0,0,0,1.26174,0.1932,0.000821953,0.00054188,0.000121771,9.74044E-05,0,0,0.512552,0.0752289,4.32892E-05,1.83009E-05,2.35433E-06,9.91297E-07
219,4,1.52548,1.47805,0,0,0,0,0,1.28819,0.10993,0.05769,0.0129412,0.00930482,0,0,0,0.477903,0.00947368,0.00400509,0.000515236,0.000216941
219,5,1.49718,1.46018,0,0,0,0,0,0.000196308,0.73736,0.555829,0.0993833,0.0674077,0,0,0,0,0,0,0,0
219,6,1.58904,1.51744,0,0,0,0,0,5.96328E-16,0.000699075,0.957091,0.360826,0.198828,0,0,0,0,0,0,0,0
219,7,1.75299,1.64078,0,0,0,0,0,0,4.79153E-10,0.0363778,0.91067,0.693726,0,0,0,0,0,0,0,0
219,8,2.40031,2.18369,1,0,0,0,0,0,5.57563E-11,0.00252502,0.167707,2.01345,0,0,0,0,0,0,0,0
220,1,0.544795,0.544785,0,0,0.361483,0.180172,0.00307788,5.05919E-05,2.31632E-07,1.52706E-07,3.43159E-08,2.74493E-08,0.168377,0.0811742,0.000208776,4.35491E-07,2.37436E-10,1.00378E-10,1.29132E-11,5.43714E-12
220,2,1.55222,1.5522,0,0,0,1.29564,0.252609,0.00391415,1.79207E-05,1.18144E-05,2.65492E-06,2.12367E-06,0,0.607917,0.103473,0.000225043,1.22697E-07,5.18713E-08,6.67301E-09,2.80968E-09
220,3,2.35758,2.35741,0,0,0,0,1.98844,0.365922,0.00158133,0.0010425,0.000234271,0.000187393,0,0,0.932812,0.147834,8.40134E-05,3.55175E-05,4.56916E-06,1.92385E-06
220,4,2.39707,2.39528,0,0,0,0,0,2.05608,0.192698,0.105721,0.0237159,0.0170692,0,0,0,0.861437,0.0178049,0.00752719,0.000968338,0.000407721
220,5,2.42917,2.42314,0,0,0,0,0,0.000300792,1.13113,0.984523,0.183038,0.124147,0,0,0,0,0,0,0,0
220,6,2.49471,2.48448,0,0,0,0,0,1.05325E-15,0.00107141,1.48711,0.635363,0.360935,0,0,0,0,0,0,0,0
220,7,2.66664,2.64948,0,0,0,0,0,0,8.24546E-10,0.0576795,1.4014,1.1904,0,0,0,0,0,0,0,0
220,8,3.44792,3.41384,0,0,0,0,0,0,9.16714E-11,0.0041489,0.265086,3.14461,0,0,0,0,0,0,0,0
221,1,0.548168,0.548158,0,0,0.360674,0.184291,0.00314056,5.16221E-05,2.36349E-07,1.55815E-07,3.50146E-08,2.80082E-08,0.167808,0.0832842,0.000214491,4.47412E-07,2.43936E-10,1.03126E-10,1.32667E-11,5.58598E-12
221,2,1.56507,1.56505,0,0,0,1.29882,0.262135,0.00405799,1.85793E-05,1.22486E-05,2.75248E-06,2.20171E-06,0,0.609361,0.107911,0.000234793,1.28012E-07,5.41185E-08,6.9621E-09,2.93141E-09
221,3,2.35817,2.358,0,0,0,0,1.98173,0.373164,0.00161174,0.00106255,0.000238776,0.000190997,0,0,0.92961,0.151303,8.60046E-05,3.63593E-05,4.67745E-06,1.96945E-06
221,4,2.39714,2.39534,0,0,0,0,0,2.05302,0.194432,0.10672,0.0239401,0.017231,0,0,0,0.859002,0.0180411,0.00762702,0.000981181,0.000413129
221,5,2.42918,2.42315,0,0,0,0,0,0.000300721,1.13029,0.98526,0.183106,0.124193,0,0,0,0,0,0,0,0
221,6,2.49498,2.48474,0,0,0,0,0,1.04445E-15,0.00106245,1.48368,0.638072,0.361924,0,0,0,0,0,0,0,0
221,7,2.66719,2.65,0,0,0,0,0,0,8.16559E-10,0.056979,1.39922,1.1938,0,0,0,0,0,0,0,0
221,8,3.45168,3.41753,0,0,0,0,0,0,9.14748E-11,0.0041399,0.26421,3.14918,0,0,0,0,0,0,0,0
222,1,0.5479,0.54789,0,0,0.360668,0.184033,0.0031365,5.15554E-05,2.36043E-07,1.55614E-07,3.49694E-08,2.7972E-08,0.167816,0.0831537,0.000214142,4.46685E-07,2.43539E-10,1.02959E-10,1.32451E-11,5.5769E-12
222,2,1.56443,1.5644,0,0,0,1.29868,0.261631,0.00405041,1.85446E-05,1.22257E-05,2.74735E-06,2.1976E-06,0,0.609303,0.107674,0.000234272,1.27728E-07,5.39984E-08,6.94665E-09,2.9249E-09
222,3,2.35811,2.35794,0,0,0,0,1.98239,0.37245,0.00160874,0.00106058,0.000238332,0.000190642,0,0,0.929927,0.15096,8.58076E-05,0.000036276,4.66674E-06,1.96494E-06
222,4,2.39712,2.39533,0,0,0,0,0,2.05401,0.193835,0.106422,0.0238732,0.0171847,0,0,0,0.859792,0.0180171,0.0076169,0.000979879,0.00041258
222,5,2.42918,2.42315,0,0,0,0,0,0.000300944,1.13045,0.985118,0.18309,0.124182,0,0,0,0,0,0,0,0
222,6,2.49491,2.48467,0,0,0,0,0,1.04699E-15,0.00106503,1.48459,0.637353,0.36166,0,0,0,0,0,0,0,0
222,7,2.66704,2.64987,0,0,0,0,0,0,8.18653E-10,0.0571625,1.3998,1.1929,0,0,0,0,0,0,0,0
222,8,3.45151,3.41737,0,0,0,0,0,0,9.14924E-11,0.00414071,0.26429,3.14894,0,0,0,0,0,0,0,0
223,1,0.544124,0.544113,0,0,0.361434,0.17956,0.00306817,5.04323E-05,2.30901E-07,1.52224E-07,3.42076E-08,2.73626E-08,0.168379,0.0808652,0.000207954,4.33777E-07,2.36502E-10,9.99834E-11,1.28624E-11,5.41574E-12
223,2,1.55066,1.55064,0,0,0,1.2953,0.251408,0.00389608,0.000017838,1.17599E-05,2.64266E-06,2.11387E-06,0,0.607769,0.10291,0.000223804,1.22021E-07,5.15856E-08,6.63625E-09,2.79421E-09
223,3,2.35743,2.35726,0,0,0,0,1.99014,0.364095,0.00157366,0.00103745,0.000233135,0.000186485,0,0,0.933622,0.146959,8.35106E-05,3.53049E-05,4.54182E-06,1.91234E-06
223,4,2.39702,2.39524,0,0,0,0,0,2.05886,0.191022,0.104886,0.0235287,0.01694,0,0,0,0.863647,0.0177416,0.00750041,0.000964892,0.00040627
223,5,2.42916,2.42313,0,0,0,0,0,0.000301413,1.13158,0.984138,0.182994,0.124118,0,0,0,0,0,0,0,0
223,6,2.49451,2.48429,0,0,0,0,0,1.06036E-15,0.00107864,1.48963,0.63338,0.360206,0,0,0,0,0,0,0,0
223,7,2.66622,2.64907,0,0,0,0,0,0,8.30753E-10,0.0582236,1.4031,1.18775,0,0,0,0,0,0,0,0
223,8,3.44765,3.41358,0,0,0,0,0,0,9.17154E-11,0.00415092,0.265286,3.14415,0,0,0,0,0,0,0,0
224,1,0.395365,0.367798,0,1,0.271838,0.0943626,0.0015709,2.58213E-05,1.18221E-07,7.79386E-08,1.75143E-08,1.40097E-08,0.0941336,0.0399861,0.000104811,2.18628E-07,1.19199E-10,5.03926E-11,6.48277E-12,2.72959E-12
224,2,0.990472,0.9816,0,0,0,0.852405,0.127236,0.00194147,8.88893E-06,5.86011E-06,1.31688E-06,1.05337E-06,0,0.329426,0.0500165,0.000110133,6.00459E-08,2.5385E-08,3.26567E-09,1.37501E-09
224,3,1.46996,1.4564,0,0,0,0,1.26295,0.191872,0.000816509,0.000538291,0.000120964,9.67594E-05,0,0,0.513102,0.0746194,4.29337E-05,1.81506E-05,0.000002335,9.83155E-07
224,4,1.52568,1.47822,0,0,0,0,0,1.29087,0.108397,0.0569751,0.0127809,0.00919448,0,0,0,0.479829,0.00942671,0.00398523,0.000512681,0.000215866
224,5,1.49718,1.46016,0,0,0,0,0,0.000196867,0.737721,0.555509,0.0993507,0.0673856,0,0,0,0,0,0,0,0
224,6,1.58862,1.51717,0,0,0,0,0,6.02628E-16,0.000706463,0.959395,0.358897,0.198173,0,0,0,0,0,0,0,0
224,7,1.75228,1.64024,0,0,0,0,0,0,4.85396E-10,0.0369866,0.912493,0.690758,0,0,0,0,0,0,0,0
224,8,2.40036,2.18375,1,0,0,0,0,0,5.57923E-11,0.00252668,0.167891,2.01334,0,0,0,0,0,0,0,0
225,1,0.393996,0.366337,0,1,0.271826,0.0929345,0.00155066,2.54885E-05,1.16698E-07,7.69341E-08,1.72886E-08,1.38291E-08,0.0942373,0.0393458,0.000102993,2.14836E-07,1.17132E-10,4.95186E-11,6.37033E-12,2.68224E-12
225,2,0.984418,0.975448,0,0,0,0.850787,0.122768,0.00187555,8.58712E-06,5.66114E-06,1.27217E-06,1.01761E-06,0,0.328661,0.0480271,0.000105692,5.76249E-08,2.43615E-08,3.13399E-09,1.31957E-09
225,3,1.46936,1.45594,0,0,0,0,1.26746,0.18694,0.000796304,0.00052497,0.000117971,9.43649E-05,0,0,0.515143,0.0723563,4.16136E-05,1.75926E-05,2.2632E-06,9.52927E-07
225,4,1.52564,1.4784,0,0,0,0,0,1.29429,0.106561,0.0559651,0.0125543,0.00903162,0,0,0,0.482233,0.00920299,0.00389065,0.000500514,0.000210743
225,5,1.49715,1.46012,0,0,0,0,0,0.000197225,0.738921,0.55442,0.099259,0.0673234,0,0,0,0,0,0,0,0
225,6,1.58766,1.51655,0,0,0,0,0,6.16537E-16,0.000722773,0.964598,0.354539,0.196688,0,0,0,0,0,0,0,0
225,7,1.75039,1.63881,0,0,0,0,0,0,5.02001E-10,0.0386065,0.917326,0.68288,0,0,0,0,0,0,0,0
225,8,2.38743,2.17246,1,0,0,0,0,0,5.62387E-11,0.00254721,0.170175,1.99974,0,0,0,0,0,0,0,0
226,1,0.3936,0.365916,0,1,0.271817,0.0925278,0.00154487,2.53935E-05,1.16263E-07,7.66472E-08,1.72241E-08,1.37775E-08,0.0942646,0.0391632,0.000102475,2.13756E-07,1.16543E-10,4.92698E-11,6.33833E-12,2.66877E-12
226,2,0.982489,0.973488,0,0,0,0.850294,0.121323,0.00185427,8.48967E-06,5.59689E-06,1.25773E-06,1.00606E-06,0,0.328427,0.0473827,0.000104253,5.68401E-08,2.40297E-08,3.09131E-09,1.3016E-09
226,3,1.46913,1.45575,0,0,0,0,1.26922,0.185012,0.000788397,0.000519758,0.0001168,0.000093428,0,0,0.515937,0.0714739,4.10991E-05,1.73751E-05,2.23522E-06,9.41145E-07
226,4,1.52579,1.47857,0,0,0,0,0,1.29692,0.105096,0.0552367,0.012391,0.008918,0,0,0,0.484189,0.00912851,0.00385916,0.000496463,0.000209037
226,5,1.49715,1.46011,0,0,0,0,0,0.000197347,0.73922,0.554149,0.0992358,0.0673077,0,0,0,0,0,0,0,0
226,6,1.58716,1.51622,0,0,0,0,0,6.241E-16,0.000731643,0.967279,0.352295,0.195918,0,0,0,0,0,0,0,0
226,7,1.74926,1.63796,0,0,0,0,0,0,5.11913E-10,0.039573,0.920225,0.678163,0,0,0,0,0,0,0,0
226,8,2.38459,2.17003,1,0,0,0,0,0,5.64064E-11,0.00255492,0.171028,1.99645,0,0,0,0,0,0,0,0
227,1,0.3936,0.365917,0,1,0.2718,0.0925465,0.00154509,0.000025397,1.16279E-07,7.66577E-08,1.72264E-08,1.37794E-08,0.0942558,0.0391712,0.0001025,2.13809E-07,1.16572E-10,4.92818E-11,6.33987E-12,2.66942E-12
227,2,0.982684,0.973687,0,0,0,0.850338,0.121475,0.0018565,8.49987E-06,5.60361E-06,1.25924E-06,1.00727E-06,0,0.328448,0.0474507,0.000104405,5.6923E-08,2.40647E-08,3.09582E-09,1.3035E-09
227,3,1.46917,1.45578,0,0,0,0,1.26894,0.185322,0.000789669,0.000520597,0.000116988,9.35787E-05,0,0,0.51581,0.0716157,4.11818E-05,0.00001741,2.23972E-06,9.43038E-07
227,4,1.52574,1.47853,0,0,0,0,0,1.2963,0.105454,0.0554039,0.0124285,0.00894385,0,0,0,0.483741,0.0091403,0.00386415,0.000497105,0.000209307
227,5,1.49715,1.46011,0,0,0,0,0,0.000197203,0.739131,0.554228,0.099244,0.0673132,0,0,0,0,0,0,0,0
227,6,1.58721,1.51626,0,0,0,0,0,6.23163E-16,0.000730543,0.966995,0.352532,0.196001,0,0,0,0,0,0,0,0
227,7,1.74937,1.63804,0,0,0,0,0,0,5.10978E-10,0.0394818,0.919954,0.678605,0,0,0,0,0,0,0,0
227,8,2.3847,2.17012,1,0,0,0,0,0,5.63962E-11,0.00255445,0.170976,1.99659,0,0,0,0,0,0,0,0
228,1,0.394023,0.366371,0,1,0.271775,0.0930184,0.00155169,2.55055E-05,1.16776E-07,7.69854E-08,1.73001E-08,1.38383E-08,0.0942093,0.0393823,0.000103103,2.15066E-07,1.17257E-10,4.95717E-11,6.37717E-12,2.68512E-12
228,2,0.985117,0.976159,0,0,0,0.850949,0.123309,0.00188349,8.62347E-06,5.6851E-06,1.27755E-06,1.02191E-06,0,0.328737,0.0482692,0.000106234,5.79202E-08,2.44863E-08,3.15005E-09,1.32634E-09
228,3,1.46948,1.45603,0,0,0,0,1.26659,0.187902,0.000800252,0.000527573,0.000118556,9.48328E-05,0,0,0.514747,0.0727965,4.18703E-05,1.77011E-05,2.27716E-06,9.58804E-07
228,4,1.52551,1.47829,0,0,0,0,0,1.29256,0.107542,0.0564251,0.0126574,0.00910275,0,0,0,0.480999,0.00923611,0.00390465,0.000502315,0.000211501
228,5,1.49715,1.46013,0,0,0,0,0,0.000196877,0.738703,0.554613,0.0992787,0.0673368,0,0,0,0,0,0,0,0
228,6,1.5878,1.51663,0,0,0,0,0,6.14215E-16,0.00072005,0.963906,0.355117,0.196892,0,0,0,0,0,0,0,0
228,7,1.75059,1.63896,0,0,0,0,0,0,5.00284E-10,0.0384388,0.916831,0.68369,0,0,0,0,0,0,0,0
228,8,2.38747,2.17249,1,0,0,0,0,0,5.62268E-11,0.00254666,0.170114,1.99983,0,0,0,0,0,0,0,0
229,1,0.395509,0.367958,0,1,0.271758,0.0945994,0.00157402,2.58725E-05,1.18456E-07,7.80931E-08,1.7549E-08,1.40374E-08,0.094082,0.0400906,0.000105118,2.19269E-07,1.19549E-10,5.05404E-11,6.50178E-12,2.73759E-12
229,2,0.991851,0.983,0,0,0,0.852734,0.128291,0.00195699,8.95996E-06,5.90694E-06,1.3274E-06,1.06179E-06,0,0.329581,0.0504887,0.000111189,6.06217E-08,2.56284E-08,3.29698E-09,1.3882E-09
229,3,1.47013,1.45653,0,0,0,0,1.26168,0.193264,0.000822221,0.000542057,0.00012181,9.74362E-05,0,0,0.512529,0.0752563,0.000043305,1.83076E-05,2.35519E-06,9.91658E-07
229,4,1.52555,1.4781,0,0,0,0,0,1.28896,0.109484,0.0574882,0.0128959,0.00927393,0,0,0,0.478454,0.0094659,0.0040018,0.000514812,0.000216763
229,5,1.49718,1.46017,0,0,0,0,0,0.00019654,0.737521,0.555687,0.099369,0.067398,0,0,0,0,0,0,0,0
229,6,1.58872,1.51723,0,0,0,0,0,6.0074E-16,0.000704247,0.958922,0.35929,0.198318,0,0,0,0,0,0,0,0
229,7,1.75228,1.64024,0,0,0,0,0,0,4.85325E-10,0.0369794,0.912483,0.690779,0,0,0,0,0,0,0,0
229,8,2.39937,2.18288,1,0,0,0,0,0,5.58178E-11,0.00252785,0.168022,2.01233,0,0,0,0,0,0,0,0
230,1,0.544273,0.544263,0,0,0.361265,0.179873,0.00307271,5.05069E-05,2.31243E-07,1.52449E-07,3.42582E-08,2.74031E-08,0.168282,0.0810302,0.000208409,4.34726E-07,2.37019E-10,1.00202E-10,1.28905E-11,5.4276E-12
230,2,1.55159,1.55157,0,0,0,1.29554,0.252086,0.00390632,1.78849E-05,1.17908E-05,2.64961E-06,2.11943E-06,0,0.607879,0.103225,0.000224495,1.22398E-07,5.1745E-08,6.65676E-09,2.80284E-09
230,3,2.35748,2.35731,0,0,0,0,1.98968,0.36459,0.00157575,0.00103883,0.000233444,0.000186732,0,0,0.933407,0.147193,0.000083645,3.53617E-05,4.54913E-06,1.91542E-06
230,4,2.39703,2.39525,0,0,0,0,0,2.05852,0.191233,0.104982,0.0235504,0.0169547,0,0,0,0.863392,0.0177412,0.00750026,0.000964873,0.000406263
230,5,2.42916,2.42313,0,0,0,0,0,0.000301233,1.1315,0.984205,0.183003,0.124123,0,0,0,0,0,0,0,0
230,6,2.49443,2.48421,0,0,0,0,0,1.06202E-15,0.00108032,1.49075,0.632483,0.359902,0,0,0,0,0,0,0,0
230,7,2.66581,2.64868,0,0,0,0,0,0,8.3667E-10,0.0587417,1.40474,1.18519,0,0,0,0,0,0,0,0
230,8,3.44644,3.41239,0,0,0,0,0,0,9.18056E-11,0.00415506,0.265691,3.14254,0,0,0,0,0,0,0,0
231,1,0.439075,0.434087,0,0,0.325647,0.106822,0.00159168,2.61628E-05,1.19785E-07,7.89693E-08,1.77459E-08,1.41949E-08,0.0974426,0.0384095,0.000108979,2.27322E-07,1.2394E-10,5.23967E-11,6.74058E-12,2.83814E-12
231,2,1.09126,1.0667,0,0,0,0.929157,0.135545,0.00197718,9.05241E-06,5.96789E-06,1.3411E-06,1.07274E-06,0,0.326113,0.0499231,0.000113613,6.19436E-08,2.61873E-08,3.36887E-09,1.41847E-09
231,3,1.73716,1.5651,0,0,0,0,1.3705,0.193045,0.00080607,0.000531409,0.000119418,9.55223E-05,0,0,0.538931,0.0718762,4.19593E-05,1.77387E-05,0.000002282,9.60843E-07
231,4,2.60704,1.95268,0,0,0,0,0,1.72764,0.127891,0.0700636,0.0157182,0.0113674,0,0,0,0.683313,0.0125014,0.0052851,0.000679903,0.000286275
231,5,3.22796,2.30377,0,0,0,0,0,0.000296921,1.09244,0.924721,0.170601,0.115712,0,0,0,0,0,0,0,0
231,6,3.35672,2.40653,0,0,0,0,0,1.07633E-15,0.00111819,1.46944,0.595815,0.340153,0,0,0,0,0,0,0,0
231,7,3.55734,2.59641,0,0,0,0,0,0,8.7076E-10,0.0625644,1.39641,1.13743,0,0,0,0,0,0,0,0
231,8,4.31883,3.37705,0,0,0,0,0,0,9.10029E-11,0.00411977,0.264702,3.10823,0,0,0,0,0,0,0,0
232,1,0.546108,0.546098,0,0,0.362024,0.180931,0.00309138,5.08137E-05,2.32648E-07,1.53375E-07,3.44663E-08,2.75696E-08,0.168585,0.081568,0.000209761,4.37545E-07,2.38556E-10,1.00852E-10,1.29741E-11,5.46279E-12
232,2,1.54617,1.54615,0,0,0,1.2946,0.247669,0.00383997,1.75811E-05,1.15905E-05,2.6046E-06,2.08342E-06,0,0.607489,0.101134,0.000219893,1.19889E-07,5.06841E-08,6.52028E-09,2.74538E-09
232,3,2.35635,2.35618,0,0,0,0,2.00404,0.349227,0.00151146,0.000996442,0.00022392,0.000179113,0,0,0.940328,0.139762,7.93741E-05,3.35562E-05,4.31685E-06,1.81762E-06
232,4,2.39647,2.39479,0,0,0,0,0,2.08845,0.173352,0.0959184,0.0215182,0.0155447,0,0,0,0.88724,0.0168962,0.00714304,0.000918919,0.000386913
232,5,2.42907,2.42305,0,0,0,0,0,0.000307137,1.13636,0.980027,0.182545,0.123813,0,0,0,0,0,0,0,0
232,6,2.49284,2.48271,0,0,0,0,0,1.12402E-15,0.0011434,1.51059,0.616901,0.354074,0,0,0,0,0,0,0,0
232,7,2.66147,2.64448,0,0,0,0,0,0,9.00498E-10,0.0643382,1.42219,1.15795,0,0,0,0,0,0,0,0
232,8,3.43691,3.40305,0,0,0,0,0,0,9.26501E-11,0.00419378,0.269492,3.12936,0,0,0,0,0,0,0,0
233,1,0.39578,0.368217,0,1,0.272133,0.0944837,0.0015735,0.000025864,1.18417E-07,7.80674E-08,1.75432E-08,1.40328E-08,0.0942371,0.0400501,0.000104953,2.18924E-07,1.19361E-10,5.04608E-11,6.49155E-12,2.73328E-12
233,2,0.988768,0.979869,0,0,0,0.85202,0.125909,0.00192201,8.7998E-06,5.80135E-06,1.30367E-06,1.04281E-06,0,0.329248,0.0494215,0.000108801,5.932E-08,2.50781E-08,3.22619E-09,1.35839E-09
233,3,1.46956,1.45609,0,0,0,0,1.26619,0.188355,0.000802156,0.000528829,0.000118838,9.50585E-05,0,0,0.51458,0.0729938,4.19839E-05,1.77491E-05,2.28334E-06,9.61406E-07
233,4,1.52628,1.47881,0,0,0,0,0,1.3005,0.102945,0.0543746,0.0121979,0.00879037,0,0,0,0.486723,0.00919211,0.00388605,0.000499922,0.000210494
233,5,1.49716,1.46009,0,0,0,0,0,0.000199259,0.739609,0.553825,0.0991863,0.0672741,0,0,0,0,0,0,0,0
233,6,1.58709,1.51618,0,0,0,0,0,6.25895E-16,0.000733748,0.967645,0.351989,0.195816,0,0,0,0,0,0,0,0
233,7,1.74857,1.63744,0,0,0,0,0,0,5.17856E-10,0.0401512,0.922006,0.675284,0,0,0,0,0,0,0,0
233,8,2.39017,2.17497,1,0,0,0,0,0,5.63105E-11,0.00255053,0.170537,2.00188,0,0,0,0,0,0,0,0
234,1,0.394244,0.366581,0,1,0.272069,0.0929356,0.0015514,2.55007E-05,1.16754E-07,7.69709E-08,1.72968E-08,1.38357E-08,0.0943368,0.039352,0.000102979,2.14806E-07,1.17116E-10,4.95117E-11,6.36945E-12,2.68187E-12
234,2,0.982969,0.973976,0,0,0,0.850434,0.121666,0.00185935,8.51294E-06,5.61223E-06,1.26118E-06,1.00881E-06,0,0.328494,0.0475349,0.000104592,5.70249E-08,2.41078E-08,3.10136E-09,1.30583E-09
234,3,1.46911,1.45574,0,0,0,0,1.26941,0.18481,0.000787583,0.000519221,0.000116679,9.33315E-05,0,0,0.516027,0.0713782,0.000041043,1.73513E-05,2.23217E-06,9.39859E-07
234,4,1.52603,1.47875,0,0,0,0,0,1.29995,0.103338,0.0544503,0.0122147,0.008797,0,0,0,0.486278,0.00908397,0.00384033,0.000494041,0.000208017
234,5,1.49715,1.46008,0,0,0,0,0,0.000198766,0.739951,0.553505,0.0991664,0.0672606,0,0,0,0,0,0,0,0
234,6,1.5869,1.51606,0,0,0,0,0,6.2809E-16,0.000736322,0.968745,0.351065,0.195509,0,0,0,0,0,0,0,0
234,7,1.748,1.63701,0,0,0,0,0,0,5.22942E-10,0.0406481,0.92346,0.672902,0,0,0,0,0,0,0,0
234,8,2.38319,2.16887,1,0,0,0,0,0,5.65387E-11,0.00256102,0.171705,1.9946,0,0,0,0,0,0,0,0
235,1,0.393748,0.366052,0,1,0.272052,0.0924308,0.0015442,2.53825E-05,1.16212E-07,7.66139E-08,1.72166E-08,1.37716E-08,0.0943719,0.0391243,0.000102334,2.13462E-07,1.16383E-10,4.92018E-11,6.32958E-12,2.66509E-12
235,2,0.980893,0.971867,0,0,0,0.849896,0.120117,0.00183651,8.40838E-06,5.5433E-06,1.24569E-06,9.96424E-07,0,0.328238,0.0468442,0.000103049,5.61838E-08,2.37523E-08,3.05562E-09,1.28658E-09
235,3,1.46888,1.45556,0,0,0,0,1.27104,0.183015,0.000780198,0.000514353,0.000115585,9.24564E-05,0,0,0.516758,0.0705607,4.05668E-05,0.00001715,2.20627E-06,9.28956E-07
235,4,1.52607,1.47882,0,0,0,0,0,1.301,0.102767,0.0541506,0.0121475,0.00874952,0,0,0,0.48705,0.00903771,0.00382078,0.000491525,0.000206958
235,5,1.49714,1.46008,0,0,0,0,0,0.000198546,0.739905,0.553544,0.0991724,0.0672646,0,0,0,0,0,0,0,0
235,6,1.58687,1.51604,0,0,0,0,0,6.28358E-16,0.000736637,0.968926,0.350913,0.19546,0,0,0,0,0,0,0,0
235,7,1.74788,1.63692,0,0,0,0,0,0,5.23983E-10,0.0407497,0.923765,0.672406,0,0,0,0,0,0,0,0
235,8,2.38239,2.16818,1,0,0,0,0,0,5.65767E-11,0.00256277,0.171897,1.99372,0,0,0,0,0,0,0,0
236,1,0.393595,0.36589,0,1,0.272044,0.0922778,0.00154202,2.53465E-05,1.16048E-07,7.65054E-08,1.71922E-08,1.37521E-08,0.0943821,0.0390551,0.000102139,2.13054E-07,1.1616E-10,4.91078E-11,6.31749E-12,2.65999E-12
236,2,0.980322,0.971286,0,0,0,0.849751,0.119688,0.0018302,8.37946E-06,5.52423E-06,1.2414E-06,9.92997E-07,0,0.328169,0.046653,0.000102622,5.59508E-08,2.36538E-08,3.04295E-09,1.28124E-09
236,3,1.46881,1.45551,0,0,0,0,1.27154,0.182469,0.000777952,0.000512872,0.000115252,9.21902E-05,0,0,0.516979,0.0703125,4.04224E-05,1.70889E-05,2.19841E-06,9.25647E-07
236,4,1.52607,1.47884,0,0,0,0,0,1.30122,0.102652,0.0540876,0.0121334,0.00873946,0,0,0,0.487211,0.00902657,0.00381607,0.000490919,0.000206703
236,5,1.49714,1.46009,0,0,0,0,0,0.000198401,0.739815,0.553623,0.0991805,0.0672702,0,0,0,0,0,0,0,0
236,6,1.58696,1.51609,0,0,0,0,0,6.2708E-16,0.000735138,0.968477,0.351289,0.195589,0,0,0,0,0,0,0,0
236,7,1.74815,1.63712,0,0,0,0,0,0,5.21661E-10,0.0405231,0.923089,0.673508,0,0,0,0,0,0,0,0
236,8,2.38269,2.16842,1,0,0,0,0,0,5.65489E-11,0.00256148,0.171755,1.9941,0,0,0,0,0,0,0,0
237,1,0.393609,0.365905,0,1,0.272036,0.092301,0.00154232,2.53515E-05,1.1607E-07,7.65205E-08,1.71956E-08,1.37548E-08,0.0943775,0.0390651,0.000102168,2.13115E-07,1.16194E-10,4.9122E-11,6.31932E-12,2.66077E-12
237,2,0.980557,0.971526,0,0,0,0.849808,0.119868,0.00183285,8.39158E-06,5.53223E-06,1.2432E-06,9.94434E-07,0,0.328196,0.0467335,0.000102802,5.60491E-08,2.36953E-08,3.04829E-09,1.28349E-09
237,3,1.46885,1.45554,0,0,0,0,1.27121,0.18283,0.000779432,0.000513848,0.000115471,9.23656E-05,0,0,0.51683,0.0704781,0.000040519,1.71298E-05,2.20367E-06,9.27859E-07
237,4,1.526,1.47877,0,0,0,0,0,1.30018,0.103245,0.0543653,0.0121956,0.00878233,0,0,0,0.486462,0.00904516,0.00382393,0.00049193,0.000207128
237,5,1.49715,1.46009,0,0,0,0,0,0.000198144,0.739632,0.553786,0.0991968,0.0672812,0,0,0,0,0,0,0,0
237,6,1.58716,1.51622,0,0,0,0,0,6.23918E-16,0.000731429,0.967362,0.352222,0.195908,0,0,0,0,0,0,0,0
237,7,1.74875,1.63758,0,0,0,0,0,0,5.16345E-10,0.0400047,0.921538,0.676033,0,0,0,0,0,0,0,0
237,8,2.38357,2.16916,1,0,0,0,0,0,5.64774E-11,0.00255819,0.17139,1.99522,0,0,0,0,0,0,0,0
238,1,0.393781,0.36609,0,1,0.272028,0.0924906,0.00154498,2.53952E-05,1.16271E-07,7.66525E-08,1.72253E-08,1.37785E-08,0.0943593,0.0391501,0.000102411,2.13621E-07,1.1647E-10,4.92387E-11,6.33432E-12,2.66708E-12
238,2,0.981509,0.972493,0,0,0,0.850046,0.120586,0.00184342,8.43998E-06,5.56414E-06,1.25037E-06,1.00017E-06,0,0.328309,0.0470541,0.000103518,5.64396E-08,2.38604E-08,3.06953E-09,1.29243E-09
238,3,1.469,1.45565,0,0,0,0,1.27016,0.183977,0.000784138,0.00051695,0.000116169,9.29233E-05,0,0,0.516359,0.0710026,4.08247E-05,1.72591E-05,2.2203E-06,9.34861E-07
238,4,1.52585,1.47864,0,0,0,0,0,1.29802,0.10447,0.0549482,0.0123263,0.00887274,0,0,0,0.484904,0.00909317,0.00384422,0.000494541,0.000208228
238,5,1.49715,1.4601,0,0,0,0,0,0.000197751,0.739336,0.554049,0.0992227,0.0672988,0,0,0,0,0,0,0,0
238,6,1.58747,1.51643,0,0,0,0,0,6.19207E-16,0.000725905,0.965672,0.353637,0.19639,0,0,0,0,0,0,0,0
238,7,1.74962,1.63823,0,0,0,0,0,0,5.08701E-10,0.0392592,0.919304,0.67967,0,0,0,0,0,0,0,0
238,8,2.38508,2.17044,1,0,0,0,0,0,5.63689E-11,0.0025532,0.170837,1.99705,0,0,0,0,0,0,0,0
239,1,0.394154,0.366488,0,1,0.272029,0.0928823,0.00155053,2.54864E-05,1.16688E-07,7.69276E-08,1.72871E-08,1.3828E-08,0.0943273,0.0393264,0.000102911,2.14666E-07,1.17039E-10,4.94794E-11,6.36529E-12,2.68012E-12
239,2,0.983156,0.974166,0,0,0,0.850467,0.12182,0.0018616,8.52323E-06,5.61902E-06,1.2627E-06,1.01003E-06,0,0.328509,0.0476045,0.000104748,5.71101E-08,2.41438E-08,3.106E-09,1.30779E-09
239,3,1.46922,1.45583,0,0,0,0,1.2685,0.185804,0.000791635,0.000521892,0.000117279,9.38117E-05,0,0,0.515607,0.0718385,0.000041312,1.74651E-05,2.2468E-06,9.4602E-07
239,4,1.52567,1.47845,0,0,0,0,0,1.29506,0.10614,0.0557493,0.0125059,0.00899731,0,0,0,0.482778,0.00916651,0.00387523,0.00049853,0.000209907
239,5,1.49715,1.46012,0,0,0,0,0,0.000197257,0.738937,0.554406,0.0992574,0.0673223,0,0,0,0,0,0,0,0
239,6,1.58785,1.51667,0,0,0,0,0,6.13482E-16,0.000719191,0.963594,0.355378,0.196982,0,0,0,0,0,0,0,0
239,7,1.75059,1.63897,0,0,0,0,0,0,5.00201E-10,0.0384304,0.916819,0.683716,0,0,0,0,0,0,0,0
239,8,2.387,2.17208,1,0,0,0,0,0,5.62463E-11,0.00254755,0.170212,1.99932,0,0,0,0,0,0,0,0
240,1,0.394521,0.366882,0,1,0.272005,0.0932943,0.00155629,0.000025581,1.17121E-07,7.72133E-08,1.73513E-08,1.38793E-08,0.0942846,0.039511,0.000103439,2.15766E-07,1.17639E-10,4.97329E-11,6.39791E-12,2.69385E-12
240,2,0.985146,0.976187,0,0,0,0.850958,0.123328,0.00188378,8.62481E-06,5.68598E-06,1.27775E-06,1.02207E-06,0,0.328741,0.048278,0.000106253,5.79309E-08,2.44908E-08,3.15063E-09,1.32658E-09
240,3,1.4695,1.45604,0,0,0,0,1.26645,0.188044,0.000800828,0.000527953,0.000118641,9.49011E-05,0,0,0.514686,0.0728632,4.19093E-05,1.77176E-05,2.27928E-06,9.59698E-07
240,4,1.52543,1.47823,0,0,0,0,0,1.29149,0.108158,0.056711,0.0127215,0.00914653,0,0,0,0.480208,0.00924726,0.00390937,0.000502922,0.000211757
240,5,1.49716,1.46013,0,0,0,0,0,0.000196717,0.738541,0.554758,0.0992922,0.0673459,0,0,0,0,0,0,0,0
240,6,1.58824,1.51692,0,0,0,0,0,6.07738E-16,0.000712456,0.961493,0.357137,0.197579,0,0,0,0,0,0,0,0
240,7,1.75148,1.63963,0,0,0,0,0,0,4.92461E-10,0.0376758,0.914553,0.687402,0,0,0,0,0,0,0,0
240,8,2.38836,2.17324,1,0,0,0,0,0,5.61501E-11,0.00254312,0.169722,2.00097,0,0,0,0,0,0,0,0
241,1,0.395146,0.367552,0,1,0.271975,0.0939852,0.00156597,2.57403E-05,1.1785E-07,7.7694E-08,1.74593E-08,1.39657E-08,0.0942177,0.0398205,0.000104322,2.17608E-07,1.18643E-10,5.01577E-11,6.45255E-12,2.71686E-12
241,2,0.988233,0.979324,0,0,0,0.851733,0.125655,0.00191804,8.78166E-06,5.78939E-06,1.30099E-06,1.04066E-06,0,0.329108,0.0493166,0.000108574,5.91963E-08,2.50258E-08,3.21946E-09,1.35556E-09
241,3,1.46986,1.45633,0,0,0,0,1.26371,0.191045,0.000813137,0.000536068,0.000120465,9.63597E-05,0,0,0.513451,0.0742363,4.27099E-05,0.000018056,2.32282E-06,9.7803E-07
241,4,1.5252,1.47799,0,0,0,0,0,1.28767,0.110303,0.0577528,0.0129551,0.00930894,0,0,0,0.477448,0.00935174,0.00395353,0.000508604,0.000214149
241,5,1.49716,1.46015,0,0,0,0,0,0.000196285,0.738122,0.555134,0.0993276,0.0673699,0,0,0,0,0,0,0,0
241,6,1.58866,1.5172,0,0,0,0,0,6.01563E-16,0.000705213,0.959147,0.359103,0.198242,0,0,0,0,0,0,0,0
241,7,1.75237,1.64031,0,0,0,0,0,0,4.84617E-10,0.0369111,0.91225,0.691146,0,0,0,0,0,0,0,0
241,8,2.39037,2.17496,1,0,0,0,0,0,5.60339E-11,0.00253777,0.169131,2.00329,0,0,0,0,0,0,0,0
242,1,0.396643,0.369154,0,1,0.271941,0.095597,0.00158868,2.61136E-05,1.1956E-07,7.88208E-08,1.77125E-08,1.41682E-08,0.0940807,0.0405423,0.000106378,2.21896E-07,1.20981E-10,5.11459E-11,6.57968E-12,2.77039E-12
242,2,0.994573,0.985765,0,0,0,0.853408,0.130351,0.0019873,9.09874E-06,5.99843E-06,1.34796E-06,1.07823E-06,0,0.329899,0.0514087,0.000113245,6.17429E-08,2.61024E-08,3.35796E-09,1.41387E-09
242,3,1.47043,1.45677,0,0,0,0,1.25937,0.195798,0.000832608,0.000548904,0.000123349,9.86671E-05,0,0,0.511481,0.0764187,0.000043983,1.85942E-05,2.39206E-06,1.00718E-06
242,4,1.5253,1.47787,0,0,0,0,0,1.28524,0.111583,0.0584903,0.0131206,0.0094295,0,0,0,0.475781,0.00955218,0.00403827,0.000519505,0.000218739
242,5,1.49719,1.46019,0,0,0,0,0,0.000195947,0.737041,0.556116,0.0994106,0.0674262,0,0,0,0,0,0,0,0
242,6,1.58934,1.51764,0,0,0,0,0,5.91923E-16,0.000693908,0.955432,0.362216,0.199298,0,0,0,0,0,0,0,0
242,7,1.7535,1.64116,0,0,0,0,0,0,4.74735E-10,0.0359471,0.909373,0.695835,0,0,0,0,0,0,0,0
242,8,2.4008,2.18409,1,0,0,0,0,0,5.57117E-11,0.00252297,0.167481,2.01409,0,0,0,0,0,0,0,0
243,1,0.545692,0.545682,0,0,0.361219,0.181316,0.00309522,5.08768E-05,2.32936E-07,1.53566E-07,3.45091E-08,2.76038E-08,0.168199,0.0817625,0.000210372,4.3882E-07,2.39251E-10,1.01146E-10,1.30119E-11,5.4787E-12
243,2,1.55607,1.55605,0,0,0,1.29653,0.255525,0.0039581,1.81219E-05,1.19471E-05,2.68473E-06,2.14752E-06,0,0.608317,0.104836,0.00022804,1.24331E-07,5.25621E-08,6.76187E-09,2.8471E-09
243,3,2.35783,2.35766,0,0,0,0,1.98568,0.368908,0.00159387,0.00105078,0.000236129,0.00018888,0,0,0.931497,0.149262,8.48324E-05,3.58637E-05,4.6137E-06,1.94261E-06
243,4,2.39713,2.39533,0,0,0,0,0,2.05311,0.194476,0.106619,0.0239173,0.0172088,0,0,0,0.859065,0.0178844,0.0075608,0.000972662,0.000409542
243,5,2.42918,2.42314,0,0,0,0,0,0.000300345,1.13079,0.984815,0.18307,0.124169,0,0,0,0,0,0,0,0
243,6,2.49484,2.4846,0,0,0,0,0,1.04855E-15,0.00106662,1.48551,0.636628,0.361402,0,0,0,0,0,0,0,0
243,7,2.66689,2.64971,0,0,0,0,0,0,8.21E-10,0.0573686,1.40043,1.19191,0,0,0,0,0,0,0,0
243,8,3.44799,3.41391,0,0,0,0,0,0,9.16487E-11,0.00414786,0.264983,3.14478,0,0,0,0,0,0,0,0
244,1,0.54844,0.54843,0,0,0.360556,0.184675,0.00314631,5.17166E-05,2.36782E-07,1.56101E-07,3.50788E-08,2.80595E-08,0.167734,0.0834825,0.000215031,4.4854E-07,2.44551E-10,1.03386E-10,1.33001E-11,5.60006E-12
244,2,1.56635,1.56632,0,0,0,1.2991,0.263114,0.00407272,1.86467E-05,0.000012293,2.76248E-06,2.20971E-06,0,0.609486,0.10837,0.000235802,1.28563E-07,5.43511E-08,6.99202E-09,2.944E-09
244,3,2.35826,2.35809,0,0,0,0,1.98074,0.374232,0.00161622,0.00106551,0.00023944,0.000191528,0,0,0.929138,0.151815,8.62981E-05,3.64833E-05,4.69342E-06,1.97617E-06
244,4,2.39716,2.39536,0,0,0,0,0,2.05185,0.195131,0.10707,0.0240184,0.0172852,0,0,0,0.85808,0.0180691,0.00763889,0.000982708,0.000413772
244,5,2.42919,2.42315,0,0,0,0,0,0.000300482,1.13012,0.985407,0.183122,0.124204,0,0,0,0,0,0,0,0
244,6,2.49504,2.48479,0,0,0,0,0,1.04236E-15,0.00106032,1.48299,0.638611,0.362124,0,0,0,0,0,0,0,0
244,7,2.66728,2.65009,0,0,0,0,0,0,8.15264E-10,0.0568654,1.39887,1.19435,0,0,0,0,0,0,0,0
244,8,3.45172,3.41757,0,0,0,0,0,0,9.14673E-11,0.00413956,0.264176,3.14925,0,0,0,0,0,0,0,0
245,1,0.547684,0.547674,0,0,0.360697,0.183792,0.00313278,5.14943E-05,2.35764E-07,1.55429E-07,3.4928E-08,2.79389E-08,0.16784,0.0830304,0.00021381,4.45992E-07,2.43162E-10,1.02799E-10,1.32246E-11,5.56825E-12
245,2,1.5638,1.56378,0,0,0,1.29854,0.261159,0.0040433,0.000018512,1.22042E-05,2.74252E-06,2.19374E-06,0,0.609237,0.107454,0.000233787,1.27464E-07,5.38868E-08,6.93229E-09,2.91885E-09
245,3,2.35808,2.35791,0,0,0,0,1.98271,0.372105,0.00160729,0.00105962,0.000238117,0.00019047,0,0,0.930079,0.150796,8.57133E-05,3.62361E-05,4.66161E-06,1.96278E-06
245,4,2.39712,2.39532,0,0,0,0,0,2.05418,0.193739,0.106369,0.0238614,0.0171764,0,0,0,0.859929,0.0180088,0.00761339,0.000979427,0.00041239
245,5,2.42918,2.42315,0,0,0,0,0,0.000300902,1.13043,0.985136,0.183092,0.124184,0,0,0,0,0,0,0,0
245,6,2.49491,2.48467,0,0,0,0,0,1.04691E-15,0.00106496,1.4846,0.637349,0.36166,0,0,0,0,0,0,0,0
245,7,2.66703,2.64986,0,0,0,0,0,0,8.18794E-10,0.0571748,1.39984,1.19284,0,0,0,0,0,0,0,0
245,8,3.45144,3.4173,0,0,0,0,0,0,9.14968E-11,0.00414091,0.26431,3.14885,0,0,0,0,0,0,0,0
246,1,0.543863,0.543853,0,0,0.361499,0.17924,0.00306329,5.03521E-05,2.30534E-07,1.51982E-07,3.41532E-08,2.73191E-08,0.168425,0.0807006,0.000207508,4.32847E-07,2.35995E-10,9.97691E-11,1.28348E-11,5.40413E-12
246,2,1.54954,1.54952,0,0,0,1.29504,0.25056,0.0038833,1.77795E-05,1.17213E-05,0.000002634,2.10693E-06,0,0.607652,0.102514,0.000222933,1.21546E-07,5.13848E-08,6.61042E-09,2.78333E-09
246,3,2.35736,2.35719,0,0,0,0,1.99096,0.3632,0.0015699,0.00103497,0.000232578,0.000186039,0,0,0.934016,0.146531,0.000083265,3.52011E-05,4.52846E-06,1.90672E-06
246,4,2.39701,2.39523,0,0,0,0,0,2.05968,0.190534,0.104635,0.0234725,0.0169009,0,0,0,0.864305,0.0177152,0.00748926,0.000963458,0.000405667
246,5,2.42916,2.42313,0,0,0,0,0,0.000301496,1.13165,0.984071,0.182987,0.124113,0,0,0,0,0,0,0,0
246,6,2.49448,2.48426,0,0,0,0,0,1.06152E-15,0.00107982,1.49004,0.633055,0.360087,0,0,0,0,0,0,0,0
246,7,2.66615,2.649,0,0,0,0,0,0,8.31848E-10,0.0583196,1.4034,1.18728,0,0,0,0,0,0,0,0
246,8,3.44749,3.41342,0,0,0,0,0,0,9.1729E-11,0.00415155,0.265347,3.14392,0,0,0,0,0,0,0,0
247,1,0.395299,0.367726,0,1,0.271852,0.094278,0.00156975,2.58023E-05,1.18135E-07,7.78813E-08,1.75014E-08,1.39994E-08,0.094146,0.0399485,0.000104702,2.18401E-07,1.19076E-10,5.03403E-11,6.47605E-12,2.72675E-12
247,2,0.99005,0.981171,0,0,0,0.852304,0.126912,0.00193672,8.86718E-06,5.84577E-06,1.31366E-06,1.05079E-06,0,0.329379,0.0498719,0.000109809,5.98696E-08,2.53105E-08,3.25608E-09,1.37098E-09
247,3,1.4699,1.45636,0,0,0,0,1.26336,0.191424,0.000814673,0.00053708,0.000120692,9.65418E-05,0,0,0.513286,0.0744143,4.28141E-05,1.81001E-05,2.32849E-06,9.80417E-07
247,4,1.52572,1.47826,0,0,0,0,0,1.29147,0.10806,0.0568128,0.0127445,0.00916925,0,0,0,0.48026,0.00941179,0.00397892,0.00051187,0.000215524
247,5,1.49718,1.46016,0,0,0,0,0,0.000196955,0.737792,0.555446,0.0993446,0.0673815,0,0,0,0,0,0,0,0
247,6,1.58856,1.51713,0,0,0,0,0,6.03568E-16,0.000707564,0.959723,0.358622,0.198079,0,0,0,0,0,0,0,0
247,7,1.75217,1.64016,0,0,0,0,0,0,4.86328E-10,0.0370775,0.912766,0.690314,0,0,0,0,0,0,0,0
247,8,2.40018,2.18359,1,0,0,0,0,0,5.58037E-11,0.0025272,0.167949,2.01312,0,0,0,0,0,0,0,0
248,1,0.393979,0.366318,0,1,0.27184,0.0929017,0.00155023,2.54816E-05,1.16666E-07,7.69131E-08,1.72838E-08,1.38253E-08,0.0942456,0.0393313,0.00010295,2.14746E-07,1.17083E-10,4.9498E-11,6.36768E-12,2.68113E-12
248,2,0.984201,0.975228,0,0,0,0.850736,0.122601,0.0018731,8.57589E-06,5.65374E-06,1.2705E-06,1.01628E-06,0,0.328637,0.0479524,0.000105525,5.75338E-08,2.4323E-08,3.12904E-09,1.31749E-09
248,3,1.46933,1.45591,0,0,0,0,1.26774,0.186639,0.000795067,0.000524155,0.000117788,9.42184E-05,0,0,0.515268,0.0722183,4.15332E-05,1.75586E-05,2.25883E-06,9.51084E-07
248,4,1.52568,1.47844,0,0,0,0,0,1.29486,0.106239,0.0558129,0.0125202,0.00900811,0,0,0,0.482645,0.00919275,0.00388632,0.000499957,0.000210508
248,5,1.49715,1.46012,0,0,0,0,0,0.000197325,0.738997,0.554352,0.0992523,0.0673188,0,0,0,0,0,0,0,0
248,6,1.58758,1.5165,0,0,0,0,0,6.17801E-16,0.000724256,0.964991,0.354211,0.196573,0,0,0,0,0,0,0,0
248,7,1.75027,1.63873,0,0,0,0,0,0,5.03043E-10,0.0387082,0.917629,0.682387,0,0,0,0,0,0,0,0
248,8,2.3873,2.17236,1,0,0,0,0,0,5.62498E-11,0.00254772,0.170232,1.99958,0,0,0,0,0,0,0,0
249,1,0.393614,0.365929,0,1,0.271831,0.0925272,0.00154491,0.000025394,1.16265E-07,7.66488E-08,1.72245E-08,1.37778E-08,0.0942705,0.0391632,0.000102474,2.13753E-07,1.16541E-10,4.92689E-11,6.33822E-12,2.66872E-12
249,2,0.9824,0.973398,0,0,0,0.850275,0.121252,0.00185323,8.48493E-06,5.59377E-06,1.25703E-06,1.0055E-06,0,0.328418,0.047351,0.000104181,5.68013E-08,2.40133E-08,3.0892E-09,1.30071E-09
249,3,1.4691,1.45574,0,0,0,0,1.2694,0.184819,0.000787606,0.000519237,0.000116682,9.33343E-05,0,0,0.516017,0.0713854,4.10475E-05,1.73532E-05,2.23242E-06,9.39963E-07
249,4,1.52583,1.4786,0,0,0,0,0,1.29742,0.104813,0.055103,0.012361,0.00889751,0,0,0,0.484564,0.00912301,0.00385684,0.000496164,0.000208911
249,5,1.49715,1.46011,0,0,0,0,0,0.000197445,0.739309,0.554069,0.0992283,0.0673025,0,0,0,0,0,0,0,0
249,6,1.58705,1.51616,0,0,0,0,0,6.25943E-16,0.000733805,0.967799,0.351861,0.195762,0,0,0,0,0,0,0,0
249,7,1.74915,1.63788,0,0,0,0,0,0,5.12923E-10,0.0396717,0.920514,0.677689,0,0,0,0,0,0,0,0
249,8,2.38454,2.16999,1,0,0,0,0,0,5.64145E-11,0.0025553,0.171069,1.99637,0,0,0,0,0,0,0,0
250,1,0.393626,0.365943,0,1,0.271813,0.0925588,0.0015453,2.54005E-05,1.16295E-07,7.66683E-08,1.72288E-08,1.37813E-08,0.0942606,0.039177,0.000102515,2.13839E-07,1.16588E-10,4.92888E-11,6.34078E-12,2.6698E-12
250,2,0.982652,0.973654,0,0,0,0.850333,0.121448,0.0018561,8.49806E-06,5.60242E-06,1.25897E-06,1.00705E-06,0,0.328446,0.0474384,0.000104377,5.69079E-08,2.40584E-08,3.095E-09,1.30316E-09
250,3,1.46915,1.45577,0,0,0,0,1.26905,0.185199,0.000789164,0.000520264,0.000116913,9.35189E-05,0,0,0.515861,0.071559,4.11487E-05,0.000017396,2.23792E-06,9.4228E-07
250,4,1.52578,1.47855,0,0,0,0,0,1.29668,0.105234,0.0553,0.0124052,0.00892799,0,0,0,0.484037,0.00913735,0.0038629,0.000496944,0.00020924
250,5,1.49715,1.46011,0,0,0,0,0,0.000197282,0.739208,0.554159,0.0992375,0.0673088,0,0,0,0,0,0,0,0
250,6,1.58711,1.5162,0,0,0,0,0,6.249E-16,0.000732581,0.967479,0.352128,0.195856,0,0,0,0,0,0,0,0
250,7,1.74928,1.63797,0,0,0,0,0,0,5.11783E-10,0.0395604,0.920183,0.678229,0,0,0,0,0,0,0,0
250,8,2.38469,2.17012,1,0,0,0,0,0,5.64014E-11,0.00255469,0.171002,1.99656,0,0,0,0,0,0,0,0
251,1,0.394048,0.366396,0,1,0.271788,0.0930301,0.0015519,2.55089E-05,1.16791E-07,7.69955E-08,1.73024E-08,1.38402E-08,0.0942139,0.0393878,0.000103117,2.15095E-07,1.17273E-10,4.95784E-11,6.37802E-12,2.68548E-12
251,2,0.985097,0.976138,0,0,0,0.850946,0.123292,0.00188324,8.62233E-06,5.68435E-06,1.27738E-06,1.02178E-06,0,0.328736,0.0482615,0.000106216,5.79108E-08,2.44823E-08,3.14954E-09,1.32612E-09
251,3,1.46947,1.45602,0,0,0,0,1.26666,0.187826,0.000799941,0.000527369,0.00011851,0.000094796,0,0,0.514779,0.0727616,4.18499E-05,1.76924E-05,2.27605E-06,9.58336E-07
251,4,1.52553,1.47831,0,0,0,0,0,1.2928,0.107405,0.0563616,0.0126432,0.00909304,0,0,0,0.481175,0.00923379,0.00390367,0.000502189,0.000211448
251,5,1.49715,1.46013,0,0,0,0,0,0.000196929,0.738746,0.554575,0.099275,0.0673342,0,0,0,0,0,0,0,0
251,6,1.58774,1.5166,0,0,0,0,0,6.15151E-16,0.000721148,0.964184,0.354885,0.196809,0,0,0,0,0,0,0,0
251,7,1.75053,1.63892,0,0,0,0,0,0,5.00796E-10,0.0384889,0.916978,0.683449,0,0,0,0,0,0,0,0
251,8,2.38745,2.17248,1,0,0,0,0,0,5.62302E-11,0.00254681,0.170132,1.9998,0,0,0,0,0,0,0,0
252,1,0.395533,0.367983,0,1,0.271772,0.0946106,0.00157421,2.58757E-05,1.18471E-07,7.81029E-08,1.75512E-08,1.40392E-08,0.0940866,0.0400959,0.000105131,2.19297E-07,1.19564E-10,5.05468E-11,6.50261E-12,2.73794E-12
252,2,0.991831,0.98298,0,0,0,0.85273,0.128275,0.00195675,8.95889E-06,5.90623E-06,1.32724E-06,1.06166E-06,0,0.329579,0.0504815,0.000111173,6.06129E-08,2.56247E-08,3.2965E-09,1.388E-09
252,3,1.47012,1.45653,0,0,0,0,1.26173,0.193215,0.000822022,0.000541926,0.000121781,9.74127E-05,0,0,0.512549,0.0752339,4.32919E-05,1.83021E-05,2.35448E-06,9.91359E-07
252,4,1.52556,1.47811,0,0,0,0,0,1.28909,0.109406,0.0574524,0.0128879,0.00926844,0,0,0,0.478551,0.00946413,0.00400105,0.000514716,0.000216723
252,5,1.49718,1.46017,0,0,0,0,0,0.000196575,0.737545,0.555665,0.0993669,0.0673965,0,0,0,0,0,0,0,0
252,6,1.58869,1.51722,0,0,0,0,0,6.01189E-16,0.000704775,0.959074,0.359163,0.198274,0,0,0,0,0,0,0,0
252,7,1.75224,1.64021,0,0,0,0,0,0,4.85681E-10,0.0370141,0.912587,0.69061,0,0,0,0,0,0,0,0
252,8,2.39936,2.18287,1,0,0,0,0,0,5.58202E-11,0.00252796,0.168034,2.01231,0,0,0,0,0,0,0,0
253,1,0.544316,0.544306,0,0,0.361285,0.179896,0.00307312,5.05135E-05,2.31273E-07,1.52469E-07,3.42627E-08,2.74067E-08,0.168291,0.0810414,0.000208437,4.34785E-07,2.37051E-10,1.00216E-10,1.28923E-11,5.42833E-12
253,2,1.55156,1.55154,0,0,0,1.29554,0.252061,0.00390595,1.78832E-05,1.17897E-05,2.64936E-06,2.11922E-06,0,0.607876,0.103213,0.00022447,1.22384E-07,5.17391E-08,6.656E-09,2.80252E-09
253,3,2.35747,2.3573,0,0,0,0,1.98974,0.364532,0.00157551,0.00103867,0.000233408,0.000186703,0,0,0.933433,0.147165,8.36289E-05,3.53549E-05,4.54825E-06,1.91505E-06
253,4,2.39703,2.39525,0,0,0,0,0,2.05866,0.191154,0.104943,0.0235416,0.0169486,0,0,0,0.863495,0.0177386,0.00749915,0.00096473,0.000406202
253,5,2.42916,2.42313,0,0,0,0,0,0.000301271,1.13153,0.984181,0.183,0.124122,0,0,0,0,0,0,0,0
253,6,2.49442,2.4842,0,0,0,0,0,1.06254E-15,0.00108086,1.49094,0.632331,0.359846,0,0,0,0,0,0,0,0
253,7,2.66578,2.64864,0,0,0,0,0,0,8.37223E-10,0.0587902,1.4049,1.18495,0,0,0,0,0,0,0,0
253,8,3.44639,3.41234,0,0,0,0,0,0,9.18107E-11,0.00415529,0.265714,3.14248,0,0,0,0,0,0,0,0
254,1,0.439062,0.434074,0,0,0.325625,0.106831,0.00159172,2.61634E-05,1.19788E-07,7.89711E-08,1.77463E-08,1.41953E-08,0.0974371,0.0384108,0.000108987,2.2734E-07,1.23949E-10,5.24006E-11,6.7411E-12,2.83835E-12
254,2,1.09132,1.06676,0,0,0,0.929172,0.135589,0.00197779,9.0552E-06,5.96972E-06,1.34151E-06,1.07307E-06,0,0.326121,0.0499408,0.000113654,6.19661E-08,2.61968E-08,3.37009E-09,1.41898E-09
254,3,1.73717,1.56511,0,0,0,0,1.37049,0.193068,0.000806163,0.00053147,0.000119431,9.55332E-05,0,0,0.538925,0.071886,4.19651E-05,1.77412E-05,2.28232E-06,9.60975E-07
254,4,2.60709,1.95271,0,0,0,0,0,1.72761,0.127923,0.0700793,0.0157217,0.0113698,0,0,0,0.683285,0.0125025,0.00528553,0.000679959,0.000286299
254,5,3.22796,2.30378,0,0,0,0,0,0.000296882,1.09241,0.924747,0.170604,0.115714,0,0,0,0,0,0,0,0
254,6,3.35674,2.40655,0,0,0,0,0,1.07573E-15,0.00111756,1.46923,0.595989,0.340217,0,0,0,0,0,0,0,0
254,7,3.55741,2.59648,0,0,0,0,0,0,8.69708E-10,0.0624712,1.39612,1.13789,0,0,0,0,0,0,0,0
254,8,4.31897,3.37719,0,0,0,0,0,0,9.09894E-11,0.00411915,0.26464,3.10843,0,0,0,0,0,0,0,0
255,1,0.54609,0.54608,0,0,0.361995,0.180942,0.00309149,5.08155E-05,2.32656E-07,1.5338E-07,3.44675E-08,2.75706E-08,0.168569,0.0815747,0.000209781,4.37588E-07,2.3858E-10,1.00862E-10,1.29754E-11,5.46332E-12
255,2,1.54632,1.54629,0,0,0,1.29464,0.247776,0.00384159,1.75885E-05,1.15954E-05,2.6057E-06,2.0843E-06,0,0.607504,0.101184,0.000220003,1.19949E-07,5.07094E-08,6.52354E-09,2.74675E-09
255,3,2.35635,2.35619,0,0,0,0,2.00395,0.349332,0.0015119,0.000996731,0.000223984,0.000179165,0,0,0.940282,0.139812,7.94025E-05,3.35682E-05,4.31839E-06,1.81827E-06
255,4,2.39648,2.39479,0,0,0,0,0,2.08827,0.173461,0.0959722,0.0215303,0.015553,0,0,0,0.887099,0.0169003,0.00714475,0.000919138,0.000387006
255,5,2.42908,2.42305,0,0,0,0,0,0.000307068,1.13631,0.980072,0.18255,0.123816,0,0,0,0,0,0,0,0
255,6,2.49287,2.48273,0,0,0,0,0,1.12307E-15,0.00114244,1.51028,0.617147,0.354165,0,0,0,0,0,0,0,0
255,7,2.66156,2.64456,0,0,0,0,0,0,8.99161E-10,0.0642209,1.42182,1.15852,0,0,0,0,0,0,0,0
255,8,3.43702,3.40315,0,0,0,0,0,0,9.26354E-11,0.0041931,0.269425,3.12954,0,0,0,0,0,0,0,0
256,1,0.395763,0.368201,0,1,0.272117,0.0944845,0.00157346,2.58633E-05,1.18414E-07,7.80655E-08,1.75428E-08,1.40325E-08,0.0942295,0.0400502,0.000104955,2.18929E-07,1.19363E-10,5.0462E-11,6.49171E-12,2.73335E-12
256,2,0.988853,0.979956,0,0,0,0.852041,0.125974,0.00192296,8.80418E-06,5.80423E-06,1.30432E-06,1.04333E-06,0,0.329258,0.0494506,0.000108866,5.93555E-08,2.50931E-08,3.22811E-09,1.3592E-09
256,3,1.46957,1.4561,0,0,0,0,1.26609,0.188463,0.000802597,0.000529119,0.000118903,9.51107E-05,0,0,0.514536,0.0730431,4.20127E-05,1.77613E-05,2.28491E-06,9.62064E-07
256,4,1.52626,1.47879,0,0,0,0,0,1.30024,0.103095,0.0544439,0.0122134,0.00880106,0,0,0,0.486537,0.00919632,0.00388783,0.000500151,0.00021059
256,5,1.49716,1.4601,0,0,0,0,0,0.000199174,0.739552,0.553876,0.0991914,0.0672775,0,0,0,0,0,0,0,0
256,6,1.58715,1.51622,0,0,0,0,0,6.24919E-16,0.000732604,0.967325,0.352257,0.195909,0,0,0,0,0,0,0,0
256,7,1.74871,1.63754,0,0,0,0,0,0,5.16684E-10,0.0400369,0.921667,0.675839,0,0,0,0,0,0,0,0
256,8,2.39027,2.17504,1,0,0,0,0,0,5.62988E-11,0.00254999,0.170477,2.00202,0,0,0,0,0,0,0,0
257,1,0.394227,0.366565,0,1,0.272051,0.0929366,0.00155136,2.55001E-05,1.16751E-07,7.69689E-08,1.72964E-08,1.38354E-08,0.0943288,0.0393523,0.000102982,2.14812E-07,1.17119E-10,4.95131E-11,6.36963E-12,2.68195E-12
257,2,0.983069,0.974078,0,0,0,0.850457,0.121743,0.00186048,8.51811E-06,5.61564E-06,1.26194E-06,1.00943E-06,0,0.328504,0.0475694,0.000104669,5.7067E-08,2.41256E-08,3.10365E-09,1.3068E-09
257,3,1.46913,1.45576,0,0,0,0,1.26925,0.184987,0.000788308,0.000519699,0.000116786,9.34175E-05,0,0,0.515953,0.0714594,4.10903E-05,1.73713E-05,2.23474E-06,9.40943E-07
257,4,1.52599,1.47872,0,0,0,0,0,1.29945,0.103626,0.0545833,0.0122445,0.00881746,0,0,0,0.485919,0.00909131,0.00384344,0.00049444,0.000208185
257,5,1.49715,1.46009,0,0,0,0,0,0.000198623,0.739855,0.553591,0.0991751,0.0672665,0,0,0,0,0,0,0,0
257,6,1.58701,1.51612,0,0,0,0,0,6.26364E-16,0.000734298,0.968198,0.351522,0.195669,0,0,0,0,0,0,0,0
257,7,1.74822,1.63718,0,0,0,0,0,0,5.21016E-10,0.0404602,0.922903,0.673812,0,0,0,0,0,0,0,0
257,8,2.38341,2.16905,1,0,0,0,0,0,5.6517E-11,0.00256002,0.171594,1.9949,0,0,0,0,0,0,0,0
258,1,0.393742,0.366048,0,1,0.272032,0.0924459,0.00154436,0.000025385,1.16224E-07,7.66216E-08,1.72183E-08,1.37729E-08,0.094362,0.0391308,0.000102355,2.13506E-07,1.16407E-10,4.9212E-11,6.33089E-12,2.66564E-12
258,2,0.981073,0.97205,0,0,0,0.849938,0.120256,0.00183856,8.41776E-06,5.54948E-06,1.24707E-06,9.97536E-07,0,0.328258,0.0469067,0.000103189,5.62601E-08,2.37845E-08,3.05977E-09,1.28832E-09
258,3,1.46892,1.45559,0,0,0,0,1.27075,0.183337,0.00078152,0.000515224,0.000115781,0.000092613,0,0,0.516625,0.0707083,0.000040653,1.71864E-05,2.21096E-06,9.30928E-07
258,4,1.526,1.47877,0,0,0,0,0,1.30013,0.103267,0.0543823,0.0121995,0.0087852,0,0,0,0.486424,0.00905101,0.0038264,0.000492249,0.000207263
258,5,1.49715,1.46009,0,0,0,0,0,0.000198324,0.739752,0.553679,0.0991859,0.0672738,0,0,0,0,0,0,0,0
258,6,1.58704,1.51614,0,0,0,0,0,6.2568E-16,0.000733496,0.968081,0.351619,0.195708,0,0,0,0,0,0,0,0
258,7,1.74823,1.63718,0,0,0,0,0,0,5.20954E-10,0.040454,0.922889,0.673837,0,0,0,0,0,0,0,0
258,8,2.38278,2.1685,1,0,0,0,0,0,5.6541E-11,0.00256112,0.171715,1.99422,0,0,0,0,0,0,0,0
259,1,0.393637,0.365936,0,1,0.272022,0.0923454,0.00154291,2.53612E-05,1.16115E-07,7.65496E-08,1.72022E-08,1.376E-08,0.0943672,0.0390851,0.000102227,2.13237E-07,1.1626E-10,4.91502E-11,6.32294E-12,2.66229E-12
259,2,0.980753,0.971725,0,0,0,0.849856,0.120017,0.00183504,8.40164E-06,5.53886E-06,1.24469E-06,9.95625E-07,0,0.328218,0.0468002,0.000102951,5.61304E-08,2.37297E-08,3.05271E-09,1.28535E-09
259,3,1.46889,1.45557,0,0,0,0,1.27096,0.183101,0.000780545,0.000514582,0.000115636,9.24975E-05,0,0,0.516719,0.0706017,0.000040591,1.71602E-05,2.20759E-06,9.29509E-07
259,4,1.52597,1.47875,0,0,0,0,0,1.29978,0.103471,0.0544713,0.0122194,0.00879871,0,0,0,0.486179,0.00905226,0.00382693,0.000492317,0.000207291
259,5,1.49715,1.46009,0,0,0,0,0,0.000198087,0.7396,0.553814,0.0991997,0.0672832,0,0,0,0,0,0,0,0
259,6,1.58718,1.51623,0,0,0,0,0,6.23524E-16,0.000730968,0.967312,0.352263,0.195927,0,0,0,0,0,0,0,0
259,7,1.74867,1.63752,0,0,0,0,0,0,5.17024E-10,0.0400707,0.921741,0.675705,0,0,0,0,0,0,0,0
259,8,2.38337,2.169,1,0,0,0,0,0,5.64905E-11,0.0025588,0.171457,1.99498,0,0,0,0,0,0,0,0
260,1,0.393771,0.36608,0,1,0.272012,0.0924967,0.00154502,2.53959E-05,1.16273E-07,7.66544E-08,1.72257E-08,1.37788E-08,0.0943518,0.0391526,0.00010242,2.1364E-07,1.1648E-10,4.9243E-11,6.33488E-12,2.66732E-12
260,2,0.981607,0.972593,0,0,0,0.85007,0.120661,0.00184452,8.44502E-06,5.56746E-06,1.25111E-06,1.00077E-06,0,0.32832,0.0470875,0.000103593,5.64803E-08,2.38776E-08,3.07175E-09,1.29336E-09
260,3,1.46901,1.45566,0,0,0,0,1.27005,0.184098,0.000784634,0.000517277,0.000116242,0.000092982,0,0,0.516309,0.0710577,4.08568E-05,1.72726E-05,2.22204E-06,9.35596E-07
260,4,1.52584,1.47863,0,0,0,0,0,1.29789,0.104543,0.0549836,0.0123343,0.00887826,0,0,0,0.484811,0.00909662,0.00384568,0.000494729,0.000208307
260,5,1.49715,1.4601,0,0,0,0,0,0.000197758,0.739339,0.554047,0.0992224,0.0672986,0,0,0,0,0,0,0,0
260,6,1.58747,1.51642,0,0,0,0,0,6.19251E-16,0.000725957,0.965718,0.353598,0.196379,0,0,0,0,0,0,0,0
260,7,1.74957,1.63819,0,0,0,0,0,0,5.09186E-10,0.0393065,0.919447,0.679439,0,0,0,0,0,0,0,0
260,8,2.38504,2.17041,1,0,0,0,0,0,5.63734E-11,0.0025534,0.17086,1.997,0,0,0,0,0,0,0,0
261,1,0.394216,0.366556,0,1,0.272001,0.0929773,0.00155179,2.55071E-05,1.16783E-07,7.69902E-08,1.73012E-08,1.38392E-08,0.0943102,0.0393678,0.000103033,2.14919E-07,1.17177E-10,4.95378E-11,6.3728E-12,2.68328E-12
261,2,0.983954,0.974976,0,0,0,0.850677,0.122412,0.00187032,8.56317E-06,5.64535E-06,1.26862E-06,1.01477E-06,0,0.328608,0.0478681,0.000105336,5.74309E-08,2.42795E-08,3.12344E-09,1.31513E-09
261,3,1.4693,1.45589,0,0,0,0,1.26791,0.186445,0.000794261,0.000523624,0.000117668,9.41229E-05,0,0,0.515343,0.0721322,4.14833E-05,1.75375E-05,2.25612E-06,9.49942E-07
261,4,1.52569,1.47844,0,0,0,0,0,1.2948,0.106265,0.055835,0.0125252,0.00901167,0,0,0,0.482588,0.00919758,0.00388836,0.00050022,0.000210619
261,5,1.49716,1.46012,0,0,0,0,0,0.000197343,0.73884,0.554496,0.0992635,0.0673264,0,0,0,0,0,0,0,0
261,6,1.58795,1.51673,0,0,0,0,0,6.12252E-16,0.000717749,0.963072,0.355816,0.197129,0,0,0,0,0,0,0,0
261,7,1.75084,1.63915,0,0,0,0,0,0,4.98033E-10,0.0382191,0.91618,0.684753,0,0,0,0,0,0,0,0
261,8,2.38919,2.17399,1,0,0,0,0,0,5.61619E-11,0.00254367,0.169785,2.00166,0,0,0,0,0,0,0,0
262,1,0.395278,0.367689,0,1,0.27202,0.0940751,0.00156738,2.57634E-05,1.17956E-07,7.77639E-08,1.7475E-08,1.39783E-08,0.0942309,0.0398615,0.000104433,2.17839E-07,1.18769E-10,5.02108E-11,6.45938E-12,2.71974E-12
262,2,0.988158,0.979249,0,0,0,0.851813,0.125502,0.00191593,0.000008772,5.78302E-06,1.29956E-06,1.03951E-06,0,0.329147,0.0492432,0.000108405,5.91042E-08,2.49869E-08,3.21445E-09,1.35345E-09
262,3,1.46973,1.45622,0,0,0,0,1.2646,0.190066,0.000809103,0.000533408,0.000119867,9.58817E-05,0,0,0.513844,0.0737935,4.24522E-05,1.79471E-05,2.30881E-06,9.72129E-07
262,4,1.52568,1.47828,0,0,0,0,0,1.29186,0.107874,0.056684,0.0127156,0.00914759,0,0,0,0.480545,0.00936362,0.00395856,0.00050925,0.000214421
262,5,1.49718,1.46016,0,0,0,0,0,0.000196778,0.737846,0.555394,0.0993426,0.0673801,0,0,0,0,0,0,0,0
262,6,1.5886,1.51716,0,0,0,0,0,6.02778E-16,0.000706639,0.959536,0.358777,0.198136,0,0,0,0,0,0,0,0
262,7,1.75215,1.64014,0,0,0,0,0,0,4.86528E-10,0.0370967,0.912834,0.690208,0,0,0,0,0,0,0,0
262,8,2.39808,2.18176,1,0,0,0,0,0,5.58669E-11,0.00253011,0.16827,2.01096,0,0,0,0,0,0,0,0
263,1,0.395924,0.368382,0,1,0.271979,0.0947989,0.0015775,2.59298E-05,1.18718E-07,7.82659E-08,1.75878E-08,1.40685E-08,0.0941587,0.0401849,0.000105357,2.19767E-07,1.19821E-10,5.06553E-11,6.51657E-12,2.74382E-12
263,2,0.991517,0.982661,0,0,0,0.852649,0.128041,0.0019533,8.94306E-06,5.89579E-06,1.3249E-06,1.05979E-06,0,0.329541,0.0503769,0.000110939,6.04856E-08,2.55709E-08,3.28958E-09,1.38508E-09
263,3,1.47012,1.45652,0,0,0,0,1.26174,0.1932,0.000821953,0.00054188,0.000121771,9.74044E-05,0,0,0.512552,0.0752289,4.32892E-05,1.83009E-05,2.35433E-06,9.91297E-07
263,4,1.52548,1.47805,0,0,0,0,0,1.28819,0.10993,0.05769,0.0129412,0.00930482,0,0,0,0.477903,0.00947368,0.00400509,0.000515236,0.000216941
263,5,1.49718,1.46018,0,0,0,0,0,0.000196308,0.73736,0.555829,0.0993833,0.0674077,0,0,0,0,0,0,0,0
263,6,1.58904,1.51744,0,0,0,0,0,5.96328E-16,0.000699075,0.957091,0.360826,0.198828,0,0,0,0,0,0,0,0
263,7,1.75299,1.64078,0,0,0,0,0,0,4.79153E-10,0.0363778,0.91067,0.693726,0,0,0,0,0,0,0,0
263,8,2.40031,2.18369,1,0,0,0,0,0,5.57563E-11,0.00252502,0.167707,2.01345,0,0,0,0,0,0,0,0
264,1,0.396643,0.369154,0,1,0.271941,0.095597,0.00158868,2.61136E-05,1.1956E-07,7.88208E-08,1.77125E-08,1.41682E-08,0.0940807,0.0405423,0.000106378,2.21896E-07,1.20981E-10,5.11459E-11,6.57968E-12,2.77039E-12
264,2,0.994573,0.985765,0,0,0,0.853408,0.130351,0.0019873,9.09874E-06,5.99843E-06,1.34796E-06,1.07823E-06,0,0.329899,0.0514087,0.000113245,6.17429E-08,2.61024E-08,3.35796E-09,1.41387E-09
264,3,1.47043,1.45677,0,0,0,0,1.25937,0.195798,0.000832608,0.000548904,0.000123349,9.86671E-05,0,0,0.511481,0.0764187,0.000043983,1.85942E-05,2.39206E-06,1.00718E-06
264,4,1.5253,1.47787,0,0,0,0,0,1.28524,0.111583,0.0584903,0.0131206,0.0094295,0,0,0,0.475781,0.00955218,0.00403827,0.000519505,0.000218739
264,5,1.49719,1.46019,0,0,0,0,0,0.000195947,0.737041,0.556116,0.0994106,0.0674262,0,0,0,0,0,0,0,0
264,6,1.58934,1.51764,0,0,0,0,0,5.91923E-16,0.000693908,0.955432,0.362216,0.199298,0,0,0,0,0,0,0,0
264,7,1.7535,1.64116,0,0,0,0,0,0,4.74735E-10,0.0359471,0.909373,0.695835,0,0,0,0,0,0,0,0
264,8,2.4008,2.18409,1,0,0,0,0,0,5.57117E-11,0.00252297,0.167481,2.01409,0,0,0,0,0,0,0,0
265,1,0.397921,0.370519,0,1,0.271925,0.0969589,0.00160791,2.64296E-05,1.21006E-07,7.97746E-08,1.79269E-08,1.43397E-08,0.0939679,0.0411531,0.000108115,2.2552E-07,1.22957E-10,5.19812E-11,6.68714E-12,2.81564E-12
265,2,0.998649,0.989907,0,0,0,0.854503,0.133354,0.00203161,9.3016E-06,6.13216E-06,1.37801E-06,1.10227E-06,0,0.330416,0.0527455,0.000116229,6.33697E-08,2.67902E-08,3.44643E-09,1.45113E-09
265,3,1.47074,1.45701,0,0,0,0,1.25698,0.198404,0.00084328,0.00055594,0.00012493,9.99318E-05,0,0,0.510399,0.0776159,4.46814E-05,1.88895E-05,2.43005E-06,1.02318E-06
265,4,1.5254,1.47783,0,0,0,0,0,1.28433,0.112054,0.0587819,0.013186,0.00947823,0,0,0,0.475195,0.00965561,0.004082,0.00052513,0.000221107
265,5,1.4972,1.46021,0,0,0,0,0,0.000195671,0.73636,0.556732,0.0994636,0.0674622,0,0,0,0,0,0,0,0
265,6,1.58967,1.51786,0,0,0,0,0,5.87057E-16,0.000688202,0.953634,0.363721,0.199813,0,0,0,0,0,0,0,0
265,7,1.75392,1.64147,0,0,0,0,0,0,4.71006E-10,0.0355829,0.9083,0.697589,0,0,0,0,0,0,0,0
265,8,2.40538,2.18812,1,0,0,0,0,0,5.55861E-11,0.00251719,0.166833,2.01877,0,0,0,0,0,0,0,0
266,1,0.544616,0.544606,0,0,0.361377,0.180101,0.00307653,5.05697E-05,2.31531E-07,1.52639E-07,3.43008E-08,2.74372E-08,0.168327,0.0811423,0.000208699,4.35331E-07,2.37349E-10,1.00342E-10,1.29085E-11,5.43514E-12
266,2,1.55209,1.55207,0,0,0,1.2955,0.252622,0.0039142,0.000017921,1.18145E-05,2.65495E-06,2.1237E-06,0,0.607845,0.103487,0.000225077,1.22716E-07,5.18792E-08,6.67402E-09,2.81011E-09
266,3,2.35766,2.35749,0,0,0,0,1.98771,0.366721,0.00158471,0.00104473,0.000234771,0.000187794,0,0,0.932473,0.148209,8.42279E-05,3.56081E-05,4.58083E-06,1.92877E-06
266,4,2.39712,2.39533,0,0,0,0,0,2.05279,0.194731,0.106664,0.0239272,0.0172109,0,0,0,0.858764,0.0177778,0.00751574,0.000966865,0.000407101
266,5,2.42917,2.42313,0,0,0,0,0,0.000300262,1.13132,0.984343,0.183028,0.124141,0,0,0,0,0,0,0,0
266,6,2.49472,2.48448,0,0,0,0,0,1.05246E-15,0.0010706,1.48708,0.635389,0.360949,0,0,0,0,0,0,0,0
266,7,2.66664,2.64947,0,0,0,0,0,0,8.24669E-10,0.0576906,1.40142,1.19036,0,0,0,0,0,0,0,0
266,8,3.44418,3.41017,0,0,0,0,0,0,9.18109E-11,0.00415529,0.265704,3.14031,0,0,0,0,0,0,0,0
267,1,0.545107,0.545097,0,0,0.361263,0.180697,0.0030856,5.07188E-05,2.32213E-07,1.53089E-07,3.4402E-08,2.75181E-08,0.168247,0.081447,0.000209524,4.37053E-07,2.38288E-10,1.00738E-10,1.29595E-11,5.45664E-12
267,2,1.55439,1.55437,0,0,0,1.29614,0.254254,0.00393894,1.80342E-05,1.18892E-05,2.67174E-06,2.13712E-06,0,0.608143,0.104242,0.000226734,1.23619E-07,5.2261E-08,6.72314E-09,2.83079E-09
267,3,2.35772,2.35755,0,0,0,0,1.98689,0.367602,0.00158839,0.00104716,0.000235317,0.00018823,0,0,0.932074,0.148636,8.44735E-05,0.000035712,4.59418E-06,1.93439E-06
267,4,2.3971,2.39531,0,0,0,0,0,2.05435,0.193736,0.10624,0.0238324,0.0171497,0,0,0,0.860054,0.0178439,0.00754367,0.000970458,0.000408614
267,5,2.42917,2.42314,0,0,0,0,0,0.000300546,1.13098,0.984648,0.183052,0.124157,0,0,0,0,0,0,0,0
267,6,2.49476,2.48453,0,0,0,0,0,1.05131E-15,0.00106944,1.4865,0.63584,0.361113,0,0,0,0,0,0,0,0
267,7,2.66672,2.64956,0,0,0,0,0,0,8.2337E-10,0.0575763,1.40108,1.1909,0,0,0,0,0,0,0,0
267,8,3.44768,3.4136,0,0,0,0,0,0,9.16747E-11,0.00414906,0.2651,3.14435,0,0,0,0,0,0,0,0
268,1,0.544046,0.544036,0,0,0.361489,0.179428,0.00306623,5.04004E-05,2.30756E-07,1.52128E-07,3.4186E-08,2.73454E-08,0.168412,0.0807967,0.000207766,4.33385E-07,2.36288E-10,9.9893E-11,1.28508E-11,5.41084E-12
268,2,1.55017,1.55014,0,0,0,1.29517,0.251048,0.00389063,1.78131E-05,1.17434E-05,2.63897E-06,2.11091E-06,0,0.607708,0.102743,0.000223437,1.21821E-07,5.15011E-08,6.62539E-09,2.78963E-09
268,3,2.35743,2.35726,0,0,0,0,1.99015,0.364074,0.00157357,0.00103739,0.000233122,0.000186474,0,0,0.933629,0.146949,8.35053E-05,3.53027E-05,4.54153E-06,1.91222E-06
268,4,2.39703,2.39525,0,0,0,0,0,2.05816,0.191453,0.105088,0.0235739,0.0169706,0,0,0,0.863099,0.0177426,0.00750085,0.00096495,0.000406295
268,5,2.42916,2.42313,0,0,0,0,0,0.000301144,1.13144,0.984254,0.183009,0.124127,0,0,0,0,0,0,0,0
268,6,2.49457,2.48435,0,0,0,0,0,1.05816E-15,0.0010764,1.4889,0.633953,0.360418,0,0,0,0,0,0,0,0
268,7,2.66633,2.64918,0,0,0,0,0,0,8.29115E-10,0.05808,1.40265,1.18844,0,0,0,0,0,0,0,0
268,8,3.44737,3.41331,0,0,0,0,0,0,9.17197E-11,0.00415112,0.265304,3.14385,0,0,0,0,0,0,0,0
269,1,0.541428,0.541418,0,0,0.361997,0.176351,0.00301915,4.96265E-05,2.27212E-07,1.49792E-07,3.36611E-08,2.69255E-08,0.168792,0.0792208,0.000203508,4.24503E-07,2.31445E-10,9.78457E-11,1.25874E-11,5.29995E-12
269,2,1.53936,1.53934,0,0,0,1.29247,0.243061,0.00377001,1.72608E-05,1.13793E-05,2.55716E-06,2.04547E-06,0,0.606482,0.0990239,0.000215266,1.17366E-07,4.96178E-08,6.38311E-09,2.68762E-09
269,3,2.3568,2.35663,0,0,0,0,1.9973,0.356366,0.0015412,0.00101605,0.000228326,0.000182638,0,0,0.937035,0.143259,8.13874E-05,3.44073E-05,4.42634E-06,1.86372E-06
269,4,2.39692,2.39516,0,0,0,0,0,2.06371,0.188215,0.103353,0.0231849,0.0166957,0,0,0,0.867487,0.0174649,0.00738347,0.000949849,0.000399936
269,5,2.42914,2.42311,0,0,0,0,0,0.000301872,1.13271,0.983152,0.182899,0.124053,0,0,0,0,0,0,0,0
269,6,2.49413,2.48393,0,0,0,0,0,1.07351E-15,0.00109201,1.49445,0.629582,0.358809,0,0,0,0,0,0,0,0
269,7,2.66536,2.64824,0,0,0,0,0,0,8.43416E-10,0.0593342,1.40655,1.18235,0,0,0,0,0,0,0,0
269,8,3.44324,3.40925,0,0,0,0,0,0,9.19687E-11,0.00416253,0.266418,3.13867,0,0,0,0,0,0,0,0
270,1,0.394922,0.36732,0,1,0.271885,0.0938453,0.00156372,2.57033E-05,1.17681E-07,7.75824E-08,1.74342E-08,1.39457E-08,0.0941915,0.0397556,0.00010415,2.17249E-07,1.18447E-10,5.00747E-11,6.44188E-12,2.71237E-12
270,2,0.987763,0.978848,0,0,0,0.85173,0.125189,0.00191134,8.75099E-06,5.76917E-06,1.29644E-06,1.03702E-06,0,0.329109,0.0491023,0.00010809,5.8932E-08,2.49141E-08,3.20508E-09,1.34951E-09
270,3,1.46964,1.45615,0,0,0,0,1.26531,0.189287,0.000805916,0.000531307,0.000119395,0.000095504,0,0,0.514169,0.0734351,0.000042243,1.78586E-05,2.29743E-06,9.67339E-07
270,4,1.52584,1.47841,0,0,0,0,0,1.29391,0.106702,0.0561356,0.0125927,0.0090631,0,0,0,0.482035,0.0093311,0.00394481,0.000507482,0.000213676
270,5,1.49717,1.46015,0,0,0,0,0,0.000197193,0.738168,0.555107,0.0993145,0.0673611,0,0,0,0,0,0,0,0
270,6,1.58814,1.51687,0,0,0,0,0,6.0975E-16,0.000714815,0.961932,0.356773,0.197446,0,0,0,0,0,0,0,0
270,7,1.75146,1.63962,0,0,0,0,0,0,4.9262E-10,0.037691,0.914605,0.68732,0,0,0,0,0,0,0,0
270,8,2.39782,2.18156,1,0,0,0,0,0,5.59122E-11,0.00253219,0.168501,2.01052,0,0,0,0,0,0,0,0
271,1,0.393889,0.366221,0,1,0.271858,0.0927883,0.00154868,2.54561E-05,1.16549E-07,7.68362E-08,1.72666E-08,1.38115E-08,0.0942621,0.0392808,0.000102804,2.14442E-07,1.16917E-10,4.94278E-11,6.35866E-12,2.67733E-12
271,2,0.983433,0.974448,0,0,0,0.850556,0.12201,0.00186442,8.53615E-06,5.62754E-06,1.26461E-06,1.01157E-06,0,0.328553,0.0476879,0.000104933,5.72112E-08,2.41866E-08,3.11149E-09,1.3101E-09
271,3,1.46919,1.45581,0,0,0,0,1.26875,0.185537,0.000790552,0.000521179,0.000117119,9.36834E-05,0,0,0.515723,0.0717134,4.12387E-05,1.74341E-05,2.24281E-06,9.44341E-07
271,4,1.52587,1.47859,0,0,0,0,0,1.2972,0.104924,0.0551725,0.0123767,0.0089098,0,0,0,0.48448,0.00916271,0.00387362,0.000498323,0.00020982
271,5,1.49715,1.4601,0,0,0,0,0,0.000197661,0.739424,0.553968,0.0992175,0.0672952,0,0,0,0,0,0,0,0
271,6,1.58699,1.51613,0,0,0,0,0,6.2787E-16,0.000736065,0.967883,0.351799,0.195709,0,0,0,0,0,0,0,0
271,7,1.74966,1.63826,0,0,0,0,0,0,5.08484E-10,0.0392394,0.919198,0.679822,0,0,0,0,0,0,0,0
271,8,2.38684,2.17198,1,0,0,0,0,0,5.63038E-11,0.00255021,0.170506,1.99892,0,0,0,0,0,0,0,0
272,1,0.393697,0.366016,0,1,0.271846,0.092598,0.00154596,2.54112E-05,1.16344E-07,7.67008E-08,1.72361E-08,1.37872E-08,0.0942718,0.0391952,0.000102563,2.13938E-07,1.16642E-10,4.93116E-11,6.34371E-12,2.67103E-12
272,2,0.982363,0.973361,0,0,0,0.850298,0.121193,0.00185241,8.48117E-06,5.59129E-06,1.25647E-06,1.00505E-06,0,0.328431,0.0473228,0.000104117,5.67661E-08,2.39984E-08,3.08729E-09,1.29991E-09
272,3,1.46902,1.45567,0,0,0,0,1.27006,0.184103,0.000784676,0.000517305,0.000116248,0.000092987,0,0,0.516316,0.0710557,4.08551E-05,1.72719E-05,2.22195E-06,9.35557E-07
272,4,1.52614,1.47878,0,0,0,0,0,1.30012,0.103349,0.0543402,0.0121901,0.00878291,0,0,0,0.487142,0.00914275,0.00386518,0.000497238,0.000209363
272,5,1.49713,1.46007,0,0,0,0,0,0.000198204,0.740433,0.553056,0.0991383,0.0672415,0,0,0,0,0,0,0,0
272,6,1.58574,1.51535,0,0,0,0,0,6.50178E-16,0.000762232,0.973804,0.346868,0.193916,0,0,0,0,0,0,0,0
272,7,1.74861,1.63747,0,0,0,0,0,0,5.17767E-10,0.0401456,0.921878,0.675443,0,0,0,0,0,0,0,0
272,8,2.38697,2.17216,1,0,0,0,0,0,5.6396E-11,0.00255445,0.170968,1.99864,0,0,0,0,0,0,0,0
273,1,0.393752,0.366076,0,1,0.271827,0.0926764,0.00154701,2.54285E-05,1.16423E-07,7.6753E-08,1.72479E-08,1.37966E-08,0.0942576,0.03923,0.000102664,2.14149E-07,1.16758E-10,4.93604E-11,6.34998E-12,2.67367E-12
273,2,0.98284,0.973845,0,0,0,0.850412,0.121558,0.00185777,8.50569E-06,5.60745E-06,1.2601E-06,1.00796E-06,0,0.328485,0.0474857,0.000104481,5.69647E-08,2.40824E-08,3.09809E-09,1.30446E-09
273,3,1.4691,1.45573,0,0,0,0,1.26949,0.184727,0.000787238,0.000518994,0.000116628,9.32906E-05,0,0,0.516059,0.071341,4.10214E-05,1.73422E-05,2.23099E-06,9.39365E-07
273,4,1.52606,1.47871,0,0,0,0,0,1.29898,0.103999,0.0546454,0.0122585,0.00883023,0,0,0,0.486333,0.00916738,0.0038756,0.000498577,0.000209927
273,5,1.49713,1.46007,0,0,0,0,0,0.000197984,0.740296,0.553177,0.0991507,0.0672499,0,0,0,0,0,0,0,0
273,6,1.58584,1.51542,0,0,0,0,0,6.48524E-16,0.000760292,0.973261,0.347322,0.194072,0,0,0,0,0,0,0,0
273,7,1.7489,1.63769,0,0,0,0,0,0,5.15234E-10,0.0398986,0.921141,0.676645,0,0,0,0,0,0,0,0
273,8,2.38746,2.17258,1,0,0,0,0,0,5.63616E-11,0.00255287,0.170792,1.99924,0,0,0,0,0,0,0,0
274,1,0.394118,0.36647,0,1,0.271799,0.0930915,0.0015528,2.55237E-05,1.16859E-07,7.70403E-08,1.73124E-08,1.38482E-08,0.0942144,0.0394155,0.000103195,2.15256E-07,1.17361E-10,4.96155E-11,6.3828E-12,2.68749E-12
274,2,0.985203,0.976246,0,0,0,0.850985,0.123359,0.00188426,8.62697E-06,5.68741E-06,1.27807E-06,1.02233E-06,0,0.328755,0.0482909,0.000106281,5.79462E-08,2.44973E-08,3.15147E-09,1.32693E-09
274,3,1.46945,1.45601,0,0,0,0,1.26684,0.187627,0.00079913,0.000526833,0.00011839,9.46998E-05,0,0,0.514864,0.0726692,4.17959E-05,1.76696E-05,2.27312E-06,9.571E-07
274,4,1.52564,1.47838,0,0,0,0,0,1.29384,0.106825,0.0560768,0.0125794,0.00905015,0,0,0,0.48207,0.00923921,0.00390596,0.000502484,0.000211572
274,5,1.49715,1.46012,0,0,0,0,0,0.000197121,0.739042,0.554308,0.0992514,0.0673182,0,0,0,0,0,0,0,0
274,6,1.5873,1.51633,0,0,0,0,0,6.22904E-16,0.000730241,0.966213,0.353196,0.196191,0,0,0,0,0,0,0,0
274,7,1.75037,1.6388,0,0,0,0,0,0,5.02242E-10,0.0386306,0.917378,0.682786,0,0,0,0,0,0,0,0
274,8,2.38793,2.1729,1,0,0,0,0,0,5.62235E-11,0.00254651,0.170098,2.00026,0,0,0,0,0,0,0,0
275,1,0.395582,0.368034,0,1,0.271784,0.094648,0.00157478,2.58851E-05,1.18513E-07,7.81311E-08,1.75575E-08,1.40443E-08,0.0940893,0.0401129,0.000105178,2.19394E-07,1.19617E-10,5.05692E-11,6.5055E-12,2.73915E-12
275,2,0.991867,0.983016,0,0,0,0.852743,0.128298,0.0019571,8.96047E-06,5.90727E-06,1.32748E-06,1.06185E-06,0,0.329586,0.0504915,0.000111195,6.0625E-08,2.56298E-08,3.29716E-09,1.38827E-09
275,3,1.47011,1.45652,0,0,0,0,1.26181,0.193131,0.00082168,0.0005417,0.00012173,9.73721E-05,0,0,0.512585,0.0751949,4.32691E-05,1.82924E-05,2.35324E-06,9.90836E-07
275,4,1.52559,1.47813,0,0,0,0,0,1.28947,0.109191,0.057352,0.0128654,0.00925317,0,0,0,0.478838,0.00946279,0.00400048,0.000514644,0.000216692
275,5,1.49718,1.46017,0,0,0,0,0,0.00019664,0.737613,0.555604,0.0993612,0.0673927,0,0,0,0,0,0,0,0
275,6,1.58857,1.51714,0,0,0,0,0,6.03125E-16,0.000707044,0.959637,0.358693,0.198106,0,0,0,0,0,0,0,0
275,7,1.75218,1.64016,0,0,0,0,0,0,4.86276E-10,0.0370722,0.912755,0.690334,0,0,0,0,0,0,0,0
275,8,2.39949,2.18299,1,0,0,0,0,0,5.58191E-11,0.00252791,0.168029,2.01243,0,0,0,0,0,0,0,0
276,1,0.544383,0.544372,0,0,0.3613,0.179947,0.00307395,5.05272E-05,2.31336E-07,1.5251E-07,3.4272E-08,2.74142E-08,0.168296,0.0810667,0.000208503,4.34923E-07,2.37127E-10,1.00248E-10,1.28964E-11,5.43005E-12
276,2,1.55158,1.55156,0,0,0,1.29554,0.252071,0.0039061,1.78839E-05,1.17901E-05,2.64946E-06,2.11931E-06,0,0.60788,0.103218,0.000224479,1.22389E-07,5.17413E-08,6.65628E-09,2.80264E-09
276,3,2.35747,2.3573,0,0,0,0,1.9898,0.364461,0.00157521,0.00103847,0.000233364,0.000186668,0,0,0.933465,0.14713,0.000083609,3.53465E-05,4.54717E-06,1.9146E-06
276,4,2.39702,2.39524,0,0,0,0,0,2.0589,0.191008,0.104872,0.0235256,0.0169377,0,0,0,0.863685,0.0177349,0.00749758,0.000964528,0.000406117
276,5,2.42916,2.42313,0,0,0,0,0,0.000301332,1.13157,0.98414,0.182996,0.124119,0,0,0,0,0,0,0,0
276,6,2.49439,2.48417,0,0,0,0,0,1.06366E-15,0.00108199,1.49131,0.632041,0.359738,0,0,0,0,0,0,0,0
276,7,2.66573,2.64859,0,0,0,0,0,0,8.37978E-10,0.0588564,1.4051,1.18463,0,0,0,0,0,0,0,0
276,8,3.44637,3.41233,0,0,0,0,0,0,9.18154E-11,0.00415551,0.265735,3.14244,0,0,0,0,0,0,0,0
277,1,0.439044,0.434056,0,0,0.325594,0.106844,0.00159177,2.61643E-05,1.19792E-07,7.89738E-08,1.77469E-08,1.41958E-08,0.0974292,0.0384125,0.000108999,2.27364E-07,1.23962E-10,5.24062E-11,6.74182E-12,2.83866E-12
277,2,1.09141,1.06684,0,0,0,0.929193,0.135654,0.00197869,9.05934E-06,5.97245E-06,1.34212E-06,1.07357E-06,0,0.326133,0.0499671,0.000113716,6.19995E-08,2.62109E-08,3.37191E-09,1.41975E-09
277,3,1.73721,1.56513,0,0,0,0,1.37045,0.193118,0.000806364,0.000531603,0.000119461,9.55572E-05,0,0,0.538913,0.0719075,4.19779E-05,1.77465E-05,2.28301E-06,9.61267E-07
277,4,2.60717,1.95275,0,0,0,0,0,1.72757,0.127976,0.0701053,0.0157276,0.0113739,0,0,0,0.683241,0.0125047,0.00528647,0.000680079,0.000286349
277,5,3.22796,2.30378,0,0,0,0,0,0.000296841,1.09238,0.924774,0.170607,0.115716,0,0,0,0,0,0,0,0
277,6,3.35677,2.40657,0,0,0,0,0,1.07522E-15,0.00111703,1.46906,0.596125,0.340267,0,0,0,0,0,0,0,0
277,7,3.55747,2.59654,0,0,0,0,0,0,8.68951E-10,0.0624041,1.39592,1.13822,0,0,0,0,0,0,0,0
277,8,4.31907,3.3773,0,0,0,0,0,0,9.09794E-11,0.00411869,0.264595,3.10858,0,0,0,0,0,0,0,0
278,1,0.546069,0.546059,0,0,0.361953,0.180962,0.00309171,5.08192E-05,2.32673E-07,1.53392E-07,3.44701E-08,2.75726E-08,0.168548,0.0815865,0.000209816,4.37662E-07,2.3862E-10,1.00879E-10,1.29776E-11,5.46424E-12
278,2,1.54652,1.5465,0,0,0,1.29469,0.247931,0.00384393,1.75992E-05,1.16024E-05,2.60729E-06,2.08557E-06,0,0.607527,0.101257,0.000220162,1.20036E-07,5.07462E-08,6.52826E-09,2.74874E-09
278,3,2.35637,2.3562,0,0,0,0,2.0038,0.349491,0.00151257,0.000997173,0.000224084,0.000179245,0,0,0.940213,0.139887,7.94461E-05,3.35866E-05,4.32076E-06,1.81927E-06
278,4,2.39648,2.39479,0,0,0,0,0,2.08806,0.173587,0.0960358,0.0215445,0.0155629,0,0,0,0.886931,0.0169056,0.00714702,0.00091943,0.000387129
278,5,2.42908,2.42305,0,0,0,0,0,0.000307002,1.13626,0.980113,0.182555,0.12382,0,0,0,0,0,0,0,0
278,6,2.49288,2.48275,0,0,0,0,0,1.12239E-15,0.00114174,1.51006,0.617315,0.354228,0,0,0,0,0,0,0,0
278,7,2.66162,2.64462,0,0,0,0,0,0,8.98272E-10,0.064143,1.42158,1.1589,0,0,0,0,0,0,0,0
278,8,3.4371,3.40324,0,0,0,0,0,0,9.26249E-11,0.00419262,0.269378,3.12967,0,0,0,0,0,0,0,0
279,1,0.395751,0.36819,0,1,0.272094,0.0944965,0.00157356,0.000025865,1.18421E-07,7.80705E-08,1.75439E-08,1.40334E-08,0.0942185,0.0400552,0.000104973,2.18965E-07,1.19383E-10,5.04703E-11,6.49277E-12,2.7338E-12
279,2,0.988991,0.980096,0,0,0,0.852074,0.126079,0.0019245,8.81123E-06,5.80888E-06,1.30537E-06,1.04416E-06,0,0.329274,0.0494974,0.000108971,5.94125E-08,2.51172E-08,3.23122E-09,1.36051E-09
279,3,1.46959,1.45611,0,0,0,0,1.26596,0.188608,0.000803194,0.000529513,0.000118992,9.51815E-05,0,0,0.514476,0.0731095,4.20514E-05,1.77776E-05,2.28701E-06,9.62952E-07
279,4,1.52625,1.47878,0,0,0,0,0,1.29999,0.103236,0.0545099,0.0122282,0.00881126,0,0,0,0.486361,0.00920115,0.00388987,0.000500414,0.000210701
279,5,1.49716,1.4601,0,0,0,0,0,0.0001991,0.739505,0.553918,0.0991957,0.0672804,0,0,0,0,0,0,0,0
279,6,1.58719,1.51625,0,0,0,0,0,6.24365E-16,0.000731955,0.96715,0.352403,0.19596,0,0,0,0,0,0,0,0
279,7,1.74879,1.6376,0,0,0,0,0,0,5.1599E-10,0.0399691,0.921465,0.676168,0,0,0,0,0,0,0,0
279,8,2.39034,2.1751,1,0,0,0,0,0,5.62913E-11,0.00254964,0.170439,2.00212,0,0,0,0,0,0,0,0
280,1,0.394222,0.366561,0,1,0.272028,0.0929561,0.00155157,2.55035E-05,1.16766E-07,7.69792E-08,1.72987E-08,1.38372E-08,0.0943169,0.0393607,0.000103009,2.14869E-07,1.1715E-10,4.95261E-11,6.37131E-12,2.68265E-12
280,2,0.983246,0.974258,0,0,0,0.8505,0.121878,0.00186247,8.5272E-06,5.62163E-06,1.26329E-06,1.0105E-06,0,0.328525,0.0476296,0.000104803,5.71404E-08,2.41567E-08,3.10764E-09,1.30848E-09
280,3,1.46916,1.45578,0,0,0,0,1.26905,0.185212,0.00078923,0.000520307,0.000116923,9.35266E-05,0,0,0.515861,0.071562,4.11501E-05,1.73966E-05,2.23799E-06,9.42312E-07
280,4,1.52596,1.47869,0,0,0,0,0,1.29901,0.103874,0.0546991,0.0122705,0.00883536,0,0,0,0.485609,0.00909939,0.00384685,0.00049488,0.00020837
280,5,1.49715,1.46009,0,0,0,0,0,0.000198502,0.739778,0.553659,0.099182,0.0672712,0,0,0,0,0,0,0,0
280,6,1.58706,1.51616,0,0,0,0,0,6.2549E-16,0.000733274,0.967924,0.351752,0.195749,0,0,0,0,0,0,0,0
280,7,1.74835,1.63727,0,0,0,0,0,0,5.19892E-10,0.0403505,0.922577,0.674344,0,0,0,0,0,0,0,0
280,8,2.38356,2.16917,1,0,0,0,0,0,5.65037E-11,0.00255941,0.171526,1.99509,0,0,0,0,0,0,0,0
281,1,0.393763,0.366072,0,1,0.272009,0.0924932,0.00154496,2.53948E-05,1.16269E-07,7.66513E-08,1.7225E-08,1.37783E-08,0.0943476,0.0391518,0.000102418,2.13636E-07,1.16478E-10,4.9242E-11,6.33475E-12,2.66726E-12
281,2,0.981368,0.972349,0,0,0,0.850011,0.12048,0.00184185,8.4328E-06,5.5594E-06,1.2493E-06,9.99318E-07,0,0.328292,0.0470065,0.000103412,5.63816E-08,2.38359E-08,3.06638E-09,1.2911E-09
281,3,1.46897,1.45563,0,0,0,0,1.2704,0.183723,0.000783105,0.000516269,0.000116015,9.28008E-05,0,0,0.516466,0.0708848,4.07558E-05,1.72299E-05,2.21655E-06,9.33283E-07
281,4,1.52594,1.47872,0,0,0,0,0,1.29937,0.103703,0.0545866,0.0122453,0.00881679,0,0,0,0.485877,0.00906561,0.00383257,0.000493043,0.000207597
281,5,1.49715,1.46009,0,0,0,0,0,0.000198135,0.739633,0.553785,0.0991968,0.0672812,0,0,0,0,0,0,0,0
281,6,1.58713,1.5162,0,0,0,0,0,6.2426E-16,0.00073183,0.967622,0.352003,0.195841,0,0,0,0,0,0,0,0
281,7,1.74845,1.63735,0,0,0,0,0,0,5.18956E-10,0.0402592,0.922307,0.674784,0,0,0,0,0,0,0,0
281,8,2.38307,2.16874,1,0,0,0,0,0,5.6516E-11,0.00255997,0.171588,1.99459,0,0,0,0,0,0,0,0
282,1,0.393732,0.36604,0,1,0.272001,0.0924688,0.00154459,2.53888E-05,1.16241E-07,7.6633E-08,1.72209E-08,1.3775E-08,0.0943472,0.0391404,0.000102387,2.13571E-07,1.16442E-10,4.9227E-11,6.33282E-12,2.66645E-12
282,2,0.981367,0.972348,0,0,0,0.850009,0.12048,0.00184186,8.43284E-06,5.55942E-06,1.24931E-06,9.99322E-07,0,0.328292,0.0470068,0.000103413,5.63821E-08,2.38361E-08,3.0664E-09,1.29111E-09
282,3,1.46898,1.45564,0,0,0,0,1.27028,0.183847,0.000783609,0.000516601,0.00011609,9.28605E-05,0,0,0.516413,0.0709428,4.07897E-05,1.72443E-05,2.2184E-06,9.3406E-07
282,4,1.52587,1.47866,0,0,0,0,0,1.29842,0.104245,0.054837,0.0123014,0.00885536,0,0,0,0.485201,0.00908101,0.00383908,0.00049388,0.00020795
282,5,1.49715,1.4601,0,0,0,0,0,0.000197824,0.739424,0.553971,0.0992155,0.0672939,0,0,0,0,0,0,0,0
282,6,1.58733,1.51633,0,0,0,0,0,6.2118E-16,0.000728219,0.966507,0.352936,0.196158,0,0,0,0,0,0,0,0
282,7,1.74909,1.63783,0,0,0,0,0,0,5.13367E-10,0.0397141,0.920674,0.677444,0,0,0,0,0,0,0,0
282,8,2.384,2.16953,1,0,0,0,0,0,5.64417E-11,0.00255655,0.171208,1.99576,0,0,0,0,0,0,0,0
283,1,0.394076,0.366407,0,1,0.271996,0.0928355,0.00154977,2.54739E-05,1.16631E-07,7.68898E-08,1.72786E-08,1.38212E-08,0.0943169,0.0393048,0.000102854,2.14546E-07,1.16974E-10,4.94519E-11,6.36175E-12,2.67863E-12
283,2,0.983101,0.97411,0,0,0,0.850456,0.121776,0.00186095,8.52024E-06,5.61704E-06,1.26226E-06,1.00968E-06,0,0.328504,0.0475844,0.000104703,5.70855E-08,2.41334E-08,3.10466E-09,1.30722E-09
283,3,1.4692,1.45581,0,0,0,0,1.26863,0.185656,0.000791029,0.000521493,0.000117189,9.37398E-05,0,0,0.515668,0.0717706,4.12724E-05,1.74483E-05,2.24464E-06,9.45112E-07
283,4,1.52571,1.47849,0,0,0,0,0,1.29565,0.1058,0.0555947,0.0124713,0.00897358,0,0,0,0.483197,0.00915912,0.0038721,0.000498128,0.000209738
283,5,1.49715,1.46012,0,0,0,0,0,0.000197456,0.739055,0.554302,0.0992465,0.0673149,0,0,0,0,0,0,0,0
283,6,1.58774,1.5166,0,0,0,0,0,6.15195E-16,0.0007212,0.964221,0.354852,0.196804,0,0,0,0,0,0,0,0
283,7,1.75031,1.63875,0,0,0,0,0,0,5.02726E-10,0.0386767,0.917554,0.682517,0,0,0,0,0,0,0,0
283,8,2.38685,2.17196,1,0,0,0,0,0,5.62667E-11,0.00254849,0.170317,1.9991,0,0,0,0,0,0,0,0
284,1,0.395208,0.367616,0,1,0.272002,0.0940218,0.00156657,2.57501E-05,1.17895E-07,7.77236E-08,1.7466E-08,1.3971E-08,0.0942275,0.039837,0.000104366,2.17699E-07,1.18693E-10,5.01786E-11,6.45524E-12,2.718E-12
284,2,0.988048,0.979137,0,0,0,0.851791,0.125414,0.00191464,8.76607E-06,5.77911E-06,1.29868E-06,1.03881E-06,0,0.329136,0.0492034,0.000108316,5.90555E-08,2.49663E-08,3.2118E-09,1.35234E-09
284,3,1.46971,1.4562,0,0,0,0,1.2648,0.189852,0.000808225,0.00053283,0.000119737,9.57777E-05,0,0,0.513932,0.0736956,4.23951E-05,1.79229E-05,2.3057E-06,9.70822E-07
284,4,1.52574,1.47832,0,0,0,0,0,1.29249,0.107509,0.0565188,0.0126786,0.0091223,0,0,0,0.480999,0.0093573,0.00395589,0.000508906,0.000214276
284,5,1.49718,1.46016,0,0,0,0,0,0.000196948,0.737924,0.555326,0.099335,0.067375,0,0,0,0,0,0,0,0
284,6,1.58852,1.51711,0,0,0,0,0,6.03916E-16,0.000707973,0.959937,0.358441,0.198022,0,0,0,0,0,0,0,0
284,7,1.75201,1.64004,0,0,0,0,0,0,4.87739E-10,0.0372149,0.913187,0.689633,0,0,0,0,0,0,0,0
284,8,2.39853,2.18216,1,0,0,0,0,0,5.5863E-11,0.00252993,0.16825,2.01138,0,0,0,0,0,0,0,0
285,1,0.542093,0.542083,0,0,0.362069,0.176935,0.00302848,4.97798E-05,2.27914E-07,1.50254E-07,3.3765E-08,2.70086E-08,0.168802,0.079515,0.000204288,4.26129E-07,2.32332E-10,9.82207E-11,1.26356E-11,5.32026E-12
285,2,1.54089,1.54087,0,0,0,1.29282,0.244222,0.00378752,1.73409E-05,1.14322E-05,2.56903E-06,2.05497E-06,0,0.606637,0.0995674,0.000216462,1.18018E-07,4.98933E-08,6.41855E-09,2.70254E-09
285,3,2.35693,2.35677,0,0,0,0,1.99575,0.358033,0.0015482,0.00102067,0.000229363,0.000183468,0,0,0.936296,0.144058,8.18463E-05,3.46013E-05,4.4513E-06,1.87423E-06
285,4,2.39696,2.39519,0,0,0,0,0,2.06143,0.189576,0.104044,0.0233399,0.0168033,0,0,0,0.865675,0.0175319,0.00741179,0.000953492,0.00040147
285,5,2.42915,2.42312,0,0,0,0,0,0.000301456,1.13232,0.983483,0.182934,0.124077,0,0,0,0,0,0,0,0
285,6,2.49432,2.48411,0,0,0,0,0,1.06675E-15,0.00108514,1.49204,0.63148,0.359508,0,0,0,0,0,0,0,0
285,7,2.66581,2.64867,0,0,0,0,0,0,8.36789E-10,0.0587532,1.40474,1.18518,0,0,0,0,0,0,0,0
285,8,3.44404,3.41003,0,0,0,0,0,0,9.18972E-11,0.00415925,0.266096,3.13978,0,0,0,0,0,0,0,0
286,1,0.544795,0.544785,0,0,0.361483,0.180172,0.00307788,5.05919E-05,2.31632E-07,1.52706E-07,3.43159E-08,2.74493E-08,0.168377,0.0811742,0.000208776,4.35491E-07,2.37436E-10,1.00378E-10,1.29132E-11,5.43714E-12
286,2,1.55222,1.5522,0,0,0,1.29564,0.252609,0.00391415,1.79207E-05,1.18144E-05,2.65492E-06,2.12367E-06,0,0.607917,0.103473,0.000225043,1.22697E-07,5.18713E-08,6.67301E-09,2.80968E-09
286,3,2.35758,2.35741,0,0,0,0,1.98844,0.365922,0.00158133,0.0010425,0.000234271,0.000187393,0,0,0.932812,0.147834,8.40134E-05,3.55175E-05,4.56916E-06,1.92385E-06
286,4,2.39707,2.39528,0,0,0,0,0,2.05608,0.192698,0.105721,0.0237159,0.0170692,0,0,0,0.861437,0.0178049,0.00752719,0.000968338,0.000407721
286,5,2.42917,2.42314,0,0,0,0,0,0.000300792,1.13113,0.984523,0.183038,0.124147,0,0,0,0,0,0,0,0
286,6,2.49471,2.48448,0,0,0,0,0,1.05325E-15,0.00107141,1.48711,0.635363,0.360935,0,0,0,0,0,0,0,0
286,7,2.66664,2.64948,0,0,0,0,0,0,8.24546E-10,0.0576795,1.4014,1.1904,0,0,0,0,0,0,0,0
286,8,3.44792,3.41384,0,0,0,0,0,0,9.16714E-11,0.0041489,0.265086,3.14461,0,0,0,0,0,0,0,0
287,1,0.545692,0.545682,0,0,0.361219,0.181316,0.00309522,5.08768E-05,2.32936E-07,1.53566E-07,3.45091E-08,2.76038E-08,0.168199,0.0817625,0.000210372,4.3882E-07,2.39251E-10,1.01146E-10,1.30119E-11,5.4787E-12
287,2,1.55607,1.55605,0,0,0,1.29653,0.255525,0.0039581,1.81219E-05,1.19471E-05,2.68473E-06,2.14752E-06,0,0.608317,0.104836,0.00022804,1.24331E-07,5.25621E-08,6.76187E-09,2.8471E-09
287,3,2.35783,2.35766,0,0,0,0,1.98568,0.368908,0.00159387,0.00105078,0.000236129,0.00018888,0,0,0.931497,0.149262,8.48324E-05,3.58637E-05,4.6137E-06,1.94261E-06
287,4,2.39713,2.39533,0,0,0,0,0,2.05311,0.194476,0.106619,0.0239173,0.0172088,0,0,0,0.859065,0.0178844,0.0075608,0.000972662,0.000409542
287,5,2.42918,2.42314,0,0,0,0,0,0.000300345,1.13079,0.984815,0.18307,0.124169,0,0,0,0,0,0,0,0
287,6,2.49484,2.4846,0,0,0,0,0,1.04855E-15,0.00106662,1.48551,0.636628,0.361402,0,0,0,0,0,0,0,0
287,7,2.66689,2.64971,0,0,0,0,0,0,8.21E-10,0.0573686,1.40043,1.19191,0,0,0,0,0,0,0,0
287,8,3.44799,3.41391,0,0,0,0,0,0,9.16487E-11,0.00414786,0.264983,3.14478,0,0,0,0,0,0,0,0
288,1,0.544616,0.544606,0,0,0.361377,0.180101,0.00307653,5.05697E-05,2.31531E-07,1.52639E-07,3.43008E-08,2.74372E-08,0.168327,0.0811423,0.000208699,4.35331E-07,2.37349E-10,1.00342E-10,1.29085E-11,5.43514E-12
288,2,1.55209,1.55207,0,0,0,1.2955,0.252622,0.0039142,0.000017921,1.18145E-05,2.65495E-06,2.1237E-06,0,0.607845,0.103487,0.000225077,1.22716E-07,5.18792E-08,6.67402E-09,2.81011E-09
288,3,2.35766,2.35749,0,0,0,0,1.98771,0.366721,0.00158471,0.00104473,0.000234771,0.000187794,0,0,0.932473,0.148209,8.42279E-05,3.56081E-05,4.58083E-06,1.92877E-06
288,4,2.39712,2.39533,0,0,0,0,0,2.05279,0.194731,0.106664,0.0239272,0.0172109,0,0,0,0.858764,0.0177778,0.00751574,0.000966865,0.000407101
288,5,2.42917,2.42313,0,0,0,0,0,0.000300262,1.13132,0.984343,0.183028,0.124141,0,0,0,0,0,0,0,0
288,6,2.49472,2.48448,0,0,0,0,0,1.05246E-15,0.0010706,1.48708,0.635389,0.360949,0,0,0,0,0,0,0,0
288,7,2.66664,2.64947,0,0,0,0,0,0,8.24669E-10,0.0576906,1.40142,1.19036,0,0,0,0,0,0,0,0
288,8,3.44418,3.41017,0,0,0,0,0,0,9.18109E-11,0.00415529,0.265704,3.14031,0,0,0,0,0,0,0,0
289,1,0.397483,0.370055,0,1,0.271884,0.0965423,0.00160189,2.63307E-05,1.20553E-07,7.9476E-08,1.78598E-08,1.4286E-08,0.0939831,0.0409653,0.000107587,2.24418E-07,1.22356E-10,5.17272E-11,6.65447E-12,2.80188E-12
289,2,0.997613,0.988855,0,0,0,0.854243,0.132573,0.00202011,9.24896E-06,6.09746E-06,1.37022E-06,1.09604E-06,0,0.330295,0.0523967,0.000115449,6.29447E-08,2.66105E-08,3.42332E-09,1.44139E-09
289,3,1.47065,1.45694,0,0,0,0,1.25769,0.197624,0.000840083,0.000553833,0.000124457,0.000099553,0,0,0.510723,0.0772577,4.44724E-05,1.88012E-05,2.41868E-06,1.01839E-06
289,4,1.52543,1.47787,0,0,0,0,0,1.28504,0.111659,0.0585863,0.0131422,0.00944747,0,0,0,0.475694,0.00962993,0.00407114,0.000523734,0.000220519
289,5,1.4972,1.46021,0,0,0,0,0,0.000195806,0.736508,0.556599,0.0994513,0.0674538,0,0,0,0,0,0,0,0
289,6,1.58956,1.51778,0,0,0,0,0,5.88684E-16,0.00069011,0.954241,0.363213,0.19964,0,0,0,0,0,0,0,0
289,7,1.75376,1.64135,0,0,0,0,0,0,4.72389E-10,0.0357178,0.908705,0.696931,0,0,0,0,0,0,0,0
289,8,2.40496,2.18775,1,0,0,0,0,0,5.56045E-11,0.00251804,0.166927,2.0183,0,0,0,0,0,0,0,0
290,1,0.396163,0.368647,0,1,0.271874,0.0951642,0.00158236,2.60096E-05,1.19083E-07,7.85068E-08,1.7642E-08,1.41118E-08,0.0940856,0.0403468,0.000105831,2.20755E-07,1.20359E-10,5.0883E-11,6.54586E-12,2.75615E-12
290,2,0.993351,0.984524,0,0,0,0.853109,0.129422,0.00197364,9.03619E-06,5.95719E-06,1.33869E-06,1.07082E-06,0,0.329759,0.0509935,0.000112317,6.12369E-08,2.58885E-08,3.33043E-09,1.40229E-09
290,3,1.4703,1.45666,0,0,0,0,1.26038,0.194685,0.000828046,0.000545897,0.000122673,9.81265E-05,0,0,0.511941,0.0759081,4.36851E-05,1.84683E-05,2.37586E-06,1.00036E-06
290,4,1.52538,1.47795,0,0,0,0,0,1.2866,0.110817,0.0581204,0.0130377,0.00937183,0,0,0,0.476754,0.00951477,0.00402246,0.00051747,0.000217882
290,5,1.49718,1.46018,0,0,0,0,0,0.000196187,0.737251,0.555928,0.0993926,0.067414,0,0,0,0,0,0,0,0
290,6,1.58915,1.51752,0,0,0,0,0,5.94681E-16,0.000697143,0.95647,0.361346,0.199004,0,0,0,0,0,0,0,0
290,7,1.75319,1.64092,0,0,0,0,0,0,4.77427E-10,0.0362096,0.910162,0.694552,0,0,0,0,0,0,0,0
290,8,2.40023,2.1836,1,0,0,0,0,0,5.57427E-11,0.00252439,0.167639,2.01344,0,0,0,0,0,0,0,0
291,1,0.395493,0.36793,0,1,0.271888,0.0944441,0.00157221,2.58427E-05,1.1832E-07,7.80033E-08,1.75288E-08,1.40213E-08,0.0941473,0.040024,0.000104912,2.18839E-07,1.19314E-10,5.04412E-11,6.48903E-12,2.73222E-12
291,2,0.990542,0.98167,0,0,0,0.852415,0.127295,0.00194234,8.8929E-06,5.86272E-06,1.31747E-06,1.05384E-06,0,0.329431,0.0500435,0.000110193,6.00791E-08,2.5399E-08,3.26747E-09,1.37577E-09
291,3,1.46999,1.45642,0,0,0,0,1.26271,0.192132,0.000817576,0.000538994,0.000121122,9.68858E-05,0,0,0.512994,0.0747388,4.30033E-05,1.81801E-05,2.33878E-06,9.8475E-07
291,4,1.52558,1.47815,0,0,0,0,0,1.2898,0.109016,0.0572527,0.0128431,0.00923681,0,0,0,0.47906,0.00943343,0.00398807,0.000513047,0.00021602
291,5,1.49718,1.46017,0,0,0,0,0,0.000196619,0.737613,0.555604,0.0993614,0.0673928,0,0,0,0,0,0,0,0
291,6,1.58879,1.51728,0,0,0,0,0,6.00004E-16,0.000703386,0.958467,0.359673,0.198438,0,0,0,0,0,0,0,0
291,7,1.75255,1.64044,0,0,0,0,0,0,4.83035E-10,0.0367563,0.911807,0.691877,0,0,0,0,0,0,0,0
291,8,2.39958,2.18305,1,0,0,0,0,0,5.57996E-11,0.00252701,0.167928,2.0126,0,0,0,0,0,0,0,0
292,1,0.394924,0.367321,0,1,0.271908,0.093824,0.00156349,2.56994E-05,1.17663E-07,7.75707E-08,1.74316E-08,1.39436E-08,0.0942022,0.0397466,0.000104121,2.17189E-07,1.18415E-10,5.0061E-11,6.44011E-12,2.71162E-12
292,2,0.987611,0.978693,0,0,0,0.851685,0.12508,0.00190974,8.74363E-06,5.76432E-06,1.29535E-06,1.03615E-06,0,0.329087,0.0490542,0.000107983,5.88737E-08,2.48894E-08,3.20191E-09,1.34817E-09
292,3,1.46964,1.45615,0,0,0,0,1.26531,0.189286,0.00080591,0.000531303,0.000119394,9.55033E-05,0,0,0.514168,0.073435,0.000042243,1.78586E-05,2.29743E-06,9.67338E-07
292,4,1.52578,1.47838,0,0,0,0,0,1.29344,0.106978,0.0562588,0.0126203,0.00908167,0,0,0,0.481677,0.009329,0.00394392,0.000507367,0.000213628
292,5,1.49717,1.46015,0,0,0,0,0,0.000197101,0.738114,0.555154,0.0993195,0.0673644,0,0,0,0,0,0,0,0
292,6,1.58827,1.51695,0,0,0,0,0,6.07602E-16,0.000712295,0.961274,0.357322,0.19764,0,0,0,0,0,0,0,0
292,7,1.75158,1.63971,0,0,0,0,0,0,4.91526E-10,0.0375842,0.914292,0.687833,0,0,0,0,0,0,0,0
292,8,2.39724,2.18105,1,0,0,0,0,0,5.5921E-11,0.0025326,0.168546,2.00997,0,0,0,0,0,0,0,0
293,1,0.393977,0.366312,0,1,0.271872,0.0928651,0.00154981,2.54746E-05,1.16634E-07,7.68921E-08,1.72791E-08,1.38216E-08,0.0942635,0.039315,0.0001029,2.14642E-07,1.17026E-10,4.94738E-11,6.36457E-12,2.67982E-12
293,2,0.98397,0.974993,0,0,0,0.850695,0.12241,0.00187032,8.56316E-06,5.64534E-06,1.26862E-06,1.01477E-06,0,0.328618,0.0478665,0.000105332,5.74285E-08,2.42785E-08,3.12331E-09,1.31508E-09
293,3,1.46926,1.45585,0,0,0,0,1.26827,0.186062,0.000792699,0.000522594,0.000117437,9.39378E-05,0,0,0.515504,0.0719547,4.13796E-05,1.74936E-05,2.25047E-06,9.47567E-07
293,4,1.52583,1.47854,0,0,0,0,0,1.29647,0.105314,0.0553871,0.0124248,0.00894313,0,0,0,0.483847,0.00918132,0.00388149,0.000499336,0.000210247
293,5,1.49715,1.46011,0,0,0,0,0,0.00019764,0.739154,0.554214,0.0992374,0.0673087,0,0,0,0,0,0,0,0
293,6,1.5874,1.51639,0,0,0,0,0,6.2108E-16,0.000728102,0.965855,0.353491,0.196312,0,0,0,0,0,0,0,0
293,7,1.75013,1.63862,0,0,0,0,0,0,5.04298E-10,0.0388308,0.917987,0.681799,0,0,0,0,0,0,0,0
293,8,2.38862,2.17352,1,0,0,0,0,0,5.62174E-11,0.00254623,0.170069,2.0009,0,0,0,0,0,0,0,0
294,1,0.393693,0.36601,0,1,0.271865,0.0925734,0.00154566,2.54064E-05,1.16322E-07,7.66863E-08,1.72329E-08,1.37846E-08,0.0942831,0.0391841,0.000102529,2.13867E-07,1.16604E-10,4.92954E-11,6.34162E-12,2.67015E-12
294,2,0.98233,0.973328,0,0,0,0.850292,0.121167,0.00185203,8.4794E-06,5.59012E-06,1.25621E-06,1.00484E-06,0,0.328428,0.0473109,0.00010409,5.67515E-08,2.39923E-08,3.08649E-09,1.29957E-09
294,3,1.469,1.45566,0,0,0,0,1.27018,0.183969,0.000784124,0.000516941,0.000116166,9.29216E-05,0,0,0.516371,0.0709945,4.08194E-05,1.72568E-05,2.22001E-06,9.3474E-07
294,4,1.52617,1.47881,0,0,0,0,0,1.30054,0.103098,0.0542386,0.0121673,0.00876716,0,0,0,0.487369,0.00913452,0.00386171,0.00049679,0.000209175
294,5,1.49713,1.46006,0,0,0,0,0,0.000198417,0.740473,0.553023,0.0991329,0.0672379,0,0,0,0,0,0,0,0
294,6,1.58582,1.5154,0,0,0,0,0,6.4886E-16,0.000760686,0.973413,0.347195,0.194033,0,0,0,0,0,0,0,0
294,7,1.74869,1.63753,0,0,0,0,0,0,5.17017E-10,0.0400726,0.921656,0.675804,0,0,0,0,0,0,0,0
294,8,2.38722,2.17237,1,0,0,0,0,0,5.63749E-11,0.00255348,0.170862,1.99896,0,0,0,0,0,0,0,0
295,1,0.386154,0.359179,0,1,0.265042,0.0925583,0.00155289,2.55251E-05,1.16865E-07,7.70446E-08,1.73134E-08,1.3849E-08,0.09393,0.0395382,0.000103094,2.15047E-07,1.17247E-10,4.95673E-11,6.37661E-12,2.68489E-12
295,2,0.966373,0.957347,0,0,0,0.834381,0.121093,0.0018555,8.49529E-06,5.6006E-06,1.25856E-06,1.00672E-06,0,0.327765,0.0474933,0.00010429,5.68607E-08,2.40384E-08,3.09243E-09,1.30207E-09
295,3,1.48138,1.45911,0,0,0,0,1.27358,0.184009,0.000785874,0.000518095,0.000116426,0.000093129,0,0,0.518703,0.0712031,4.08768E-05,1.72811E-05,2.22313E-06,9.36054E-07
295,4,1.60687,1.50639,0,0,0,0,0,1.3246,0.104758,0.0555694,0.012466,0.00898705,0,0,0,0.504324,0.00943808,0.00399004,0.000513299,0.000216126
295,5,1.57993,1.48665,0,0,0,0,0,0.000200854,0.748494,0.565967,0.10248,0.0695082,0,0,0,0,0,0,0,0
295,6,2.30492,1.8508,0,0,0,0,0,8.37995E-16,0.000945272,1.16649,0.43458,0.248782,0,0,0,0,0,0,0,0
295,7,3.38009,2.55993,0,0,0,0,0,0,8.75505E-10,0.0632862,1.38519,1.11145,0,0,0,0,0,0,0,0
295,8,4.20088,3.37499,0,0,0,0,0,0,9.25218E-11,0.00418831,0.270245,3.10055,0,0,0,0,0,0,0,0
296,1,0.386294,0.35933,0,1,0.265023,0.0927258,0.00155524,2.55639E-05,1.17043E-07,7.71615E-08,1.73397E-08,1.387E-08,0.0939082,0.039615,0.000103313,2.15503E-07,1.17495E-10,4.96723E-11,6.39011E-12,2.69057E-12
296,2,0.967177,0.958161,0,0,0,0.834589,0.12169,0.00186431,8.53566E-06,5.62721E-06,1.26454E-06,1.01151E-06,0,0.327858,0.0477615,0.000104888,5.71867E-08,2.41762E-08,3.11016E-09,1.30954E-09
296,3,1.48156,1.45923,0,0,0,0,1.27276,0.184949,0.000789744,0.000520646,0.000116999,9.35876E-05,0,0,0.518326,0.0716344,4.11277E-05,1.73871E-05,2.23678E-06,9.418E-07
296,4,1.60698,1.50637,0,0,0,0,0,1.32293,0.105761,0.0560471,0.0125731,0.00906125,0,0,0,0.50313,0.0094793,0.00400746,0.000515541,0.00021707
296,5,1.57997,1.48667,0,0,0,0,0,0.000200542,0.748292,0.566158,0.102501,0.069522,0,0,0,0,0,0,0,0
296,6,2.30693,1.85193,0,0,0,0,0,8.34026E-16,0.000940793,1.16557,0.436048,0.249377,0,0,0,0,0,0,0,0
296,7,3.38156,2.5612,0,0,0,0,0,0,8.65758E-10,0.0624164,1.38275,1.11603,0,0,0,0,0,0,0,0
296,8,4.20131,3.37544,0,0,0,0,0,0,9.24147E-11,0.00418339,0.269755,3.1015,0,0,0,0,0,0,0,0
297,1,0.394254,0.366613,0,1,0.271817,0.0932153,0.00155461,2.55534E-05,1.16995E-07,7.713E-08,1.73326E-08,1.38643E-08,0.0942121,0.0394714,0.000103351,2.15583E-07,1.17539E-10,4.96908E-11,6.39249E-12,2.69157E-12
297,2,0.985367,0.976413,0,0,0,0.851054,0.123456,0.00188572,8.63367E-06,5.69182E-06,1.27906E-06,1.02312E-06,0,0.328789,0.0483324,0.000106373,5.79961E-08,2.45184E-08,3.15418E-09,1.32808E-09
297,3,1.46941,1.45598,0,0,0,0,1.26717,0.18727,0.00079767,0.000525871,0.000118173,9.45268E-05,0,0,0.515014,0.072504,4.16994E-05,1.76288E-05,2.26787E-06,9.5489E-07
297,4,1.52585,1.47849,0,0,0,0,0,1.29542,0.105983,0.0556229,0.0124777,0.00898253,0,0,0,0.483703,0.00926364,0.00391629,0.000503812,0.000212132
297,5,1.49713,1.46009,0,0,0,0,0,0.000197653,0.739847,0.553582,0.0991871,0.0672746,0,0,0,0,0,0,0,0
297,6,1.58645,1.51581,0,0,0,0,0,6.39033E-16,0.000749161,0.970057,0.350002,0.194999,0,0,0,0,0,0,0,0
297,7,1.75027,1.63872,0,0,0,0,0,0,5.03153E-10,0.0387202,0.917616,0.682386,0,0,0,0,0,0,0,0
297,8,2.38987,2.17462,1,0,0,0,0,0,5.61823E-11,0.00254462,0.169883,2.00219,0,0,0,0,0,0,0,0
298,1,0.395648,0.368103,0,1,0.271801,0.0947001,0.00157557,0.000025898,1.18573E-07,7.81701E-08,1.75663E-08,1.40513E-08,0.0940919,0.0401367,0.000105244,2.19531E-07,1.19691E-10,5.06007E-11,6.50955E-12,2.74086E-12
298,2,0.991892,0.983042,0,0,0,0.852757,0.128309,0.00195727,8.96128E-06,5.9078E-06,1.3276E-06,1.06194E-06,0,0.329593,0.050496,0.000111204,6.06302E-08,2.5632E-08,3.29744E-09,1.3884E-09
298,3,1.4701,1.45651,0,0,0,0,1.26193,0.192997,0.000821132,0.000541338,0.000121649,9.73071E-05,0,0,0.512642,0.0751328,4.32329E-05,1.82771E-05,2.35127E-06,9.90006E-07
298,4,1.52564,1.47816,0,0,0,0,0,1.28995,0.108919,0.0572224,0.0128364,0.00923352,0,0,0,0.479223,0.00946219,0.00400023,0.000514611,0.000216678
298,5,1.49718,1.46016,0,0,0,0,0,0.000196727,0.737717,0.555511,0.0993527,0.0673869,0,0,0,0,0,0,0,0
298,6,1.58843,1.51705,0,0,0,0,0,6.05715E-16,0.000710082,0.96034,0.358108,0.197893,0,0,0,0,0,0,0,0
298,7,1.75212,1.64012,0,0,0,0,0,0,4.86769E-10,0.0371206,0.912893,0.690106,0,0,0,0,0,0,0,0
298,8,2.39969,2.18317,1,0,0,0,0,0,5.58148E-11,0.00252771,0.168007,2.01263,0,0,0,0,0,0,0,0
299,1,0.544454,0.544443,0,0,0.361318,0.179999,0.00307481,5.05413E-05,2.31401E-07,1.52553E-07,3.42816E-08,2.74218E-08,0.168302,0.0810928,0.000208572,4.35065E-07,2.37204E-10,1.0028E-10,1.29006E-11,5.43182E-12
299,2,1.55155,1.55153,0,0,0,1.29554,0.252047,0.00390575,1.78823E-05,0.000011789,2.64922E-06,2.11912E-06,0,0.60788,0.103206,0.000224454,1.22375E-07,5.17354E-08,6.65552E-09,2.80232E-09
299,3,2.35746,2.35729,0,0,0,0,1.98992,0.364335,0.00157468,0.00103812,0.000233286,0.000186606,0,0,0.933522,0.14707,8.35741E-05,3.53317E-05,4.54527E-06,1.91379E-06
299,4,2.39702,2.39524,0,0,0,0,0,2.0592,0.190825,0.104782,0.0235054,0.0169237,0,0,0,0.863927,0.0177299,0.00749546,0.000964256,0.000406003
299,5,2.42916,2.42313,0,0,0,0,0,0.000301402,1.13163,0.984091,0.18299,0.124115,0,0,0,0,0,0,0,0
299,6,2.49436,2.48414,0,0,0,0,0,1.06487E-15,0.00108323,1.49169,0.631743,0.359625,0,0,0,0,0,0,0,0
299,7,2.66568,2.64855,0,0,0,0,0,0,8.38654E-10,0.0589157,1.40528,1.18435,0,0,0,0,0,0,0,0
299,8,3.44637,3.41232,0,0,0,0,0,0,9.18189E-11,0.00415567,0.265751,3.14241,0,0,0,0,0,0,0,0
300,1,0.43901,0.434022,0,0,0.325555,0.106848,0.00159168,2.61628E-05,1.19785E-07,7.89694E-08,1.77459E-08,1.4195E-08,0.097419,0.0384105,0.000109,2.27366E-07,1.23964E-10,5.24068E-11,6.74189E-12,2.83869E-12
300,2,1.09151,1.06694,0,0,0,0.929215,0.135728,0.00197971,0.000009064,5.97553E-06,1.34281E-06,1.07412E-06,0,0.326145,0.0499968,0.000113785,6.20373E-08,2.62269E-08,3.37397E-09,1.42062E-09
300,3,1.73726,1.56515,0,0,0,0,1.3704,0.19319,0.000806653,0.000531793,0.000119504,9.55913E-05,0,0,0.538895,0.0719385,4.19962E-05,1.77543E-05,2.28401E-06,9.61687E-07
300,4,2.60729,1.95281,0,0,0,0,0,1.72751,0.128046,0.0701402,0.0157354,0.0113793,0,0,0,0.683184,0.0125079,0.00528785,0.000680257,0.000286424
300,5,3.22796,2.30378,0,0,0,0,0,0.000296798,1.09235,0.924802,0.17061,0.115718,0,0,0,0,0,0,0,0
300,6,3.35678,2.40658,0,0,0,0,0,1.07482E-15,0.00111662,1.46894,0.596224,0.340304,0,0,0,0,0,0,0,0
300,7,3.55751,2.59658,0,0,0,0,0,0,8.68417E-10,0.0623569,1.39577,1.13845,0,0,0,0,0,0,0,0
300,8,4.31916,3.37739,0,0,0,0,0,0,9.09717E-11,0.00411833,0.26456,3.10871,0,0,0,0,0,0,0,0
301,1,0.546026,0.546015,0,0,0.361902,0.18097,0.00309171,5.08192E-05,2.32673E-07,1.53392E-07,3.44701E-08,2.75726E-08,0.168523,0.0815919,0.000209835,4.37701E-07,2.38641E-10,1.00888E-10,1.29788E-11,5.46474E-12
301,2,1.54674,1.54672,0,0,0,1.29474,0.248098,0.00384643,1.76107E-05,0.00001161,2.60899E-06,2.08693E-06,0,0.60755,0.101335,0.000220333,1.20129E-07,5.07855E-08,6.53333E-09,2.75087E-09
301,3,2.35638,2.35622,0,0,0,0,2.00363,0.349677,0.00151335,0.000997688,0.000224199,0.000179337,0,0,0.940132,0.139976,7.94967E-05,0.000033608,4.32352E-06,1.82043E-06
301,4,2.39648,2.39479,0,0,0,0,0,2.08784,0.173717,0.0961014,0.0215592,0.0155731,0,0,0,0.886759,0.0169116,0.00714954,0.000919755,0.000387265
301,5,2.42908,2.42305,0,0,0,0,0,0.000306944,1.13622,0.980149,0.182559,0.123822,0,0,0,0,0,0,0,0
301,6,2.49289,2.48275,0,0,0,0,0,1.122E-15,0.00114135,1.50995,0.617399,0.354261,0,0,0,0,0,0,0,0
301,7,2.66165,2.64465,0,0,0,0,0,0,8.97795E-10,0.0641012,1.42145,1.1591,0,0,0,0,0,0,0,0
301,8,3.43719,3.40332,0,0,0,0,0,0,9.26175E-11,0.00419228,0.269344,3.12979,0,0,0,0,0,0,0,0
302,1,0.395731,0.368171,0,1,0.272065,0.0945065,0.00157362,2.58659E-05,1.18426E-07,7.80731E-08,1.75445E-08,1.40339E-08,0.094205,0.0400592,0.000104988,2.18997E-07,1.194E-10,5.04776E-11,6.49371E-12,2.73419E-12
302,2,0.989145,0.980252,0,0,0,0.852112,0.126196,0.00192623,8.81912E-06,5.81409E-06,1.30654E-06,1.0451E-06,0,0.329292,0.0495497,0.000109088,5.94763E-08,2.51442E-08,3.23469E-09,1.36197E-09
302,3,1.46961,1.45613,0,0,0,0,1.26582,0.18876,0.000803819,0.000529925,0.000119084,9.52556E-05,0,0,0.514414,0.073179,4.20919E-05,1.77948E-05,2.28921E-06,9.63879E-07
302,4,1.52623,1.47877,0,0,0,0,0,1.2998,0.103345,0.0545615,0.0122398,0.00881929,0,0,0,0.486224,0.00920575,0.00389182,0.000500664,0.000210806
302,5,1.49716,1.4601,0,0,0,0,0,0.000199047,0.739473,0.553946,0.0991986,0.0672824,0,0,0,0,0,0,0,0
302,6,1.58719,1.51625,0,0,0,0,0,6.243E-16,0.000731878,0.967138,0.352413,0.195964,0,0,0,0,0,0,0,0
302,7,1.74881,1.63762,0,0,0,0,0,0,5.15812E-10,0.0399518,0.921412,0.676254,0,0,0,0,0,0,0,0
302,8,2.39039,2.17515,1,0,0,0,0,0,5.62879E-11,0.00254949,0.170422,2.00218,0,0,0,0,0,0,0,0
303,1,0.39421,0.366551,0,1,0.271998,0.0929759,0.00155176,2.55066E-05,1.1678E-07,7.69886E-08,1.73008E-08,1.38389E-08,0.0943023,0.0393691,0.000103036,2.14926E-07,1.17181E-10,4.95395E-11,6.37302E-12,2.68338E-12
303,2,0.983448,0.974463,0,0,0,0.85055,0.122031,0.00186471,8.53748E-06,5.62841E-06,1.26481E-06,1.01172E-06,0,0.328549,0.0476978,0.000104956,5.72234E-08,2.41917E-08,3.11216E-09,1.31038E-09
303,3,1.46919,1.4558,0,0,0,0,1.26885,0.185428,0.000790118,0.000520892,0.000117054,9.36319E-05,0,0,0.515773,0.0716605,4.12075E-05,1.74209E-05,2.24112E-06,9.43627E-07
303,4,1.52594,1.47868,0,0,0,0,0,1.29874,0.10403,0.054773,0.0122871,0.00884686,0,0,0,0.485414,0.00910638,0.00384981,0.00049526,0.000208531
303,5,1.49715,1.46009,0,0,0,0,0,0.000198424,0.739735,0.553696,0.099186,0.0672739,0,0,0,0,0,0,0,0
303,6,1.58705,1.51615,0,0,0,0,0,6.25623E-16,0.00073343,0.967974,0.35171,0.195734,0,0,0,0,0,0,0,0
303,7,1.74836,1.63728,0,0,0,0,0,0,5.19757E-10,0.0403374,0.922535,0.674411,0,0,0,0,0,0,0,0
303,8,2.38361,2.16922,1,0,0,0,0,0,5.65004E-11,0.00255926,0.17151,1.99515,0,0,0,0,0,0,0,0
304,1,0.393773,0.366086,0,1,0.271978,0.0925363,0.00154548,2.54034E-05,1.16308E-07,7.6677E-08,1.72308E-08,1.37829E-08,0.0943309,0.0391707,0.000102475,2.13756E-07,1.16543E-10,4.92697E-11,6.33832E-12,2.66876E-12
304,2,0.981671,0.972657,0,0,0,0.850086,0.120708,0.00184521,8.44821E-06,5.56956E-06,1.25159E-06,1.00114E-06,0,0.328328,0.0471085,0.00010364,5.65059E-08,2.38884E-08,3.07314E-09,1.29395E-09
304,3,1.46901,1.45566,0,0,0,0,1.27009,0.184059,0.000784487,0.00051718,0.00011622,9.29646E-05,0,0,0.516329,0.0710382,4.08451E-05,1.72677E-05,2.22141E-06,9.35329E-07
304,4,1.52591,1.47869,0,0,0,0,0,1.2989,0.103965,0.0547108,0.0122731,0.00883611,0,0,0,0.48555,0.00907741,0.00383756,0.000493684,0.000207867
304,5,1.49715,1.4601,0,0,0,0,0,0.000198017,0.73957,0.55384,0.0992027,0.0672852,0,0,0,0,0,0,0,0
304,6,1.58712,1.51619,0,0,0,0,0,6.24402E-16,0.000731997,0.967659,0.351972,0.195828,0,0,0,0,0,0,0,0
304,7,1.74851,1.6374,0,0,0,0,0,0,5.18446E-10,0.0402095,0.922154,0.675032,0,0,0,0,0,0,0,0
304,8,2.38319,2.16885,1,0,0,0,0,0,5.6507E-11,0.00255956,0.171541,1.99474,0,0,0,0,0,0,0,0
305,1,0.393779,0.366094,0,1,0.271968,0.0925543,0.0015457,0.000025407,1.16325E-07,7.66882E-08,1.72333E-08,1.37849E-08,0.0943261,0.0391782,0.000102498,2.13804E-07,1.16569E-10,4.92807E-11,6.33974E-12,2.66936E-12
305,2,0.981892,0.972882,0,0,0,0.85014,0.120877,0.00184769,8.45956E-06,5.57704E-06,1.25327E-06,1.00249E-06,0,0.328354,0.0471838,0.000103808,5.65978E-08,2.39272E-08,3.07813E-09,1.29605E-09
305,3,1.46905,1.4557,0,0,0,0,1.26974,0.184442,0.000786051,0.000518211,0.000116452,9.31499E-05,0,0,0.51617,0.0712141,4.09479E-05,1.73111E-05,2.22699E-06,9.37681E-07
305,4,1.52582,1.4786,0,0,0,0,0,1.29753,0.104747,0.0550761,0.012355,0.00889254,0,0,0,0.484566,0.00910251,0.00384817,0.000495049,0.000208442
305,5,1.49715,1.46011,0,0,0,0,0,0.000197658,0.739324,0.554059,0.0992246,0.0673001,0,0,0,0,0,0,0,0
305,6,1.58737,1.51635,0,0,0,0,0,6.20652E-16,0.000727599,0.966297,0.353113,0.196216,0,0,0,0,0,0,0,0
305,7,1.74928,1.63798,0,0,0,0,0,0,5.11714E-10,0.039553,0.920186,0.678235,0,0,0,0,0,0,0,0
305,8,2.38434,2.16982,1,0,0,0,0,0,5.64167E-11,0.0025554,0.17108,1.99618,0,0,0,0,0,0,0,0
306,1,0.394211,0.366555,0,1,0.271957,0.0930196,0.00155225,2.55148E-05,1.16818E-07,7.70133E-08,1.73064E-08,1.38433E-08,0.0942859,0.0393866,0.000103092,2.15042E-07,1.17244E-10,4.95661E-11,6.37645E-12,2.68482E-12
306,2,0.98418,0.975206,0,0,0,0.850725,0.122591,0.00187294,8.57518E-06,5.65326E-06,1.2704E-06,1.01619E-06,0,0.328631,0.0479483,0.000105516,5.7529E-08,2.43209E-08,3.12878E-09,1.31738E-09
306,3,1.46934,1.45592,0,0,0,0,1.26759,0.186797,0.000795711,0.00052458,0.000117883,9.42947E-05,0,0,0.5152,0.072292,4.15763E-05,1.75768E-05,2.26117E-06,9.52072E-07
306,4,1.52562,1.47839,0,0,0,0,0,1.29409,0.106676,0.0560193,0.0125665,0.00903974,0,0,0,0.482069,0.00920083,0.00388974,0.000500397,0.000210693
306,5,1.49715,1.46012,0,0,0,0,0,0.000197271,0.738898,0.554441,0.09926,0.0673241,0,0,0,0,0,0,0,0
306,6,1.58787,1.51668,0,0,0,0,0,6.13274E-16,0.000718948,0.963484,0.35547,0.197011,0,0,0,0,0,0,0,0
306,7,1.75069,1.63904,0,0,0,0,0,0,4.99321E-10,0.0383448,0.916552,0.684145,0,0,0,0,0,0,0,0
306,8,2.38776,2.17274,1,0,0,0,0,0,5.62118E-11,0.00254597,0.170038,2.00015,0,0,0,0,0,0,0,0
307,1,0.395598,0.368036,0,1,0.271946,0.0944913,0.00157305,2.58566E-05,1.18383E-07,7.8045E-08,1.75382E-08,1.40288E-08,0.0941694,0.040046,0.000104967,2.18953E-07,1.19377E-10,5.04676E-11,6.49242E-12,2.73365E-12
307,2,0.990534,0.981662,0,0,0,0.852418,0.127284,0.00194219,8.89219E-06,5.86226E-06,1.31736E-06,1.05376E-06,0,0.329432,0.0500385,0.000110182,6.00728E-08,2.53963E-08,3.26712E-09,1.37563E-09
307,3,1.46997,1.45641,0,0,0,0,1.2628,0.192034,0.000817172,0.000538728,0.000121063,0.000096838,0,0,0.513032,0.0746952,0.000042978,1.81694E-05,2.33741E-06,9.8417E-07
307,4,1.52566,1.47819,0,0,0,0,0,1.29041,0.10866,0.0571017,0.0128093,0.00921417,0,0,0,0.479497,0.00943855,0.00399024,0.000513325,0.000216137
307,5,1.49718,1.46017,0,0,0,0,0,0.000196784,0.737621,0.555599,0.0993589,0.0673912,0,0,0,0,0,0,0,0
307,6,1.58879,1.51728,0,0,0,0,0,6.00127E-16,0.000703529,0.958448,0.359689,0.198442,0,0,0,0,0,0,0,0
307,7,1.75257,1.64046,0,0,0,0,0,0,4.82817E-10,0.0367352,0.91174,0.691984,0,0,0,0,0,0,0,0
307,8,2.40091,2.18422,1,0,0,0,0,0,5.57625E-11,0.00252531,0.167738,2.01396,0,0,0,0,0,0,0,0
308,1,0.54447,0.54446,0,0,0.361524,0.179812,0.00307233,5.05006E-05,2.31214E-07,1.5243E-07,3.4254E-08,2.73997E-08,0.168413,0.0809903,0.00020828,4.34457E-07,2.36873E-10,1.0014E-10,1.28826E-11,5.42424E-12
308,2,1.55107,1.55104,0,0,0,1.29539,0.251721,0.0039008,1.78596E-05,1.17741E-05,2.64586E-06,2.11643E-06,0,0.607806,0.103057,0.000224128,1.22198E-07,5.16603E-08,6.64586E-09,2.79825E-09
308,3,2.35747,2.35731,0,0,0,0,1.98963,0.364638,0.00157594,0.00103895,0.000233472,0.000186754,0,0,0.933379,0.14722,8.36606E-05,3.53683E-05,4.54997E-06,1.91578E-06
308,4,2.39704,2.39526,0,0,0,0,0,2.05797,0.191555,0.105155,0.0235891,0.0169819,0,0,0,0.86294,0.0177667,0.00751105,0.000966261,0.000406847
308,5,2.42916,2.42313,0,0,0,0,0,0.000301215,1.1314,0.984292,0.183011,0.124129,0,0,0,0,0,0,0,0
308,6,2.49461,2.48438,0,0,0,0,0,1.05709E-15,0.00107531,1.48841,0.634342,0.360557,0,0,0,0,0,0,0,0
308,7,2.66644,2.64928,0,0,0,0,0,0,8.27517E-10,0.0579399,1.40221,1.18913,0,0,0,0,0,0,0,0
308,8,3.44802,3.41394,0,0,0,0,0,0,9.16823E-11,0.00414941,0.265137,3.14466,0,0,0,0,0,0,0,0
309,1,0.548168,0.548158,0,0,0.360674,0.184291,0.00314056,5.16221E-05,2.36349E-07,1.55815E-07,3.50146E-08,2.80082E-08,0.167808,0.0832842,0.000214491,4.47412E-07,2.43936E-10,1.03126E-10,1.32667E-11,5.58598E-12
309,2,1.56507,1.56505,0,0,0,1.29882,0.262135,0.00405799,1.85793E-05,1.22486E-05,2.75248E-06,2.20171E-06,0,0.609361,0.107911,0.000234793,1.28012E-07,5.41185E-08,6.9621E-09,2.93141E-09
309,3,2.35817,2.358,0,0,0,0,1.98173,0.373164,0.00161174,0.00106255,0.000238776,0.000190997,0,0,0.92961,0.151303,8.60046E-05,3.63593E-05,4.67745E-06,1.96945E-06
309,4,2.39714,2.39534,0,0,0,0,0,2.05302,0.194432,0.10672,0.0239401,0.017231,0,0,0,0.859002,0.0180411,0.00762702,0.000981181,0.000413129
309,5,2.42918,2.42315,0,0,0,0,0,0.000300721,1.13029,0.98526,0.183106,0.124193,0,0,0,0,0,0,0,0
309,6,2.49498,2.48474,0,0,0,0,0,1.04445E-15,0.00106245,1.48368,0.638072,0.361924,0,0,0,0,0,0,0,0
309,7,2.66719,2.65,0,0,0,0,0,0,8.16559E-10,0.056979,1.39922,1.1938,0,0,0,0,0,0,0,0
309,8,3.45168,3.41753,0,0,0,0,0,0,9.14748E-11,0.0041399,0.26421,3.14918,0,0,0,0,0,0,0,0
310,1,0.54844,0.54843,0,0,0.360556,0.184675,0.00314631,5.17166E-05,2.36782E-07,1.56101E-07,3.50788E-08,2.80595E-08,0.167734,0.0834825,0.000215031,4.4854E-07,2.44551E-10,1.03386E-10,1.33001E-11,5.60006E-12
310,2,1.56635,1.56632,0,0,0,1.2991,0.263114,0.00407272,1.86467E-05,0.000012293,2.76248E-06,2.20971E-06,0,0.609486,0.10837,0.000235802,1.28563E-07,5.43511E-08,6.99202E-09,2.944E-09
310,3,2.35826,2.35809,0,0,0,0,1.98074,0.374232,0.00161622,0.00106551,0.00023944,0.000191528,0,0,0.929138,0.151815,8.62981E-05,3.64833E-05,4.69342E-06,1.97617E-06
310,4,2.39716,2.39536,0,0,0,0,0,2.05185,0.195131,0.10707,0.0240184,0.0172852,0,0,0,0.85808,0.0180691,0.00763889,0.000982708,0.000413772
310,5,2.42919,2.42315,0,0,0,0,0,0.000300482,1.13012,0.985407,0.183122,0.124204,0,0,0,0,0,0,0,0
310,6,2.49504,2.48479,0,0,0,0,0,1.04236E-15,0.00106032,1.48299,0.638611,0.362124,0,0,0,0,0,0,0,0
310,7,2.66728,2.65009,0,0,0,0,0,0,8.15264E-10,0.0568654,1.39887,1.19435,0,0,0,0,0,0,0,0
310,8,3.45172,3.41757,0,0,0,0,0,0,9.14673E-11,0.00413956,0.264176,3.14925,0,0,0,0,0,0,0,0
311,1,0.545107,0.545097,0,0,0.361263,0.180697,0.0030856,5.07188E-05,2.32213E-07,1.53089E-07,3.4402E-08,2.75181E-08,0.168247,0.081447,0.000209524,4.37053E-07,2.38288E-10,1.00738E-10,1.29595E-11,5.45664E-12
311,2,1.55439,1.55437,0,0,0,1.29614,0.254254,0.00393894,1.80342E-05,1.18892E-05,2.67174E-06,2.13712E-06,0,0.608143,0.104242,0.000226734,1.23619E-07,5.2261E-08,6.72314E-09,2.83079E-09
311,3,2.35772,2.35755,0,0,0,0,1.98689,0.367602,0.00158839,0.00104716,0.000235317,0.00018823,0,0,0.932074,0.148636,8.44735E-05,0.000035712,4.59418E-06,1.93439E-06
311,4,2.3971,2.39531,0,0,0,0,0,2.05435,0.193736,0.10624,0.0238324,0.0171497,0,0,0,0.860054,0.0178439,0.00754367,0.000970458,0.000408614
311,5,2.42917,2.42314,0,0,0,0,0,0.000300546,1.13098,0.984648,0.183052,0.124157,0,0,0,0,0,0,0,0
311,6,2.49476,2.48453,0,0,0,0,0,1.05131E-15,0.00106944,1.4865,0.63584,0.361113,0,0,0,0,0,0,0,0
311,7,2.66672,2.64956,0,0,0,0,0,0,8.2337E-10,0.0575763,1.40108,1.1909,0,0,0,0,0,0,0,0
311,8,3.44768,3.4136,0,0,0,0,0,0,9.16747E-11,0.00414906,0.2651,3.14435,0,0,0,0,0,0,0,0
312,1,0.396163,0.368647,0,1,0.271874,0.0951642,0.00158236,2.60096E-05,1.19083E-07,7.85068E-08,1.7642E-08,1.41118E-08,0.0940856,0.0403468,0.000105831,2.20755E-07,1.20359E-10,5.0883E-11,6.54586E-12,2.75615E-12
312,2,0.993351,0.984524,0,0,0,0.853109,0.129422,0.00197364,9.03619E-06,5.95719E-06,1.33869E-06,1.07082E-06,0,0.329759,0.0509935,0.000112317,6.12369E-08,2.58885E-08,3.33043E-09,1.40229E-09
312,3,1.4703,1.45666,0,0,0,0,1.26038,0.194685,0.000828046,0.000545897,0.000122673,9.81265E-05,0,0,0.511941,0.0759081,4.36851E-05,1.84683E-05,2.37586E-06,1.00036E-06
312,4,1.52538,1.47795,0,0,0,0,0,1.2866,0.110817,0.0581204,0.0130377,0.00937183,0,0,0,0.476754,0.00951477,0.00402246,0.00051747,0.000217882
312,5,1.49718,1.46018,0,0,0,0,0,0.000196187,0.737251,0.555928,0.0993926,0.067414,0,0,0,0,0,0,0,0
312,6,1.58915,1.51752,0,0,0,0,0,5.94681E-16,0.000697143,0.95647,0.361346,0.199004,0,0,0,0,0,0,0,0
312,7,1.75319,1.64092,0,0,0,0,0,0,4.77427E-10,0.0362096,0.910162,0.694552,0,0,0,0,0,0,0,0
312,8,2.40023,2.1836,1,0,0,0,0,0,5.57427E-11,0.00252439,0.167639,2.01344,0,0,0,0,0,0,0,0
313,1,0.394717,0.367103,0,1,0.271882,0.093634,0.00156072,0.000025654,1.17455E-07,7.74335E-08,1.74008E-08,1.39189E-08,0.0942057,0.0396609,0.000103881,2.16688E-07,1.18142E-10,4.99456E-11,6.42526E-12,2.70537E-12
313,2,0.987291,0.978367,0,0,0,0.851504,0.124938,0.0019075,8.73336E-06,5.75755E-06,1.29383E-06,1.03494E-06,0,0.329,0.048996,0.000107858,5.88055E-08,2.48606E-08,3.1982E-09,1.34661E-09
313,3,1.46974,1.45623,0,0,0,0,1.26467,0.189998,0.000808843,0.000533237,0.000119829,9.58509E-05,0,0,0.513883,0.0737565,4.24301E-05,1.79377E-05,2.30761E-06,9.71623E-07
313,4,1.52531,1.4781,0,0,0,0,0,1.28939,0.109326,0.0572899,0.0128513,0.00923718,0,0,0,0.478684,0.00931422,0.00393767,0.000506563,0.00021329
313,5,1.49716,1.46014,0,0,0,0,0,0.000196603,0.738354,0.554928,0.0993072,0.0673561,0,0,0,0,0,0,0,0
313,6,1.58843,1.51705,0,0,0,0,0,6.04996E-16,0.00070924,0.96042,0.358037,0.197881,0,0,0,0,0,0,0,0
313,7,1.75193,1.63997,0,0,0,0,0,0,4.88522E-10,0.0372919,0.913392,0.689287,0,0,0,0,0,0,0,0
313,8,2.38981,2.17448,1,0,0,0,0,0,5.60749E-11,0.00253966,0.169341,2.0026,0,0,0,0,0,0,0,0
314,1,0.394146,0.366492,0,1,0.271892,0.0930212,0.00155208,2.55119E-05,1.16805E-07,7.70048E-08,1.73045E-08,1.38418E-08,0.0942582,0.0393861,0.000103099,2.15057E-07,1.17252E-10,4.95695E-11,6.37688E-12,2.685E-12
314,2,0.984565,0.975598,0,0,0,0.850819,0.122884,0.00187725,8.59489E-06,5.66626E-06,1.27332E-06,1.01853E-06,0,0.328676,0.0480791,0.000105808,5.76883E-08,2.43883E-08,3.13744E-09,1.32103E-09
314,3,1.4694,1.45597,0,0,0,0,1.26718,0.187253,0.000797583,0.000525814,0.00011816,9.45166E-05,0,0,0.515013,0.0725002,4.16976E-05,1.76281E-05,2.26777E-06,9.5485E-07
314,4,1.52554,1.47833,0,0,0,0,0,1.29316,0.107204,0.0562633,0.0126212,0.0090773,0,0,0,0.481408,0.0092148,0.00389564,0.000501156,0.000211013
314,5,1.49715,1.46013,0,0,0,0,0,0.000197072,0.738789,0.554538,0.0992702,0.067331,0,0,0,0,0,0,0,0
314,6,1.58797,1.51675,0,0,0,0,0,6.11794E-16,0.000717212,0.962965,0.355905,0.197159,0,0,0,0,0,0,0,0
314,7,1.75092,1.63921,0,0,0,0,0,0,4.97369E-10,0.0381544,0.915984,0.685071,0,0,0,0,0,0,0,0
314,8,2.3877,2.17268,1,0,0,0,0,0,5.62018E-11,0.0025455,0.169986,2.00015,0,0,0,0,0,0,0,0
315,1,0.393836,0.36616,0,1,0.2719,0.0926869,0.00154737,2.54345E-05,1.16451E-07,7.67711E-08,1.72519E-08,1.37998E-08,0.0942876,0.0392361,0.000102672,2.14166E-07,1.16767E-10,4.93642E-11,6.35047E-12,2.67388E-12
315,2,0.982944,0.973951,0,0,0,0.850421,0.121653,0.00185915,8.51202E-06,5.61163E-06,1.26104E-06,1.00871E-06,0,0.328488,0.0475295,0.00010458,5.70185E-08,2.41051E-08,3.10101E-09,1.30569E-09
315,3,1.46916,1.45578,0,0,0,0,1.26893,0.185331,0.0007897,0.000520617,0.000116993,9.35824E-05,0,0,0.515804,0.0716209,0.000041185,1.74114E-05,2.23989E-06,9.43111E-07
315,4,1.52578,1.47854,0,0,0,0,0,1.29654,0.105291,0.0553546,0.0124175,0.00893651,0,0,0,0.483843,0.0091431,0.00386533,0.000497257,0.000209371
315,5,1.49715,1.46011,0,0,0,0,0,0.000197591,0.739183,0.554187,0.0992357,0.0673076,0,0,0,0,0,0,0,0
315,6,1.58751,1.51645,0,0,0,0,0,6.18731E-16,0.000725347,0.965411,0.353857,0.196458,0,0,0,0,0,0,0,0
315,7,1.74993,1.63846,0,0,0,0,0,0,5.06066E-10,0.0390026,0.918522,0.680938,0,0,0,0,0,0,0,0
315,8,2.38627,2.17147,1,0,0,0,0,0,5.63077E-11,0.00255038,0.170526,1.99839,0,0,0,0,0,0,0,0
316,1,0.39355,0.365855,0,1,0.271887,0.0923998,0.00154327,2.53671E-05,1.16142E-07,7.65676E-08,1.72062E-08,1.37632E-08,0.0943058,0.0391066,0.000102306,2.13402E-07,1.1635E-10,4.91882E-11,6.32783E-12,2.66435E-12
316,2,0.981726,0.972714,0,0,0,0.850114,0.120736,0.00184565,8.45022E-06,5.57088E-06,1.25188E-06,1.00138E-06,0,0.328342,0.0471204,0.000103666,5.652E-08,2.38944E-08,3.0739E-09,1.29427E-09
316,3,1.46898,1.45564,0,0,0,0,1.27031,0.183819,0.000783499,0.000516529,0.000116074,9.28475E-05,0,0,0.516428,0.0709281,0.000040781,1.72406E-05,2.21792E-06,9.3386E-07
316,4,1.52599,1.47873,0,0,0,0,0,1.29952,0.103613,0.0545486,0.0122368,0.00881192,0,0,0,0.486043,0.00908603,0.0038412,0.000494153,0.000208064
316,5,1.49714,1.46009,0,0,0,0,0,0.000198036,0.739639,0.553778,0.0991976,0.0672817,0,0,0,0,0,0,0,0
316,6,1.58689,1.51605,0,0,0,0,0,6.2877E-16,0.00073712,0.968621,0.351176,0.19552,0,0,0,0,0,0,0,0
316,7,1.74882,1.63763,0,0,0,0,0,0,5.15813E-10,0.0399538,0.921349,0.676325,0,0,0,0,0,0,0,0
316,8,2.3845,2.16997,1,0,0,0,0,0,5.64336E-11,0.00255618,0.171168,1.99625,0,0,0,0,0,0,0,0
317,1,0.393511,0.365814,0,1,0.271878,0.0923673,0.00154279,2.53592E-05,1.16105E-07,7.65436E-08,1.72008E-08,1.37589E-08,0.0943053,0.0390918,0.000102265,2.13316E-07,1.16303E-10,4.91684E-11,6.32528E-12,2.66328E-12
317,2,0.981344,0.972326,0,0,0,0.850044,0.120424,0.00184108,8.42931E-06,5.5571E-06,1.24879E-06,9.98904E-07,0,0.32831,0.0469793,0.000103349,5.63475E-08,2.38214E-08,3.06452E-09,1.29032E-09
317,3,1.46886,1.45555,0,0,0,0,1.27122,0.182833,0.000779462,0.000513867,0.000115476,9.23691E-05,0,0,0.516837,0.0704751,4.05167E-05,1.71288E-05,2.20355E-06,9.27808E-07
317,4,1.52631,1.47894,0,0,0,0,0,1.3026,0.101929,0.0536823,0.0120426,0.00868083,0,0,0,0.488849,0.0090877,0.00384191,0.000494244,0.000208103
317,5,1.49712,1.46005,0,0,0,0,0,0.00019877,0.740746,0.552779,0.0991091,0.0672217,0,0,0,0,0,0,0,0
317,6,1.58549,1.51519,0,0,0,0,0,6.54036E-16,0.000766756,0.975164,0.345729,0.193527,0,0,0,0,0,0,0,0
317,7,1.74777,1.63684,0,0,0,0,0,0,5.25126E-10,0.0408637,0.924014,0.671958,0,0,0,0,0,0,0,0
317,8,2.38589,2.17125,1,0,0,0,0,0,5.64862E-11,0.00255861,0.171429,1.99727,0,0,0,0,0,0,0,0
318,1,0.386057,0.359074,0,1,0.265055,0.0924422,0.00155125,2.54983E-05,1.16742E-07,7.69635E-08,1.72952E-08,1.38344E-08,0.0939451,0.0394848,0.000102943,2.14731E-07,1.17075E-10,4.94945E-11,6.36723E-12,2.68094E-12
318,2,0.96588,0.956847,0,0,0,0.834251,0.120729,0.00185011,8.47063E-06,5.58434E-06,1.25491E-06,1.0038E-06,0,0.327707,0.0473297,0.000103926,5.66619E-08,2.39544E-08,3.08162E-09,1.29752E-09
318,3,1.48127,1.45903,0,0,0,0,1.27407,0.183456,0.000783598,0.000516594,0.000116089,9.28593E-05,0,0,0.518924,0.0709495,4.07293E-05,1.72187E-05,2.21511E-06,9.32676E-07
318,4,1.60692,1.50645,0,0,0,0,0,1.32568,0.104137,0.0552833,0.0124018,0.00894245,0,0,0,0.50502,0.00940945,0.00397793,0.000511742,0.00021547
318,5,1.57991,1.48664,0,0,0,0,0,0.000201072,0.748582,0.565885,0.10247,0.0695016,0,0,0,0,0,0,0,0
318,6,2.30397,1.85025,0,0,0,0,0,8.39463E-16,0.000946928,1.167,0.433816,0.248485,0,0,0,0,0,0,0,0
318,7,3.37885,2.55886,0,0,0,0,0,0,8.83728E-10,0.06402,1.38725,1.10758,0,0,0,0,0,0,0,0
318,8,4.20047,3.37457,0,0,0,0,0,0,9.26153E-11,0.0041926,0.270674,3.09971,0,0,0,0,0,0,0,0
319,1,0.386239,0.35927,0,1,0.265035,0.092655,0.00155425,2.55476E-05,1.16968E-07,7.71126E-08,1.73287E-08,1.38612E-08,0.0939193,0.0395825,0.00010322,2.15309E-07,1.1739E-10,4.96276E-11,6.38436E-12,2.68815E-12
319,2,0.96689,0.95787,0,0,0,0.834512,0.121479,0.00186119,8.52136E-06,5.61778E-06,1.26242E-06,1.00981E-06,0,0.327824,0.0476667,0.000104677,5.70715E-08,2.41275E-08,3.1039E-09,1.3069E-09
319,3,1.4815,1.45919,0,0,0,0,1.27302,0.184655,0.000788531,0.000519846,0.000116819,9.34438E-05,0,0,0.518444,0.0714994,4.10492E-05,0.000017354,2.23251E-06,9.40002E-07
319,4,1.60709,1.50644,0,0,0,0,0,1.32345,0.105477,0.0559228,0.0125452,0.00904166,0,0,0,0.503415,0.00946208,0.00400018,0.000514605,0.000216676
319,5,1.57997,1.48667,0,0,0,0,0,0.000200649,0.748291,0.56616,0.102499,0.0695212,0,0,0,0,0,0,0,0
319,6,2.30733,1.85214,0,0,0,0,0,8.32726E-16,0.000939326,1.16547,0.436255,0.249478,0,0,0,0,0,0,0,0
319,7,3.38116,2.56086,0,0,0,0,0,0,8.68387E-10,0.0626508,1.38342,1.11479,0,0,0,0,0,0,0,0
319,8,4.20064,3.37475,0,0,0,0,0,0,9.24638E-11,0.00418564,0.269978,3.10058,0,0,0,0,0,0,0,0
320,1,0.394225,0.366582,0,1,0.271828,0.0931734,0.00155405,2.55442E-05,1.16953E-07,7.71022E-08,1.73263E-08,1.38593E-08,0.0942205,0.0394527,0.000103297,2.15469E-07,1.17477E-10,4.96646E-11,6.38912E-12,2.69015E-12
320,2,0.985176,0.976219,0,0,0,0.851007,0.123311,0.00188359,8.62394E-06,5.68541E-06,1.27762E-06,1.02197E-06,0,0.328766,0.048268,0.000106229,5.79176E-08,2.44852E-08,3.14991E-09,1.32628E-09
320,3,1.46939,1.45596,0,0,0,0,1.26735,0.187068,0.000796842,0.000525326,0.000118051,9.44288E-05,0,0,0.515097,0.072412,4.16458E-05,1.76061E-05,2.26495E-06,9.53662E-07
320,4,1.52587,1.47851,0,0,0,0,0,1.29573,0.105807,0.0555414,0.0124594,0.00896983,0,0,0,0.48391,0.00925557,0.00391288,0.000503374,0.000211947
320,5,1.49713,1.46009,0,0,0,0,0,0.000197738,0.739884,0.553549,0.0991834,0.0672721,0,0,0,0,0,0,0,0
320,6,1.58644,1.5158,0,0,0,0,0,6.39045E-16,0.000749175,0.97009,0.349974,0.194991,0,0,0,0,0,0,0,0
320,7,1.75022,1.63868,0,0,0,0,0,0,5.0361E-10,0.0387648,0.91775,0.682168,0,0,0,0,0,0,0,0
320,8,2.38976,2.17452,1,0,0,0,0,0,5.61887E-11,0.00254491,0.169915,2.00206,0,0,0,0,0,0,0,0
321,1,0.395629,0.368081,0,1,0.271812,0.0946678,0.00157515,2.58911E-05,1.18541E-07,7.81491E-08,1.75616E-08,1.40475E-08,0.0940995,0.0401224,0.000105201,2.19443E-07,1.19643E-10,5.05804E-11,6.50693E-12,2.73976E-12
321,2,0.991742,0.98289,0,0,0,0.852721,0.128195,0.0019556,8.95361E-06,5.90275E-06,1.32646E-06,1.06104E-06,0,0.329575,0.0504451,0.000111091,6.05682E-08,2.56058E-08,3.29407E-09,1.38697E-09
321,3,1.47008,1.45649,0,0,0,0,1.26206,0.192848,0.000820523,0.000540937,0.000121559,0.000097235,0,0,0.512703,0.0750649,4.31933E-05,1.82604E-05,2.34911E-06,9.89099E-07
321,4,1.52565,1.47818,0,0,0,0,0,1.29016,0.108799,0.057166,0.0128237,0.00922476,0,0,0,0.479372,0.0094574,0.0039982,0.00051435,0.000216569
321,5,1.49718,1.46016,0,0,0,0,0,0.00019678,0.737749,0.555482,0.0993497,0.0673849,0,0,0,0,0,0,0,0
321,6,1.58841,1.51704,0,0,0,0,0,6.05934E-16,0.000710339,0.96041,0.358049,0.197873,0,0,0,0,0,0,0,0
321,7,1.7521,1.6401,0,0,0,0,0,0,4.86978E-10,0.037141,0.912954,0.690007,0,0,0,0,0,0,0,0
321,8,2.39967,2.18315,1,0,0,0,0,0,5.58168E-11,0.00252781,0.168017,2.0126,0,0,0,0,0,0,0,0
322,1,0.544432,0.544422,0,0,0.361345,0.179951,0.00307412,0.00005053,2.31349E-07,1.52519E-07,3.42739E-08,2.74157E-08,0.168318,0.0810676,0.000208502,4.3492E-07,2.37125E-10,1.00247E-10,1.28963E-11,5.43001E-12
322,2,1.55134,1.55132,0,0,0,1.29549,0.251885,0.0039033,1.78711E-05,1.17817E-05,2.64756E-06,2.11779E-06,0,0.607859,0.10313,0.000224286,1.22284E-07,5.16968E-08,6.65056E-09,2.80023E-09
322,3,2.35744,2.35727,0,0,0,0,1.99011,0.364133,0.00157383,0.00103756,0.00023316,0.000186505,0,0,0.933611,0.146973,8.35185E-05,3.53082E-05,4.54224E-06,1.91252E-06
322,4,2.39701,2.39523,0,0,0,0,0,2.05945,0.190672,0.104705,0.0234882,0.0169119,0,0,0,0.864129,0.0177233,0.0074927,0.000963901,0.000405853
322,5,2.42916,2.42313,0,0,0,0,0,0.000301459,1.13167,0.984055,0.182986,0.124112,0,0,0,0,0,0,0,0
322,6,2.49434,2.48413,0,0,0,0,0,1.06533E-15,0.00108369,1.49183,0.631636,0.359585,0,0,0,0,0,0,0,0
322,7,2.66566,2.64853,0,0,0,0,0,0,8.38935E-10,0.0589404,1.40536,1.18423,0,0,0,0,0,0,0,0
322,8,3.44634,3.41229,0,0,0,0,0,0,9.18215E-11,0.00415579,0.265763,3.14238,0,0,0,0,0,0,0,0
323,1,0.438954,0.433965,0,0,0.325511,0.106836,0.00159138,2.61579E-05,1.19762E-07,7.89545E-08,1.77426E-08,1.41923E-08,0.0974065,0.0384027,0.000108984,2.27333E-07,1.23946E-10,5.23992E-11,6.74092E-12,2.83828E-12
323,2,1.09163,1.06705,0,0,0,0.929239,0.135808,0.00198082,9.06906E-06,5.97886E-06,1.34356E-06,1.07472E-06,0,0.326158,0.0500292,0.00011386,6.20784E-08,2.62443E-08,3.3762E-09,1.42156E-09
323,3,1.73734,1.56518,0,0,0,0,1.37033,0.193291,0.000807056,0.000532059,0.000119564,9.56391E-05,0,0,0.538868,0.0719819,0.000042022,1.77652E-05,2.28541E-06,9.62277E-07
323,4,2.60745,1.95289,0,0,0,0,0,1.72743,0.128142,0.0701882,0.0157462,0.0113868,0,0,0,0.683108,0.0125127,0.00528988,0.000680518,0.000286534
323,5,3.22797,2.30378,0,0,0,0,0,0.000296747,1.09232,0.924834,0.170614,0.115721,0,0,0,0,0,0,0,0
323,6,3.3568,2.4066,0,0,0,0,0,1.07442E-15,0.0011162,1.46881,0.596328,0.340343,0,0,0,0,0,0,0,0
323,7,3.55756,2.59663,0,0,0,0,0,0,8.67701E-10,0.0622935,1.39557,1.13876,0,0,0,0,0,0,0,0
323,8,4.3193,3.37753,0,0,0,0,0,0,9.09597E-11,0.00411779,0.264505,3.10891,0,0,0,0,0,0,0,0
324,1,0.545955,0.545945,0,0,0.361844,0.180958,0.0030914,0.000050814,2.32649E-07,1.53376E-07,3.44666E-08,2.75698E-08,0.168495,0.0815877,0.000209829,4.37689E-07,2.38635E-10,1.00885E-10,1.29784E-11,5.46458E-12
324,2,1.54696,1.54694,0,0,0,1.29479,0.248265,0.00384895,1.76222E-05,1.16176E-05,2.6107E-06,2.0883E-06,0,0.607573,0.101413,0.000220504,1.20222E-07,5.08251E-08,6.53842E-09,2.75301E-09
324,3,2.3564,2.35624,0,0,0,0,2.00344,0.349879,0.0015142,0.00099825,0.000224326,0.000179438,0,0,0.940043,0.140072,7.95521E-05,3.36314E-05,4.32653E-06,1.82169E-06
324,4,2.39649,2.3948,0,0,0,0,0,2.08763,0.173843,0.0961655,0.0215736,0.0155831,0,0,0,0.88659,0.0169183,0.00715238,0.00092012,0.000387419
324,5,2.42908,2.42305,0,0,0,0,0,0.000306892,1.13618,0.98018,0.182562,0.123825,0,0,0,0,0,0,0,0
324,6,2.49289,2.48276,0,0,0,0,0,1.12197E-15,0.00114131,1.50994,0.617407,0.354263,0,0,0,0,0,0,0,0
324,7,2.66168,2.64468,0,0,0,0,0,0,8.97399E-10,0.0640665,1.42134,1.15927,0,0,0,0,0,0,0,0
324,8,3.43735,3.40348,0,0,0,0,0,0,9.26066E-11,0.00419178,0.269296,3.12999,0,0,0,0,0,0,0,0
325,1,0.395702,0.368143,0,1,0.272029,0.0945141,0.00157362,2.58659E-05,1.18426E-07,7.80732E-08,1.75445E-08,1.40339E-08,0.0941894,0.0400619,0.000105,2.19022E-07,1.19414E-10,5.04835E-11,6.49447E-12,2.73451E-12
325,2,0.989308,0.980418,0,0,0,0.852153,0.12632,0.00192804,8.82744E-06,5.81957E-06,1.30777E-06,1.04608E-06,0,0.329311,0.0496048,0.000109211,5.95434E-08,2.51726E-08,3.23834E-09,1.36351E-09
325,3,1.46962,1.45614,0,0,0,0,1.2657,0.188897,0.000804384,0.000530297,0.000119168,9.53225E-05,0,0,0.514358,0.0732415,4.21283E-05,1.78101E-05,2.29119E-06,9.64712E-07
325,4,1.52623,1.47876,0,0,0,0,0,1.29973,0.103384,0.0545816,0.0122443,0.00882251,0,0,0,0.486175,0.00921005,0.00389363,0.000500898,0.000210904
325,5,1.49716,1.4601,0,0,0,0,0,0.000199017,0.739464,0.553953,0.0991996,0.0672831,0,0,0,0,0,0,0,0
325,6,1.58714,1.51621,0,0,0,0,0,6.25108E-16,0.000732825,0.967387,0.352206,0.19589,0,0,0,0,0,0,0,0
325,7,1.74877,1.63759,0,0,0,0,0,0,5.1611E-10,0.039981,0.921493,0.676118,0,0,0,0,0,0,0,0
325,8,2.39051,2.17525,1,0,0,0,0,0,5.62858E-11,0.00254939,0.170411,2.00229,0,0,0,0,0,0,0,0
326,1,0.394196,0.366539,0,1,0.271962,0.0929992,0.00155198,2.55102E-05,1.16797E-07,7.69997E-08,1.73033E-08,1.38409E-08,0.0942853,0.0393789,0.000103069,2.14994E-07,1.17218E-10,4.9555E-11,6.37502E-12,2.68422E-12
326,2,0.98367,0.974689,0,0,0,0.850608,0.122196,0.00186715,8.54863E-06,5.63576E-06,1.26646E-06,1.01304E-06,0,0.328577,0.0477713,0.00010512,5.7313E-08,2.42296E-08,3.11703E-09,1.31243E-09
326,3,1.46921,1.45582,0,0,0,0,1.26871,0.185582,0.000790752,0.00052131,0.000117148,0.000093707,0,0,0.515711,0.0717301,0.000041248,0.000017438,2.24332E-06,9.44554E-07
326,4,1.52596,1.47868,0,0,0,0,0,1.29883,0.103975,0.054749,0.0122817,0.0088435,0,0,0,0.4855,0.0091124,0.00385235,0.000495587,0.000208668
326,5,1.49715,1.46009,0,0,0,0,0,0.000198409,0.739766,0.553668,0.099184,0.0672725,0,0,0,0,0,0,0,0
326,6,1.5869,1.51606,0,0,0,0,0,6.28133E-16,0.000736373,0.968709,0.351097,0.195514,0,0,0,0,0,0,0,0
326,7,1.74823,1.63718,0,0,0,0,0,0,5.20939E-10,0.040453,0.922867,0.673863,0,0,0,0,0,0,0,0
326,8,2.38362,2.16923,1,0,0,0,0,0,5.65072E-11,0.00255957,0.171544,1.99513,0,0,0,0,0,0,0,0
327,1,0.393784,0.366101,0,1,0.271943,0.0925861,0.00154608,2.54132E-05,1.16353E-07,7.67069E-08,1.72375E-08,1.37883E-08,0.0943119,0.0391924,0.000102542,2.13895E-07,1.16619E-10,4.93016E-11,6.34243E-12,2.67049E-12
327,2,0.981968,0.972959,0,0,0,0.850167,0.120927,0.00184844,8.46299E-06,5.5793E-06,1.25378E-06,1.0029E-06,0,0.328367,0.0472057,0.000103857,5.66242E-08,2.39384E-08,3.07957E-09,1.29666E-09
327,3,1.46903,1.45568,0,0,0,0,1.26994,0.184228,0.000785185,0.00051764,0.000116324,9.30473E-05,0,0,0.516262,0.0711143,4.08894E-05,1.72864E-05,2.22381E-06,9.36342E-07
327,4,1.52595,1.47871,0,0,0,0,0,1.29917,0.103812,0.0546376,0.0122567,0.00882545,0,0,0,0.485801,0.00908687,0.00384156,0.000494199,0.000208084
327,5,1.49714,1.46009,0,0,0,0,0,0.000198026,0.739663,0.553756,0.0991959,0.0672806,0,0,0,0,0,0,0,0
327,6,1.58685,1.51602,0,0,0,0,0,6.28968E-16,0.000737352,0.968936,0.350908,0.195443,0,0,0,0,0,0,0,0
327,7,1.74832,1.63725,0,0,0,0,0,0,5.20179E-10,0.0403791,0.922641,0.674229,0,0,0,0,0,0,0,0
327,8,2.38325,2.1689,1,0,0,0,0,0,5.65152E-11,0.00255993,0.171583,1.99476,0,0,0,0,0,0,0,0
328,1,0.393798,0.366117,0,1,0.271932,0.0926126,0.00154642,2.54188E-05,1.16379E-07,7.67238E-08,1.72413E-08,1.37913E-08,0.0943059,0.0392038,0.000102576,2.13965E-07,1.16657E-10,4.93179E-11,6.34452E-12,2.67138E-12
328,2,0.982231,0.973226,0,0,0,0.850231,0.121127,0.00185138,8.47646E-06,5.58818E-06,1.25577E-06,1.00449E-06,0,0.328397,0.0472951,0.000104057,5.67332E-08,2.39845E-08,3.0855E-09,1.29916E-09
328,3,1.46908,1.45572,0,0,0,0,1.26954,0.184659,0.000786949,0.000518803,0.000116585,9.32563E-05,0,0,0.516082,0.0713125,4.10051E-05,1.73353E-05,2.23011E-06,9.38991E-07
328,4,1.52585,1.47862,0,0,0,0,0,1.29772,0.104644,0.0550267,0.0123439,0.00888553,0,0,0,0.484751,0.00911323,0.0038527,0.000495632,0.000208687
328,5,1.49715,1.4601,0,0,0,0,0,0.00019766,0.739407,0.553984,0.0992186,0.067296,0,0,0,0,0,0,0,0
328,6,1.58712,1.5162,0,0,0,0,0,6.24812E-16,0.000732478,0.967461,0.352143,0.195865,0,0,0,0,0,0,0,0
328,7,1.74913,1.63786,0,0,0,0,0,0,5.13042E-10,0.039683,0.920557,0.677623,0,0,0,0,0,0,0,0
328,8,2.38444,2.16991,1,0,0,0,0,0,5.64201E-11,0.00255555,0.171098,1.99626,0,0,0,0,0,0,0,0
329,1,0.394221,0.366569,0,1,0.271918,0.0930727,0.00155289,2.55252E-05,1.16866E-07,7.70448E-08,1.73134E-08,1.3849E-08,0.0942649,0.0394098,0.000103163,2.1519E-07,1.17325E-10,4.96002E-11,6.38083E-12,2.68666E-12
329,2,0.984543,0.975576,0,0,0,0.850818,0.122863,0.00187695,8.59353E-06,5.66536E-06,1.27311E-06,1.01836E-06,0,0.328675,0.0480696,0.000105787,5.76767E-08,2.43834E-08,3.13681E-09,1.32076E-09
329,3,1.46938,1.45595,0,0,0,0,1.26733,0.187089,0.000796914,0.000525373,0.000118061,9.44372E-05,0,0,0.515081,0.0724249,4.16537E-05,1.76095E-05,2.26538E-06,9.53844E-07
329,4,1.52562,1.47838,0,0,0,0,0,1.294,0.106722,0.056044,0.012572,0.00904391,0,0,0,0.482022,0.00921045,0.0038938,0.00050092,0.000210914
329,5,1.49715,1.46012,0,0,0,0,0,0.000197253,0.738914,0.554427,0.0992591,0.0673234,0,0,0,0,0,0,0,0
329,6,1.58776,1.51661,0,0,0,0,0,6.15135E-16,0.000721129,0.964038,0.355008,0.196846,0,0,0,0,0,0,0,0
329,7,1.75063,1.63899,0,0,0,0,0,0,4.9992E-10,0.0384035,0.916719,0.683869,0,0,0,0,0,0,0,0
329,8,2.38784,2.17281,1,0,0,0,0,0,5.62113E-11,0.00254594,0.170036,2.00023,0,0,0,0,0,0,0,0
330,1,0.395621,0.368065,0,1,0.271904,0.0945611,0.00157391,2.58708E-05,1.18448E-07,7.80878E-08,1.75478E-08,1.40365E-08,0.094146,0.0400765,0.000105059,2.19146E-07,1.19482E-10,5.0512E-11,6.49813E-12,2.73605E-12
330,2,0.990955,0.98209,0,0,0,0.852524,0.127601,0.00194685,8.91357E-06,5.87635E-06,1.32053E-06,1.05629E-06,0,0.329482,0.05018,0.000110498,6.02452E-08,2.54692E-08,3.2765E-09,1.37958E-09
330,3,1.47001,1.45644,0,0,0,0,1.26251,0.192351,0.000818473,0.000539586,0.000121255,9.69921E-05,0,0,0.512903,0.0748396,4.30622E-05,0.000018205,2.34198E-06,9.86098E-07
330,4,1.52565,1.47819,0,0,0,0,0,1.29027,0.108737,0.0571427,0.0128185,0.00922076,0,0,0,0.479396,0.00944711,0.00399385,0.00051379,0.000216333
330,5,1.49718,1.46017,0,0,0,0,0,0.000196783,0.737614,0.555605,0.0993595,0.0673915,0,0,0,0,0,0,0,0
330,6,1.58875,1.51726,0,0,0,0,0,6.00775E-16,0.00070429,0.958672,0.359502,0.198377,0,0,0,0,0,0,0,0
330,7,1.75253,1.64043,0,0,0,0,0,0,4.83182E-10,0.0367708,0.911844,0.691813,0,0,0,0,0,0,0,0
330,8,2.40101,2.18431,1,0,0,0,0,0,5.57612E-11,0.00252525,0.167732,2.01405,0,0,0,0,0,0,0,0
331,1,0.544489,0.544479,0,0,0.361435,0.179919,0.0030738,5.05247E-05,2.31324E-07,1.52503E-07,3.42703E-08,2.74128E-08,0.168365,0.0810469,0.00020844,4.3479E-07,2.37054E-10,1.00217E-10,1.28924E-11,5.42839E-12
331,2,1.55162,1.55159,0,0,0,1.29552,0.252129,0.00390695,1.78877E-05,1.17927E-05,2.65004E-06,2.11976E-06,0,0.607868,0.103247,0.000224544,1.22425E-07,5.17563E-08,6.65822E-09,2.80346E-09
331,3,2.3575,2.35733,0,0,0,0,1.9894,0.364885,0.00157698,0.00103964,0.000233626,0.000186878,0,0,0.933272,0.147337,8.37278E-05,3.53967E-05,4.55363E-06,1.91731E-06
331,4,2.39704,2.39526,0,0,0,0,0,2.05807,0.191493,0.105129,0.0235832,0.0169781,0,0,0,0.863015,0.0177694,0.0075122,0.000966409,0.000406909
331,5,2.42916,2.42313,0,0,0,0,0,0.00030129,1.13145,0.984252,0.183006,0.124126,0,0,0,0,0,0,0,0
331,6,2.49458,2.48435,0,0,0,0,0,1.05825E-15,0.00107649,1.48884,0.634001,0.360433,0,0,0,0,0,0,0,0
331,7,2.66637,2.64921,0,0,0,0,0,0,8.28642E-10,0.0580386,1.40252,1.18865,0,0,0,0,0,0,0,0
331,8,3.44797,3.41389,0,0,0,0,0,0,9.16902E-11,0.00414977,0.265173,3.14457,0,0,0,0,0,0,0,0
332,1,0.5479,0.54789,0,0,0.360668,0.184033,0.0031365,5.15554E-05,2.36043E-07,1.55614E-07,3.49694E-08,2.7972E-08,0.167816,0.0831537,0.000214142,4.46685E-07,2.43539E-10,1.02959E-10,1.32451E-11,5.5769E-12
332,2,1.56443,1.5644,0,0,0,1.29868,0.261631,0.00405041,1.85446E-05,1.22257E-05,2.74735E-06,2.1976E-06,0,0.609303,0.107674,0.000234272,1.27728E-07,5.39984E-08,6.94665E-09,2.9249E-09
332,3,2.35811,2.35794,0,0,0,0,1.98239,0.37245,0.00160874,0.00106058,0.000238332,0.000190642,0,0,0.929927,0.15096,8.58076E-05,0.000036276,4.66674E-06,1.96494E-06
332,4,2.39712,2.39533,0,0,0,0,0,2.05401,0.193835,0.106422,0.0238732,0.0171847,0,0,0,0.859792,0.0180171,0.0076169,0.000979879,0.00041258
332,5,2.42918,2.42315,0,0,0,0,0,0.000300944,1.13045,0.985118,0.18309,0.124182,0,0,0,0,0,0,0,0
332,6,2.49491,2.48467,0,0,0,0,0,1.04699E-15,0.00106503,1.48459,0.637353,0.36166,0,0,0,0,0,0,0,0
332,7,2.66704,2.64987,0,0,0,0,0,0,8.18653E-10,0.0571625,1.3998,1.1929,0,0,0,0,0,0,0,0
332,8,3.45151,3.41737,0,0,0,0,0,0,9.14924E-11,0.00414071,0.26429,3.14894,0,0,0,0,0,0,0,0
333,1,0.547684,0.547674,0,0,0.360697,0.183792,0.00313278,5.14943E-05,2.35764E-07,1.55429E-07,3.4928E-08,2.79389E-08,0.16784,0.0830304,0.00021381,4.45992E-07,2.43162E-10,1.02799E-10,1.32246E-11,5.56825E-12
333,2,1.5638,1.56378,0,0,0,1.29854,0.261159,0.0040433,0.000018512,1.22042E-05,2.74252E-06,2.19374E-06,0,0.609237,0.107454,0.000233787,1.27464E-07,5.38868E-08,6.93229E-09,2.91885E-09
333,3,2.35808,2.35791,0,0,0,0,1.98271,0.372105,0.00160729,0.00105962,0.000238117,0.00019047,0,0,0.930079,0.150796,8.57133E-05,3.62361E-05,4.66161E-06,1.96278E-06
333,4,2.39712,2.39532,0,0,0,0,0,2.05418,0.193739,0.106369,0.0238614,0.0171764,0,0,0,0.859929,0.0180088,0.00761339,0.000979427,0.00041239
333,5,2.42918,2.42315,0,0,0,0,0,0.000300902,1.13043,0.985136,0.183092,0.124184,0,0,0,0,0,0,0,0
333,6,2.49491,2.48467,0,0,0,0,0,1.04691E-15,0.00106496,1.4846,0.637349,0.36166,0,0,0,0,0,0,0,0
333,7,2.66703,2.64986,0,0,0,0,0,0,8.18794E-10,0.0571748,1.39984,1.19284,0,0,0,0,0,0,0,0
333,8,3.45144,3.4173,0,0,0,0,0,0,9.14968E-11,0.00414091,0.26431,3.14885,0,0,0,0,0,0,0,0
334,1,0.544046,0.544036,0,0,0.361489,0.179428,0.00306623,5.04004E-05,2.30756E-07,1.52128E-07,3.4186E-08,2.73454E-08,0.168412,0.0807967,0.000207766,4.33385E-07,2.36288E-10,9.9893E-11,1.28508E-11,5.41084E-12
334,2,1.55017,1.55014,0,0,0,1.29517,0.251048,0.00389063,1.78131E-05,1.17434E-05,2.63897E-06,2.11091E-06,0,0.607708,0.102743,0.000223437,1.21821E-07,5.15011E-08,6.62539E-09,2.78963E-09
334,3,2.35743,2.35726,0,0,0,0,1.99015,0.364074,0.00157357,0.00103739,0.000233122,0.000186474,0,0,0.933629,0.146949,8.35053E-05,3.53027E-05,4.54153E-06,1.91222E-06
334,4,2.39703,2.39525,0,0,0,0,0,2.05816,0.191453,0.105088,0.0235739,0.0169706,0,0,0,0.863099,0.0177426,0.00750085,0.00096495,0.000406295
334,5,2.42916,2.42313,0,0,0,0,0,0.000301144,1.13144,0.984254,0.183009,0.124127,0,0,0,0,0,0,0,0
334,6,2.49457,2.48435,0,0,0,0,0,1.05816E-15,0.0010764,1.4889,0.633953,0.360418,0,0,0,0,0,0,0,0
334,7,2.66633,2.64918,0,0,0,0,0,0,8.29115E-10,0.05808,1.40265,1.18844,0,0,0,0,0,0,0,0
334,8,3.44737,3.41331,0,0,0,0,0,0,9.17197E-11,0.00415112,0.265304,3.14385,0,0,0,0,0,0,0,0
335,1,0.395493,0.36793,0,1,0.271888,0.0944441,0.00157221,2.58427E-05,1.1832E-07,7.80033E-08,1.75288E-08,1.40213E-08,0.0941473,0.040024,0.000104912,2.18839E-07,1.19314E-10,5.04412E-11,6.48903E-12,2.73222E-12
335,2,0.990542,0.98167,0,0,0,0.852415,0.127295,0.00194234,8.8929E-06,5.86272E-06,1.31747E-06,1.05384E-06,0,0.329431,0.0500435,0.000110193,6.00791E-08,2.5399E-08,3.26747E-09,1.37577E-09
335,3,1.46999,1.45642,0,0,0,0,1.26271,0.192132,0.000817576,0.000538994,0.000121122,9.68858E-05,0,0,0.512994,0.0747388,4.30033E-05,1.81801E-05,2.33878E-06,9.8475E-07
335,4,1.52558,1.47815,0,0,0,0,0,1.2898,0.109016,0.0572527,0.0128431,0.00923681,0,0,0,0.47906,0.00943343,0.00398807,0.000513047,0.00021602
335,5,1.49718,1.46017,0,0,0,0,0,0.000196619,0.737613,0.555604,0.0993614,0.0673928,0,0,0,0,0,0,0,0
335,6,1.58879,1.51728,0,0,0,0,0,6.00004E-16,0.000703386,0.958467,0.359673,0.198438,0,0,0,0,0,0,0,0
335,7,1.75255,1.64044,0,0,0,0,0,0,4.83035E-10,0.0367563,0.911807,0.691877,0,0,0,0,0,0,0,0
335,8,2.39958,2.18305,1,0,0,0,0,0,5.57996E-11,0.00252701,0.167928,2.0126,0,0,0,0,0,0,0,0
336,1,0.394146,0.366492,0,1,0.271892,0.0930212,0.00155208,2.55119E-05,1.16805E-07,7.70048E-08,1.73045E-08,1.38418E-08,0.0942582,0.0393861,0.000103099,2.15057E-07,1.17252E-10,4.95695E-11,6.37688E-12,2.685E-12
336,2,0.984565,0.975598,0,0,0,0.850819,0.122884,0.00187725,8.59489E-06,5.66626E-06,1.27332E-06,1.01853E-06,0,0.328676,0.0480791,0.000105808,5.76883E-08,2.43883E-08,3.13744E-09,1.32103E-09
336,3,1.4694,1.45597,0,0,0,0,1.26718,0.187253,0.000797583,0.000525814,0.00011816,9.45166E-05,0,0,0.515013,0.0725002,4.16976E-05,1.76281E-05,2.26777E-06,9.5485E-07
336,4,1.52554,1.47833,0,0,0,0,0,1.29316,0.107204,0.0562633,0.0126212,0.0090773,0,0,0,0.481408,0.0092148,0.00389564,0.000501156,0.000211013
336,5,1.49715,1.46013,0,0,0,0,0,0.000197072,0.738789,0.554538,0.0992702,0.067331,0,0,0,0,0,0,0,0
336,6,1.58797,1.51675,0,0,0,0,0,6.11794E-16,0.000717212,0.962965,0.355905,0.197159,0,0,0,0,0,0,0,0
336,7,1.75092,1.63921,0,0,0,0,0,0,4.97369E-10,0.0381544,0.915984,0.685071,0,0,0,0,0,0,0,0
336,8,2.3877,2.17268,1,0,0,0,0,0,5.62018E-11,0.0025455,0.169986,2.00015,0,0,0,0,0,0,0,0
337,1,0.39366,0.365972,0,1,0.271898,0.0925029,0.00154477,2.53917E-05,1.16254E-07,7.66418E-08,1.72229E-08,1.37766E-08,0.0943016,0.0391535,0.000102437,2.13677E-07,1.165E-10,4.92514E-11,6.33596E-12,2.66777E-12
337,2,0.98219,0.973185,0,0,0,0.850217,0.121099,0.00185097,8.47458E-06,5.58695E-06,1.25549E-06,1.00427E-06,0,0.32839,0.0472831,0.00010403,5.67187E-08,2.39784E-08,3.08471E-09,1.29882E-09
337,3,1.46909,1.45573,0,0,0,0,1.26948,0.184731,0.000787236,0.000518993,0.000116628,9.32904E-05,0,0,0.516051,0.0713462,4.10249E-05,1.73437E-05,2.23118E-06,9.39444E-07
337,4,1.52578,1.47857,0,0,0,0,0,1.29694,0.105081,0.0552361,0.0123909,0.00891736,0,0,0,0.484135,0.00911618,0.00385395,0.000495792,0.000208755
337,5,1.49715,1.46011,0,0,0,0,0,0.000197553,0.739244,0.55413,0.0992316,0.0673048,0,0,0,0,0,0,0,0
337,6,1.58746,1.51642,0,0,0,0,0,6.19374E-16,0.000726101,0.965744,0.353577,0.196368,0,0,0,0,0,0,0,0
337,7,1.74968,1.63828,0,0,0,0,0,0,5.0824E-10,0.0392144,0.919166,0.679894,0,0,0,0,0,0,0,0
337,8,2.38496,2.17034,1,0,0,0,0,0,5.63701E-11,0.00255325,0.170842,1.99694,0,0,0,0,0,0,0,0
338,1,0.393458,0.365756,0,1,0.271901,0.0922882,0.00154173,2.53419E-05,1.16026E-07,7.64914E-08,1.71891E-08,1.37495E-08,0.0943202,0.0390569,0.000102163,2.13104E-07,1.16188E-10,4.91194E-11,6.31898E-12,2.66062E-12
338,2,0.981166,0.972144,0,0,0,0.849968,0.12032,0.00183951,8.42211E-06,5.55235E-06,1.24772E-06,9.98051E-07,0,0.328272,0.0469348,0.000103251,5.62941E-08,2.37989E-08,3.06162E-09,1.2891E-09
338,3,1.46892,1.45559,0,0,0,0,1.27074,0.183349,0.000781567,0.000515255,0.000115788,9.26186E-05,0,0,0.51662,0.0707138,4.06562E-05,1.71878E-05,2.21113E-06,9.31002E-07
338,4,1.52599,1.47875,0,0,0,0,0,1.29984,0.103435,0.0544596,0.0122168,0.00879743,0,0,0,0.486235,0.00906348,0.00383167,0.000492927,0.000207548
338,5,1.49715,1.46009,0,0,0,0,0,0.000198057,0.739622,0.553794,0.0991986,0.0672824,0,0,0,0,0,0,0,0
338,6,1.587,1.51612,0,0,0,0,0,6.26671E-16,0.000734659,0.968158,0.351559,0.195668,0,0,0,0,0,0,0,0
338,7,1.74869,1.63753,0,0,0,0,0,0,5.16903E-10,0.0400596,0.921684,0.675787,0,0,0,0,0,0,0,0
338,8,2.38371,2.16929,1,0,0,0,0,0,5.64745E-11,0.00255806,0.171375,1.99536,0,0,0,0,0,0,0,0
339,1,0.393365,0.365657,0,1,0.271896,0.0921949,0.0015404,2.53199E-05,1.15926E-07,7.64252E-08,1.71742E-08,1.37376E-08,0.0943262,0.0390148,0.000102044,2.12855E-07,1.16052E-10,4.90621E-11,6.31161E-12,2.65752E-12
339,2,0.980712,0.971683,0,0,0,0.849863,0.119969,0.00183435,8.39848E-06,5.53678E-06,1.24422E-06,9.95251E-07,0,0.328223,0.0467775,0.000102899,5.61021E-08,2.37177E-08,3.05118E-09,1.2847E-09
339,3,1.46882,1.45552,0,0,0,0,1.27147,0.182549,0.000778288,0.000513094,0.000115302,0.00009223,0,0,0.51695,0.0703472,4.04424E-05,1.70974E-05,2.1995E-06,9.26106E-07
339,4,1.52616,1.47889,0,0,0,0,0,1.302,0.102209,0.0538803,0.0120869,0.00870848,0,0,0,0.487846,0.00903594,0.00382003,0.000491429,0.000206917
339,5,1.49714,1.46008,0,0,0,0,0,0.000198448,0.739976,0.553476,0.0991684,0.0672619,0,0,0,0,0,0,0,0
339,6,1.58648,1.51579,0,0,0,0,0,6.35272E-16,0.000744746,0.970758,0.349388,0.1949,0,0,0,0,0,0,0,0
339,7,1.74783,1.63689,0,0,0,0,0,0,5.24488E-10,0.0408001,0.923873,0.67221,0,0,0,0,0,0,0,0
339,8,2.38289,2.16861,1,0,0,0,0,0,5.65574E-11,0.00256188,0.171799,1.99425,0,0,0,0,0,0,0,0
340,1,0.393347,0.365638,0,1,0.271886,0.0921864,0.00154025,2.53174E-05,1.15915E-07,7.64177E-08,1.71725E-08,1.37363E-08,0.0943231,0.0390106,0.000102033,2.12833E-07,1.1604E-10,4.9057E-11,6.31096E-12,2.65724E-12
340,2,0.980651,0.971622,0,0,0,0.849857,0.119915,0.00183357,8.39491E-06,5.53442E-06,1.24369E-06,9.94828E-07,0,0.32822,0.0467529,0.000102844,5.6072E-08,2.3705E-08,3.04954E-09,1.28401E-09
340,3,1.46879,1.45549,0,0,0,0,1.27175,0.182241,0.000777028,0.000512263,0.000115115,9.20808E-05,0,0,0.517079,0.0702054,4.03596E-05,1.70624E-05,0.000002195,9.2421E-07
340,4,1.52628,1.47897,0,0,0,0,0,1.30329,0.101485,0.0535284,0.0120081,0.00865508,0,0,0,0.488907,0.00903345,0.00381898,0.000491294,0.00020686
340,5,1.49714,1.46007,0,0,0,0,0,0.000198669,0.740295,0.553189,0.0991428,0.0672446,0,0,0,0,0,0,0,0
340,6,1.58593,1.51545,0,0,0,0,0,6.44737E-16,0.000755846,0.973383,0.347202,0.19411,0,0,0,0,0,0,0,0
340,7,1.74722,1.63642,0,0,0,0,0,0,5.29927E-10,0.0413315,0.925429,0.669661,0,0,0,0,0,0,0,0
340,8,2.38284,2.1686,1,0,0,0,0,0,5.66033E-11,0.002564,0.172033,1.994,0,0,0,0,0,0,0,0
341,1,0.393447,0.365746,0,1,0.271874,0.0923044,0.00154188,2.53443E-05,1.16038E-07,7.64988E-08,1.71907E-08,1.37509E-08,0.0943088,0.0390633,0.000102184,2.13149E-07,1.16212E-10,4.91298E-11,6.32032E-12,2.66119E-12
341,2,0.98108,0.972057,0,0,0,0.849979,0.120223,0.00183814,8.41582E-06,5.5482E-06,1.24679E-06,9.97305E-07,0,0.328279,0.0468898,0.000103149,5.62384E-08,2.37753E-08,3.05859E-09,1.28783E-09
341,3,1.46882,1.45552,0,0,0,0,1.27153,0.182488,0.000778047,0.000512934,0.000115266,9.22014E-05,0,0,0.516979,0.0703172,4.04247E-05,1.70899E-05,2.19854E-06,9.257E-07
341,4,1.52637,1.47899,0,0,0,0,0,1.30344,0.101453,0.0534584,0.0119924,0.00864631,0,0,0,0.489457,0.00907416,0.00383619,0.000493507,0.000207793
341,5,1.49712,1.46005,0,0,0,0,0,0.000198894,0.740859,0.552678,0.0990995,0.0672152,0,0,0,0,0,0,0,0
341,6,1.58526,1.51504,0,0,0,0,0,6.57671E-16,0.000771019,0.976322,0.344762,0.193188,0,0,0,0,0,0,0,0
341,7,1.74727,1.63646,0,0,0,0,0,0,5.29562E-10,0.0412967,0.925297,0.669863,0,0,0,0,0,0,0,0
341,8,2.38548,2.17092,1,0,0,0,0,0,5.65389E-11,0.00256104,0.171697,1.99666,0,0,0,0,0,0,0,0
342,1,0.39362,0.365933,0,1,0.271856,0.0925061,0.00154469,2.53904E-05,1.16248E-07,7.66378E-08,1.7222E-08,1.37759E-08,0.094285,0.0391536,0.000102443,2.13689E-07,1.16507E-10,4.92543E-11,6.33633E-12,2.66793E-12
342,2,0.982109,0.973103,0,0,0,0.85023,0.121006,0.00184965,8.46851E-06,5.58294E-06,1.25459E-06,1.00355E-06,0,0.328398,0.0472395,0.000103931,5.66647E-08,2.39555E-08,3.08177E-09,1.29759E-09
342,3,1.46899,1.45565,0,0,0,0,1.27028,0.183855,0.000783659,0.000516634,0.000116098,9.28665E-05,0,0,0.516417,0.0709427,4.07892E-05,0.000017244,2.21837E-06,9.34048E-07
342,4,1.52617,1.47881,0,0,0,0,0,1.30062,0.103053,0.0542134,0.0121617,0.00876305,0,0,0,0.487426,0.00912817,0.00385902,0.000496445,0.000209029
342,5,1.49713,1.46006,0,0,0,0,0,0.000198384,0.740479,0.553017,0.0991329,0.0672378,0,0,0,0,0,0,0,0
342,6,1.58573,1.51534,0,0,0,0,0,6.5007E-16,0.000762105,0.973916,0.346773,0.193891,0,0,0,0,0,0,0,0
342,7,1.7484,1.63731,0,0,0,0,0,0,5.19605E-10,0.040325,0.922411,0.674573,0,0,0,0,0,0,0,0
342,8,2.38674,2.17197,1,0,0,0,0,0,5.64158E-11,0.00255536,0.171069,1.99835,0,0,0,0,0,0,0,0
343,1,0.394049,0.366393,0,1,0.271831,0.0929852,0.00155139,2.55006E-05,1.16753E-07,7.69704E-08,1.72967E-08,1.38356E-08,0.0942371,0.0393681,0.000103056,2.14967E-07,1.17203E-10,4.95488E-11,6.37422E-12,2.68388E-12
343,2,0.984695,0.97573,0,0,0,0.85086,0.122974,0.0018786,8.60105E-06,5.67032E-06,1.27423E-06,1.01926E-06,0,0.328696,0.0481191,0.000105897,5.77368E-08,2.44088E-08,3.14008E-09,1.32214E-09
343,3,1.46938,1.45595,0,0,0,0,1.26736,0.187053,0.00079677,0.000525278,0.00011804,9.44203E-05,0,0,0.5151,0.0724065,4.16428E-05,1.76049E-05,2.26479E-06,9.53594E-07
343,4,1.52571,1.47844,0,0,0,0,0,1.29479,0.106282,0.0558247,0.0125229,0.00901104,0,0,0,0.482729,0.00921804,0.00389701,0.000501333,0.000211087
343,5,1.49715,1.46011,0,0,0,0,0,0.000197369,0.739178,0.554188,0.0992387,0.0673096,0,0,0,0,0,0,0,0
343,6,1.58725,1.5163,0,0,0,0,0,6.23745E-16,0.000731227,0.966502,0.352954,0.196108,0,0,0,0,0,0,0,0
343,7,1.75022,1.63868,0,0,0,0,0,0,5.03558E-10,0.0387589,0.917762,0.682162,0,0,0,0,0,0,0,0
343,8,2.38775,2.17275,1,0,0,0,0,0,5.62378E-11,0.00254717,0.17017,2.00003,0,0,0,0,0,0,0,0
344,1,0.395534,0.36798,0,1,0.271817,0.0945634,0.00157368,0.000025867,1.18431E-07,7.80765E-08,1.75453E-08,1.40345E-08,0.0941102,0.0400754,0.000105067,2.19163E-07,1.19491E-10,5.0516E-11,6.49864E-12,2.73627E-12
344,2,0.991458,0.982601,0,0,0,0.852644,0.127987,0.00195252,8.9395E-06,5.89344E-06,1.32437E-06,1.05936E-06,0,0.329539,0.0503522,0.000110883,6.04552E-08,2.5558E-08,3.28792E-09,1.38439E-09
344,3,1.47006,1.45648,0,0,0,0,1.26219,0.192713,0.000819967,0.00054057,0.000121476,9.71691E-05,0,0,0.512757,0.0750037,4.31576E-05,1.82453E-05,2.34718E-06,9.88283E-07
344,4,1.52563,1.47817,0,0,0,0,0,1.29008,0.108845,0.0571894,0.0128289,0.00922795,0,0,0,0.479271,0.00944956,0.00399489,0.000513924,0.000216389
344,5,1.49718,1.46016,0,0,0,0,0,0.000196788,0.737706,0.555522,0.0993528,0.067387,0,0,0,0,0,0,0,0
344,6,1.58853,1.51712,0,0,0,0,0,6.03839E-16,0.000707883,0.959852,0.358513,0.198043,0,0,0,0,0,0,0,0
344,7,1.75212,1.64012,0,0,0,0,0,0,4.86795E-10,0.0371229,0.912906,0.690087,0,0,0,0,0,0,0,0
344,8,2.39944,2.18295,1,0,0,0,0,0,5.58237E-11,0.00252812,0.168052,2.01237,0,0,0,0,0,0,0,0
345,1,0.544331,0.54432,0,0,0.361377,0.17982,0.00307213,5.04973E-05,2.31199E-07,1.5242E-07,3.42517E-08,2.73979E-08,0.168339,0.0809998,0.000208318,4.34536E-07,2.36916E-10,1.00158E-10,1.28849E-11,5.42522E-12
345,2,1.55099,1.55097,0,0,0,1.29541,0.251621,0.00389933,1.78529E-05,1.17697E-05,2.64487E-06,2.11563E-06,0,0.60782,0.103007,0.000224016,1.22137E-07,5.16346E-08,6.64255E-09,2.79686E-09
345,3,2.35742,2.35725,0,0,0,0,1.99033,0.363893,0.00157282,0.0010369,0.000233011,0.000186386,0,0,0.933716,0.146859,0.000083453,3.52806E-05,4.53868E-06,1.91102E-06
345,4,2.39701,2.39523,0,0,0,0,0,2.05961,0.190578,0.104656,0.0234773,0.0169042,0,0,0,0.864254,0.0177166,0.00748985,0.000963534,0.000405698
345,5,2.42916,2.42313,0,0,0,0,0,0.000301491,1.13169,0.984038,0.182984,0.124111,0,0,0,0,0,0,0,0
345,6,2.49436,2.48414,0,0,0,0,0,1.0649E-15,0.00108326,1.49167,0.631757,0.35963,0,0,0,0,0,0,0,0
345,7,2.66568,2.64855,0,0,0,0,0,0,8.3865E-10,0.0589153,1.40528,1.18435,0,0,0,0,0,0,0,0
345,8,3.44632,3.41227,0,0,0,0,0,0,9.18214E-11,0.00415578,0.265762,3.14235,0,0,0,0,0,0,0,0
346,1,0.438875,0.433886,0,0,0.32546,0.106808,0.00159086,2.61493E-05,1.19723E-07,7.89285E-08,1.77367E-08,1.41876E-08,0.0973916,0.0383887,0.000108951,2.27263E-07,1.23907E-10,5.2383E-11,6.73883E-12,2.8374E-12
346,2,1.09177,1.06718,0,0,0,0.929266,0.135913,0.00198226,9.07568E-06,5.98323E-06,1.34455E-06,1.0755E-06,0,0.326175,0.0500716,0.00011396,6.21325E-08,2.62671E-08,3.37914E-09,1.4228E-09
346,3,1.73746,1.56523,0,0,0,0,1.37021,0.193468,0.000807762,0.000532524,0.000119668,9.57228E-05,0,0,0.538822,0.0720584,4.20674E-05,1.77844E-05,2.28788E-06,9.63317E-07
346,4,2.60776,1.95306,0,0,0,0,0,1.72728,0.128326,0.0702809,0.0157669,0.0114013,0,0,0,0.68296,0.0125221,0.00529381,0.000681025,0.000286747
346,5,3.22797,2.30378,0,0,0,0,0,0.000296643,1.09224,0.924901,0.170621,0.115726,0,0,0,0,0,0,0,0
346,6,3.35684,2.40664,0,0,0,0,0,1.07338E-15,0.00111512,1.46843,0.596634,0.340454,0,0,0,0,0,0,0,0
346,7,3.55773,2.5968,0,0,0,0,0,0,8.6539E-10,0.062089,1.39493,1.13978,0,0,0,0,0,0,0,0
346,8,4.31973,3.37798,0,0,0,0,0,0,9.09227E-11,0.00411609,0.264337,3.10953,0,0,0,0,0,0,0,0
347,1,0.545867,0.545857,0,0,0.361778,0.180937,0.0030909,5.08058E-05,2.32612E-07,1.53351E-07,3.4461E-08,2.75653E-08,0.168464,0.0815783,0.00020981,4.37649E-07,2.38613E-10,1.00876E-10,1.29772E-11,5.46409E-12
347,2,1.54721,1.54719,0,0,0,1.29485,0.248453,0.00385178,1.76352E-05,1.16262E-05,2.61262E-06,2.08983E-06,0,0.607598,0.101501,0.000220698,1.20328E-07,5.08697E-08,6.54416E-09,2.75543E-09
347,3,2.35642,2.35626,0,0,0,0,2.0032,0.350139,0.00151529,0.000998969,0.000224487,0.000179568,0,0,0.939929,0.140196,7.96231E-05,3.36614E-05,4.33039E-06,1.82332E-06
347,4,2.39649,2.3948,0,0,0,0,0,2.08733,0.174021,0.096257,0.0215941,0.0155974,0,0,0,0.886351,0.0169288,0.00715679,0.000920687,0.000387658
347,5,2.42908,2.42305,0,0,0,0,0,0.000306801,1.13612,0.980232,0.182568,0.123829,0,0,0,0,0,0,0,0
347,6,2.4929,2.48276,0,0,0,0,0,1.12186E-15,0.00114121,1.50986,0.617478,0.354285,0,0,0,0,0,0,0,0
347,7,2.66179,2.64479,0,0,0,0,0,0,8.95795E-10,0.0639261,1.42089,1.15997,0,0,0,0,0,0,0,0
347,8,3.43781,3.40394,0,0,0,0,0,0,9.25724E-11,0.00419021,0.269142,3.1306,0,0,0,0,0,0,0,0
348,1,0.395678,0.368121,0,1,0.27199,0.0945306,0.00157373,2.58678E-05,1.18434E-07,7.8079E-08,1.75458E-08,1.40349E-08,0.0941716,0.0400685,0.000105024,2.19072E-07,1.19441E-10,5.0495E-11,6.49595E-12,2.73513E-12
348,2,0.989503,0.980616,0,0,0,0.852203,0.126464,0.00193018,8.83721E-06,5.82601E-06,1.30922E-06,1.04724E-06,0,0.329335,0.0496693,0.000109355,5.9622E-08,2.52058E-08,3.24261E-09,1.36531E-09
348,3,1.46964,1.45616,0,0,0,0,1.26559,0.18902,0.000804887,0.000530629,0.000119243,9.53821E-05,0,0,0.514309,0.0732969,4.21605E-05,1.78238E-05,2.29295E-06,9.6545E-07
348,4,1.52625,1.47877,0,0,0,0,0,1.29979,0.103346,0.0545648,0.0122405,0.00882026,0,0,0,0.486241,0.00921644,0.00389634,0.000501245,0.000211051
348,5,1.49716,1.4601,0,0,0,0,0,0.000198989,0.739485,0.553934,0.0991984,0.0672823,0,0,0,0,0,0,0,0
348,6,1.58701,1.51614,0,0,0,0,0,6.27314E-16,0.000735412,0.967983,0.351709,0.195708,0,0,0,0,0,0,0,0
348,7,1.74876,1.63758,0,0,0,0,0,0,5.1629E-10,0.039999,0.921532,0.676048,0,0,0,0,0,0,0,0
348,8,2.39089,2.17559,1,0,0,0,0,0,5.6273E-11,0.0025488,0.170345,2.0027,0,0,0,0,0,0,0,0
349,1,0.394203,0.366551,0,1,0.271922,0.09305,0.00155258,2.55201E-05,1.16842E-07,7.70294E-08,1.731E-08,1.38462E-08,0.0942647,0.0394008,0.000103136,2.15135E-07,1.17295E-10,4.95875E-11,6.3792E-12,2.68598E-12
349,2,0.983966,0.974989,0,0,0,0.850693,0.122409,0.00187029,8.56304E-06,5.64526E-06,1.2686E-06,1.01475E-06,0,0.328618,0.0478656,0.00010533,5.74276E-08,2.42781E-08,3.12326E-09,1.31506E-09
349,3,1.46921,1.45582,0,0,0,0,1.26868,0.18562,0.000790917,0.000521419,0.000117173,9.37266E-05,0,0,0.515698,0.0717464,4.12573E-05,1.74419E-05,2.24383E-06,9.44768E-07
349,4,1.52605,1.47873,0,0,0,0,0,1.29959,0.103555,0.05454,0.0122349,0.00881242,0,0,0,0.486195,0.00912548,0.00385788,0.000496298,0.000208968
349,5,1.49714,1.46008,0,0,0,0,0,0.000198522,0.740031,0.553428,0.0991635,0.0672586,0,0,0,0,0,0,0,0
349,6,1.5864,1.51575,0,0,0,0,0,6.3703E-16,0.000746808,0.97105,0.349148,0.194801,0,0,0,0,0,0,0,0
349,7,1.74797,1.63698,0,0,0,0,0,0,5.23346E-10,0.0406888,0.923537,0.672756,0,0,0,0,0,0,0,0
349,8,2.38414,2.1697,1,0,0,0,0,0,5.65071E-11,0.00255957,0.171544,1.99559,0,0,0,0,0,0,0,0
350,1,0.393855,0.36618,0,1,0.271906,0.0927005,0.00154758,0.000025438,1.16466E-07,7.67816E-08,1.72543E-08,1.38017E-08,0.0942872,0.039243,0.00010269,2.14204E-07,1.16788E-10,4.9373E-11,6.35161E-12,2.67436E-12
350,2,0.982381,0.97338,0,0,0,0.850299,0.12121,0.00185266,8.48229E-06,5.59203E-06,1.25664E-06,1.00518E-06,0,0.328431,0.0473306,0.000104134,5.67756E-08,2.40024E-08,3.0878E-09,1.30013E-09
350,3,1.46902,1.45567,0,0,0,0,1.2701,0.184061,0.000784511,0.000517196,0.000116224,9.29675E-05,0,0,0.516335,0.0710354,4.08431E-05,1.72668E-05,2.2213E-06,9.35282E-07
350,4,1.5262,1.47884,0,0,0,0,0,1.30104,0.102812,0.0541033,0.012137,0.00874611,0,0,0,0.487724,0.00912155,0.00385622,0.000496085,0.000208878
350,5,1.49713,1.46006,0,0,0,0,0,0.000198586,0.740618,0.552893,0.0991204,0.0672294,0,0,0,0,0,0,0,0
350,6,1.58562,1.51527,0,0,0,0,0,6.51667E-16,0.000763977,0.974548,0.346242,0.193715,0,0,0,0,0,0,0,0
350,7,1.74783,1.63688,0,0,0,0,0,0,5.24576E-10,0.0408096,0.923869,0.672202,0,0,0,0,0,0,0,0
350,8,2.38558,2.17098,1,0,0,0,0,0,5.64943E-11,0.00255898,0.17147,1.99695,0,0,0,0,0,0,0,0
351,1,0.393839,0.366164,0,1,0.271895,0.0926955,0.00154748,2.54363E-05,1.16459E-07,7.67765E-08,1.72531E-08,1.38008E-08,0.0942839,0.0392402,0.000102684,2.14191E-07,1.1678E-10,4.937E-11,6.35122E-12,2.6742E-12
351,2,0.982478,0.973477,0,0,0,0.850321,0.121285,0.00185375,8.48731E-06,5.59534E-06,1.25738E-06,1.00578E-06,0,0.328442,0.047364,0.000104209,5.68164E-08,2.40197E-08,3.09002E-09,1.30106E-09
351,3,1.46905,1.45569,0,0,0,0,1.26987,0.184313,0.000785539,0.000517874,0.000116376,9.30893E-05,0,0,0.516229,0.0711517,4.09111E-05,1.72955E-05,2.22499E-06,9.36838E-07
351,4,1.5261,1.47876,0,0,0,0,0,1.29984,0.103495,0.0544231,0.0122087,0.0087953,0,0,0,0.486843,0.00913887,0.00386354,0.000497027,0.000209275
351,5,1.49713,1.46007,0,0,0,0,0,0.000198241,0.740348,0.553134,0.099144,0.0672454,0,0,0,0,0,0,0,0
351,6,1.58592,1.51546,0,0,0,0,0,6.46725E-16,0.000758182,0.972968,0.347563,0.194175,0,0,0,0,0,0,0,0
351,7,1.74861,1.63747,0,0,0,0,0,0,5.17742E-10,0.0401428,0.921882,0.675442,0,0,0,0,0,0,0,0
351,8,2.3864,2.17167,1,0,0,0,0,0,5.64113E-11,0.00255515,0.171046,1.99806,0,0,0,0,0,0,0,0
352,1,0.394117,0.366462,0,1,0.271883,0.0930005,0.00155176,2.55067E-05,1.16781E-07,7.69889E-08,1.73009E-08,1.3839E-08,0.0942556,0.0393768,0.000103073,2.15004E-07,1.17223E-10,4.95573E-11,6.37531E-12,2.68434E-12
352,2,0.984152,0.975178,0,0,0,0.850732,0.122557,0.00187247,8.57299E-06,5.65182E-06,1.27007E-06,1.01593E-06,0,0.328635,0.0479324,0.00010548,5.75092E-08,2.43126E-08,3.1277E-09,1.31692E-09
352,3,1.4693,1.45589,0,0,0,0,1.26795,0.186407,0.00079412,0.000523531,0.000117647,9.41062E-05,0,0,0.515365,0.0721111,4.14706E-05,1.75321E-05,2.25542E-06,9.4965E-07
352,4,1.52577,1.4785,0,0,0,0,0,1.29578,0.105726,0.0555589,0.0124633,0.00896962,0,0,0,0.483427,0.00919204,0.00388602,0.000499919,0.000210492
352,5,1.49715,1.46011,0,0,0,0,0,0.000197461,0.73924,0.554133,0.0992331,0.0673058,0,0,0,0,0,0,0,0
352,6,1.58721,1.51627,0,0,0,0,0,6.24383E-16,0.000731976,0.966764,0.352734,0.196035,0,0,0,0,0,0,0,0
352,7,1.75007,1.63857,0,0,0,0,0,0,5.0489E-10,0.0388888,0.918151,0.681528,0,0,0,0,0,0,0,0
352,8,2.38739,2.17244,1,0,0,0,0,0,5.62594E-11,0.00254816,0.17028,1.99962,0,0,0,0,0,0,0,0
353,1,0.395257,0.367678,0,1,0.271885,0.0941982,0.00156872,2.57854E-05,1.18057E-07,7.78302E-08,1.74899E-08,1.39902E-08,0.094164,0.039914,0.0001046,2.18187E-07,1.18959E-10,5.0291E-11,6.46971E-12,2.72409E-12
353,2,0.989142,0.980249,0,0,0,0.85207,0.126234,0.00192672,8.8214E-06,5.81559E-06,1.30687E-06,1.04537E-06,0,0.329269,0.0495692,0.000109133,5.95011E-08,2.51547E-08,3.23603E-09,1.36254E-09
353,3,1.46981,1.45629,0,0,0,0,1.26405,0.19067,0.000811585,0.000535045,0.000120235,9.61758E-05,0,0,0.513599,0.0740681,4.26121E-05,1.80147E-05,2.31751E-06,9.75792E-07
353,4,1.52575,1.4783,0,0,0,0,0,1.29223,0.107648,0.0565973,0.0126962,0.00913527,0,0,0,0.480826,0.00938166,0.00396618,0.000510231,0.000214834
353,5,1.49718,1.46016,0,0,0,0,0,0.000196939,0.737924,0.555325,0.0993352,0.067375,0,0,0,0,0,0,0,0
353,6,1.58834,1.51699,0,0,0,0,0,6.06798E-16,0.000711353,0.960855,0.357675,0.197752,0,0,0,0,0,0,0,0
353,7,1.75187,1.63993,0,0,0,0,0,0,4.88973E-10,0.0373355,0.913536,0.689058,0,0,0,0,0,0,0,0
353,8,2.39894,2.18252,1,0,0,0,0,0,5.58565E-11,0.00252963,0.168217,2.01178,0,0,0,0,0,0,0,0
354,1,0.542058,0.542047,0,0,0.361842,0.177124,0.00303091,4.98199E-05,2.28097E-07,1.50375E-07,3.37922E-08,2.70304E-08,0.168683,0.0796177,0.000204582,4.26744E-07,2.32667E-10,9.83623E-11,1.26539E-11,5.32793E-12
354,2,1.54221,1.54219,0,0,0,1.29316,0.245194,0.00380219,1.74081E-05,1.14765E-05,2.57898E-06,2.06293E-06,0,0.60679,0.100019,0.000217454,1.18559E-07,5.0122E-08,6.44797E-09,2.71493E-09
354,3,2.35699,2.35682,0,0,0,0,1.99517,0.358668,0.00155088,0.00102243,0.000229759,0.000183785,0,0,0.936021,0.144359,8.20188E-05,3.46742E-05,4.46068E-06,1.87818E-06
354,4,2.39696,2.39519,0,0,0,0,0,2.06179,0.189346,0.103944,0.0233175,0.0167886,0,0,0,0.865957,0.0175414,0.00741578,0.000954005,0.000401686
354,5,2.42915,2.42312,0,0,0,0,0,0.000301664,1.13244,0.983383,0.182922,0.124069,0,0,0,0,0,0,0,0
354,6,2.49422,2.48401,0,0,0,0,0,1.07037E-15,0.00108883,1.49333,0.630459,0.359132,0,0,0,0,0,0,0,0
354,7,2.66559,2.64846,0,0,0,0,0,0,8.40108E-10,0.0590443,1.40564,1.18377,0,0,0,0,0,0,0,0
354,8,3.4441,3.4101,0,0,0,0,0,0,9.19117E-11,0.00415991,0.266163,3.13978,0,0,0,0,0,0,0,0
355,1,0.544124,0.544113,0,0,0.361434,0.17956,0.00306817,5.04323E-05,2.30901E-07,1.52224E-07,3.42076E-08,2.73626E-08,0.168379,0.0808652,0.000207954,4.33777E-07,2.36502E-10,9.99834E-11,1.28624E-11,5.41574E-12
355,2,1.55066,1.55064,0,0,0,1.2953,0.251408,0.00389608,0.000017838,1.17599E-05,2.64266E-06,2.11387E-06,0,0.607769,0.10291,0.000223804,1.22021E-07,5.15856E-08,6.63625E-09,2.79421E-09
355,3,2.35743,2.35726,0,0,0,0,1.99014,0.364095,0.00157366,0.00103745,0.000233135,0.000186485,0,0,0.933622,0.146959,8.35106E-05,3.53049E-05,4.54182E-06,1.91234E-06
355,4,2.39702,2.39524,0,0,0,0,0,2.05886,0.191022,0.104886,0.0235287,0.01694,0,0,0,0.863647,0.0177416,0.00750041,0.000964892,0.00040627
355,5,2.42916,2.42313,0,0,0,0,0,0.000301413,1.13158,0.984138,0.182994,0.124118,0,0,0,0,0,0,0,0
355,6,2.49451,2.48429,0,0,0,0,0,1.06036E-15,0.00107864,1.48963,0.63338,0.360206,0,0,0,0,0,0,0,0
355,7,2.66622,2.64907,0,0,0,0,0,0,8.30753E-10,0.0582236,1.4031,1.18775,0,0,0,0,0,0,0,0
355,8,3.44765,3.41358,0,0,0,0,0,0,9.17154E-11,0.00415092,0.265286,3.14415,0,0,0,0,0,0,0,0
356,1,0.543863,0.543853,0,0,0.361499,0.17924,0.00306329,5.03521E-05,2.30534E-07,1.51982E-07,3.41532E-08,2.73191E-08,0.168425,0.0807006,0.000207508,4.32847E-07,2.35995E-10,9.97691E-11,1.28348E-11,5.40413E-12
356,2,1.54954,1.54952,0,0,0,1.29504,0.25056,0.0038833,1.77795E-05,1.17213E-05,0.000002634,2.10693E-06,0,0.607652,0.102514,0.000222933,1.21546E-07,5.13848E-08,6.61042E-09,2.78333E-09
356,3,2.35736,2.35719,0,0,0,0,1.99096,0.3632,0.0015699,0.00103497,0.000232578,0.000186039,0,0,0.934016,0.146531,0.000083265,3.52011E-05,4.52846E-06,1.90672E-06
356,4,2.39701,2.39523,0,0,0,0,0,2.05968,0.190534,0.104635,0.0234725,0.0169009,0,0,0,0.864305,0.0177152,0.00748926,0.000963458,0.000405667
356,5,2.42916,2.42313,0,0,0,0,0,0.000301496,1.13165,0.984071,0.182987,0.124113,0,0,0,0,0,0,0,0
356,6,2.49448,2.48426,0,0,0,0,0,1.06152E-15,0.00107982,1.49004,0.633055,0.360087,0,0,0,0,0,0,0,0
356,7,2.66615,2.649,0,0,0,0,0,0,8.31848E-10,0.0583196,1.4034,1.18728,0,0,0,0,0,0,0,0
356,8,3.44749,3.41342,0,0,0,0,0,0,9.1729E-11,0.00415155,0.265347,3.14392,0,0,0,0,0,0,0,0
357,1,0.541428,0.541418,0,0,0.361997,0.176351,0.00301915,4.96265E-05,2.27212E-07,1.49792E-07,3.36611E-08,2.69255E-08,0.168792,0.0792208,0.000203508,4.24503E-07,2.31445E-10,9.78457E-11,1.25874E-11,5.29995E-12
357,2,1.53936,1.53934,0,0,0,1.29247,0.243061,0.00377001,1.72608E-05,1.13793E-05,2.55716E-06,2.04547E-06,0,0.606482,0.0990239,0.000215266,1.17366E-07,4.96178E-08,6.38311E-09,2.68762E-09
357,3,2.3568,2.35663,0,0,0,0,1.9973,0.356366,0.0015412,0.00101605,0.000228326,0.000182638,0,0,0.937035,0.143259,8.13874E-05,3.44073E-05,4.42634E-06,1.86372E-06
357,4,2.39692,2.39516,0,0,0,0,0,2.06371,0.188215,0.103353,0.0231849,0.0166957,0,0,0,0.867487,0.0174649,0.00738347,0.000949849,0.000399936
357,5,2.42914,2.42311,0,0,0,0,0,0.000301872,1.13271,0.983152,0.182899,0.124053,0,0,0,0,0,0,0,0
357,6,2.49413,2.48393,0,0,0,0,0,1.07351E-15,0.00109201,1.49445,0.629582,0.358809,0,0,0,0,0,0,0,0
357,7,2.66536,2.64824,0,0,0,0,0,0,8.43416E-10,0.0593342,1.40655,1.18235,0,0,0,0,0,0,0,0
357,8,3.44324,3.40925,0,0,0,0,0,0,9.19687E-11,0.00416253,0.266418,3.13867,0,0,0,0,0,0,0,0
358,1,0.394924,0.367321,0,1,0.271908,0.093824,0.00156349,2.56994E-05,1.17663E-07,7.75707E-08,1.74316E-08,1.39436E-08,0.0942022,0.0397466,0.000104121,2.17189E-07,1.18415E-10,5.0061E-11,6.44011E-12,2.71162E-12
358,2,0.987611,0.978693,0,0,0,0.851685,0.12508,0.00190974,8.74363E-06,5.76432E-06,1.29535E-06,1.03615E-06,0,0.329087,0.0490542,0.000107983,5.88737E-08,2.48894E-08,3.20191E-09,1.34817E-09
358,3,1.46964,1.45615,0,0,0,0,1.26531,0.189286,0.00080591,0.000531303,0.000119394,9.55033E-05,0,0,0.514168,0.073435,0.000042243,1.78586E-05,2.29743E-06,9.67338E-07
358,4,1.52578,1.47838,0,0,0,0,0,1.29344,0.106978,0.0562588,0.0126203,0.00908167,0,0,0,0.481677,0.009329,0.00394392,0.000507367,0.000213628
358,5,1.49717,1.46015,0,0,0,0,0,0.000197101,0.738114,0.555154,0.0993195,0.0673644,0,0,0,0,0,0,0,0
358,6,1.58827,1.51695,0,0,0,0,0,6.07602E-16,0.000712295,0.961274,0.357322,0.19764,0,0,0,0,0,0,0,0
358,7,1.75158,1.63971,0,0,0,0,0,0,4.91526E-10,0.0375842,0.914292,0.687833,0,0,0,0,0,0,0,0
358,8,2.39724,2.18105,1,0,0,0,0,0,5.5921E-11,0.0025326,0.168546,2.00997,0,0,0,0,0,0,0,0
359,1,0.393836,0.36616,0,1,0.2719,0.0926869,0.00154737,2.54345E-05,1.16451E-07,7.67711E-08,1.72519E-08,1.37998E-08,0.0942876,0.0392361,0.000102672,2.14166E-07,1.16767E-10,4.93642E-11,6.35047E-12,2.67388E-12
359,2,0.982944,0.973951,0,0,0,0.850421,0.121653,0.00185915,8.51202E-06,5.61163E-06,1.26104E-06,1.00871E-06,0,0.328488,0.0475295,0.00010458,5.70185E-08,2.41051E-08,3.10101E-09,1.30569E-09
359,3,1.46916,1.45578,0,0,0,0,1.26893,0.185331,0.0007897,0.000520617,0.000116993,9.35824E-05,0,0,0.515804,0.0716209,0.000041185,1.74114E-05,2.23989E-06,9.43111E-07
359,4,1.52578,1.47854,0,0,0,0,0,1.29654,0.105291,0.0553546,0.0124175,0.00893651,0,0,0,0.483843,0.0091431,0.00386533,0.000497257,0.000209371
359,5,1.49715,1.46011,0,0,0,0,0,0.000197591,0.739183,0.554187,0.0992357,0.0673076,0,0,0,0,0,0,0,0
359,6,1.58751,1.51645,0,0,0,0,0,6.18731E-16,0.000725347,0.965411,0.353857,0.196458,0,0,0,0,0,0,0,0
359,7,1.74993,1.63846,0,0,0,0,0,0,5.06066E-10,0.0390026,0.918522,0.680938,0,0,0,0,0,0,0,0
359,8,2.38627,2.17147,1,0,0,0,0,0,5.63077E-11,0.00255038,0.170526,1.99839,0,0,0,0,0,0,0,0
360,1,0.393458,0.365756,0,1,0.271901,0.0922882,0.00154173,2.53419E-05,1.16026E-07,7.64914E-08,1.71891E-08,1.37495E-08,0.0943202,0.0390569,0.000102163,2.13104E-07,1.16188E-10,4.91194E-11,6.31898E-12,2.66062E-12
360,2,0.981166,0.972144,0,0,0,0.849968,0.12032,0.00183951,8.42211E-06,5.55235E-06,1.24772E-06,9.98051E-07,0,0.328272,0.0469348,0.000103251,5.62941E-08,2.37989E-08,3.06162E-09,1.2891E-09
360,3,1.46892,1.45559,0,0,0,0,1.27074,0.183349,0.000781567,0.000515255,0.000115788,9.26186E-05,0,0,0.51662,0.0707138,4.06562E-05,1.71878E-05,2.21113E-06,9.31002E-07
360,4,1.52599,1.47875,0,0,0,0,0,1.29984,0.103435,0.0544596,0.0122168,0.00879743,0,0,0,0.486235,0.00906348,0.00383167,0.000492927,0.000207548
360,5,1.49715,1.46009,0,0,0,0,0,0.000198057,0.739622,0.553794,0.0991986,0.0672824,0,0,0,0,0,0,0,0
360,6,1.587,1.51612,0,0,0,0,0,6.26671E-16,0.000734659,0.968158,0.351559,0.195668,0,0,0,0,0,0,0,0
360,7,1.74869,1.63753,0,0,0,0,0,0,5.16903E-10,0.0400596,0.921684,0.675787,0,0,0,0,0,0,0,0
360,8,2.38371,2.16929,1,0,0,0,0,0,5.64745E-11,0.00255806,0.171375,1.99536,0,0,0,0,0,0,0,0
361,1,0.393348,0.365639,0,1,0.271901,0.0921717,0.00154009,2.53148E-05,1.15902E-07,7.64096E-08,1.71707E-08,1.37348E-08,0.0943304,0.0390044,0.000102013,2.12792E-07,1.16018E-10,4.90476E-11,6.30974E-12,2.65673E-12
361,2,0.980576,0.971545,0,0,0,0.849832,0.119863,0.0018328,8.39138E-06,5.53209E-06,1.24317E-06,9.94409E-07,0,0.328208,0.0467301,0.000102793,5.60443E-08,2.36933E-08,3.04803E-09,1.28338E-09
361,3,1.4688,1.4555,0,0,0,0,1.27168,0.182318,0.000777343,0.000512471,0.000115162,0.000092118,0,0,0.517045,0.0702418,0.000040381,1.70714E-05,2.19616E-06,9.24699E-07
361,4,1.52621,1.47892,0,0,0,0,0,1.30254,0.101914,0.0537307,0.0120534,0.0086857,0,0,0,0.48831,0.00903296,0.00381877,0.000491267,0.000206849
361,5,1.49714,1.46008,0,0,0,0,0,0.000198572,0.740136,0.553333,0.0991554,0.0672531,0,0,0,0,0,0,0,0
361,6,1.58632,1.5157,0,0,0,0,0,6.38213E-16,0.000748196,0.97147,0.348797,0.19468,0,0,0,0,0,0,0,0
361,7,1.74775,1.63682,0,0,0,0,0,0,5.25227E-10,0.0408723,0.924086,0.671863,0,0,0,0,0,0,0,0
361,8,2.38304,2.16875,1,0,0,0,0,0,5.65627E-11,0.00256212,0.171825,1.99437,0,0,0,0,0,0,0,0
362,1,0.393395,0.365688,0,1,0.271902,0.092219,0.00154076,2.53258E-05,1.15953E-07,7.64431E-08,1.71782E-08,1.37409E-08,0.0943273,0.0390256,0.000102074,2.12918E-07,1.16086E-10,4.90765E-11,6.31347E-12,2.6583E-12
362,2,0.980555,0.971525,0,0,0,0.849854,0.119821,0.00183223,8.38877E-06,5.53037E-06,1.24278E-06,9.941E-07,0,0.32822,0.0467101,0.000102747,5.60193E-08,2.36827E-08,3.04667E-09,1.28281E-09
362,3,1.46873,1.45544,0,0,0,0,1.27222,0.181726,0.000774919,0.000510873,0.000114803,9.18308E-05,0,0,0.517292,0.0699693,4.02219E-05,1.70042E-05,2.18751E-06,9.21057E-07
362,4,1.52647,1.47908,0,0,0,0,0,1.30485,0.100654,0.0530811,0.0119078,0.00858784,0,0,0,0.490469,0.00904429,0.00382356,0.000491883,0.000207109
362,5,1.49712,1.46004,0,0,0,0,0,0.000199283,0.741094,0.55247,0.099078,0.0672006,0,0,0,0,0,0,0,0
362,6,1.58521,1.51501,0,0,0,0,0,6.58642E-16,0.000772158,0.976559,0.344564,0.193118,0,0,0,0,0,0,0,0
362,7,1.74704,1.63629,0,0,0,0,0,0,5.31528E-10,0.0414883,0.925875,0.668924,0,0,0,0,0,0,0,0
362,8,2.38482,2.17036,1,0,0,0,0,0,5.65777E-11,0.00256282,0.171895,1.9959,0,0,0,0,0,0,0,0
363,1,0.39339,0.365683,0,1,0.271894,0.0922228,0.00154079,2.53263E-05,1.15955E-07,7.64445E-08,1.71785E-08,1.37411E-08,0.0943237,0.0390271,0.000102079,2.12929E-07,1.16092E-10,4.90791E-11,6.31379E-12,2.65844E-12
363,2,0.980595,0.971565,0,0,0,0.849866,0.11985,0.00183265,8.39069E-06,5.53164E-06,1.24306E-06,9.94328E-07,0,0.328226,0.0467226,0.000102775,5.60345E-08,2.36891E-08,3.0475E-09,1.28316E-09
363,3,1.46873,1.45544,0,0,0,0,1.27224,0.181715,0.000774875,0.000510843,0.000114796,9.18256E-05,0,0,0.517297,0.0699639,4.02187E-05,1.70028E-05,2.18734E-06,9.20983E-07
363,4,1.52649,1.4791,0,0,0,0,0,1.3051,0.100509,0.0530129,0.0118926,0.00857755,0,0,0,0.49067,0.00904501,0.00382386,0.000491922,0.000207125
363,5,1.49712,1.46004,0,0,0,0,0,0.000199305,0.741144,0.552424,0.0990741,0.067198,0,0,0,0,0,0,0,0
363,6,1.58505,1.51491,0,0,0,0,0,6.61313E-16,0.000775291,0.977339,0.343914,0.192885,0,0,0,0,0,0,0,0
363,7,1.74682,1.63612,0,0,0,0,0,0,5.33521E-10,0.0416831,0.926444,0.667992,0,0,0,0,0,0,0,0
363,8,2.38485,2.17039,1,0,0,0,0,0,5.65933E-11,0.00256354,0.171974,1.99585,0,0,0,0,0,0,0,0
364,1,0.393354,0.365647,0,1,0.271878,0.0922026,0.00154046,2.53208E-05,1.1593E-07,7.64279E-08,1.71748E-08,1.37381E-08,0.0943185,0.0390177,0.000102054,2.12878E-07,1.16064E-10,4.90672E-11,6.31227E-12,2.6578E-12
364,2,0.980764,0.971736,0,0,0,0.849885,0.12,0.00183483,8.40065E-06,5.53821E-06,1.24454E-06,9.95508E-07,0,0.328234,0.0467909,0.000102929,5.61183E-08,2.37246E-08,3.05206E-09,1.28507E-09
364,3,1.46881,1.45551,0,0,0,0,1.27162,0.18239,0.000777642,0.000512668,0.000115206,9.21535E-05,0,0,0.517017,0.0702738,4.03995E-05,1.70793E-05,2.19717E-06,9.25123E-07
364,4,1.52626,1.47895,0,0,0,0,0,1.30297,0.10167,0.0536139,0.0120273,0.00866835,0,0,0,0.488683,0.00904057,0.00382199,0.000491681,0.000207023
364,5,1.49714,1.46007,0,0,0,0,0,0.000198583,0.740246,0.553233,0.0991474,0.0672477,0,0,0,0,0,0,0,0
364,6,1.58597,1.51548,0,0,0,0,0,6.44084E-16,0.000755081,0.973143,0.347403,0.194178,0,0,0,0,0,0,0,0
364,7,1.7474,1.63655,0,0,0,0,0,0,5.28402E-10,0.0411828,0.924985,0.670384,0,0,0,0,0,0,0,0
364,8,2.38303,2.16876,1,0,0,0,0,0,5.65843E-11,0.00256312,0.171936,1.99426,0,0,0,0,0,0,0,0
365,1,0.393492,0.365796,0,1,0.271861,0.0923664,0.00154272,2.53581E-05,1.16101E-07,7.65404E-08,1.72001E-08,1.37583E-08,0.0942979,0.039091,0.000102265,2.13317E-07,1.16304E-10,4.91684E-11,6.32529E-12,2.66328E-12
365,2,0.9817,0.972687,0,0,0,0.850103,0.120722,0.00184543,8.44919E-06,5.5702E-06,1.25173E-06,1.00126E-06,0,0.328337,0.047114,0.000103652,5.65124E-08,2.38911E-08,3.07349E-09,1.2941E-09
365,3,1.46899,1.45565,0,0,0,0,1.27025,0.183887,0.000783781,0.000516715,0.000116116,0.000092881,0,0,0.5164,0.0709591,0.000040799,1.72482E-05,2.2189E-06,9.34273E-07
365,4,1.52598,1.47872,0,0,0,0,0,1.29939,0.103688,0.0545785,0.0122435,0.00881658,0,0,0,0.485975,0.00908913,0.00384251,0.000494322,0.000208135
365,5,1.49714,1.46009,0,0,0,0,0,0.000197922,0.739626,0.553787,0.0991998,0.0672832,0,0,0,0,0,0,0,0
365,6,1.58677,1.51598,0,0,0,0,0,6.30529E-16,0.000739182,0.969197,0.350695,0.195351,0,0,0,0,0,0,0,0
365,7,1.74865,1.6375,0,0,0,0,0,0,5.17288E-10,0.0400978,0.921776,0.675628,0,0,0,0,0,0,0,0
365,8,2.38407,2.1696,1,0,0,0,0,0,5.64605E-11,0.00255741,0.171304,1.99574,0,0,0,0,0,0,0,0
366,1,0.393974,0.366312,0,1,0.271837,0.0928989,0.00155019,2.54808E-05,1.16662E-07,7.69108E-08,1.72833E-08,1.38249E-08,0.0942466,0.0393295,0.000102945,2.14736E-07,1.17078E-10,4.94957E-11,6.36739E-12,2.681E-12
366,2,0.984401,0.975431,0,0,0,0.850777,0.122761,0.00187545,8.58665E-06,5.66082E-06,1.2721E-06,1.01755E-06,0,0.328656,0.0480247,0.000105687,5.7622E-08,2.43603E-08,3.13384E-09,1.31951E-09
366,3,1.46937,1.45594,0,0,0,0,1.26742,0.186983,0.000796479,0.000525086,0.000117997,9.43858E-05,0,0,0.515126,0.0723759,4.16251E-05,1.75974E-05,2.26382E-06,9.53188E-07
366,4,1.52564,1.4784,0,0,0,0,0,1.29425,0.106581,0.0559758,0.0125567,0.00903334,0,0,0,0.482205,0.00920507,0.00389153,0.000500627,0.00021079
366,5,1.49715,1.46012,0,0,0,0,0,0.000197283,0.738964,0.554381,0.0992551,0.0673207,0,0,0,0,0,0,0,0
366,6,1.58763,1.51653,0,0,0,0,0,6.17016E-16,0.000723335,0.964731,0.354428,0.196648,0,0,0,0,0,0,0,0
366,7,1.75036,1.63879,0,0,0,0,0,0,5.02307E-10,0.0386363,0.917416,0.682735,0,0,0,0,0,0,0,0
366,8,2.3873,2.17235,1,0,0,0,0,0,5.62443E-11,0.00254746,0.170204,1.9996,0,0,0,0,0,0,0,0
367,1,0.395479,0.36792,0,1,0.271822,0.0944993,0.00157279,2.58523E-05,1.18364E-07,7.80323E-08,1.75353E-08,1.40265E-08,0.0941176,0.0400467,0.000104985,2.18991E-07,1.19398E-10,5.04764E-11,6.49356E-12,2.73413E-12
367,2,0.991248,0.982387,0,0,0,0.852589,0.12783,0.00195021,8.92891E-06,5.88647E-06,1.3228E-06,1.05811E-06,0,0.329513,0.0502824,0.000110727,6.03701E-08,2.55221E-08,3.2833E-09,1.38244E-09
367,3,1.47005,1.45647,0,0,0,0,1.26228,0.192606,0.000819523,0.000540278,0.000121411,9.71166E-05,0,0,0.5128,0.074955,4.31293E-05,1.82333E-05,2.34563E-06,9.87635E-07
367,4,1.52562,1.47816,0,0,0,0,0,1.28997,0.108908,0.0572174,0.0128352,0.009232,0,0,0,0.479178,0.00944529,0.00399308,0.000513692,0.000216291
367,5,1.49718,1.46017,0,0,0,0,0,0.000196776,0.737675,0.55555,0.0993551,0.0673886,0,0,0,0,0,0,0,0
367,6,1.58863,1.51718,0,0,0,0,0,6.02171E-16,0.000705926,0.959341,0.35894,0.198194,0,0,0,0,0,0,0,0
367,7,1.75219,1.64017,0,0,0,0,0,0,4.86124E-10,0.0370574,0.912715,0.690401,0,0,0,0,0,0,0,0
367,8,2.39933,2.18285,1,0,0,0,0,0,5.58237E-11,0.00252812,0.168052,2.01227,0,0,0,0,0,0,0,0
368,1,0.544257,0.544247,0,0,0.3614,0.179725,0.00307069,5.04737E-05,2.31091E-07,1.52349E-07,3.42357E-08,2.73851E-08,0.168355,0.0809507,0.000208185,4.34259E-07,2.36764E-10,1.00094E-10,1.28767E-11,5.42176E-12
368,2,1.55071,1.55068,0,0,0,1.29534,0.251408,0.00389611,1.78381E-05,0.00001176,2.64269E-06,2.11389E-06,0,0.60779,0.102908,0.000223797,1.22018E-07,5.15841E-08,6.63606E-09,2.79413E-09
368,3,2.3574,2.35724,0,0,0,0,1.9905,0.363703,0.00157202,0.00103637,0.000232892,0.000186291,0,0,0.933799,0.146768,8.34011E-05,3.52586E-05,4.53586E-06,1.90983E-06
368,4,2.39701,2.39523,0,0,0,0,0,2.05968,0.19054,0.104635,0.0234725,0.0169007,0,0,0,0.864309,0.0177122,0.007488,0.000963297,0.000405599
368,5,2.42916,2.42313,0,0,0,0,0,0.000301487,1.13169,0.984042,0.182985,0.124111,0,0,0,0,0,0,0,0
368,6,2.49438,2.48417,0,0,0,0,0,1.0641E-15,0.00108244,1.49135,0.63201,0.359722,0,0,0,0,0,0,0,0
368,7,2.66574,2.64861,0,0,0,0,0,0,8.3773E-10,0.0588347,1.40503,1.18474,0,0,0,0,0,0,0,0
368,8,3.44636,3.41231,0,0,0,0,0,0,9.18147E-11,0.00415548,0.265732,3.14242,0,0,0,0,0,0,0,0
369,1,0.438762,0.433771,0,0,0.325396,0.106758,0.00159,2.61352E-05,1.19658E-07,7.88859E-08,1.77272E-08,1.418E-08,0.0973727,0.0383654,0.000108891,2.27138E-07,1.23839E-10,5.23543E-11,6.73513E-12,2.83584E-12
369,2,1.09202,1.06742,0,0,0,0.929311,0.136107,0.00198492,9.08786E-06,5.99125E-06,1.34635E-06,1.07695E-06,0,0.326201,0.0501502,0.000114143,6.22327E-08,2.63095E-08,3.38459E-09,1.42509E-09
369,3,1.73778,1.56537,0,0,0,0,1.36989,0.193921,0.000809564,0.000533712,0.000119935,9.59363E-05,0,0,0.538701,0.0722545,0.000042184,1.78337E-05,2.29422E-06,9.65987E-07
369,4,2.60872,1.95355,0,0,0,0,0,1.72681,0.128899,0.070567,0.0158311,0.0114459,0,0,0,0.6825,0.0125498,0.00530555,0.000682534,0.000287383
369,5,3.22799,2.3038,0,0,0,0,0,0.000296313,1.092,0.925112,0.170645,0.115741,0,0,0,0,0,0,0,0
369,6,3.35701,2.40679,0,0,0,0,0,1.06935E-15,0.00111093,1.46698,0.597813,0.340883,0,0,0,0,0,0,0,0
369,7,3.5583,2.59737,0,0,0,0,0,0,8.57694E-10,0.0614077,1.39281,1.14314,0,0,0,0,0,0,0,0
369,8,4.32111,3.37939,0,0,0,0,0,0,9.08078E-11,0.00411081,0.263815,3.11147,0,0,0,0,0,0,0,0
370,1,0.545763,0.545752,0,0,0.361705,0.180905,0.00309023,5.07949E-05,2.32561E-07,1.53318E-07,3.44535E-08,2.75594E-08,0.16843,0.081564,0.000209779,4.37583E-07,2.38577E-10,1.00861E-10,1.29753E-11,5.46327E-12
370,2,1.54753,1.54751,0,0,0,1.29492,0.248702,0.00385553,1.76523E-05,1.16375E-05,2.61516E-06,2.09187E-06,0,0.607628,0.101617,0.000220955,1.20468E-07,5.0929E-08,6.55178E-09,2.75864E-09
370,3,2.35646,2.3563,0,0,0,0,2.00275,0.350626,0.00151733,0.00100032,0.00022479,0.00017981,0,0,0.939713,0.14043,7.97571E-05,3.37181E-05,4.33768E-06,1.82639E-06
370,4,2.39651,2.39482,0,0,0,0,0,2.08647,0.174535,0.0965162,0.0216523,0.0156377,0,0,0,0.885673,0.016954,0.00716747,0.000922062,0.000388237
370,5,2.42908,2.42306,0,0,0,0,0,0.000306531,1.13593,0.980396,0.182587,0.123841,0,0,0,0,0,0,0,0
370,6,2.49297,2.48283,0,0,0,0,0,1.11958E-15,0.00113889,1.50896,0.618188,0.35454,0,0,0,0,0,0,0,0
370,7,2.66221,2.64519,0,0,0,0,0,0,8.89684E-10,0.0633906,1.41921,1.16259,0,0,0,0,0,0,0,0
370,8,3.439,3.4051,0,0,0,0,0,0,9.24726E-11,0.00418564,0.268693,3.13222,0,0,0,0,0,0,0,0
371,1,0.395675,0.368122,0,1,0.271952,0.0945696,0.00157417,0.000025875,1.18467E-07,7.81006E-08,1.75507E-08,1.40388E-08,0.0941523,0.0400852,0.000105076,2.19182E-07,1.19501E-10,5.05203E-11,6.49919E-12,2.7365E-12
371,2,0.989737,0.980854,0,0,0,0.852266,0.126637,0.00193272,8.84885E-06,5.83369E-06,1.31094E-06,1.04862E-06,0,0.329365,0.0497459,0.000109526,5.97153E-08,2.52452E-08,3.24768E-09,1.36744E-09
371,3,1.46966,1.45617,0,0,0,0,1.26544,0.189184,0.000805563,0.000531075,0.000119343,9.54622E-05,0,0,0.514242,0.0733719,4.22042E-05,1.78422E-05,2.29532E-06,9.66451E-07
371,4,1.52626,1.47876,0,0,0,0,0,1.2997,0.103402,0.054588,0.0122457,0.00882439,0,0,0,0.48623,0.00923047,0.00390227,0.000502008,0.000211372
371,5,1.49716,1.4601,0,0,0,0,0,0.000198894,0.739498,0.55392,0.0991986,0.0672824,0,0,0,0,0,0,0,0
371,6,1.58688,1.51606,0,0,0,0,0,6.29834E-16,0.000738369,0.968508,0.351275,0.195537,0,0,0,0,0,0,0,0
371,7,1.74898,1.63775,0,0,0,0,0,0,5.14371E-10,0.0398125,0.920953,0.676982,0,0,0,0,0,0,0,0
371,8,2.39189,2.17645,1,0,0,0,0,0,5.62239E-11,0.00254654,0.170095,2.0038,0,0,0,0,0,0,0,0
372,1,0.394292,0.366649,0,1,0.271888,0.09318,0.00155432,2.55487E-05,1.16973E-07,7.71156E-08,1.73293E-08,1.38617E-08,0.0942398,0.0394586,0.000103305,2.15486E-07,1.17486E-10,4.96685E-11,6.38962E-12,2.69037E-12
372,2,0.984375,0.975405,0,0,0,0.850824,0.122689,0.00187447,8.58215E-06,5.65786E-06,1.27143E-06,1.01702E-06,0,0.328681,0.0479893,0.000105605,5.75776E-08,2.43415E-08,3.13142E-09,1.31849E-09
372,3,1.46921,1.45582,0,0,0,0,1.26877,0.185523,0.000790524,0.00052116,0.000117115,0.00009368,0,0,0.515742,0.0716998,4.12299E-05,1.74304E-05,2.24234E-06,9.44141E-07
372,4,1.52625,1.47883,0,0,0,0,0,1.30091,0.10287,0.0541506,0.0121476,0.00875526,0,0,0,0.487723,0.00916532,0.00387473,0.000498465,0.00020988
372,5,1.49712,1.46005,0,0,0,0,0,0.000199002,0.740915,0.552629,0.0990941,0.0672116,0,0,0,0,0,0,0,0
372,6,1.58533,1.51509,0,0,0,0,0,6.57304E-16,0.00077059,0.975833,0.345175,0.193313,0,0,0,0,0,0,0,0
372,7,1.74783,1.63688,0,0,0,0,0,0,5.24599E-10,0.0408126,0.92385,0.672221,0,0,0,0,0,0,0,0
372,8,2.3872,2.17239,1,0,0,0,0,0,5.64382E-11,0.0025564,0.171185,1.99865,0,0,0,0,0,0,0,0
373,1,0.386362,0.3594,0,1,0.265049,0.0927696,0.00155595,2.55754E-05,1.17096E-07,7.71965E-08,1.73475E-08,1.38763E-08,0.093914,0.0396361,0.000103368,2.15619E-07,1.17559E-10,4.96991E-11,6.39356E-12,2.69202E-12
373,2,0.966989,0.95797,0,0,0,0.834544,0.121547,0.00186221,8.52604E-06,5.62087E-06,1.26312E-06,1.01037E-06,0,0.327838,0.0476972,0.000104745,5.71084E-08,2.41431E-08,3.10591E-09,1.30775E-09
373,3,1.48148,1.45918,0,0,0,0,1.27313,0.184533,0.000788037,0.000519521,0.000116746,9.33853E-05,0,0,0.518497,0.0714413,4.10152E-05,1.73396E-05,2.23066E-06,9.39223E-07
373,4,1.60684,1.50637,0,0,0,0,0,1.3248,0.10462,0.0555129,0.0124533,0.00897884,0,0,0,0.504487,0.00944527,0.00399308,0.000513691,0.000216291
373,5,1.57989,1.48663,0,0,0,0,0,0.000201098,0.748677,0.565794,0.102462,0.069496,0,0,0,0,0,0,0,0
373,6,2.30288,1.84965,0,0,0,0,0,8.42313E-16,0.000950145,1.16739,0.433127,0.248185,0,0,0,0,0,0,0,0
373,7,3.3788,2.55882,0,0,0,0,0,0,8.84061E-10,0.0640499,1.38733,1.10744,0,0,0,0,0,0,0,0
373,8,4.20034,3.37444,0,0,0,0,0,0,9.2621E-11,0.00419286,0.270699,3.09955,0,0,0,0,0,0,0,0
374,1,0.38626,0.359292,0,1,0.265036,0.0926755,0.00155455,2.55526E-05,1.16991E-07,7.71274E-08,1.7332E-08,1.38639E-08,0.0939173,0.0395923,0.000103247,2.15366E-07,1.17421E-10,4.96407E-11,6.38604E-12,2.68886E-12
374,2,0.966768,0.957746,0,0,0,0.83448,0.121389,0.00185987,8.5153E-06,5.61379E-06,1.26153E-06,1.00909E-06,0,0.327809,0.0476265,0.000104588,5.70227E-08,2.41069E-08,3.10124E-09,1.30578E-09
374,3,1.48147,1.45917,0,0,0,0,1.27318,0.184473,0.000787788,0.000519356,0.000116709,9.33558E-05,0,0,0.518518,0.0714152,4.10001E-05,1.73332E-05,2.22984E-06,9.38877E-07
374,4,1.60718,1.50651,0,0,0,0,0,1.32426,0.105019,0.0557168,0.012499,0.0090096,0,0,0,0.50391,0.00944273,0.003992,0.000513553,0.000216233
374,5,1.57996,1.48667,0,0,0,0,0,0.000200728,0.748309,0.566143,0.102497,0.0695195,0,0,0,0,0,0,0,0
374,6,2.30659,1.85172,0,0,0,0,0,8.33709E-16,0.000940435,1.16589,0.435644,0.249245,0,0,0,0,0,0,0,0
374,7,3.38003,2.55988,0,0,0,0,0,0,8.75896E-10,0.0633207,1.38531,1.11125,0,0,0,0,0,0,0,0
374,8,4.1989,3.37297,0,0,0,0,0,0,9.26008E-11,0.00419193,0.270599,3.09818,0,0,0,0,0,0,0,0
375,1,0.39388,0.366213,0,1,0.27184,0.0927981,0.00154877,2.54575E-05,1.16556E-07,7.68404E-08,1.72675E-08,1.38123E-08,0.0942541,0.0392847,0.000102818,2.1447E-07,1.16932E-10,4.94343E-11,6.35949E-12,2.67768E-12
375,2,0.983266,0.974279,0,0,0,0.850524,0.121875,0.00186244,8.52709E-06,5.62156E-06,1.26327E-06,1.01049E-06,0,0.328538,0.0476268,0.000104796,5.71365E-08,2.4155E-08,3.10743E-09,1.30839E-09
375,3,1.46913,1.45576,0,0,0,0,1.26923,0.185008,0.000788392,0.000519755,0.000116799,9.34274E-05,0,0,0.515946,0.0714686,4.10957E-05,1.73736E-05,2.23503E-06,9.41066E-07
375,4,1.52608,1.47872,0,0,0,0,0,1.29912,0.103894,0.0546221,0.0122533,0.00882687,0,0,0,0.486342,0.0091713,0.00387725,0.000498791,0.000210017
375,5,1.49713,1.46007,0,0,0,0,0,0.000198085,0.740255,0.553217,0.0991526,0.0672512,0,0,0,0,0,0,0,0
375,6,1.58588,1.51544,0,0,0,0,0,6.47888E-16,0.000759545,0.973068,0.347484,0.194128,0,0,0,0,0,0,0,0
375,7,1.74904,1.6378,0,0,0,0,0,0,5.13976E-10,0.0397763,0.920759,0.677259,0,0,0,0,0,0,0,0
375,8,2.38755,2.17264,1,0,0,0,0,0,5.63339E-11,0.00255159,0.170654,1.99943,0,0,0,0,0,0,0,0
376,1,0.394218,0.366574,0,1,0.271827,0.0931666,0.00155395,2.55426E-05,1.16945E-07,7.70972E-08,1.73252E-08,1.38584E-08,0.0942209,0.0394495,0.000103288,2.15451E-07,1.17467E-10,4.96603E-11,6.38857E-12,2.68992E-12
376,2,0.985344,0.976389,0,0,0,0.85104,0.123446,0.00188557,0.000008633,5.69138E-06,1.27896E-06,1.02304E-06,0,0.328781,0.0483289,0.000106365,5.7992E-08,2.45167E-08,3.15396E-09,1.32798E-09
376,3,1.46943,1.45599,0,0,0,0,1.267,0.187454,0.000798417,0.000526364,0.000118284,9.46154E-05,0,0,0.514933,0.0725909,4.17503E-05,1.76504E-05,2.27064E-06,9.56057E-07
376,4,1.52574,1.47844,0,0,0,0,0,1.29481,0.106253,0.0558374,0.0125257,0.00901373,0,0,0,0.482697,0.00923547,0.00390438,0.00050228,0.000211486
376,5,1.49715,1.46012,0,0,0,0,0,0.000197329,0.738979,0.554369,0.0992537,0.0673198,0,0,0,0,0,0,0,0
376,6,1.5874,1.51639,0,0,0,0,0,6.21402E-16,0.000728479,0.965724,0.353604,0.196335,0,0,0,0,0,0,0,0
376,7,1.75052,1.63891,0,0,0,0,0,0,5.00937E-10,0.0385034,0.916991,0.683414,0,0,0,0,0,0,0,0
376,8,2.38976,2.1745,1,0,0,0,0,0,5.61547E-11,0.00254334,0.16975,2.0022,0,0,0,0,0,0,0,0
377,1,0.395109,0.367523,0,1,0.27185,0.0940803,0.00156694,2.57562E-05,1.17923E-07,7.77421E-08,1.74701E-08,1.39744E-08,0.0941584,0.0398603,0.000104452,2.17879E-07,1.18791E-10,5.02199E-11,6.46056E-12,2.72023E-12
377,2,0.988885,0.979987,0,0,0,0.852004,0.126042,0.00192389,8.80843E-06,5.80704E-06,1.30495E-06,1.04383E-06,0,0.329238,0.0494835,0.000108942,5.93967E-08,2.51105E-08,3.23036E-09,1.36015E-09
377,3,1.46979,1.45627,0,0,0,0,1.26425,0.190452,0.000810694,0.000534457,0.000120103,9.60702E-05,0,0,0.513689,0.0739682,4.25539E-05,1.79901E-05,2.31434E-06,9.74457E-07
377,4,1.52575,1.47831,0,0,0,0,0,1.29241,0.10755,0.0565454,0.0126845,0.00912698,0,0,0,0.480953,0.00937188,0.00396205,0.000509699,0.00021461
377,5,1.49718,1.46015,0,0,0,0,0,0.000196956,0.737972,0.555282,0.0993315,0.0673725,0,0,0,0,0,0,0,0
377,6,1.58829,1.51696,0,0,0,0,0,6.07544E-16,0.000712227,0.96115,0.357427,0.197669,0,0,0,0,0,0,0,0
377,7,1.75176,1.63985,0,0,0,0,0,0,4.89971E-10,0.0374328,0.913828,0.688583,0,0,0,0,0,0,0,0
377,8,2.39851,2.18215,1,0,0,0,0,0,5.58742E-11,0.00253045,0.168307,2.01131,0,0,0,0,0,0,0,0
378,1,0.395365,0.367798,0,1,0.271838,0.0943626,0.0015709,2.58213E-05,1.18221E-07,7.79386E-08,1.75143E-08,1.40097E-08,0.0941336,0.0399861,0.000104811,2.18628E-07,1.19199E-10,5.03926E-11,6.48277E-12,2.72959E-12
378,2,0.990472,0.9816,0,0,0,0.852405,0.127236,0.00194147,8.88893E-06,5.86011E-06,1.31688E-06,1.05337E-06,0,0.329426,0.0500165,0.000110133,6.00459E-08,2.5385E-08,3.26567E-09,1.37501E-09
378,3,1.46996,1.4564,0,0,0,0,1.26295,0.191872,0.000816509,0.000538291,0.000120964,9.67594E-05,0,0,0.513102,0.0746194,4.29337E-05,1.81506E-05,0.000002335,9.83155E-07
378,4,1.52568,1.47822,0,0,0,0,0,1.29087,0.108397,0.0569751,0.0127809,0.00919448,0,0,0,0.479829,0.00942671,0.00398523,0.000512681,0.000215866
378,5,1.49718,1.46016,0,0,0,0,0,0.000196867,0.737721,0.555509,0.0993507,0.0673856,0,0,0,0,0,0,0,0
378,6,1.58862,1.51717,0,0,0,0,0,6.02628E-16,0.000706463,0.959395,0.358897,0.198173,0,0,0,0,0,0,0,0
378,7,1.75228,1.64024,0,0,0,0,0,0,4.85396E-10,0.0369866,0.912493,0.690758,0,0,0,0,0,0,0,0
378,8,2.40036,2.18375,1,0,0,0,0,0,5.57923E-11,0.00252668,0.167891,2.01334,0,0,0,0,0,0,0,0
379,1,0.395299,0.367726,0,1,0.271852,0.094278,0.00156975,2.58023E-05,1.18135E-07,7.78813E-08,1.75014E-08,1.39994E-08,0.094146,0.0399485,0.000104702,2.18401E-07,1.19076E-10,5.03403E-11,6.47605E-12,2.72675E-12
379,2,0.99005,0.981171,0,0,0,0.852304,0.126912,0.00193672,8.86718E-06,5.84577E-06,1.31366E-06,1.05079E-06,0,0.329379,0.0498719,0.000109809,5.98696E-08,2.53105E-08,3.25608E-09,1.37098E-09
379,3,1.4699,1.45636,0,0,0,0,1.26336,0.191424,0.000814673,0.00053708,0.000120692,9.65418E-05,0,0,0.513286,0.0744143,4.28141E-05,1.81001E-05,2.32849E-06,9.80417E-07
379,4,1.52572,1.47826,0,0,0,0,0,1.29147,0.10806,0.0568128,0.0127445,0.00916925,0,0,0,0.48026,0.00941179,0.00397892,0.00051187,0.000215524
379,5,1.49718,1.46016,0,0,0,0,0,0.000196955,0.737792,0.555446,0.0993446,0.0673815,0,0,0,0,0,0,0,0
379,6,1.58856,1.51713,0,0,0,0,0,6.03568E-16,0.000707564,0.959723,0.358622,0.198079,0,0,0,0,0,0,0,0
379,7,1.75217,1.64016,0,0,0,0,0,0,4.86328E-10,0.0370775,0.912766,0.690314,0,0,0,0,0,0,0,0
379,8,2.40018,2.18359,1,0,0,0,0,0,5.58037E-11,0.0025272,0.167949,2.01312,0,0,0,0,0,0,0,0
380,1,0.394922,0.36732,0,1,0.271885,0.0938453,0.00156372,2.57033E-05,1.17681E-07,7.75824E-08,1.74342E-08,1.39457E-08,0.0941915,0.0397556,0.00010415,2.17249E-07,1.18447E-10,5.00747E-11,6.44188E-12,2.71237E-12
380,2,0.987763,0.978848,0,0,0,0.85173,0.125189,0.00191134,8.75099E-06,5.76917E-06,1.29644E-06,1.03702E-06,0,0.329109,0.0491023,0.00010809,5.8932E-08,2.49141E-08,3.20508E-09,1.34951E-09
380,3,1.46964,1.45615,0,0,0,0,1.26531,0.189287,0.000805916,0.000531307,0.000119395,0.000095504,0,0,0.514169,0.0734351,0.000042243,1.78586E-05,2.29743E-06,9.67339E-07
380,4,1.52584,1.47841,0,0,0,0,0,1.29391,0.106702,0.0561356,0.0125927,0.0090631,0,0,0,0.482035,0.0093311,0.00394481,0.000507482,0.000213676
380,5,1.49717,1.46015,0,0,0,0,0,0.000197193,0.738168,0.555107,0.0993145,0.0673611,0,0,0,0,0,0,0,0
380,6,1.58814,1.51687,0,0,0,0,0,6.0975E-16,0.000714815,0.961932,0.356773,0.197446,0,0,0,0,0,0,0,0
380,7,1.75146,1.63962,0,0,0,0,0,0,4.9262E-10,0.037691,0.914605,0.68732,0,0,0,0,0,0,0,0
380,8,2.39782,2.18156,1,0,0,0,0,0,5.59122E-11,0.00253219,0.168501,2.01052,0,0,0,0,0,0,0,0
381,1,0.393977,0.366312,0,1,0.271872,0.0928651,0.00154981,2.54746E-05,1.16634E-07,7.68921E-08,1.72791E-08,1.38216E-08,0.0942635,0.039315,0.0001029,2.14642E-07,1.17026E-10,4.94738E-11,6.36457E-12,2.67982E-12
381,2,0.98397,0.974993,0,0,0,0.850695,0.12241,0.00187032,8.56316E-06,5.64534E-06,1.26862E-06,1.01477E-06,0,0.328618,0.0478665,0.000105332,5.74285E-08,2.42785E-08,3.12331E-09,1.31508E-09
381,3,1.46926,1.45585,0,0,0,0,1.26827,0.186062,0.000792699,0.000522594,0.000117437,9.39378E-05,0,0,0.515504,0.0719547,4.13796E-05,1.74936E-05,2.25047E-06,9.47567E-07
381,4,1.52583,1.47854,0,0,0,0,0,1.29647,0.105314,0.0553871,0.0124248,0.00894313,0,0,0,0.483847,0.00918132,0.00388149,0.000499336,0.000210247
381,5,1.49715,1.46011,0,0,0,0,0,0.00019764,0.739154,0.554214,0.0992374,0.0673087,0,0,0,0,0,0,0,0
381,6,1.5874,1.51639,0,0,0,0,0,6.2108E-16,0.000728102,0.965855,0.353491,0.196312,0,0,0,0,0,0,0,0
381,7,1.75013,1.63862,0,0,0,0,0,0,5.04298E-10,0.0388308,0.917987,0.681799,0,0,0,0,0,0,0,0
381,8,2.38862,2.17352,1,0,0,0,0,0,5.62174E-11,0.00254623,0.170069,2.0009,0,0,0,0,0,0,0,0
382,1,0.39355,0.365855,0,1,0.271887,0.0923998,0.00154327,2.53671E-05,1.16142E-07,7.65676E-08,1.72062E-08,1.37632E-08,0.0943058,0.0391066,0.000102306,2.13402E-07,1.1635E-10,4.91882E-11,6.32783E-12,2.66435E-12
382,2,0.981726,0.972714,0,0,0,0.850114,0.120736,0.00184565,8.45022E-06,5.57088E-06,1.25188E-06,1.00138E-06,0,0.328342,0.0471204,0.000103666,5.652E-08,2.38944E-08,3.0739E-09,1.29427E-09
382,3,1.46898,1.45564,0,0,0,0,1.27031,0.183819,0.000783499,0.000516529,0.000116074,9.28475E-05,0,0,0.516428,0.0709281,0.000040781,1.72406E-05,2.21792E-06,9.3386E-07
382,4,1.52599,1.47873,0,0,0,0,0,1.29952,0.103613,0.0545486,0.0122368,0.00881192,0,0,0,0.486043,0.00908603,0.0038412,0.000494153,0.000208064
382,5,1.49714,1.46009,0,0,0,0,0,0.000198036,0.739639,0.553778,0.0991976,0.0672817,0,0,0,0,0,0,0,0
382,6,1.58689,1.51605,0,0,0,0,0,6.2877E-16,0.00073712,0.968621,0.351176,0.19552,0,0,0,0,0,0,0,0
382,7,1.74882,1.63763,0,0,0,0,0,0,5.15813E-10,0.0399538,0.921349,0.676325,0,0,0,0,0,0,0,0
382,8,2.3845,2.16997,1,0,0,0,0,0,5.64336E-11,0.00255618,0.171168,1.99625,0,0,0,0,0,0,0,0
383,1,0.393365,0.365657,0,1,0.271896,0.0921949,0.0015404,2.53199E-05,1.15926E-07,7.64252E-08,1.71742E-08,1.37376E-08,0.0943262,0.0390148,0.000102044,2.12855E-07,1.16052E-10,4.90621E-11,6.31161E-12,2.65752E-12
383,2,0.980712,0.971683,0,0,0,0.849863,0.119969,0.00183435,8.39848E-06,5.53678E-06,1.24422E-06,9.95251E-07,0,0.328223,0.0467775,0.000102899,5.61021E-08,2.37177E-08,3.05118E-09,1.2847E-09
383,3,1.46882,1.45552,0,0,0,0,1.27147,0.182549,0.000778288,0.000513094,0.000115302,0.00009223,0,0,0.51695,0.0703472,4.04424E-05,1.70974E-05,2.1995E-06,9.26106E-07
383,4,1.52616,1.47889,0,0,0,0,0,1.302,0.102209,0.0538803,0.0120869,0.00870848,0,0,0,0.487846,0.00903594,0.00382003,0.000491429,0.000206917
383,5,1.49714,1.46008,0,0,0,0,0,0.000198448,0.739976,0.553476,0.0991684,0.0672619,0,0,0,0,0,0,0,0
383,6,1.58648,1.51579,0,0,0,0,0,6.35272E-16,0.000744746,0.970758,0.349388,0.1949,0,0,0,0,0,0,0,0
383,7,1.74783,1.63689,0,0,0,0,0,0,5.24488E-10,0.0408001,0.923873,0.67221,0,0,0,0,0,0,0,0
383,8,2.38289,2.16861,1,0,0,0,0,0,5.65574E-11,0.00256188,0.171799,1.99425,0,0,0,0,0,0,0,0
384,1,0.393395,0.365688,0,1,0.271902,0.092219,0.00154076,2.53258E-05,1.15953E-07,7.64431E-08,1.71782E-08,1.37409E-08,0.0943273,0.0390256,0.000102074,2.12918E-07,1.16086E-10,4.90765E-11,6.31347E-12,2.6583E-12
384,2,0.980555,0.971525,0,0,0,0.849854,0.119821,0.00183223,8.38877E-06,5.53037E-06,1.24278E-06,9.941E-07,0,0.32822,0.0467101,0.000102747,5.60193E-08,2.36827E-08,3.04667E-09,1.28281E-09
384,3,1.46873,1.45544,0,0,0,0,1.27222,0.181726,0.000774919,0.000510873,0.000114803,9.18308E-05,0,0,0.517292,0.0699693,4.02219E-05,1.70042E-05,2.18751E-06,9.21057E-07
384,4,1.52647,1.47908,0,0,0,0,0,1.30485,0.100654,0.0530811,0.0119078,0.00858784,0,0,0,0.490469,0.00904429,0.00382356,0.000491883,0.000207109
384,5,1.49712,1.46004,0,0,0,0,0,0.000199283,0.741094,0.55247,0.099078,0.0672006,0,0,0,0,0,0,0,0
384,6,1.58521,1.51501,0,0,0,0,0,6.58642E-16,0.000772158,0.976559,0.344564,0.193118,0,0,0,0,0,0,0,0
384,7,1.74704,1.63629,0,0,0,0,0,0,5.31528E-10,0.0414883,0.925875,0.668924,0,0,0,0,0,0,0,0
384,8,2.38482,2.17036,1,0,0,0,0,0,5.65777E-11,0.00256282,0.171895,1.9959,0,0,0,0,0,0,0,0
385,1,0.385936,0.358942,0,1,0.265094,0.0922734,0.00154893,2.54602E-05,1.16568E-07,7.68486E-08,1.72693E-08,1.38137E-08,0.0939757,0.0394076,0.000102721,2.14269E-07,1.16823E-10,4.93879E-11,6.35352E-12,2.67516E-12
385,2,0.964931,0.955885,0,0,0,0.834016,0.120012,0.00183954,8.42225E-06,5.55245E-06,1.24774E-06,9.98068E-07,0,0.327602,0.0470072,0.000103206,5.62696E-08,2.37885E-08,3.06029E-09,1.28854E-09
385,3,1.48099,1.45884,0,0,0,0,1.2753,0.182046,0.00077779,0.000512765,0.000115228,0.000092171,0,0,0.51949,0.0703019,4.03526E-05,1.70595E-05,2.19462E-06,9.2405E-07
385,4,1.60666,1.50643,0,0,0,0,0,1.3285,0.102423,0.0544688,0.0122192,0.00881643,0,0,0,0.507077,0.00934992,0.00395277,0.000508505,0.000214107
385,5,1.57982,1.48659,0,0,0,0,0,0.000201804,0.749038,0.565454,0.102424,0.0694702,0,0,0,0,0,0,0,0
385,6,2.30133,1.84877,0,0,0,0,0,8.45471E-16,0.000953709,1.16811,0.431981,0.247723,0,0,0,0,0,0,0,0
385,7,3.3772,2.55743,0,0,0,0,0,0,8.94725E-10,0.0650015,1.39,1.10242,0,0,0,0,0,0,0,0
385,8,4.19869,3.37275,0,0,0,0,0,0,9.2794E-11,0.0042008,0.271486,3.09707,0,0,0,0,0,0,0,0
386,1,0.385944,0.358951,0,1,0.265087,0.0922889,0.00154914,2.54635E-05,1.16583E-07,7.68586E-08,1.72716E-08,1.38155E-08,0.0939715,0.0394147,0.000102742,2.14312E-07,1.16846E-10,4.93978E-11,6.35479E-12,2.6757E-12
386,2,0.96502,0.955975,0,0,0,0.834039,0.120078,0.00184052,8.4267E-06,5.55538E-06,1.2484E-06,9.98595E-07,0,0.327613,0.0470367,0.000103272,5.63055E-08,2.38037E-08,3.06224E-09,1.28936E-09
386,3,1.48101,1.45886,0,0,0,0,1.2752,0.182158,0.000778253,0.00051307,0.000115297,9.22259E-05,0,0,0.519445,0.0703535,4.03826E-05,1.70721E-05,2.19625E-06,9.24737E-07
386,4,1.60666,1.50642,0,0,0,0,0,1.32827,0.102559,0.0545316,0.0122333,0.00882621,0,0,0,0.506923,0.00935615,0.0039554,0.000508844,0.00021425
386,5,1.57983,1.48659,0,0,0,0,0,0.000201724,0.749,0.56549,0.102428,0.069473,0,0,0,0,0,0,0,0
386,6,2.30143,1.84883,0,0,0,0,0,8.45321E-16,0.000953539,1.16805,0.43207,0.247756,0,0,0,0,0,0,0,0
386,7,3.37746,2.55766,0,0,0,0,0,0,8.92977E-10,0.0648456,1.38956,1.10325,0,0,0,0,0,0,0,0
386,8,4.19891,3.37298,0,0,0,0,0,0,9.27673E-11,0.00419958,0.271364,3.09742,0,0,0,0,0,0,0,0
387,1,0.393432,0.365729,0,1,0.271883,0.0922793,0.00154156,2.53389E-05,1.16013E-07,7.64825E-08,1.71871E-08,1.37479E-08,0.0943141,0.0390523,0.000102152,2.13082E-07,1.16175E-10,4.91143E-11,6.31832E-12,2.66034E-12
387,2,0.980896,0.97187,0,0,0,0.849938,0.12008,0.00183603,8.40616E-06,5.54184E-06,1.24536E-06,9.96161E-07,0,0.32826,0.0468254,0.000103005,5.61599E-08,2.37421E-08,3.05432E-09,1.28603E-09
387,3,1.46879,1.45549,0,0,0,0,1.27179,0.182204,0.000776883,0.000512167,0.000115094,9.20635E-05,0,0,0.517095,0.070188,4.03494E-05,1.70581E-05,2.19445E-06,9.23976E-07
387,4,1.52639,1.47901,0,0,0,0,0,1.30378,0.101264,0.0533647,0.0119714,0.00863177,0,0,0,0.48972,0.00906611,0.00383278,0.00049307,0.000207608
387,5,1.49712,1.46005,0,0,0,0,0,0.000198982,0.740911,0.552632,0.0990947,0.067212,0,0,0,0,0,0,0,0
387,6,1.58536,1.51511,0,0,0,0,0,6.56259E-16,0.000769364,0.975767,0.345227,0.193346,0,0,0,0,0,0,0,0
387,7,1.74755,1.63667,0,0,0,0,0,0,5.27114E-10,0.0410576,0.924593,0.671015,0,0,0,0,0,0,0,0
387,8,2.38533,2.17078,1,0,0,0,0,0,5.65222E-11,0.00256027,0.171612,1.99661,0,0,0,0,0,0,0,0
388,1,0.393485,0.365788,0,1,0.271863,0.0923567,0.00154259,0.000025356,1.16091E-07,7.65339E-08,1.71986E-08,1.37572E-08,0.0942995,0.0390868,0.000102252,2.13291E-07,1.1629E-10,4.91625E-11,6.32453E-12,2.66296E-12
388,2,0.981642,0.972628,0,0,0,0.850088,0.120678,0.00184478,8.44624E-06,5.56826E-06,1.25129E-06,1.00091E-06,0,0.328329,0.0470945,0.000103608,5.64887E-08,2.38811E-08,3.0722E-09,1.29356E-09
388,3,1.46899,1.45565,0,0,0,0,1.27026,0.183876,0.000783732,0.000516682,0.000116108,9.28751E-05,0,0,0.516404,0.0709542,4.07962E-05,0.000017247,2.21875E-06,9.34209E-07
388,4,1.52595,1.47871,0,0,0,0,0,1.29913,0.103842,0.0546488,0.0122592,0.00882721,0,0,0,0.485773,0.00908892,0.00384243,0.00049431,0.000208131
388,5,1.49714,1.4601,0,0,0,0,0,0.000197856,0.739558,0.553849,0.0992055,0.0672871,0,0,0,0,0,0,0,0
388,6,1.58692,1.51608,0,0,0,0,0,6.28116E-16,0.000736353,0.968434,0.351331,0.195575,0,0,0,0,0,0,0,0
388,7,1.74889,1.63768,0,0,0,0,0,0,5.15175E-10,0.0398914,0.921168,0.676622,0,0,0,0,0,0,0,0
388,8,2.38421,2.16972,1,0,0,0,0,0,5.64416E-11,0.00255654,0.171207,1.99595,0,0,0,0,0,0,0,0
389,1,0.393956,0.366293,0,1,0.27184,0.092878,0.0015499,0.000025476,1.16641E-07,7.68964E-08,1.72801E-08,1.38223E-08,0.0942489,0.0393202,0.000102919,2.14681E-07,1.17047E-10,4.94829E-11,6.36574E-12,2.68031E-12
389,2,0.984313,0.975342,0,0,0,0.850753,0.122697,0.0018745,8.58228E-06,5.65794E-06,1.27145E-06,1.01703E-06,0,0.328644,0.0479959,0.000105623,5.75871E-08,2.43455E-08,3.13194E-09,1.31871E-09
389,3,1.46937,1.45594,0,0,0,0,1.26743,0.186974,0.000796442,0.000525061,0.000117991,9.43813E-05,0,0,0.515128,0.0723725,4.16231E-05,1.75966E-05,2.26372E-06,9.53144E-07
389,4,1.52561,1.47838,0,0,0,0,0,1.29395,0.106755,0.0560556,0.0125746,0.00904539,0,0,0,0.481974,0.00920463,0.00389134,0.000500603,0.00021078
389,5,1.49715,1.46012,0,0,0,0,0,0.000197211,0.738891,0.554447,0.0992612,0.0673249,0,0,0,0,0,0,0,0
389,6,1.58778,1.51662,0,0,0,0,0,6.14685E-16,0.000720602,0.963995,0.355043,0.196864,0,0,0,0,0,0,0,0
389,7,1.75054,1.63893,0,0,0,0,0,0,5.00691E-10,0.0384785,0.91695,0.683496,0,0,0,0,0,0,0,0
389,8,2.38737,2.17241,1,0,0,0,0,0,5.62326E-11,0.00254693,0.170144,1.99972,0,0,0,0,0,0,0,0
390,1,0.395457,0.367897,0,1,0.271823,0.0944756,0.00157246,2.58469E-05,1.18338E-07,7.80157E-08,1.75316E-08,1.40235E-08,0.0941197,0.0400361,0.000104955,2.18929E-07,1.19363E-10,5.04619E-11,6.49169E-12,2.73334E-12
390,2,0.991165,0.982303,0,0,0,0.852568,0.127768,0.0019493,8.92477E-06,5.88374E-06,1.32219E-06,1.05762E-06,0,0.329502,0.0502551,0.000110666,6.03369E-08,2.5508E-08,3.28149E-09,1.38168E-09
390,3,1.47004,1.45647,0,0,0,0,1.2623,0.192583,0.00081943,0.000540217,0.000121397,9.71055E-05,0,0,0.512809,0.0749451,4.31236E-05,1.82309E-05,2.34532E-06,9.87503E-07
390,4,1.5256,1.47815,0,0,0,0,0,1.2898,0.109006,0.0572609,0.012845,0.0092386,0,0,0,0.479056,0.00944545,0.00399315,0.000513701,0.000216295
390,5,1.49718,1.46017,0,0,0,0,0,0.000196721,0.737635,0.555586,0.0993587,0.067391,0,0,0,0,0,0,0,0
390,6,1.58871,1.51723,0,0,0,0,0,6.00991E-16,0.000704543,0.958911,0.3593,0.198317,0,0,0,0,0,0,0,0
390,7,1.75232,1.64027,0,0,0,0,0,0,4.8498E-10,0.0369458,0.912381,0.690944,0,0,0,0,0,0,0,0
390,8,2.39936,2.18287,1,0,0,0,0,0,5.5816E-11,0.00252777,0.168013,2.01233,0,0,0,0,0,0,0,0
391,1,0.544217,0.544207,0,0,0.361406,0.17968,0.00306999,5.04622E-05,2.31038E-07,1.52314E-07,3.42279E-08,2.73789E-08,0.168359,0.0809276,0.000208123,4.34128E-07,2.36693E-10,1.00064E-10,1.28728E-11,5.42013E-12
391,2,1.55058,1.55056,0,0,0,1.29531,0.251315,0.00389471,1.78317E-05,1.17557E-05,2.64174E-06,2.11312E-06,0,0.607777,0.102864,0.000223702,1.21966E-07,5.15621E-08,6.63324E-09,2.79294E-09
391,3,2.3574,2.35723,0,0,0,0,1.99055,0.363652,0.00157181,0.00103623,0.00023286,0.000186265,0,0,0.933821,0.146744,8.33873E-05,3.52528E-05,4.53511E-06,1.90952E-06
391,4,2.39701,2.39523,0,0,0,0,0,2.05956,0.190611,0.104668,0.02348,0.0169058,0,0,0,0.864219,0.0177129,0.00748829,0.000963333,0.000405614
391,5,2.42916,2.42313,0,0,0,0,0,0.000301429,1.13164,0.984079,0.182989,0.124114,0,0,0,0,0,0,0,0
391,6,2.49442,2.48421,0,0,0,0,0,1.06283E-15,0.00108115,1.49084,0.632417,0.359868,0,0,0,0,0,0,0,0
391,7,2.66586,2.64872,0,0,0,0,0,0,8.36014E-10,0.0586843,1.40456,1.18547,0,0,0,0,0,0,0,0
391,8,3.4465,3.41245,0,0,0,0,0,0,9.1799E-11,0.00415476,0.265661,3.14263,0,0,0,0,0,0,0,0
392,1,0.438559,0.433566,0,0,0.325295,0.106655,0.00158831,2.61075E-05,1.19532E-07,7.88023E-08,1.77084E-08,1.41649E-08,0.097343,0.0383186,0.000108768,2.26881E-07,1.23699E-10,5.2295E-11,6.72751E-12,2.83263E-12
392,2,1.09269,1.06804,0,0,0,0.929413,0.13662,0.00199195,9.12006E-06,6.01248E-06,1.35112E-06,1.08076E-06,0,0.326264,0.0503588,0.000114632,6.24989E-08,2.6422E-08,3.39907E-09,1.43119E-09
392,3,1.73887,1.56584,0,0,0,0,1.36873,0.195529,0.000815951,0.000537923,0.000120882,9.66932E-05,0,0,0.538263,0.0729538,4.26001E-05,1.80096E-05,2.31685E-06,9.75515E-07
392,4,2.61279,1.95565,0,0,0,0,0,1.72481,0.131321,0.071779,0.0161028,0.011635,0,0,0,0.680555,0.0126681,0.00535556,0.000688968,0.000290092
392,5,3.22804,2.30383,0,0,0,0,0,0.000295181,1.09118,0.925836,0.170725,0.115796,0,0,0,0,0,0,0,0
392,6,3.35759,2.40729,0,0,0,0,0,1.05556E-15,0.00109661,1.46218,0.601701,0.342309,0,0,0,0,0,0,0,0
392,7,3.5598,2.59886,0,0,0,0,0,0,8.37419E-10,0.0596125,1.38724,1.152,0,0,0,0,0,0,0,0
392,8,4.32454,3.38292,0,0,0,0,0,0,9.05323E-11,0.00409817,0.262562,3.11626,0,0,0,0,0,0,0,0
393,1,0.545534,0.545524,0,0,0.361621,0.180764,0.0030878,5.07548E-05,2.32378E-07,1.53197E-07,3.44264E-08,2.75377E-08,0.168397,0.081493,0.000209598,4.37206E-07,2.38371E-10,1.00774E-10,1.29641E-11,5.45856E-12
393,2,1.54804,1.54801,0,0,0,1.295,0.249115,0.00386173,1.76807E-05,1.16562E-05,2.61936E-06,2.09523E-06,0,0.607663,0.101813,0.000221386,1.20703E-07,5.10284E-08,6.56458E-09,2.76403E-09
393,3,2.35656,2.3564,0,0,0,0,2.00154,0.351927,0.00152279,0.00100391,0.000225598,0.000180456,0,0,0.939132,0.141056,8.01171E-05,3.38703E-05,4.35726E-06,1.83463E-06
393,4,2.39656,2.39486,0,0,0,0,0,2.08365,0.176227,0.0973676,0.0218431,0.0157699,0,0,0,0.883428,0.0170274,0.00719848,0.000926051,0.000389916
393,5,2.42909,2.42307,0,0,0,0,0,0.000305773,1.13535,0.980892,0.182642,0.123879,0,0,0,0,0,0,0,0
393,6,2.49323,2.48308,0,0,0,0,0,1.11004E-15,0.00112918,1.50561,0.620831,0.355512,0,0,0,0,0,0,0,0
393,7,2.66327,2.64622,0,0,0,0,0,0,8.74056E-10,0.0620208,1.41492,1.16928,0,0,0,0,0,0,0,0
393,8,3.4414,3.40745,0,0,0,0,0,0,9.22564E-11,0.00417573,0.267719,3.13556,0,0,0,0,0,0,0,0
394,1,0.395596,0.368041,0,1,0.271903,0.0945381,0.00157358,2.58653E-05,1.18423E-07,7.80713E-08,1.75441E-08,1.40335E-08,0.0941353,0.0400698,0.000105039,2.19104E-07,1.19459E-10,5.05023E-11,6.49688E-12,2.73553E-12
394,2,0.989918,0.981038,0,0,0,0.852303,0.126782,0.00193484,8.85857E-06,5.84009E-06,1.31238E-06,1.04977E-06,0,0.329383,0.0498111,0.000109672,5.97949E-08,2.52789E-08,3.25201E-09,1.36927E-09
394,3,1.46971,1.45621,0,0,0,0,1.26504,0.189617,0.000807332,0.000532241,0.000119605,9.56718E-05,0,0,0.514061,0.0735712,4.23206E-05,1.78914E-05,2.30165E-06,9.69116E-07
394,4,1.52617,1.47868,0,0,0,0,0,1.29845,0.104112,0.0549211,0.0123204,0.00887595,0,0,0,0.485339,0.00925598,0.00391305,0.000503396,0.000211956
394,5,1.49716,1.46011,0,0,0,0,0,0.000198534,0.739256,0.554136,0.0992203,0.0672972,0,0,0,0,0,0,0,0
394,6,1.58711,1.51621,0,0,0,0,0,6.26428E-16,0.000734374,0.967229,0.352347,0.195898,0,0,0,0,0,0,0,0
394,7,1.74977,1.63834,0,0,0,0,0,0,5.07486E-10,0.0391413,0.918933,0.680267,0,0,0,0,0,0,0,0
394,8,2.39346,2.17779,1,0,0,0,0,0,5.61239E-11,0.00254194,0.169585,2.00566,0,0,0,0,0,0,0,0
395,1,0.394242,0.366599,0,1,0.271847,0.0931726,0.00155409,2.55449E-05,1.16956E-07,7.71042E-08,1.73268E-08,1.38597E-08,0.0942231,0.0394542,0.000103298,2.15472E-07,1.17479E-10,4.96653E-11,6.3892E-12,2.69019E-12
395,2,0.984547,0.97558,0,0,0,0.850866,0.12282,0.00187639,8.59095E-06,5.66366E-06,1.27273E-06,1.01806E-06,0,0.328701,0.0480477,0.000105736,5.76487E-08,2.43715E-08,3.13529E-09,1.32012E-09
395,3,1.46924,1.45584,0,0,0,0,1.26855,0.185765,0.000791515,0.000521814,0.000117261,9.37975E-05,0,0,0.515642,0.0718107,4.12946E-05,1.74577E-05,2.24585E-06,9.45621E-07
395,4,1.52621,1.47879,0,0,0,0,0,1.30031,0.103208,0.0543075,0.0121828,0.00877968,0,0,0,0.487317,0.00918031,0.00388106,0.00049928,0.000210223
395,5,1.49712,1.46005,0,0,0,0,0,0.00019879,0.740801,0.552729,0.0991049,0.0672188,0,0,0,0,0,0,0,0
395,6,1.5854,1.51514,0,0,0,0,0,6.56369E-16,0.000769493,0.975383,0.345554,0.193435,0,0,0,0,0,0,0,0
395,7,1.74832,1.63725,0,0,0,0,0,0,5.20367E-10,0.0404,0.922609,0.674239,0,0,0,0,0,0,0,0
395,8,2.38776,2.17286,1,0,0,0,0,0,5.63819E-11,0.00255381,0.170898,1.99941,0,0,0,0,0,0,0,0
396,1,0.386327,0.359366,0,1,0.265011,0.0927732,0.00155589,2.55745E-05,1.17092E-07,7.71937E-08,1.73469E-08,1.38758E-08,0.0938979,0.0396373,0.000103376,2.15635E-07,1.17568E-10,4.97029E-11,6.39404E-12,2.69223E-12
396,2,0.967128,0.958111,0,0,0,0.834585,0.121645,0.00186367,8.53269E-06,5.62525E-06,1.2641E-06,1.01116E-06,0,0.327857,0.0477408,0.000104842,5.71613E-08,2.41655E-08,3.10878E-09,1.30896E-09
396,3,1.48149,1.45919,0,0,0,0,1.27311,0.184562,0.000788162,0.000519603,0.000116765,9.34001E-05,0,0,0.518486,0.0714545,4.10228E-05,1.73428E-05,2.23107E-06,9.39396E-07
396,4,1.60663,1.50628,0,0,0,0,0,1.325,0.104453,0.0554247,0.0124336,0.00896588,0,0,0,0.504749,0.00945469,0.00399706,0.000514203,0.000216507
396,5,1.57987,1.48662,0,0,0,0,0,0.000201099,0.748796,0.565679,0.102453,0.0694894,0,0,0,0,0,0,0,0
396,6,2.30036,1.84825,0,0,0,0,0,8.48471E-16,0.000957094,1.16834,0.43148,0.247476,0,0,0,0,0,0,0,0
396,7,3.37872,2.55875,0,0,0,0,0,0,8.84674E-10,0.0641057,1.38745,1.10719,0,0,0,0,0,0,0,0
396,8,4.20079,3.3749,0,0,0,0,0,0,9.25976E-11,0.00419179,0.270594,3.10012,0,0,0,0,0,0,0,0
397,1,0.386204,0.359235,0,1,0.265002,0.0926538,0.00155414,2.55458E-05,1.1696E-07,7.7107E-08,1.73274E-08,1.38602E-08,0.0939047,0.0395817,0.000103222,2.15313E-07,1.17392E-10,4.96285E-11,6.38447E-12,2.6882E-12
397,2,0.966729,0.957707,0,0,0,0.834482,0.121349,0.00185929,8.51264E-06,5.61203E-06,1.26113E-06,1.00878E-06,0,0.327811,0.0476075,0.000104545,5.69993E-08,2.4097E-08,3.09997E-09,1.30525E-09
397,3,1.4814,1.45913,0,0,0,0,1.27349,0.184119,0.000786336,0.000518399,0.000116494,9.31837E-05,0,0,0.518663,0.0712512,4.09046E-05,1.72928E-05,2.22464E-06,9.36689E-07
397,4,1.60657,1.50627,0,0,0,0,0,1.32562,0.104077,0.0552422,0.0123927,0.00893779,0,0,0,0.505214,0.00944486,0.0039929,0.000513668,0.000216281
397,5,1.57987,1.48662,0,0,0,0,0,0.000200995,0.748782,0.565691,0.102455,0.0694911,0,0,0,0,0,0,0,0
397,6,2.29801,1.84694,0,0,0,0,0,8.53434E-16,0.000962694,1.16931,0.429867,0.2468,0,0,0,0,0,0,0,0
397,7,3.37807,2.55819,0,0,0,0,0,0,8.88994E-10,0.0644921,1.38849,1.1052,0,0,0,0,0,0,0,0
397,8,4.20131,3.37543,0,0,0,0,0,0,9.26094E-11,0.00419234,0.270651,3.10058,0,0,0,0,0,0,0,0
398,1,0.393768,0.366094,0,1,0.271813,0.0927082,0.00154742,2.54352E-05,1.16454E-07,7.67732E-08,1.72524E-08,1.38002E-08,0.09425,0.0392437,0.000102705,2.14235E-07,1.16804E-10,4.938E-11,6.35251E-12,2.67474E-12
398,2,0.98271,0.973714,0,0,0,0.850411,0.12143,0.00185594,8.49731E-06,5.60193E-06,1.25886E-06,1.00696E-06,0,0.328486,0.047427,0.000104348,5.68923E-08,2.40518E-08,3.09415E-09,1.3028E-09
398,3,1.469,1.45565,0,0,0,0,1.27029,0.183853,0.000783663,0.000516637,0.000116098,0.000092867,0,0,0.516425,0.0709382,4.07862E-05,1.72428E-05,2.2182E-06,9.3398E-07
398,4,1.52642,1.47895,0,0,0,0,0,1.30248,0.10206,0.053679,0.012042,0.00868401,0,0,0,0.489375,0.00916985,0.00387664,0.000498712,0.000209984
398,5,1.49711,1.46003,0,0,0,0,0,0.000198798,0.741414,0.552169,0.0990605,0.0671888,0,0,0,0,0,0,0,0
398,6,1.58424,1.51443,0,0,0,0,0,6.77414E-16,0.000794178,0.98068,0.341148,0.191808,0,0,0,0,0,0,0,0
398,7,1.7478,1.63686,0,0,0,0,0,0,5.25038E-10,0.0408574,0.923915,0.672084,0,0,0,0,0,0,0,0
398,8,2.3894,2.17434,1,0,0,0,0,0,5.63877E-11,0.00255408,0.170919,2.00087,0,0,0,0,0,0,0,0
399,1,0.393814,0.366144,0,1,0.271811,0.0927597,0.00154814,2.54471E-05,1.16508E-07,7.68091E-08,1.72605E-08,1.38066E-08,0.0942449,0.0392668,0.000102771,2.14372E-07,1.16879E-10,4.94117E-11,6.35659E-12,2.67646E-12
399,2,0.983268,0.97428,0,0,0,0.850524,0.121876,0.00186246,8.52719E-06,5.62163E-06,1.26329E-06,1.0105E-06,0,0.328538,0.0476275,0.000104798,5.71374E-08,2.41554E-08,3.10748E-09,1.30841E-09
399,3,1.46914,1.45576,0,0,0,0,1.26921,0.185038,0.000788516,0.000519836,0.000116817,0.000093442,0,0,0.515933,0.0714825,4.11038E-05,0.000017377,2.23548E-06,9.41252E-07
399,4,1.52607,1.47871,0,0,0,0,0,1.29899,0.103977,0.054654,0.0122605,0.0088319,0,0,0,0.486285,0.00917588,0.00387919,0.00049904,0.000210122
399,5,1.49713,1.46007,0,0,0,0,0,0.000198032,0.740262,0.553209,0.0991527,0.0672513,0,0,0,0,0,0,0,0
399,6,1.58583,1.51541,0,0,0,0,0,6.48724E-16,0.000760526,0.973272,0.347314,0.194065,0,0,0,0,0,0,0,0
399,7,1.74904,1.63779,0,0,0,0,0,0,5.14009E-10,0.0397796,0.920767,0.677245,0,0,0,0,0,0,0,0
399,8,2.38786,2.17292,1,0,0,0,0,0,5.63274E-11,0.00255129,0.17062,1.99974,0,0,0,0,0,0,0,0
400,1,0.39395,0.366289,0,1,0.271821,0.092892,0.00155004,2.54784E-05,1.16651E-07,7.69034E-08,1.72817E-08,1.38236E-08,0.094238,0.0393266,0.000102939,2.14724E-07,1.17071E-10,4.94928E-11,6.36701E-12,2.68085E-12
400,2,0.98405,0.975074,0,0,0,0.850704,0.122482,0.00187136,8.56791E-06,5.64847E-06,1.26932E-06,1.01533E-06,0,0.328622,0.0478989,0.000105405,5.74685E-08,2.42954E-08,3.12549E-09,1.31599E-09
400,3,1.46929,1.45588,0,0,0,0,1.268,0.186351,0.000793893,0.000523381,0.000117614,9.40792E-05,0,0,0.515388,0.0720858,4.14558E-05,1.75259E-05,2.25462E-06,9.49313E-07
400,4,1.52576,1.4785,0,0,0,0,0,1.29573,0.105755,0.0555679,0.0124653,0.00897089,0,0,0,0.483402,0.00919,0.00388516,0.000499807,0.000210445
400,5,1.49715,1.46011,0,0,0,0,0,0.000197378,0.739204,0.554164,0.0992367,0.0673083,0,0,0,0,0,0,0,0
400,6,1.58718,1.51625,0,0,0,0,0,6.24616E-16,0.000732249,0.966906,0.352614,0.195997,0,0,0,0,0,0,0,0
400,7,1.74997,1.6385,0,0,0,0,0,0,5.05699E-10,0.0389677,0.918389,0.681141,0,0,0,0,0,0,0,0
400,8,2.38718,2.17227,1,0,0,0,0,0,5.62727E-11,0.00254877,0.170348,1.99937,0,0,0,0,0,0,0,0
401,1,0.393996,0.366337,0,1,0.271826,0.0929345,0.00155066,2.54885E-05,1.16698E-07,7.69341E-08,1.72886E-08,1.38291E-08,0.0942373,0.0393458,0.000102993,2.14836E-07,1.17132E-10,4.95186E-11,6.37033E-12,2.68224E-12
401,2,0.984418,0.975448,0,0,0,0.850787,0.122768,0.00187555,8.58712E-06,5.66114E-06,1.27217E-06,1.01761E-06,0,0.328661,0.0480271,0.000105692,5.76249E-08,2.43615E-08,3.13399E-09,1.31957E-09
401,3,1.46936,1.45594,0,0,0,0,1.26746,0.18694,0.000796304,0.00052497,0.000117971,9.43649E-05,0,0,0.515143,0.0723563,4.16136E-05,1.75926E-05,2.2632E-06,9.52927E-07
401,4,1.52564,1.4784,0,0,0,0,0,1.29429,0.106561,0.0559651,0.0125543,0.00903162,0,0,0,0.482233,0.00920299,0.00389065,0.000500514,0.000210743
401,5,1.49715,1.46012,0,0,0,0,0,0.000197225,0.738921,0.55442,0.099259,0.0673234,0,0,0,0,0,0,0,0
401,6,1.58766,1.51655,0,0,0,0,0,6.16537E-16,0.000722773,0.964598,0.354539,0.196688,0,0,0,0,0,0,0,0
401,7,1.75039,1.63881,0,0,0,0,0,0,5.02001E-10,0.0386065,0.917326,0.68288,0,0,0,0,0,0,0,0
401,8,2.38743,2.17246,1,0,0,0,0,0,5.62387E-11,0.00254721,0.170175,1.99974,0,0,0,0,0,0,0,0
402,1,0.393979,0.366318,0,1,0.27184,0.0929017,0.00155023,2.54816E-05,1.16666E-07,7.69131E-08,1.72838E-08,1.38253E-08,0.0942456,0.0393313,0.00010295,2.14746E-07,1.17083E-10,4.9498E-11,6.36768E-12,2.68113E-12
402,2,0.984201,0.975228,0,0,0,0.850736,0.122601,0.0018731,8.57589E-06,5.65374E-06,1.2705E-06,1.01628E-06,0,0.328637,0.0479524,0.000105525,5.75338E-08,2.4323E-08,3.12904E-09,1.31749E-09
402,3,1.46933,1.45591,0,0,0,0,1.26774,0.186639,0.000795067,0.000524155,0.000117788,9.42184E-05,0,0,0.515268,0.0722183,4.15332E-05,1.75586E-05,2.25883E-06,9.51084E-07
402,4,1.52568,1.47844,0,0,0,0,0,1.29486,0.106239,0.0558129,0.0125202,0.00900811,0,0,0,0.482645,0.00919275,0.00388632,0.000499957,0.000210508
402,5,1.49715,1.46012,0,0,0,0,0,0.000197325,0.738997,0.554352,0.0992523,0.0673188,0,0,0,0,0,0,0,0
402,6,1.58758,1.5165,0,0,0,0,0,6.17801E-16,0.000724256,0.964991,0.354211,0.196573,0,0,0,0,0,0,0,0
402,7,1.75027,1.63873,0,0,0,0,0,0,5.03043E-10,0.0387082,0.917629,0.682387,0,0,0,0,0,0,0,0
402,8,2.3873,2.17236,1,0,0,0,0,0,5.62498E-11,0.00254772,0.170232,1.99958,0,0,0,0,0,0,0,0
403,1,0.393889,0.366221,0,1,0.271858,0.0927883,0.00154868,2.54561E-05,1.16549E-07,7.68362E-08,1.72666E-08,1.38115E-08,0.0942621,0.0392808,0.000102804,2.14442E-07,1.16917E-10,4.94278E-11,6.35866E-12,2.67733E-12
403,2,0.983433,0.974448,0,0,0,0.850556,0.12201,0.00186442,8.53615E-06,5.62754E-06,1.26461E-06,1.01157E-06,0,0.328553,0.0476879,0.000104933,5.72112E-08,2.41866E-08,3.11149E-09,1.3101E-09
403,3,1.46919,1.45581,0,0,0,0,1.26875,0.185537,0.000790552,0.000521179,0.000117119,9.36834E-05,0,0,0.515723,0.0717134,4.12387E-05,1.74341E-05,2.24281E-06,9.44341E-07
403,4,1.52587,1.47859,0,0,0,0,0,1.2972,0.104924,0.0551725,0.0123767,0.0089098,0,0,0,0.48448,0.00916271,0.00387362,0.000498323,0.00020982
403,5,1.49715,1.4601,0,0,0,0,0,0.000197661,0.739424,0.553968,0.0992175,0.0672952,0,0,0,0,0,0,0,0
403,6,1.58699,1.51613,0,0,0,0,0,6.2787E-16,0.000736065,0.967883,0.351799,0.195709,0,0,0,0,0,0,0,0
403,7,1.74966,1.63826,0,0,0,0,0,0,5.08484E-10,0.0392394,0.919198,0.679822,0,0,0,0,0,0,0,0
403,8,2.38684,2.17198,1,0,0,0,0,0,5.63038E-11,0.00255021,0.170506,1.99892,0,0,0,0,0,0,0,0
404,1,0.393693,0.36601,0,1,0.271865,0.0925734,0.00154566,2.54064E-05,1.16322E-07,7.66863E-08,1.72329E-08,1.37846E-08,0.0942831,0.0391841,0.000102529,2.13867E-07,1.16604E-10,4.92954E-11,6.34162E-12,2.67015E-12
404,2,0.98233,0.973328,0,0,0,0.850292,0.121167,0.00185203,8.4794E-06,5.59012E-06,1.25621E-06,1.00484E-06,0,0.328428,0.0473109,0.00010409,5.67515E-08,2.39923E-08,3.08649E-09,1.29957E-09
404,3,1.469,1.45566,0,0,0,0,1.27018,0.183969,0.000784124,0.000516941,0.000116166,9.29216E-05,0,0,0.516371,0.0709945,4.08194E-05,1.72568E-05,2.22001E-06,9.3474E-07
404,4,1.52617,1.47881,0,0,0,0,0,1.30054,0.103098,0.0542386,0.0121673,0.00876716,0,0,0,0.487369,0.00913452,0.00386171,0.00049679,0.000209175
404,5,1.49713,1.46006,0,0,0,0,0,0.000198417,0.740473,0.553023,0.0991329,0.0672379,0,0,0,0,0,0,0,0
404,6,1.58582,1.5154,0,0,0,0,0,6.4886E-16,0.000760686,0.973413,0.347195,0.194033,0,0,0,0,0,0,0,0
404,7,1.74869,1.63753,0,0,0,0,0,0,5.17017E-10,0.0400726,0.921656,0.675804,0,0,0,0,0,0,0,0
404,8,2.38722,2.17237,1,0,0,0,0,0,5.63749E-11,0.00255348,0.170862,1.99896,0,0,0,0,0,0,0,0
405,1,0.393511,0.365814,0,1,0.271878,0.0923673,0.00154279,2.53592E-05,1.16105E-07,7.65436E-08,1.72008E-08,1.37589E-08,0.0943053,0.0390918,0.000102265,2.13316E-07,1.16303E-10,4.91684E-11,6.32528E-12,2.66328E-12
405,2,0.981344,0.972326,0,0,0,0.850044,0.120424,0.00184108,8.42931E-06,5.5571E-06,1.24879E-06,9.98904E-07,0,0.32831,0.0469793,0.000103349,5.63475E-08,2.38214E-08,3.06452E-09,1.29032E-09
405,3,1.46886,1.45555,0,0,0,0,1.27122,0.182833,0.000779462,0.000513867,0.000115476,9.23691E-05,0,0,0.516837,0.0704751,4.05167E-05,1.71288E-05,2.20355E-06,9.27808E-07
405,4,1.52631,1.47894,0,0,0,0,0,1.3026,0.101929,0.0536823,0.0120426,0.00868083,0,0,0,0.488849,0.0090877,0.00384191,0.000494244,0.000208103
405,5,1.49712,1.46005,0,0,0,0,0,0.00019877,0.740746,0.552779,0.0991091,0.0672217,0,0,0,0,0,0,0,0
405,6,1.58549,1.51519,0,0,0,0,0,6.54036E-16,0.000766756,0.975164,0.345729,0.193527,0,0,0,0,0,0,0,0
405,7,1.74777,1.63684,0,0,0,0,0,0,5.25126E-10,0.0408637,0.924014,0.671958,0,0,0,0,0,0,0,0
405,8,2.38589,2.17125,1,0,0,0,0,0,5.64862E-11,0.00255861,0.171429,1.99727,0,0,0,0,0,0,0,0
406,1,0.393347,0.365638,0,1,0.271886,0.0921864,0.00154025,2.53174E-05,1.15915E-07,7.64177E-08,1.71725E-08,1.37363E-08,0.0943231,0.0390106,0.000102033,2.12833E-07,1.1604E-10,4.9057E-11,6.31096E-12,2.65724E-12
406,2,0.980651,0.971622,0,0,0,0.849857,0.119915,0.00183357,8.39491E-06,5.53442E-06,1.24369E-06,9.94828E-07,0,0.32822,0.0467529,0.000102844,5.6072E-08,2.3705E-08,3.04954E-09,1.28401E-09
406,3,1.46879,1.45549,0,0,0,0,1.27175,0.182241,0.000777028,0.000512263,0.000115115,9.20808E-05,0,0,0.517079,0.0702054,4.03596E-05,1.70624E-05,0.000002195,9.2421E-07
406,4,1.52628,1.47897,0,0,0,0,0,1.30329,0.101485,0.0535284,0.0120081,0.00865508,0,0,0,0.488907,0.00903345,0.00381898,0.000491294,0.00020686
406,5,1.49714,1.46007,0,0,0,0,0,0.000198669,0.740295,0.553189,0.0991428,0.0672446,0,0,0,0,0,0,0,0
406,6,1.58593,1.51545,0,0,0,0,0,6.44737E-16,0.000755846,0.973383,0.347202,0.19411,0,0,0,0,0,0,0,0
406,7,1.74722,1.63642,0,0,0,0,0,0,5.29927E-10,0.0413315,0.925429,0.669661,0,0,0,0,0,0,0,0
406,8,2.38284,2.1686,1,0,0,0,0,0,5.66033E-11,0.002564,0.172033,1.994,0,0,0,0,0,0,0,0
407,1,0.39339,0.365683,0,1,0.271894,0.0922228,0.00154079,2.53263E-05,1.15955E-07,7.64445E-08,1.71785E-08,1.37411E-08,0.0943237,0.0390271,0.000102079,2.12929E-07,1.16092E-10,4.90791E-11,6.31379E-12,2.65844E-12
407,2,0.980595,0.971565,0,0,0,0.849866,0.11985,0.00183265,8.39069E-06,5.53164E-06,1.24306E-06,9.94328E-07,0,0.328226,0.0467226,0.000102775,5.60345E-08,2.36891E-08,3.0475E-09,1.28316E-09
407,3,1.46873,1.45544,0,0,0,0,1.27224,0.181715,0.000774875,0.000510843,0.000114796,9.18256E-05,0,0,0.517297,0.0699639,4.02187E-05,1.70028E-05,2.18734E-06,9.20983E-07
407,4,1.52649,1.4791,0,0,0,0,0,1.3051,0.100509,0.0530129,0.0118926,0.00857755,0,0,0,0.49067,0.00904501,0.00382386,0.000491922,0.000207125
407,5,1.49712,1.46004,0,0,0,0,0,0.000199305,0.741144,0.552424,0.0990741,0.067198,0,0,0,0,0,0,0,0
407,6,1.58505,1.51491,0,0,0,0,0,6.61313E-16,0.000775291,0.977339,0.343914,0.192885,0,0,0,0,0,0,0,0
407,7,1.74682,1.63612,0,0,0,0,0,0,5.33521E-10,0.0416831,0.926444,0.667992,0,0,0,0,0,0,0,0
407,8,2.38485,2.17039,1,0,0,0,0,0,5.65933E-11,0.00256354,0.171974,1.99585,0,0,0,0,0,0,0,0
408,1,0.385944,0.358951,0,1,0.265087,0.0922889,0.00154914,2.54635E-05,1.16583E-07,7.68586E-08,1.72716E-08,1.38155E-08,0.0939715,0.0394147,0.000102742,2.14312E-07,1.16846E-10,4.93978E-11,6.35479E-12,2.6757E-12
408,2,0.96502,0.955975,0,0,0,0.834039,0.120078,0.00184052,8.4267E-06,5.55538E-06,1.2484E-06,9.98595E-07,0,0.327613,0.0470367,0.000103272,5.63055E-08,2.38037E-08,3.06224E-09,1.28936E-09
408,3,1.48101,1.45886,0,0,0,0,1.2752,0.182158,0.000778253,0.00051307,0.000115297,9.22259E-05,0,0,0.519445,0.0703535,4.03826E-05,1.70721E-05,2.19625E-06,9.24737E-07
408,4,1.60666,1.50642,0,0,0,0,0,1.32827,0.102559,0.0545316,0.0122333,0.00882621,0,0,0,0.506923,0.00935615,0.0039554,0.000508844,0.00021425
408,5,1.57983,1.48659,0,0,0,0,0,0.000201724,0.749,0.56549,0.102428,0.069473,0,0,0,0,0,0,0,0
408,6,2.30143,1.84883,0,0,0,0,0,8.45321E-16,0.000953539,1.16805,0.43207,0.247756,0,0,0,0,0,0,0,0
408,7,3.37746,2.55766,0,0,0,0,0,0,8.92977E-10,0.0648456,1.38956,1.10325,0,0,0,0,0,0,0,0
408,8,4.19891,3.37298,0,0,0,0,0,0,9.27673E-11,0.00419958,0.271364,3.09742,0,0,0,0,0,0,0,0
409,1,0.385955,0.358964,0,1,0.26508,0.0923082,0.0015494,2.54678E-05,1.16603E-07,7.68715E-08,1.72745E-08,1.38179E-08,0.093967,0.0394235,0.000102767,2.14365E-07,1.16875E-10,4.94101E-11,6.35638E-12,2.67637E-12
409,2,0.965124,0.956081,0,0,0,0.834066,0.120156,0.00184167,8.43198E-06,5.55886E-06,1.24918E-06,9.99221E-07,0,0.327625,0.0470719,0.000103351,5.63483E-08,2.38218E-08,3.06456E-09,1.29034E-09
409,3,1.48104,1.45888,0,0,0,0,1.27505,0.182325,0.000778941,0.000513524,0.000115399,9.23074E-05,0,0,0.519378,0.0704305,4.04274E-05,1.70911E-05,2.19869E-06,9.25763E-07
409,4,1.60666,1.5064,0,0,0,0,0,1.32778,0.102847,0.0546645,0.0122631,0.00884679,0,0,0,0.506592,0.00936603,0.00395958,0.000509381,0.000214476
409,5,1.57984,1.4866,0,0,0,0,0,0.000201576,0.748914,0.565571,0.102437,0.069479,0,0,0,0,0,0,0,0
409,6,2.30254,1.84946,0,0,0,0,0,8.43153E-16,0.000951093,1.16754,0.432881,0.248085,0,0,0,0,0,0,0,0
409,7,3.37832,2.5584,0,0,0,0,0,0,8.87241E-10,0.0643334,1.38814,1.10593,0,0,0,0,0,0,0,0
409,8,4.19891,3.37298,0,0,0,0,0,0,9.27138E-11,0.00419712,0.271118,3.09767,0,0,0,0,0,0,0,0
410,1,0.393434,0.365732,0,1,0.271876,0.0922889,0.00154167,2.53408E-05,1.16021E-07,7.64882E-08,1.71884E-08,1.3749E-08,0.0943103,0.0390565,0.000102165,2.13108E-07,1.1619E-10,4.91204E-11,6.31911E-12,2.66068E-12
410,2,0.980983,0.971959,0,0,0,0.849957,0.120148,0.00183703,8.41076E-06,5.54487E-06,1.24604E-06,9.96706E-07,0,0.328269,0.0468562,0.000103074,5.61974E-08,2.3758E-08,3.05636E-09,1.28689E-09
410,3,1.46881,1.45551,0,0,0,0,1.27161,0.1824,0.000777683,0.000512695,0.000115212,9.21584E-05,0,0,0.517014,0.0702778,4.04017E-05,1.70802E-05,2.19729E-06,9.25175E-07
410,4,1.52634,1.47897,0,0,0,0,0,1.30314,0.101634,0.0535345,0.0120095,0.00865791,0,0,0,0.489266,0.00907582,0.00383689,0.000493598,0.000207831
410,5,1.49712,1.46005,0,0,0,0,0,0.000198797,0.740787,0.552742,0.0991059,0.0672195,0,0,0,0,0,0,0,0
410,6,1.58552,1.51521,0,0,0,0,0,6.53635E-16,0.000766286,0.974917,0.345937,0.193594,0,0,0,0,0,0,0,0
410,7,1.74795,1.63697,0,0,0,0,0,0,5.2356E-10,0.0407107,0.923567,0.672692,0,0,0,0,0,0,0,0
410,8,2.3857,2.17108,1,0,0,0,0,0,5.64829E-11,0.00255845,0.171411,1.99711,0,0,0,0,0,0,0,0
411,1,0.393482,0.365786,0,1,0.271856,0.0923614,0.00154264,2.53567E-05,1.16094E-07,7.65362E-08,1.71991E-08,1.37576E-08,0.094296,0.0390888,0.000102259,2.13305E-07,1.16297E-10,4.91657E-11,6.32494E-12,2.66313E-12
411,2,0.981715,0.972702,0,0,0,0.850103,0.120737,0.00184564,8.45016E-06,5.57085E-06,1.25188E-06,1.00138E-06,0,0.328336,0.0471209,0.000103667,5.65209E-08,2.38948E-08,3.07395E-09,1.29429E-09
411,3,1.46901,1.45566,0,0,0,0,1.27008,0.184072,0.000784535,0.000517212,0.000116227,9.29703E-05,0,0,0.516323,0.0710444,4.08489E-05,1.72693E-05,2.22161E-06,9.35414E-07
411,4,1.5259,1.47866,0,0,0,0,0,1.29846,0.104224,0.0548245,0.0122986,0.00885422,0,0,0,0.485298,0.0090979,0.00384622,0.000494799,0.000208336
411,5,1.49715,1.4601,0,0,0,0,0,0.000197671,0.73943,0.553963,0.0992169,0.0672948,0,0,0,0,0,0,0,0
411,6,1.58709,1.51618,0,0,0,0,0,6.25575E-16,0.000733373,0.96759,0.352037,0.19582,0,0,0,0,0,0,0,0
411,7,1.74923,1.63794,0,0,0,0,0,0,5.1216E-10,0.0395972,0.920295,0.678047,0,0,0,0,0,0,0,0
411,8,2.38454,2.16999,1,0,0,0,0,0,5.64101E-11,0.00255509,0.171046,1.99639,0,0,0,0,0,0,0,0
412,1,0.393956,0.366293,0,1,0.271833,0.0928848,0.00154997,2.54773E-05,1.16646E-07,7.69002E-08,1.72809E-08,1.3823E-08,0.0942453,0.0393231,0.000102928,2.147E-07,1.17058E-10,4.94873E-11,6.36631E-12,2.68055E-12
412,2,0.984383,0.975413,0,0,0,0.850768,0.122753,0.00187531,8.58601E-06,5.6604E-06,0.000001272,1.01747E-06,0,0.328651,0.0480209,0.000105679,5.76177E-08,2.43584E-08,3.1336E-09,1.31941E-09
412,3,1.46939,1.45596,0,0,0,0,1.26727,0.187149,0.000797156,0.000525532,0.000118097,9.44659E-05,0,0,0.515056,0.0724527,0.00004167,1.76164E-05,2.26627E-06,9.54216E-07
412,4,1.52556,1.47835,0,0,0,0,0,1.29338,0.107079,0.0562043,0.0126079,0.00906825,0,0,0,0.481572,0.00921234,0.0038946,0.000501022,0.000210957
412,5,1.49715,1.46013,0,0,0,0,0,0.000197047,0.738782,0.554543,0.099271,0.0673315,0,0,0,0,0,0,0,0
412,6,1.58791,1.51671,0,0,0,0,0,6.12712E-16,0.000718288,0.963299,0.355625,0.197064,0,0,0,0,0,0,0,0
412,7,1.7508,1.63913,0,0,0,0,0,0,4.98359E-10,0.038251,0.916272,0.684601,0,0,0,0,0,0,0,0
412,8,2.3876,2.17259,1,0,0,0,0,0,5.6211E-11,0.00254593,0.170033,2.00001,0,0,0,0,0,0,0,0
413,1,0.395455,0.367895,0,1,0.271815,0.0944814,0.00157252,2.58478E-05,1.18343E-07,7.80186E-08,1.75323E-08,1.40241E-08,0.0941158,0.0400386,0.000104963,2.18945E-07,1.19372E-10,5.04658E-11,6.49219E-12,2.73355E-12
413,2,0.991226,0.982365,0,0,0,0.85258,0.127817,0.00195002,8.92805E-06,5.8859E-06,1.32267E-06,1.05801E-06,0,0.329508,0.0502771,0.000110716,6.03638E-08,2.55194E-08,3.28295E-09,1.38229E-09
413,3,1.47006,1.45648,0,0,0,0,1.26217,0.192725,0.000820009,0.000540598,0.000121483,9.71741E-05,0,0,0.51275,0.0750102,4.31616E-05,0.000018247,2.34739E-06,9.88374E-07
413,4,1.52557,1.47813,0,0,0,0,0,1.28937,0.109254,0.0573744,0.0128704,0.00925605,0,0,0,0.478749,0.00945148,0.0039957,0.000514029,0.000216433
413,5,1.49718,1.46017,0,0,0,0,0,0.000196588,0.737552,0.555659,0.0993662,0.0673961,0,0,0,0,0,0,0,0
413,6,1.58882,1.5173,0,0,0,0,0,5.99516E-16,0.000702812,0.958339,0.35978,0.198478,0,0,0,0,0,0,0,0
413,7,1.75254,1.64043,0,0,0,0,0,0,4.83128E-10,0.0367652,0.911838,0.691828,0,0,0,0,0,0,0,0
413,8,2.3995,2.18299,1,0,0,0,0,0,5.58009E-11,0.00252707,0.167935,2.01252,0,0,0,0,0,0,0,0
414,1,0.5442,0.544189,0,0,0.36139,0.179678,0.00306993,5.04612E-05,2.31034E-07,1.52311E-07,3.42273E-08,2.73784E-08,0.168352,0.0809273,0.000208123,4.3413E-07,2.36694E-10,1.00065E-10,1.28729E-11,5.42015E-12
414,2,1.55067,1.55064,0,0,0,1.29533,0.251384,0.00389575,1.78365E-05,1.17589E-05,2.64244E-06,2.11369E-06,0,0.607783,0.102897,0.000223774,1.22005E-07,5.15788E-08,6.63538E-09,2.79384E-09
414,3,2.35741,2.35725,0,0,0,0,1.99037,0.36385,0.00157264,0.00103678,0.000232983,0.000186363,0,0,0.933732,0.14684,8.34422E-05,0.000035276,4.5381E-06,1.91078E-06
414,4,2.39702,2.39524,0,0,0,0,0,2.05907,0.190911,0.104816,0.0235131,0.0169286,0,0,0,0.863827,0.0177226,0.00749241,0.000963863,0.000405837
414,5,2.42916,2.42313,0,0,0,0,0,0.000301272,1.13153,0.984177,0.183,0.124121,0,0,0,0,0,0,0,0
414,6,2.49449,2.48427,0,0,0,0,0,1.06055E-15,0.00107883,1.48994,0.633129,0.360126,0,0,0,0,0,0,0,0
414,7,2.66606,2.64891,0,0,0,0,0,0,8.33079E-10,0.0584271,1.40375,1.18673,0,0,0,0,0,0,0,0
414,8,3.44676,3.41271,0,0,0,0,0,0,9.17711E-11,0.00415347,0.265535,3.14302,0,0,0,0,0,0,0,0
415,1,0.438217,0.433218,0,0,0.325055,0.10655,0.00158596,2.60687E-05,1.19354E-07,7.86853E-08,1.76821E-08,1.41439E-08,0.0972814,0.0382497,0.000108616,2.26564E-07,1.23526E-10,5.22219E-11,6.7181E-12,2.82867E-12
415,2,1.09489,1.07011,0,0,0,0.929745,0.138333,0.00201549,9.22783E-06,6.08353E-06,1.36708E-06,1.09353E-06,0,0.326464,0.0510584,0.000116265,6.33895E-08,2.67985E-08,3.44751E-09,1.45158E-09
415,3,1.74345,1.56778,0,0,0,0,1.36375,0.202403,0.000843164,0.000555863,0.000124913,0.000099918,0,0,0.53635,0.0759541,4.43875E-05,1.87653E-05,2.41407E-06,1.01645E-06
415,4,2.6324,1.96577,0,0,0,0,0,1.71569,0.142656,0.0774999,0.0173855,0.0125292,0,0,0,0.671486,0.0132611,0.00560625,0.000721218,0.000303671
415,5,3.2282,2.30395,0,0,0,0,0,0.000292064,1.08865,0.928084,0.170968,0.115961,0,0,0,0,0,0,0,0
415,6,3.35894,2.40847,0,0,0,0,0,1.0226E-15,0.00106235,1.45101,0.610758,0.345642,0,0,0,0,0,0,0,0
415,7,3.56224,2.60129,0,0,0,0,0,0,8.04192E-10,0.0566698,1.37814,1.16648,0,0,0,0,0,0,0,0
415,8,4.32639,3.38484,0,0,0,0,0,0,9.02299E-11,0.00408429,0.261185,3.11957,0,0,0,0,0,0,0,0
416,1,0.545183,0.545173,0,0,0.361489,0.180548,0.00308404,5.06931E-05,2.32095E-07,1.53011E-07,3.43845E-08,2.75042E-08,0.168346,0.0813826,0.000209318,4.36622E-07,2.38053E-10,1.00639E-10,1.29468E-11,5.45127E-12
416,2,1.54939,1.54937,0,0,0,1.29522,0.250234,0.00387849,1.77575E-05,1.17068E-05,2.63073E-06,2.10433E-06,0,0.607753,0.102343,0.000222555,1.2134E-07,5.12977E-08,6.59921E-09,2.77861E-09
416,3,2.35685,2.35668,0,0,0,0,1.99802,0.355696,0.00153857,0.00101432,0.000227937,0.000182327,0,0,0.937441,0.142875,8.11622E-05,3.43121E-05,4.4141E-06,1.85856E-06
416,4,2.3967,2.39498,0,0,0,0,0,2.07602,0.180792,0.0996738,0.0223602,0.0161282,0,0,0,0.877349,0.0172324,0.00728514,0.000937199,0.00039461
416,5,2.42912,2.42309,0,0,0,0,0,0.000304148,1.13406,0.982002,0.182764,0.123962,0,0,0,0,0,0,0,0
416,6,2.49381,2.48363,0,0,0,0,0,1.08896E-15,0.00110773,1.49833,0.626564,0.357628,0,0,0,0,0,0,0,0
416,7,2.66506,2.64795,0,0,0,0,0,0,8.47875E-10,0.0597258,1.40775,1.18047,0,0,0,0,0,0,0,0
416,8,3.44483,3.41081,0,0,0,0,0,0,9.19375E-11,0.0041611,0.266282,3.14037,0,0,0,0,0,0,0,0
417,1,0.395463,0.367904,0,1,0.271841,0.0944649,0.00157236,2.58452E-05,1.18331E-07,7.80107E-08,1.75305E-08,1.40226E-08,0.0941175,0.0400348,0.000104948,2.18914E-07,1.19355E-10,5.04586E-11,6.49126E-12,2.73316E-12
417,2,0.990231,0.981355,0,0,0,0.852355,0.127044,0.00193866,8.87607E-06,5.85163E-06,1.31497E-06,1.05185E-06,0,0.329406,0.0499299,0.000109939,5.99403E-08,2.53404E-08,3.25992E-09,1.3726E-09
417,3,1.46983,1.4563,0,0,0,0,1.26407,0.190673,0.000811645,0.000535084,0.000120244,9.61829E-05,0,0,0.513618,0.0740586,4.26053E-05,1.80118E-05,2.31713E-06,9.75634E-07
417,4,1.52593,1.47848,0,0,0,0,0,1.29527,0.105918,0.0557762,0.0125121,0.00900783,0,0,0,0.483001,0.00931038,0.00393605,0.000506355,0.000213202
417,5,1.49717,1.46013,0,0,0,0,0,0.000197787,0.738656,0.554671,0.0992724,0.0673324,0,0,0,0,0,0,0,0
417,6,1.58779,1.51664,0,0,0,0,0,6.15719E-16,0.000721815,0.963649,0.355341,0.196933,0,0,0,0,0,0,0,0
417,7,1.75115,1.63939,0,0,0,0,0,0,4.95318E-10,0.0379546,0.915378,0.686055,0,0,0,0,0,0,0,0
417,8,2.39586,2.17983,1,0,0,0,0,0,5.59717E-11,0.00253493,0.168808,2.00849,0,0,0,0,0,0,0,0
418,1,0.394081,0.366431,0,1,0.271798,0.0930546,0.00155227,0.000025515,1.16819E-07,7.70141E-08,1.73065E-08,1.38435E-08,0.0942129,0.0393999,0.00010315,2.15164E-07,1.17311E-10,4.95942E-11,6.38006E-12,2.68634E-12
418,2,0.984634,0.975668,0,0,0,0.850852,0.12292,0.00187781,8.59746E-06,5.66795E-06,1.2737E-06,1.01883E-06,0,0.328693,0.0480943,0.000105842,5.77064E-08,2.43959E-08,3.13843E-09,1.32144E-09
418,3,1.46934,1.45592,0,0,0,0,1.26776,0.186628,0.000795047,0.000524142,0.000117785,0.000094216,0,0,0.515281,0.0722084,4.15268E-05,1.75559E-05,2.25848E-06,9.50938E-07
418,4,1.52588,1.47858,0,0,0,0,0,1.29714,0.104954,0.0551934,0.0123814,0.00891373,0,0,0,0.484465,0.00917909,0.00388054,0.000499214,0.000210195
418,5,1.49714,1.4601,0,0,0,0,0,0.000197779,0.73959,0.553818,0.0992041,0.0672862,0,0,0,0,0,0,0,0
418,6,1.5867,1.51595,0,0,0,0,0,6.32734E-16,0.00074177,0.969271,0.350642,0.195293,0,0,0,0,0,0,0,0
418,7,1.74944,1.63809,0,0,0,0,0,0,5.10452E-10,0.0394319,0.919754,0.678908,0,0,0,0,0,0,0,0
418,8,2.38649,2.17168,1,0,0,0,0,0,5.63258E-11,0.00255122,0.170618,1.99851,0,0,0,0,0,0,0,0
419,1,0.393782,0.366111,0,1,0.271795,0.0927426,0.00154785,2.54423E-05,1.16486E-07,7.67947E-08,1.72572E-08,1.38041E-08,0.0942375,0.0392594,0.000102752,2.14332E-07,1.16857E-10,4.94025E-11,6.3554E-12,2.67596E-12
419,2,0.982962,0.97397,0,0,0,0.850455,0.121639,0.00185898,8.51124E-06,5.61111E-06,1.26092E-06,1.00861E-06,0,0.328506,0.0475212,0.00010456,5.70076E-08,2.41005E-08,3.10042E-09,1.30544E-09
419,3,1.46907,1.45571,0,0,0,0,1.26971,0.184491,0.000786281,0.000518363,0.000116486,9.31772E-05,0,0,0.516161,0.0712306,4.09567E-05,1.73149E-05,2.22748E-06,9.37884E-07
419,4,1.52623,1.47883,0,0,0,0,0,1.30092,0.102892,0.0541278,0.0121425,0.00875133,0,0,0,0.487806,0.00915573,0.00387067,0.000497944,0.000209661
419,5,1.49712,1.46006,0,0,0,0,0,0.000198352,0.740695,0.552819,0.0991176,0.0672275,0,0,0,0,0,0,0,0
419,6,1.58515,1.51498,0,0,0,0,0,6.60337E-16,0.000774146,0.976607,0.344533,0.19307,0,0,0,0,0,0,0,0
419,7,1.7481,1.63709,0,0,0,0,0,0,5.22285E-10,0.0405877,0.923149,0.67335,0,0,0,0,0,0,0,0
419,8,2.38693,2.17214,1,0,0,0,0,0,5.64235E-11,0.00255572,0.171109,1.99848,0,0,0,0,0,0,0,0
420,1,0.393756,0.366084,0,1,0.271794,0.0927166,0.00154748,2.54363E-05,1.16458E-07,7.67763E-08,1.72531E-08,1.38008E-08,0.0942402,0.0392475,0.000102718,2.14262E-07,1.16819E-10,4.93863E-11,6.35331E-12,2.67508E-12
420,2,0.98265,0.973653,0,0,0,0.850405,0.121376,0.00185515,8.4937E-06,5.59955E-06,1.25832E-06,1.00653E-06,0,0.328483,0.0474021,0.000104293,5.68618E-08,2.40389E-08,3.09249E-09,1.3021E-09
420,3,1.46897,1.45563,0,0,0,0,1.27052,0.1836,0.00078263,0.000515956,0.000115945,9.27446E-05,0,0,0.51653,0.0708219,4.07184E-05,1.72141E-05,2.21451E-06,9.32426E-07
420,4,1.52653,1.47902,0,0,0,0,0,1.30353,0.101486,0.053384,0.0119758,0.00863953,0,0,0,0.490343,0.00917417,0.00387847,0.000498946,0.000210083
420,5,1.4971,1.46002,0,0,0,0,0,0.00019902,0.74181,0.551812,0.0990294,0.0671676,0,0,0,0,0,0,0,0
420,6,1.58359,1.51403,0,0,0,0,0,6.891E-16,0.000807885,0.983726,0.338613,0.190881,0,0,0,0,0,0,0,0
420,7,1.7472,1.6364,0,0,0,0,0,0,5.30401E-10,0.0413817,0.925437,0.669584,0,0,0,0,0,0,0,0
420,8,2.39071,2.17552,1,0,0,0,0,0,5.64034E-11,0.00255481,0.170995,2.00198,0,0,0,0,0,0,0,0
421,1,0.38617,0.359202,0,1,0.264974,0.0926484,0.00155399,2.55432E-05,1.16948E-07,7.70993E-08,1.73257E-08,1.38588E-08,0.0938936,0.0395788,0.000103217,2.15303E-07,1.17386E-10,4.96262E-11,6.38417E-12,2.68807E-12
421,2,0.966879,0.957859,0,0,0,0.83452,0.121461,0.00186095,8.52024E-06,5.61705E-06,1.26226E-06,1.00968E-06,0,0.327828,0.0476581,0.000104658,5.70609E-08,2.4123E-08,3.10332E-09,1.30666E-09
421,3,1.48145,1.45916,0,0,0,0,1.27329,0.184354,0.0007873,0.000519035,0.000116637,9.32979E-05,0,0,0.518568,0.0713592,4.09674E-05,1.73194E-05,2.22806E-06,9.38129E-07
421,4,1.60644,1.50619,0,0,0,0,0,1.32491,0.104472,0.0554149,0.0124314,0.00896477,0,0,0,0.504808,0.00946366,0.00400085,0.000514691,0.000216712
421,5,1.57987,1.48662,0,0,0,0,0,0.000200834,0.748762,0.565709,0.102459,0.0694936,0,0,0,0,0,0,0,0
421,6,2.29762,1.84673,0,0,0,0,0,8.54757E-16,0.000964187,1.16939,0.429673,0.246703,0,0,0,0,0,0,0,0
421,7,3.37868,2.55871,0,0,0,0,0,0,8.84977E-10,0.064134,1.38748,1.1071,0,0,0,0,0,0,0,0
421,8,4.20325,3.37741,0,0,0,0,0,0,9.24955E-11,0.00418712,0.270137,3.10308,0,0,0,0,0,0,0,0
422,1,0.386158,0.359188,0,1,0.264979,0.0926294,0.00155373,0.000025539,1.16929E-07,7.70865E-08,1.73228E-08,1.38565E-08,0.0938971,0.0395702,0.000103192,2.15251E-07,1.17358E-10,4.96143E-11,6.38264E-12,2.68743E-12
422,2,0.966941,0.957922,0,0,0,0.834521,0.121522,0.00186182,8.52424E-06,5.61968E-06,1.26285E-06,1.01015E-06,0,0.327827,0.0476862,0.000104721,5.70954E-08,2.41376E-08,3.1052E-09,1.30745E-09
422,3,1.48153,1.45922,0,0,0,0,1.27288,0.184813,0.000789183,0.000520276,0.000116916,9.35211E-05,0,0,0.518381,0.0715717,4.10912E-05,1.73717E-05,2.23479E-06,9.40964E-07
422,4,1.6072,1.50648,0,0,0,0,0,1.32322,0.105639,0.0560024,0.012563,0.00905376,0,0,0,0.503196,0.00946307,0.0040006,0.000514658,0.000216698
422,5,1.58,1.48669,0,0,0,0,0,0.000200405,0.748133,0.566309,0.102515,0.069532,0,0,0,0,0,0,0,0
422,6,2.30746,1.85221,0,0,0,0,0,8.31895E-16,0.000938387,1.16548,0.436284,0.249504,0,0,0,0,0,0,0,0
422,7,3.38078,2.56052,0,0,0,0,0,0,8.70945E-10,0.0628788,1.38407,1.11358,0,0,0,0,0,0,0,0
422,8,4.20021,3.37431,0,0,0,0,0,0,9.25067E-11,0.00418761,0.270173,3.09995,0,0,0,0,0,0,0,0
423,1,0.393666,0.365987,0,1,0.271807,0.0926086,0.00154599,2.54117E-05,1.16346E-07,7.67024E-08,1.72365E-08,1.37875E-08,0.094254,0.0391992,0.000102579,2.13973E-07,1.16661E-10,4.93196E-11,6.34474E-12,2.67147E-12
423,2,0.982645,0.973648,0,0,0,0.850358,0.121417,0.00185569,8.49615E-06,5.60117E-06,1.25869E-06,1.00683E-06,0,0.328459,0.0474231,0.000104342,5.68886E-08,2.40502E-08,3.09395E-09,1.30271E-09
423,3,1.46909,1.45573,0,0,0,0,1.26954,0.184667,0.000786991,0.000518831,0.000116591,9.32613E-05,0,0,0.516083,0.0713142,4.10058E-05,1.73356E-05,2.23015E-06,9.39009E-07
423,4,1.52602,1.4787,0,0,0,0,0,1.29875,0.10412,0.0547143,0.012274,0.00884008,0,0,0,0.486042,0.00915447,0.00387014,0.000497875,0.000209632
423,5,1.49713,1.46008,0,0,0,0,0,0.000197861,0.740085,0.553367,0.0991674,0.0672613,0,0,0,0,0,0,0,0
423,6,1.5861,1.51557,0,0,0,0,0,6.43683E-16,0.000754613,0.972117,0.348272,0.194428,0,0,0,0,0,0,0,0
423,7,1.74891,1.63769,0,0,0,0,0,0,5.15113E-10,0.0398862,0.921121,0.676684,0,0,0,0,0,0,0,0
423,8,2.38665,2.17187,1,0,0,0,0,0,5.63838E-11,0.00255389,0.170906,1.99841,0,0,0,0,0,0,0,0
424,1,0.3936,0.365916,0,1,0.271817,0.0925278,0.00154487,2.53935E-05,1.16263E-07,7.66472E-08,1.72241E-08,1.37775E-08,0.0942646,0.0391632,0.000102475,2.13756E-07,1.16543E-10,4.92698E-11,6.33833E-12,2.66877E-12
424,2,0.982489,0.973488,0,0,0,0.850294,0.121323,0.00185427,8.48967E-06,5.59689E-06,1.25773E-06,1.00606E-06,0,0.328427,0.0473827,0.000104253,5.68401E-08,2.40297E-08,3.09131E-09,1.3016E-09
424,3,1.46913,1.45575,0,0,0,0,1.26922,0.185012,0.000788397,0.000519758,0.0001168,0.000093428,0,0,0.515937,0.0714739,4.10991E-05,1.73751E-05,2.23522E-06,9.41145E-07
424,4,1.52579,1.47857,0,0,0,0,0,1.29692,0.105096,0.0552367,0.012391,0.008918,0,0,0,0.484189,0.00912851,0.00385916,0.000496463,0.000209037
424,5,1.49715,1.46011,0,0,0,0,0,0.000197347,0.73922,0.554149,0.0992358,0.0673077,0,0,0,0,0,0,0,0
424,6,1.58716,1.51622,0,0,0,0,0,6.241E-16,0.000731643,0.967279,0.352295,0.195918,0,0,0,0,0,0,0,0
424,7,1.74926,1.63796,0,0,0,0,0,0,5.11913E-10,0.039573,0.920225,0.678163,0,0,0,0,0,0,0,0
424,8,2.38459,2.17003,1,0,0,0,0,0,5.64064E-11,0.00255492,0.171028,1.99645,0,0,0,0,0,0,0,0
425,1,0.393614,0.365929,0,1,0.271831,0.0925272,0.00154491,0.000025394,1.16265E-07,7.66488E-08,1.72245E-08,1.37778E-08,0.0942705,0.0391632,0.000102474,2.13753E-07,1.16541E-10,4.92689E-11,6.33822E-12,2.66872E-12
425,2,0.9824,0.973398,0,0,0,0.850275,0.121252,0.00185323,8.48493E-06,5.59377E-06,1.25703E-06,1.0055E-06,0,0.328418,0.047351,0.000104181,5.68013E-08,2.40133E-08,3.0892E-09,1.30071E-09
425,3,1.4691,1.45574,0,0,0,0,1.2694,0.184819,0.000787606,0.000519237,0.000116682,9.33343E-05,0,0,0.516017,0.0713854,4.10475E-05,1.73532E-05,2.23242E-06,9.39963E-07
425,4,1.52583,1.4786,0,0,0,0,0,1.29742,0.104813,0.055103,0.012361,0.00889751,0,0,0,0.484564,0.00912301,0.00385684,0.000496164,0.000208911
425,5,1.49715,1.46011,0,0,0,0,0,0.000197445,0.739309,0.554069,0.0992283,0.0673025,0,0,0,0,0,0,0,0
425,6,1.58705,1.51616,0,0,0,0,0,6.25943E-16,0.000733805,0.967799,0.351861,0.195762,0,0,0,0,0,0,0,0
425,7,1.74915,1.63788,0,0,0,0,0,0,5.12923E-10,0.0396717,0.920514,0.677689,0,0,0,0,0,0,0,0
425,8,2.38454,2.16999,1,0,0,0,0,0,5.64145E-11,0.0025553,0.171069,1.99637,0,0,0,0,0,0,0,0
426,1,0.393697,0.366016,0,1,0.271846,0.092598,0.00154596,2.54112E-05,1.16344E-07,7.67008E-08,1.72361E-08,1.37872E-08,0.0942718,0.0391952,0.000102563,2.13938E-07,1.16642E-10,4.93116E-11,6.34371E-12,2.67103E-12
426,2,0.982363,0.973361,0,0,0,0.850298,0.121193,0.00185241,8.48117E-06,5.59129E-06,1.25647E-06,1.00505E-06,0,0.328431,0.0473228,0.000104117,5.67661E-08,2.39984E-08,3.08729E-09,1.29991E-09
426,3,1.46902,1.45567,0,0,0,0,1.27006,0.184103,0.000784676,0.000517305,0.000116248,0.000092987,0,0,0.516316,0.0710557,4.08551E-05,1.72719E-05,2.22195E-06,9.35557E-07
426,4,1.52614,1.47878,0,0,0,0,0,1.30012,0.103349,0.0543402,0.0121901,0.00878291,0,0,0,0.487142,0.00914275,0.00386518,0.000497238,0.000209363
426,5,1.49713,1.46007,0,0,0,0,0,0.000198204,0.740433,0.553056,0.0991383,0.0672415,0,0,0,0,0,0,0,0
426,6,1.58574,1.51535,0,0,0,0,0,6.50178E-16,0.000762232,0.973804,0.346868,0.193916,0,0,0,0,0,0,0,0
426,7,1.74861,1.63747,0,0,0,0,0,0,5.17767E-10,0.0401456,0.921878,0.675443,0,0,0,0,0,0,0,0
426,8,2.38697,2.17216,1,0,0,0,0,0,5.6396E-11,0.00255445,0.170968,1.99864,0,0,0,0,0,0,0,0
427,1,0.386154,0.359179,0,1,0.265042,0.0925583,0.00155289,2.55251E-05,1.16865E-07,7.70446E-08,1.73134E-08,1.3849E-08,0.09393,0.0395382,0.000103094,2.15047E-07,1.17247E-10,4.95673E-11,6.37661E-12,2.68489E-12
427,2,0.966373,0.957347,0,0,0,0.834381,0.121093,0.0018555,8.49529E-06,5.6006E-06,1.25856E-06,1.00672E-06,0,0.327765,0.0474933,0.00010429,5.68607E-08,2.40384E-08,3.09243E-09,1.30207E-09
427,3,1.48138,1.45911,0,0,0,0,1.27358,0.184009,0.000785874,0.000518095,0.000116426,0.000093129,0,0,0.518703,0.0712031,4.08768E-05,1.72811E-05,2.22313E-06,9.36054E-07
427,4,1.60687,1.50639,0,0,0,0,0,1.3246,0.104758,0.0555694,0.012466,0.00898705,0,0,0,0.504324,0.00943808,0.00399004,0.000513299,0.000216126
427,5,1.57993,1.48665,0,0,0,0,0,0.000200854,0.748494,0.565967,0.10248,0.0695082,0,0,0,0,0,0,0,0
427,6,2.30492,1.8508,0,0,0,0,0,8.37995E-16,0.000945272,1.16649,0.43458,0.248782,0,0,0,0,0,0,0,0
427,7,3.38009,2.55993,0,0,0,0,0,0,8.75505E-10,0.0632862,1.38519,1.11145,0,0,0,0,0,0,0,0
427,8,4.20088,3.37499,0,0,0,0,0,0,9.25218E-11,0.00418831,0.270245,3.10055,0,0,0,0,0,0,0,0
428,1,0.386057,0.359074,0,1,0.265055,0.0924422,0.00155125,2.54983E-05,1.16742E-07,7.69635E-08,1.72952E-08,1.38344E-08,0.0939451,0.0394848,0.000102943,2.14731E-07,1.17075E-10,4.94945E-11,6.36723E-12,2.68094E-12
428,2,0.96588,0.956847,0,0,0,0.834251,0.120729,0.00185011,8.47063E-06,5.58434E-06,1.25491E-06,1.0038E-06,0,0.327707,0.0473297,0.000103926,5.66619E-08,2.39544E-08,3.08162E-09,1.29752E-09
428,3,1.48127,1.45903,0,0,0,0,1.27407,0.183456,0.000783598,0.000516594,0.000116089,9.28593E-05,0,0,0.518924,0.0709495,4.07293E-05,1.72187E-05,2.21511E-06,9.32676E-07
428,4,1.60692,1.50645,0,0,0,0,0,1.32568,0.104137,0.0552833,0.0124018,0.00894245,0,0,0,0.50502,0.00940945,0.00397793,0.000511742,0.00021547
428,5,1.57991,1.48664,0,0,0,0,0,0.000201072,0.748582,0.565885,0.10247,0.0695016,0,0,0,0,0,0,0,0
428,6,2.30397,1.85025,0,0,0,0,0,8.39463E-16,0.000946928,1.167,0.433816,0.248485,0,0,0,0,0,0,0,0
428,7,3.37885,2.55886,0,0,0,0,0,0,8.83728E-10,0.06402,1.38725,1.10758,0,0,0,0,0,0,0,0
428,8,4.20047,3.37457,0,0,0,0,0,0,9.26153E-11,0.0041926,0.270674,3.09971,0,0,0,0,0,0,0,0
429,1,0.393447,0.365746,0,1,0.271874,0.0923044,0.00154188,2.53443E-05,1.16038E-07,7.64988E-08,1.71907E-08,1.37509E-08,0.0943088,0.0390633,0.000102184,2.13149E-07,1.16212E-10,4.91298E-11,6.32032E-12,2.66119E-12
429,2,0.98108,0.972057,0,0,0,0.849979,0.120223,0.00183814,8.41582E-06,5.5482E-06,1.24679E-06,9.97305E-07,0,0.328279,0.0468898,0.000103149,5.62384E-08,2.37753E-08,3.05859E-09,1.28783E-09
429,3,1.46882,1.45552,0,0,0,0,1.27153,0.182488,0.000778047,0.000512934,0.000115266,9.22014E-05,0,0,0.516979,0.0703172,4.04247E-05,1.70899E-05,2.19854E-06,9.257E-07
429,4,1.52637,1.47899,0,0,0,0,0,1.30344,0.101453,0.0534584,0.0119924,0.00864631,0,0,0,0.489457,0.00907416,0.00383619,0.000493507,0.000207793
429,5,1.49712,1.46005,0,0,0,0,0,0.000198894,0.740859,0.552678,0.0990995,0.0672152,0,0,0,0,0,0,0,0
429,6,1.58526,1.51504,0,0,0,0,0,6.57671E-16,0.000771019,0.976322,0.344762,0.193188,0,0,0,0,0,0,0,0
429,7,1.74727,1.63646,0,0,0,0,0,0,5.29562E-10,0.0412967,0.925297,0.669863,0,0,0,0,0,0,0,0
429,8,2.38548,2.17092,1,0,0,0,0,0,5.65389E-11,0.00256104,0.171697,1.99666,0,0,0,0,0,0,0,0
430,1,0.393354,0.365647,0,1,0.271878,0.0922026,0.00154046,2.53208E-05,1.1593E-07,7.64279E-08,1.71748E-08,1.37381E-08,0.0943185,0.0390177,0.000102054,2.12878E-07,1.16064E-10,4.90672E-11,6.31227E-12,2.6578E-12
430,2,0.980764,0.971736,0,0,0,0.849885,0.12,0.00183483,8.40065E-06,5.53821E-06,1.24454E-06,9.95508E-07,0,0.328234,0.0467909,0.000102929,5.61183E-08,2.37246E-08,3.05206E-09,1.28507E-09
430,3,1.46881,1.45551,0,0,0,0,1.27162,0.18239,0.000777642,0.000512668,0.000115206,9.21535E-05,0,0,0.517017,0.0702738,4.03995E-05,1.70793E-05,2.19717E-06,9.25123E-07
430,4,1.52626,1.47895,0,0,0,0,0,1.30297,0.10167,0.0536139,0.0120273,0.00866835,0,0,0,0.488683,0.00904057,0.00382199,0.000491681,0.000207023
430,5,1.49714,1.46007,0,0,0,0,0,0.000198583,0.740246,0.553233,0.0991474,0.0672477,0,0,0,0,0,0,0,0
430,6,1.58597,1.51548,0,0,0,0,0,6.44084E-16,0.000755081,0.973143,0.347403,0.194178,0,0,0,0,0,0,0,0
430,7,1.7474,1.63655,0,0,0,0,0,0,5.28402E-10,0.0411828,0.924985,0.670384,0,0,0,0,0,0,0,0
430,8,2.38303,2.16876,1,0,0,0,0,0,5.65843E-11,0.00256312,0.171936,1.99426,0,0,0,0,0,0,0,0
431,1,0.393432,0.365729,0,1,0.271883,0.0922793,0.00154156,2.53389E-05,1.16013E-07,7.64825E-08,1.71871E-08,1.37479E-08,0.0943141,0.0390523,0.000102152,2.13082E-07,1.16175E-10,4.91143E-11,6.31832E-12,2.66034E-12
431,2,0.980896,0.97187,0,0,0,0.849938,0.12008,0.00183603,8.40616E-06,5.54184E-06,1.24536E-06,9.96161E-07,0,0.32826,0.0468254,0.000103005,5.61599E-08,2.37421E-08,3.05432E-09,1.28603E-09
431,3,1.46879,1.45549,0,0,0,0,1.27179,0.182204,0.000776883,0.000512167,0.000115094,9.20635E-05,0,0,0.517095,0.070188,4.03494E-05,1.70581E-05,2.19445E-06,9.23976E-07
431,4,1.52639,1.47901,0,0,0,0,0,1.30378,0.101264,0.0533647,0.0119714,0.00863177,0,0,0,0.48972,0.00906611,0.00383278,0.00049307,0.000207608
431,5,1.49712,1.46005,0,0,0,0,0,0.000198982,0.740911,0.552632,0.0990947,0.067212,0,0,0,0,0,0,0,0
431,6,1.58536,1.51511,0,0,0,0,0,6.56259E-16,0.000769364,0.975767,0.345227,0.193346,0,0,0,0,0,0,0,0
431,7,1.74755,1.63667,0,0,0,0,0,0,5.27114E-10,0.0410576,0.924593,0.671015,0,0,0,0,0,0,0,0
431,8,2.38533,2.17078,1,0,0,0,0,0,5.65222E-11,0.00256027,0.171612,1.99661,0,0,0,0,0,0,0,0
432,1,0.393434,0.365732,0,1,0.271876,0.0922889,0.00154167,2.53408E-05,1.16021E-07,7.64882E-08,1.71884E-08,1.3749E-08,0.0943103,0.0390565,0.000102165,2.13108E-07,1.1619E-10,4.91204E-11,6.31911E-12,2.66068E-12
432,2,0.980983,0.971959,0,0,0,0.849957,0.120148,0.00183703,8.41076E-06,5.54487E-06,1.24604E-06,9.96706E-07,0,0.328269,0.0468562,0.000103074,5.61974E-08,2.3758E-08,3.05636E-09,1.28689E-09
432,3,1.46881,1.45551,0,0,0,0,1.27161,0.1824,0.000777683,0.000512695,0.000115212,9.21584E-05,0,0,0.517014,0.0702778,4.04017E-05,1.70802E-05,2.19729E-06,9.25175E-07
432,4,1.52634,1.47897,0,0,0,0,0,1.30314,0.101634,0.0535345,0.0120095,0.00865791,0,0,0,0.489266,0.00907582,0.00383689,0.000493598,0.000207831
432,5,1.49712,1.46005,0,0,0,0,0,0.000198797,0.740787,0.552742,0.0991059,0.0672195,0,0,0,0,0,0,0,0
432,6,1.58552,1.51521,0,0,0,0,0,6.53635E-16,0.000766286,0.974917,0.345937,0.193594,0,0,0,0,0,0,0,0
432,7,1.74795,1.63697,0,0,0,0,0,0,5.2356E-10,0.0407107,0.923567,0.672692,0,0,0,0,0,0,0,0
432,8,2.3857,2.17108,1,0,0,0,0,0,5.64829E-11,0.00255845,0.171411,1.99711,0,0,0,0,0,0,0,0
433,1,0.393363,0.365658,0,1,0.271857,0.0922346,0.00154084,2.53272E-05,1.15959E-07,7.64472E-08,1.71791E-08,1.37416E-08,0.0943068,0.0390316,0.000102097,2.12966E-07,1.16112E-10,4.90877E-11,6.3149E-12,2.6589E-12
433,2,0.981098,0.972075,0,0,0,0.849955,0.120264,0.0018387,8.41838E-06,5.54989E-06,1.24717E-06,9.97609E-07,0,0.328267,0.0469097,0.000103195,5.62634E-08,2.37859E-08,3.05995E-09,1.2884E-09
433,3,1.4689,1.45558,0,0,0,0,1.27089,0.183185,0.0007809,0.000514815,0.000115689,9.25395E-05,0,0,0.516688,0.0706388,4.06124E-05,1.71693E-05,2.20875E-06,9.29998E-07
433,4,1.52606,1.47879,0,0,0,0,0,1.3004,0.103136,0.0542979,0.0121806,0.0087733,0,0,0,0.486796,0.0090717,0.00383514,0.000493373,0.000207736
433,5,1.49714,1.46009,0,0,0,0,0,0.000197955,0.739748,0.553677,0.0991907,0.067277,0,0,0,0,0,0,0,0
433,6,1.58666,1.51591,0,0,0,0,0,6.3286E-16,0.000741917,0.969675,0.350299,0.195198,0,0,0,0,0,0,0,0
433,7,1.7487,1.63754,0,0,0,0,0,0,5.16881E-10,0.040058,0.921661,0.675817,0,0,0,0,0,0,0,0
433,8,2.38414,2.16967,1,0,0,0,0,0,5.64622E-11,0.00255749,0.171311,1.9958,0,0,0,0,0,0,0,0
434,1,0.393488,0.365794,0,1,0.271838,0.0923865,0.00154294,2.53617E-05,1.16117E-07,7.65512E-08,1.72025E-08,1.37603E-08,0.0942868,0.0390996,0.000102292,2.13374E-07,1.16335E-10,4.91816E-11,6.32698E-12,2.66399E-12
434,2,0.982001,0.972992,0,0,0,0.850163,0.120963,0.00184895,8.46533E-06,5.58084E-06,1.25412E-06,1.00317E-06,0,0.328365,0.0472224,0.000103895,5.6645E-08,2.39472E-08,3.0807E-09,1.29713E-09
434,3,1.46908,1.45572,0,0,0,0,1.26952,0.184683,0.000787042,0.000518864,0.000116599,9.32673E-05,0,0,0.51607,0.0713249,4.10125E-05,1.73384E-05,2.23051E-06,9.39161E-07
434,4,1.52576,1.47856,0,0,0,0,0,1.29679,0.105175,0.0552713,0.0123988,0.0089228,0,0,0,0.484057,0.00911879,0.00385506,0.000495935,0.000208815
434,5,1.49715,1.46011,0,0,0,0,0,0.000197295,0.739128,0.554232,0.0992431,0.0673126,0,0,0,0,0,0,0,0
434,6,1.58744,1.51641,0,0,0,0,0,6.19659E-16,0.000726435,0.965773,0.353554,0.196354,0,0,0,0,0,0,0,0
434,7,1.7498,1.63837,0,0,0,0,0,0,5.07167E-10,0.0391098,0.918851,0.680406,0,0,0,0,0,0,0,0
434,8,2.385,2.17037,1,0,0,0,0,0,5.6362E-11,0.00255288,0.1708,1.99702,0,0,0,0,0,0,0,0
435,1,0.393988,0.366329,0,1,0.271816,0.092937,0.00155066,2.54886E-05,1.16698E-07,7.69344E-08,1.72886E-08,1.38292E-08,0.0942341,0.0393462,0.000102996,2.14842E-07,1.17135E-10,4.95199E-11,6.37051E-12,2.68232E-12
435,2,0.984716,0.975751,0,0,0,0.850844,0.123011,0.0018791,8.60336E-06,5.67184E-06,1.27457E-06,1.01953E-06,0,0.328687,0.0481366,0.000105938,5.77588E-08,2.44181E-08,3.14128E-09,1.32264E-09
435,3,1.46945,1.45601,0,0,0,0,1.26678,0.187686,0.000799359,0.000526985,0.000118424,0.000094727,0,0,0.514834,0.0726991,4.18136E-05,1.76771E-05,2.27408E-06,9.57507E-07
435,4,1.52547,1.47827,0,0,0,0,0,1.29214,0.107793,0.0565355,0.0126822,0.00911931,0,0,0,0.480679,0.00923261,0.00390317,0.000502125,0.000211421
435,5,1.49716,1.46013,0,0,0,0,0,0.000196747,0.738585,0.554719,0.0992887,0.0673436,0,0,0,0,0,0,0,0
435,6,1.58811,1.51684,0,0,0,0,0,6.09545E-16,0.000714574,0.962181,0.356561,0.197383,0,0,0,0,0,0,0,0
435,7,1.75123,1.63945,0,0,0,0,0,0,4.9463E-10,0.0378873,0.915186,0.686372,0,0,0,0,0,0,0,0
435,8,2.38798,2.17292,1,0,0,0,0,0,5.61758E-11,0.00254431,0.169853,2.00052,0,0,0,0,0,0,0,0
436,1,0.395492,0.367936,0,1,0.271797,0.0945395,0.00157329,2.58605E-05,1.18401E-07,7.80568E-08,1.75408E-08,1.40309E-08,0.0941037,0.0400643,0.000105038,2.19103E-07,1.19458E-10,5.0502E-11,6.49685E-12,2.73551E-12
436,2,0.991541,0.982685,0,0,0,0.852651,0.128062,0.00195361,8.94449E-06,5.89674E-06,1.32511E-06,1.05996E-06,0,0.329542,0.0503868,0.000110961,6.04977E-08,2.5576E-08,3.29023E-09,1.38536E-09
436,3,1.47011,1.45652,0,0,0,0,1.26176,0.193178,0.000821864,0.000541821,0.000121758,0.000097394,0,0,0.512562,0.0752181,4.32829E-05,1.82982E-05,2.35399E-06,9.91151E-07
436,4,1.52549,1.47807,0,0,0,0,0,1.2884,0.109811,0.0576327,0.0129283,0.00929589,0,0,0,0.478053,0.00946773,0.00400257,0.000514912,0.000216805
436,5,1.49718,1.46018,0,0,0,0,0,0.00019634,0.737398,0.555796,0.0993802,0.0674056,0,0,0,0,0,0,0,0
436,6,1.58898,1.51741,0,0,0,0,0,5.97091E-16,0.000699969,0.957401,0.360566,0.198741,0,0,0,0,0,0,0,0
436,7,1.75288,1.64069,0,0,0,0,0,0,4.8014E-10,0.036474,0.910961,0.693253,0,0,0,0,0,0,0,0
436,8,2.39974,2.18319,1,0,0,0,0,0,5.5776E-11,0.00252592,0.167808,2.01285,0,0,0,0,0,0,0,0
437,1,0.544231,0.544221,0,0,0.361342,0.179756,0.00307105,5.04795E-05,2.31118E-07,1.52366E-07,3.42397E-08,2.73883E-08,0.168325,0.0809681,0.000208237,4.34367E-07,2.36823E-10,1.00119E-10,1.28799E-11,5.42311E-12
437,2,1.55113,1.55111,0,0,0,1.29543,0.251748,0.00390122,1.78615E-05,1.17754E-05,2.64615E-06,2.11666E-06,0,0.607826,0.103068,0.00022415,1.2221E-07,5.16655E-08,6.64653E-09,2.79853E-09
437,3,2.35747,2.3573,0,0,0,0,1.98975,0.364515,0.00157543,0.00103861,0.000233397,0.000186694,0,0,0.933437,0.147159,8.36256E-05,3.53535E-05,4.54807E-06,1.91497E-06
437,4,2.39704,2.39526,0,0,0,0,0,2.05786,0.191641,0.105178,0.0235943,0.0169847,0,0,0,0.862867,0.0177489,0.00750353,0.000965294,0.00040644
437,5,2.42917,2.42313,0,0,0,0,0,0.000300953,1.1313,0.984376,0.183022,0.124137,0,0,0,0,0,0,0,0
437,6,2.49461,2.48439,0,0,0,0,0,1.05644E-15,0.00107465,1.48836,0.634373,0.360577,0,0,0,0,0,0,0,0
437,7,2.66639,2.64923,0,0,0,0,0,0,8.28294E-10,0.0580078,1.40244,1.18878,0,0,0,0,0,0,0,0
437,8,3.44719,3.41313,0,0,0,0,0,0,9.1726E-11,0.00415141,0.265331,3.14364,0,0,0,0,0,0,0,0
438,1,0.55057,0.55056,0,0,0.360386,0.186939,0.00318178,5.22996E-05,2.39451E-07,1.5786E-07,3.54742E-08,2.83758E-08,0.167528,0.0846619,0.000218179,4.55106E-07,2.48131E-10,1.049E-10,1.34948E-11,5.68203E-12
438,2,1.56819,1.56816,0,0,0,1.29979,0.264242,0.00408987,1.87252E-05,1.23448E-05,2.77411E-06,2.21901E-06,0,0.609825,0.108874,0.000236908,1.29166E-07,5.46062E-08,7.02484E-09,2.95782E-09
438,3,2.35784,2.35767,0,0,0,0,1.98679,0.367814,0.00158945,0.00104786,0.000235474,0.000188356,0,0,0.932085,0.148679,8.44934E-05,3.57204E-05,4.59526E-06,1.93485E-06
438,4,2.39694,2.39517,0,0,0,0,0,2.06381,0.187984,0.103448,0.0232065,0.0167222,0,0,0,0.867637,0.0177419,0.00750053,0.000964909,0.000406277
438,5,2.42916,2.42313,0,0,0,0,0,0.000302067,1.13134,0.984358,0.183006,0.124125,0,0,0,0,0,0,0,0
438,6,2.4951,2.48485,0,0,0,0,0,1.04586E-15,0.00106389,1.4819,0.639532,0.36235,0,0,0,0,0,0,0,0
438,7,2.66807,2.65086,0,0,0,0,0,0,8.03733E-10,0.0558564,1.39565,1.19935,0,0,0,0,0,0,0,0
438,8,3.45342,3.41924,0,0,0,0,0,0,9.13336E-11,0.00413343,0.263574,3.15153,0,0,0,0,0,0,0,0
439,1,0.544892,0.544881,0,0,0.361229,0.180518,0.00308284,5.06733E-05,2.32005E-07,1.52951E-07,3.43711E-08,2.74934E-08,0.16823,0.0813657,0.000209303,4.36592E-07,2.38036E-10,1.00632E-10,1.29459E-11,5.45088E-12
439,2,1.5528,1.55277,0,0,0,1.29582,0.252993,0.00391996,1.79473E-05,1.18319E-05,2.65886E-06,2.12682E-06,0,0.608006,0.103648,0.000225427,1.22906E-07,5.19599E-08,6.6844E-09,2.81448E-09
439,3,2.35747,2.35731,0,0,0,0,1.99017,0.364099,0.00157376,0.00103751,0.000233149,0.000186496,0,0,0.933666,0.146934,8.34942E-05,0.000035298,4.54092E-06,1.91196E-06
439,4,2.39696,2.39519,0,0,0,0,0,2.0622,0.189044,0.103866,0.0233001,0.0167806,0,0,0,0.866311,0.0176268,0.00745191,0.000958654,0.000403644
439,5,2.42915,2.42312,0,0,0,0,0,0.000301931,1.13218,0.983617,0.18294,0.124081,0,0,0,0,0,0,0,0
439,6,2.49458,2.48435,0,0,0,0,0,1.06141E-15,0.00107971,1.48864,0.634199,0.360437,0,0,0,0,0,0,0,0
439,7,2.66689,2.64972,0,0,0,0,0,0,8.21065E-10,0.0573756,1.4004,1.19194,0,0,0,0,0,0,0,0
439,8,3.44814,3.41406,0,0,0,0,0,0,9.16393E-11,0.00414743,0.26494,3.14497,0,0,0,0,0,0,0,0
440,1,0.395468,0.367915,0,1,0.271772,0.0945436,0.00157326,2.58601E-05,1.18399E-07,7.80557E-08,1.75406E-08,1.40307E-08,0.0940856,0.0400676,0.000105051,2.19128E-07,1.19472E-10,5.05079E-11,6.49761E-12,2.73583E-12
440,2,0.991223,0.982362,0,0,0,0.852566,0.127828,0.00195015,8.92867E-06,5.88631E-06,1.32277E-06,1.05808E-06,0,0.329504,0.0502822,0.000110728,6.03706E-08,2.55222E-08,3.28332E-09,1.38245E-09
440,3,1.47006,1.45648,0,0,0,0,1.26223,0.192675,0.000819828,0.000540479,0.000121456,9.71527E-05,0,0,0.512781,0.0749817,4.31442E-05,1.82396E-05,2.34645E-06,9.87976E-07
440,4,1.52559,1.47818,0,0,0,0,0,1.29033,0.108721,0.0571029,0.0128095,0.00921315,0,0,0,0.479436,0.00941067,0.00397845,0.000511809,0.000215498
440,5,1.49718,1.46016,0,0,0,0,0,0.000196793,0.737886,0.555357,0.0993395,0.067378,0,0,0,0,0,0,0,0
440,6,1.58864,1.51719,0,0,0,0,0,6.02909E-16,0.000706792,0.959072,0.359173,0.19824,0,0,0,0,0,0,0,0
440,7,1.75276,1.6406,0,0,0,0,0,0,4.81235E-10,0.0365815,0.911254,0.692763,0,0,0,0,0,0,0,0
440,8,2.39891,2.18246,1,0,0,0,0,0,5.58006E-11,0.00252705,0.167933,2.012,0,0,0,0,0,0,0,0
441,1,0.394116,0.366472,0,1,0.271754,0.0931386,0.00155333,2.55324E-05,1.16899E-07,7.70666E-08,1.73183E-08,1.38529E-08,0.0941887,0.0394365,0.00010326,2.15393E-07,1.17435E-10,4.9647E-11,6.38685E-12,2.6892E-12
441,2,0.985447,0.976493,0,0,0,0.851031,0.123558,0.00188716,8.64027E-06,5.69618E-06,1.28004E-06,1.0239E-06,0,0.328777,0.0483805,0.000106483,5.80559E-08,2.45437E-08,3.15743E-09,1.32944E-09
441,3,1.46952,1.45606,0,0,0,0,1.26634,0.188172,0.000801367,0.000528309,0.000118721,0.000094965,0,0,0.514641,0.0729177,4.19406E-05,1.77308E-05,2.28099E-06,9.60415E-07
441,4,1.52554,1.47831,0,0,0,0,0,1.2929,0.107352,0.0563346,0.0126372,0.00908891,0,0,0,0.481254,0.00923268,0.0039032,0.000502128,0.000211423
441,5,1.49715,1.46012,0,0,0,0,0,0.000196943,0.738817,0.55451,0.0992697,0.0673306,0,0,0,0,0,0,0,0
441,6,1.5877,1.51658,0,0,0,0,0,6.16276E-16,0.000722468,0.964203,0.354874,0.196782,0,0,0,0,0,0,0,0
441,7,1.75094,1.63923,0,0,0,0,0,0,4.97201E-10,0.0381389,0.915908,0.685181,0,0,0,0,0,0,0,0
441,8,2.38781,2.17277,1,0,0,0,0,0,5.6193E-11,0.0025451,0.169941,2.00028,0,0,0,0,0,0,0,0
442,1,0.393772,0.366104,0,1,0.271759,0.0927708,0.00154814,2.54471E-05,1.16508E-07,7.68092E-08,1.72605E-08,1.38067E-08,0.0942202,0.0392714,0.00010279,2.14413E-07,1.16901E-10,4.94211E-11,6.35779E-12,2.67696E-12
442,2,0.983614,0.974632,0,0,0,0.85058,0.122168,0.00186672,8.54666E-06,5.63446E-06,1.26617E-06,1.01281E-06,0,0.328564,0.0477596,0.000105095,5.72992E-08,2.42238E-08,3.11628E-09,1.31212E-09
442,3,1.46926,1.45586,0,0,0,0,1.26828,0.186055,0.000792686,0.000522586,0.000117435,9.39362E-05,0,0,0.515513,0.0719486,4.13756E-05,1.74919E-05,2.25026E-06,9.47476E-07
442,4,1.52578,1.47853,0,0,0,0,0,1.29628,0.105461,0.0554103,0.01243,0.00894618,0,0,0,0.483822,0.00917088,0.00387708,0.000498768,0.000210007
442,5,1.49714,1.46011,0,0,0,0,0,0.000197213,0.739281,0.554091,0.099233,0.0673057,0,0,0,0,0,0,0,0
442,6,1.58686,1.51604,0,0,0,0,0,6.29809E-16,0.000738338,0.968541,0.351249,0.195514,0,0,0,0,0,0,0,0
442,7,1.74963,1.63824,0,0,0,0,0,0,5.08767E-10,0.0392674,0.919267,0.679703,0,0,0,0,0,0,0,0
442,8,2.38569,2.17097,1,0,0,0,0,0,5.63398E-11,0.00255186,0.170688,1.99773,0,0,0,0,0,0,0,0
443,1,0.393773,0.366104,0,1,0.271765,0.0927658,0.00154808,2.54462E-05,1.16504E-07,7.68064E-08,1.72599E-08,1.38062E-08,0.0942236,0.039269,0.000102783,2.14397E-07,1.16893E-10,4.94175E-11,6.35733E-12,2.67677E-12
443,2,0.983303,0.974316,0,0,0,0.850536,0.1219,0.00186281,8.52879E-06,5.62268E-06,1.26352E-06,1.01069E-06,0,0.328544,0.0476378,0.000104821,5.71499E-08,2.41607E-08,3.10816E-09,1.3087E-09
443,3,1.46914,1.45576,0,0,0,0,1.26922,0.185022,0.000788456,0.000519797,0.000116808,9.34349E-05,0,0,0.515941,0.0714743,4.10989E-05,1.73749E-05,2.23521E-06,9.41139E-07
443,4,1.52613,1.47874,0,0,0,0,0,1.2994,0.103764,0.054529,0.0122325,0.00881343,0,0,0,0.486759,0.00918612,0.00388352,0.000499596,0.000210356
443,5,1.49712,1.46007,0,0,0,0,0,0.000197991,0.740482,0.553007,0.0991372,0.0672408,0,0,0,0,0,0,0,0
443,6,1.58535,1.51512,0,0,0,0,0,6.57223E-16,0.000770495,0.97551,0.345451,0.193384,0,0,0,0,0,0,0,0
443,7,1.74877,1.63759,0,0,0,0,0,0,5.16394E-10,0.0400129,0.921437,0.676141,0,0,0,0,0,0,0,0
443,8,2.38823,2.17326,1,0,0,0,0,0,5.63411E-11,0.00255192,0.170687,2.00002,0,0,0,0,0,0,0,0
444,1,0.386271,0.359311,0,1,0.264951,0.0927786,0.00155579,0.000025573,1.17084E-07,7.71889E-08,1.73458E-08,1.38749E-08,0.0938729,0.0396385,0.000103387,2.15658E-07,1.1758E-10,4.97082E-11,6.39473E-12,2.69251E-12
444,2,0.967617,0.958608,0,0,0,0.834704,0.122017,0.00186915,8.55779E-06,5.6418E-06,1.26782E-06,1.01413E-06,0,0.32791,0.0479083,0.000105216,5.73652E-08,2.42517E-08,3.11987E-09,1.31363E-09
444,3,1.48165,1.4593,0,0,0,0,1.27236,0.185408,0.000791637,0.000521894,0.00011728,0.000093812,0,0,0.518143,0.0718444,4.12498E-05,1.74388E-05,2.24342E-06,9.44595E-07
444,4,1.60687,1.50631,0,0,0,0,0,1.32249,0.105991,0.0561511,0.0125964,0.00907797,0,0,0,0.5029,0.00950116,0.0040167,0.00051673,0.000217571
444,5,1.57997,1.48667,0,0,0,0,0,0.000200382,0.748295,0.566153,0.102502,0.0695231,0,0,0,0,0,0,0,0
444,6,2.30513,1.85093,0,0,0,0,0,8.38347E-16,0.00094567,1.16624,0.434872,0.248871,0,0,0,0,0,0,0,0
444,7,3.38158,2.56122,0,0,0,0,0,0,8.65656E-10,0.062408,1.3827,1.11611,0,0,0,0,0,0,0,0
444,8,4.20195,3.37608,0,0,0,0,0,0,9.23818E-11,0.00418189,0.269607,3.10229,0,0,0,0,0,0,0,0
445,1,0.38624,0.359278,0,1,0.264959,0.0927375,0.00155523,2.55636E-05,1.17042E-07,7.71608E-08,1.73395E-08,1.38699E-08,0.0938797,0.0396197,0.000103333,2.15546E-07,1.17519E-10,4.96823E-11,6.3914E-12,2.69111E-12
445,2,0.967525,0.958514,0,0,0,0.834671,0.121957,0.00186825,8.55369E-06,5.63909E-06,1.26721E-06,1.01364E-06,0,0.327894,0.047882,0.000105158,5.73335E-08,2.42383E-08,3.11814E-09,1.3129E-09
445,3,1.48168,1.45931,0,0,0,0,1.27225,0.18554,0.000792175,0.000522248,0.000117359,9.38757E-05,0,0,0.518088,0.0719058,4.12857E-05,1.74539E-05,2.24537E-06,9.45416E-07
445,4,1.60728,1.50647,0,0,0,0,0,1.32177,0.106507,0.0564138,0.0126553,0.00911751,0,0,0,0.502165,0.00949527,0.00401421,0.00051641,0.000217436
445,5,1.58003,1.48671,0,0,0,0,0,0.000200165,0.747964,0.566469,0.102532,0.0695433,0,0,0,0,0,0,0,0
445,6,2.30971,1.85348,0,0,0,0,0,8.27411E-16,0.000933328,1.16447,0.43791,0.250167,0,0,0,0,0,0,0,0
445,7,3.38215,2.56171,0,0,0,0,0,0,8.61816E-10,0.062064,1.38179,1.11786,0,0,0,0,0,0,0,0
445,8,4.20073,3.37484,0,0,0,0,0,0,9.24074E-11,0.00418305,0.269718,3.10094,0,0,0,0,0,0,0,0
446,1,0.393684,0.366008,0,1,0.271787,0.0926485,0.00154649,2.54201E-05,1.16384E-07,7.67274E-08,1.72421E-08,1.3792E-08,0.0942428,0.0392167,0.000102631,2.14081E-07,1.1672E-10,4.93447E-11,6.34796E-12,2.67282E-12
446,2,0.982965,0.973973,0,0,0,0.850434,0.121662,0.00185929,8.51266E-06,5.61205E-06,1.26113E-06,1.00878E-06,0,0.328495,0.0475329,0.000104587,5.70225E-08,2.41068E-08,3.10123E-09,1.30578E-09
446,3,1.46914,1.45577,0,0,0,0,1.26913,0.185113,0.000788819,0.000520036,0.000116862,0.000093478,0,0,0.5159,0.0715181,4.11247E-05,1.73859E-05,2.23661E-06,9.4173E-07
446,4,1.52596,1.47864,0,0,0,0,0,1.29787,0.104618,0.054947,0.0123261,0.00887611,0,0,0,0.485425,0.00917234,0.00387769,0.000498847,0.000210041
446,5,1.49713,1.46008,0,0,0,0,0,0.000197691,0.739978,0.553462,0.0991771,0.0672678,0,0,0,0,0,0,0,0
446,6,1.58618,1.51563,0,0,0,0,0,6.42252E-16,0.000752935,0.971648,0.348665,0.194564,0,0,0,0,0,0,0,0
446,7,1.74913,1.63786,0,0,0,0,0,0,5.1314E-10,0.0396938,0.920548,0.677619,0,0,0,0,0,0,0,0
446,8,2.38705,2.17221,1,0,0,0,0,0,5.63574E-11,0.00255267,0.170771,1.99888,0,0,0,0,0,0,0,0
447,1,0.3936,0.365917,0,1,0.2718,0.0925465,0.00154509,0.000025397,1.16279E-07,7.66577E-08,1.72264E-08,1.37794E-08,0.0942558,0.0391712,0.0001025,2.13809E-07,1.16572E-10,4.92818E-11,6.33987E-12,2.66942E-12
447,2,0.982684,0.973687,0,0,0,0.850338,0.121475,0.0018565,8.49987E-06,5.60361E-06,1.25924E-06,1.00727E-06,0,0.328448,0.0474507,0.000104405,5.6923E-08,2.40647E-08,3.09582E-09,1.3035E-09
447,3,1.46917,1.45578,0,0,0,0,1.26894,0.185322,0.000789669,0.000520597,0.000116988,9.35787E-05,0,0,0.51581,0.0716157,4.11818E-05,0.00001741,2.23972E-06,9.43038E-07
447,4,1.52574,1.47853,0,0,0,0,0,1.2963,0.105454,0.0554039,0.0124285,0.00894385,0,0,0,0.483741,0.0091403,0.00386415,0.000497105,0.000209307
447,5,1.49715,1.46011,0,0,0,0,0,0.000197203,0.739131,0.554228,0.099244,0.0673132,0,0,0,0,0,0,0,0
447,6,1.58721,1.51626,0,0,0,0,0,6.23163E-16,0.000730543,0.966995,0.352532,0.196001,0,0,0,0,0,0,0,0
447,7,1.74937,1.63804,0,0,0,0,0,0,5.10978E-10,0.0394818,0.919954,0.678605,0,0,0,0,0,0,0,0
447,8,2.3847,2.17012,1,0,0,0,0,0,5.63962E-11,0.00255445,0.170976,1.99659,0,0,0,0,0,0,0,0
448,1,0.393626,0.365943,0,1,0.271813,0.0925588,0.0015453,2.54005E-05,1.16295E-07,7.66683E-08,1.72288E-08,1.37813E-08,0.0942606,0.039177,0.000102515,2.13839E-07,1.16588E-10,4.92888E-11,6.34078E-12,2.6698E-12
448,2,0.982652,0.973654,0,0,0,0.850333,0.121448,0.0018561,8.49806E-06,5.60242E-06,1.25897E-06,1.00705E-06,0,0.328446,0.0474384,0.000104377,5.69079E-08,2.40584E-08,3.095E-09,1.30316E-09
448,3,1.46915,1.45577,0,0,0,0,1.26905,0.185199,0.000789164,0.000520264,0.000116913,9.35189E-05,0,0,0.515861,0.071559,4.11487E-05,0.000017396,2.23792E-06,9.4228E-07
448,4,1.52578,1.47855,0,0,0,0,0,1.29668,0.105234,0.0553,0.0124052,0.00892799,0,0,0,0.484037,0.00913735,0.0038629,0.000496944,0.00020924
448,5,1.49715,1.46011,0,0,0,0,0,0.000197282,0.739208,0.554159,0.0992375,0.0673088,0,0,0,0,0,0,0,0
448,6,1.58711,1.5162,0,0,0,0,0,6.249E-16,0.000732581,0.967479,0.352128,0.195856,0,0,0,0,0,0,0,0
448,7,1.74928,1.63797,0,0,0,0,0,0,5.11783E-10,0.0395604,0.920183,0.678229,0,0,0,0,0,0,0,0
448,8,2.38469,2.17012,1,0,0,0,0,0,5.64014E-11,0.00255469,0.171002,1.99656,0,0,0,0,0,0,0,0
449,1,0.393752,0.366076,0,1,0.271827,0.0926764,0.00154701,2.54285E-05,1.16423E-07,7.6753E-08,1.72479E-08,1.37966E-08,0.0942576,0.03923,0.000102664,2.14149E-07,1.16758E-10,4.93604E-11,6.34998E-12,2.67367E-12
449,2,0.98284,0.973845,0,0,0,0.850412,0.121558,0.00185777,8.50569E-06,5.60745E-06,1.2601E-06,1.00796E-06,0,0.328485,0.0474857,0.000104481,5.69647E-08,2.40824E-08,3.09809E-09,1.30446E-09
449,3,1.4691,1.45573,0,0,0,0,1.26949,0.184727,0.000787238,0.000518994,0.000116628,9.32906E-05,0,0,0.516059,0.071341,4.10214E-05,1.73422E-05,2.23099E-06,9.39365E-07
449,4,1.52606,1.47871,0,0,0,0,0,1.29898,0.103999,0.0546454,0.0122585,0.00883023,0,0,0,0.486333,0.00916738,0.0038756,0.000498577,0.000209927
449,5,1.49713,1.46007,0,0,0,0,0,0.000197984,0.740296,0.553177,0.0991507,0.0672499,0,0,0,0,0,0,0,0
449,6,1.58584,1.51542,0,0,0,0,0,6.48524E-16,0.000760292,0.973261,0.347322,0.194072,0,0,0,0,0,0,0,0
449,7,1.7489,1.63769,0,0,0,0,0,0,5.15234E-10,0.0398986,0.921141,0.676645,0,0,0,0,0,0,0,0
449,8,2.38746,2.17258,1,0,0,0,0,0,5.63616E-11,0.00255287,0.170792,1.99924,0,0,0,0,0,0,0,0
450,1,0.386294,0.35933,0,1,0.265023,0.0927258,0.00155524,2.55639E-05,1.17043E-07,7.71615E-08,1.73397E-08,1.387E-08,0.0939082,0.039615,0.000103313,2.15503E-07,1.17495E-10,4.96723E-11,6.39011E-12,2.69057E-12
450,2,0.967177,0.958161,0,0,0,0.834589,0.12169,0.00186431,8.53566E-06,5.62721E-06,1.26454E-06,1.01151E-06,0,0.327858,0.0477615,0.000104888,5.71867E-08,2.41762E-08,3.11016E-09,1.30954E-09
450,3,1.48156,1.45923,0,0,0,0,1.27276,0.184949,0.000789744,0.000520646,0.000116999,9.35876E-05,0,0,0.518326,0.0716344,4.11277E-05,1.73871E-05,2.23678E-06,9.418E-07
450,4,1.60698,1.50637,0,0,0,0,0,1.32293,0.105761,0.0560471,0.0125731,0.00906125,0,0,0,0.50313,0.0094793,0.00400746,0.000515541,0.00021707
450,5,1.57997,1.48667,0,0,0,0,0,0.000200542,0.748292,0.566158,0.102501,0.069522,0,0,0,0,0,0,0,0
450,6,2.30693,1.85193,0,0,0,0,0,8.34026E-16,0.000940793,1.16557,0.436048,0.249377,0,0,0,0,0,0,0,0
450,7,3.38156,2.5612,0,0,0,0,0,0,8.65758E-10,0.0624164,1.38275,1.11603,0,0,0,0,0,0,0,0
450,8,4.20131,3.37544,0,0,0,0,0,0,9.24147E-11,0.00418339,0.269755,3.1015,0,0,0,0,0,0,0,0
451,1,0.386239,0.35927,0,1,0.265035,0.092655,0.00155425,2.55476E-05,1.16968E-07,7.71126E-08,1.73287E-08,1.38612E-08,0.0939193,0.0395825,0.00010322,2.15309E-07,1.1739E-10,4.96276E-11,6.38436E-12,2.68815E-12
451,2,0.96689,0.95787,0,0,0,0.834512,0.121479,0.00186119,8.52136E-06,5.61778E-06,1.26242E-06,1.00981E-06,0,0.327824,0.0476667,0.000104677,5.70715E-08,2.41275E-08,3.1039E-09,1.3069E-09
451,3,1.4815,1.45919,0,0,0,0,1.27302,0.184655,0.000788531,0.000519846,0.000116819,9.34438E-05,0,0,0.518444,0.0714994,4.10492E-05,0.000017354,2.23251E-06,9.40002E-07
451,4,1.60709,1.50644,0,0,0,0,0,1.32345,0.105477,0.0559228,0.0125452,0.00904166,0,0,0,0.503415,0.00946208,0.00400018,0.000514605,0.000216676
451,5,1.57997,1.48667,0,0,0,0,0,0.000200649,0.748291,0.56616,0.102499,0.0695212,0,0,0,0,0,0,0,0
451,6,2.30733,1.85214,0,0,0,0,0,8.32726E-16,0.000939326,1.16547,0.436255,0.249478,0,0,0,0,0,0,0,0
451,7,3.38116,2.56086,0,0,0,0,0,0,8.68387E-10,0.0626508,1.38342,1.11479,0,0,0,0,0,0,0,0
451,8,4.20064,3.37475,0,0,0,0,0,0,9.24638E-11,0.00418564,0.269978,3.10058,0,0,0,0,0,0,0,0
452,1,0.39362,0.365933,0,1,0.271856,0.0925061,0.00154469,2.53904E-05,1.16248E-07,7.66378E-08,1.7222E-08,1.37759E-08,0.094285,0.0391536,0.000102443,2.13689E-07,1.16507E-10,4.92543E-11,6.33633E-12,2.66793E-12
452,2,0.982109,0.973103,0,0,0,0.85023,0.121006,0.00184965,8.46851E-06,5.58294E-06,1.25459E-06,1.00355E-06,0,0.328398,0.0472395,0.000103931,5.66647E-08,2.39555E-08,3.08177E-09,1.29759E-09
452,3,1.46899,1.45565,0,0,0,0,1.27028,0.183855,0.000783659,0.000516634,0.000116098,9.28665E-05,0,0,0.516417,0.0709427,4.07892E-05,0.000017244,2.21837E-06,9.34048E-07
452,4,1.52617,1.47881,0,0,0,0,0,1.30062,0.103053,0.0542134,0.0121617,0.00876305,0,0,0,0.487426,0.00912817,0.00385902,0.000496445,0.000209029
452,5,1.49713,1.46006,0,0,0,0,0,0.000198384,0.740479,0.553017,0.0991329,0.0672378,0,0,0,0,0,0,0,0
452,6,1.58573,1.51534,0,0,0,0,0,6.5007E-16,0.000762105,0.973916,0.346773,0.193891,0,0,0,0,0,0,0,0
452,7,1.7484,1.63731,0,0,0,0,0,0,5.19605E-10,0.040325,0.922411,0.674573,0,0,0,0,0,0,0,0
452,8,2.38674,2.17197,1,0,0,0,0,0,5.64158E-11,0.00255536,0.171069,1.99835,0,0,0,0,0,0,0,0
453,1,0.393492,0.365796,0,1,0.271861,0.0923664,0.00154272,2.53581E-05,1.16101E-07,7.65404E-08,1.72001E-08,1.37583E-08,0.0942979,0.039091,0.000102265,2.13317E-07,1.16304E-10,4.91684E-11,6.32529E-12,2.66328E-12
453,2,0.9817,0.972687,0,0,0,0.850103,0.120722,0.00184543,8.44919E-06,5.5702E-06,1.25173E-06,1.00126E-06,0,0.328337,0.047114,0.000103652,5.65124E-08,2.38911E-08,3.07349E-09,1.2941E-09
453,3,1.46899,1.45565,0,0,0,0,1.27025,0.183887,0.000783781,0.000516715,0.000116116,0.000092881,0,0,0.5164,0.0709591,0.000040799,1.72482E-05,2.2189E-06,9.34273E-07
453,4,1.52598,1.47872,0,0,0,0,0,1.29939,0.103688,0.0545785,0.0122435,0.00881658,0,0,0,0.485975,0.00908913,0.00384251,0.000494322,0.000208135
453,5,1.49714,1.46009,0,0,0,0,0,0.000197922,0.739626,0.553787,0.0991998,0.0672832,0,0,0,0,0,0,0,0
453,6,1.58677,1.51598,0,0,0,0,0,6.30529E-16,0.000739182,0.969197,0.350695,0.195351,0,0,0,0,0,0,0,0
453,7,1.74865,1.6375,0,0,0,0,0,0,5.17288E-10,0.0400978,0.921776,0.675628,0,0,0,0,0,0,0,0
453,8,2.38407,2.1696,1,0,0,0,0,0,5.64605E-11,0.00255741,0.171304,1.99574,0,0,0,0,0,0,0,0
454,1,0.393485,0.365788,0,1,0.271863,0.0923567,0.00154259,0.000025356,1.16091E-07,7.65339E-08,1.71986E-08,1.37572E-08,0.0942995,0.0390868,0.000102252,2.13291E-07,1.1629E-10,4.91625E-11,6.32453E-12,2.66296E-12
454,2,0.981642,0.972628,0,0,0,0.850088,0.120678,0.00184478,8.44624E-06,5.56826E-06,1.25129E-06,1.00091E-06,0,0.328329,0.0470945,0.000103608,5.64887E-08,2.38811E-08,3.0722E-09,1.29356E-09
454,3,1.46899,1.45565,0,0,0,0,1.27026,0.183876,0.000783732,0.000516682,0.000116108,9.28751E-05,0,0,0.516404,0.0709542,4.07962E-05,0.000017247,2.21875E-06,9.34209E-07
454,4,1.52595,1.47871,0,0,0,0,0,1.29913,0.103842,0.0546488,0.0122592,0.00882721,0,0,0,0.485773,0.00908892,0.00384243,0.00049431,0.000208131
454,5,1.49714,1.4601,0,0,0,0,0,0.000197856,0.739558,0.553849,0.0992055,0.0672871,0,0,0,0,0,0,0,0
454,6,1.58692,1.51608,0,0,0,0,0,6.28116E-16,0.000736353,0.968434,0.351331,0.195575,0,0,0,0,0,0,0,0
454,7,1.74889,1.63768,0,0,0,0,0,0,5.15175E-10,0.0398914,0.921168,0.676622,0,0,0,0,0,0,0,0
454,8,2.38421,2.16972,1,0,0,0,0,0,5.64416E-11,0.00255654,0.171207,1.99595,0,0,0,0,0,0,0,0
455,1,0.393482,0.365786,0,1,0.271856,0.0923614,0.00154264,2.53567E-05,1.16094E-07,7.65362E-08,1.71991E-08,1.37576E-08,0.094296,0.0390888,0.000102259,2.13305E-07,1.16297E-10,4.91657E-11,6.32494E-12,2.66313E-12
455,2,0.981715,0.972702,0,0,0,0.850103,0.120737,0.00184564,8.45016E-06,5.57085E-06,1.25188E-06,1.00138E-06,0,0.328336,0.0471209,0.000103667,5.65209E-08,2.38948E-08,3.07395E-09,1.29429E-09
455,3,1.46901,1.45566,0,0,0,0,1.27008,0.184072,0.000784535,0.000517212,0.000116227,9.29703E-05,0,0,0.516323,0.0710444,4.08489E-05,1.72693E-05,2.22161E-06,9.35414E-07
455,4,1.5259,1.47866,0,0,0,0,0,1.29846,0.104224,0.0548245,0.0122986,0.00885422,0,0,0,0.485298,0.0090979,0.00384622,0.000494799,0.000208336
455,5,1.49715,1.4601,0,0,0,0,0,0.000197671,0.73943,0.553963,0.0992169,0.0672948,0,0,0,0,0,0,0,0
455,6,1.58709,1.51618,0,0,0,0,0,6.25575E-16,0.000733373,0.96759,0.352037,0.19582,0,0,0,0,0,0,0,0
455,7,1.74923,1.63794,0,0,0,0,0,0,5.1216E-10,0.0395972,0.920295,0.678047,0,0,0,0,0,0,0,0
455,8,2.38454,2.16999,1,0,0,0,0,0,5.64101E-11,0.00255509,0.171046,1.99639,0,0,0,0,0,0,0,0
456,1,0.393488,0.365794,0,1,0.271838,0.0923865,0.00154294,2.53617E-05,1.16117E-07,7.65512E-08,1.72025E-08,1.37603E-08,0.0942868,0.0390996,0.000102292,2.13374E-07,1.16335E-10,4.91816E-11,6.32698E-12,2.66399E-12
456,2,0.982001,0.972992,0,0,0,0.850163,0.120963,0.00184895,8.46533E-06,5.58084E-06,1.25412E-06,1.00317E-06,0,0.328365,0.0472224,0.000103895,5.6645E-08,2.39472E-08,3.0807E-09,1.29713E-09
456,3,1.46908,1.45572,0,0,0,0,1.26952,0.184683,0.000787042,0.000518864,0.000116599,9.32673E-05,0,0,0.51607,0.0713249,4.10125E-05,1.73384E-05,2.23051E-06,9.39161E-07
456,4,1.52576,1.47856,0,0,0,0,0,1.29679,0.105175,0.0552713,0.0123988,0.0089228,0,0,0,0.484057,0.00911879,0.00385506,0.000495935,0.000208815
456,5,1.49715,1.46011,0,0,0,0,0,0.000197295,0.739128,0.554232,0.0992431,0.0673126,0,0,0,0,0,0,0,0
456,6,1.58744,1.51641,0,0,0,0,0,6.19659E-16,0.000726435,0.965773,0.353554,0.196354,0,0,0,0,0,0,0,0
456,7,1.7498,1.63837,0,0,0,0,0,0,5.07167E-10,0.0391098,0.918851,0.680406,0,0,0,0,0,0,0,0
456,8,2.385,2.17037,1,0,0,0,0,0,5.6362E-11,0.00255288,0.1708,1.99702,0,0,0,0,0,0,0,0
457,1,0.393644,0.365962,0,1,0.271818,0.0925726,0.00154551,2.54039E-05,1.1631E-07,7.66787E-08,1.72312E-08,1.37832E-08,0.0942632,0.0391827,0.000102531,2.13872E-07,1.16606E-10,4.92965E-11,6.34176E-12,2.67021E-12
457,2,0.982997,0.974004,0,0,0,0.850402,0.121725,0.00186015,8.51659E-06,5.61464E-06,1.26172E-06,1.00925E-06,0,0.328477,0.047563,0.000104656,5.70603E-08,2.41228E-08,3.10329E-09,1.30664E-09
457,3,1.46925,1.45585,0,0,0,0,1.26826,0.186068,0.000792722,0.000522609,0.00011744,9.39404E-05,0,0,0.515499,0.0719588,0.000041382,1.74947E-05,2.25061E-06,9.47623E-07
457,4,1.52556,1.47838,0,0,0,0,0,1.29394,0.106793,0.0560333,0.0125696,0.00904046,0,0,0,0.481996,0.00916983,0.00387663,0.00049871,0.000209983
457,5,1.49715,1.46013,0,0,0,0,0,0.00019679,0.738756,0.554563,0.0992758,0.0673348,0,0,0,0,0,0,0,0
457,6,1.58788,1.51669,0,0,0,0,0,6.12867E-16,0.00071847,0.963477,0.355475,0.197017,0,0,0,0,0,0,0,0
457,7,1.75067,1.63902,0,0,0,0,0,0,4.99544E-10,0.0383662,0.916631,0.684024,0,0,0,0,0,0,0,0
457,8,2.38603,2.17124,1,0,0,0,0,0,5.62765E-11,0.00254894,0.170364,1.99833,0,0,0,0,0,0,0,0
458,1,0.394154,0.366509,0,1,0.271793,0.0931369,0.00155342,0.000025534,1.16906E-07,7.70713E-08,1.73194E-08,1.38538E-08,0.0942086,0.0394355,0.000103252,2.15377E-07,1.17427E-10,4.96433E-11,6.38638E-12,2.689E-12
458,2,0.985719,0.976769,0,0,0,0.851085,0.123777,0.00189036,8.6549E-06,5.70582E-06,1.28221E-06,1.02564E-06,0,0.328801,0.0484789,0.000106703,5.81762E-08,2.45945E-08,3.16398E-09,1.3322E-09
458,3,1.46961,1.45613,0,0,0,0,1.26563,0.188943,0.000804514,0.000530383,0.000119187,9.53378E-05,0,0,0.514316,0.0732744,4.21491E-05,1.78189E-05,2.29233E-06,9.65189E-07
458,4,1.5253,1.47812,0,0,0,0,0,1.28982,0.109113,0.057156,0.0128213,0.00921525,0,0,0,0.479013,0.00927734,0.00392208,0.000504557,0.000212445
458,5,1.49716,1.46014,0,0,0,0,0,0.000196318,0.738295,0.554976,0.0993147,0.0673611,0,0,0,0,0,0,0,0
458,6,1.58842,1.51704,0,0,0,0,0,6.0491E-16,0.000709139,0.960468,0.357996,0.197869,0,0,0,0,0,0,0,0
458,7,1.7519,1.63995,0,0,0,0,0,0,4.88776E-10,0.0373165,0.913474,0.689158,0,0,0,0,0,0,0,0
458,8,2.38872,2.17354,1,0,0,0,0,0,5.61153E-11,0.00254152,0.169544,2.00146,0,0,0,0,0,0,0,0
459,1,0.395653,0.368111,0,1,0.27177,0.0947382,0.00157602,2.59054E-05,1.18606E-07,7.81923E-08,1.75713E-08,1.40553E-08,0.0940769,0.0401529,0.000105294,2.19635E-07,1.19748E-10,5.06248E-11,6.51264E-12,2.74216E-12
459,2,0.99245,0.983608,0,0,0,0.852865,0.128761,0.00196387,8.99149E-06,5.92772E-06,1.33207E-06,1.06553E-06,0,0.329642,0.0506995,0.000111661,6.08791E-08,2.57372E-08,3.31098E-09,1.39409E-09
459,3,1.47024,1.45662,0,0,0,0,1.26079,0.19424,0.000826217,0.000544691,0.000122402,9.79098E-05,0,0,0.512123,0.075705,4.35668E-05,1.84183E-05,2.36943E-06,9.97653E-07
459,4,1.52536,1.47795,0,0,0,0,0,1.28652,0.110878,0.0581326,0.0130404,0.00937314,0,0,0,0.476708,0.00950301,0.00401749,0.000516831,0.000217613
459,5,1.49718,1.46018,0,0,0,0,0,0.000195964,0.737157,0.556009,0.0994019,0.0674203,0,0,0,0,0,0,0,0
459,6,1.58925,1.51758,0,0,0,0,0,5.93261E-16,0.000695478,0.955895,0.361829,0.199164,0,0,0,0,0,0,0,0
459,7,1.7534,1.64109,0,0,0,0,0,0,4.75533E-10,0.0360249,0.909607,0.695454,0,0,0,0,0,0,0,0
459,8,2.40015,2.18352,1,0,0,0,0,0,5.57365E-11,0.0025241,0.167606,2.01339,0,0,0,0,0,0,0,0
460,1,0.544416,0.544406,0,0,0.361241,0.180038,0.00307523,5.05483E-05,2.31433E-07,1.52574E-07,3.42863E-08,2.74256E-08,0.168264,0.081114,0.000208636,4.35199E-07,2.37277E-10,1.00311E-10,1.29046E-11,5.4335E-12
460,2,1.55245,1.55242,0,0,0,1.29571,0.252765,0.00391651,1.79315E-05,1.18215E-05,2.65652E-06,2.12495E-06,0,0.60795,0.103545,0.000225199,1.22782E-07,5.19073E-08,6.67764E-09,2.81163E-09
460,3,2.35759,2.35742,0,0,0,0,1.98829,0.366084,0.00158201,0.00104296,0.000234372,0.000187474,0,0,0.932741,0.147912,8.40577E-05,3.55362E-05,4.57157E-06,1.92487E-06
460,4,2.39708,2.39529,0,0,0,0,0,2.05542,0.193107,0.105909,0.0237581,0.0170978,0,0,0,0.86093,0.0178048,0.00752713,0.00096833,0.000407718
460,5,2.42917,2.42314,0,0,0,0,0,0.000300413,1.13091,0.984713,0.18306,0.124162,0,0,0,0,0,0,0,0
460,6,2.49481,2.48458,0,0,0,0,0,1.0497E-15,0.00106779,1.4858,0.636402,0.361313,0,0,0,0,0,0,0,0
460,7,2.66688,2.64971,0,0,0,0,0,0,8.21053E-10,0.0573733,1.40044,1.19189,0,0,0,0,0,0,0,0
460,8,3.44781,3.41374,0,0,0,0,0,0,9.16595E-11,0.00414836,0.265031,3.14456,0,0,0,0,0,0,0,0
461,1,0.550199,0.550189,0,0,0.359852,0.187101,0.00318281,5.23166E-05,2.39529E-07,1.57911E-07,3.54857E-08,2.8385E-08,0.167279,0.0847402,0.000218451,4.55673E-07,2.4844E-10,1.0503E-10,1.35117E-11,5.68912E-12
461,2,1.57409,1.57407,0,0,0,1.30079,0.269077,0.00416246,1.90576E-05,1.25639E-05,2.82335E-06,2.25839E-06,0,0.610238,0.111164,0.00024195,1.31915E-07,5.57682E-08,7.17433E-09,3.02077E-09
461,3,2.35873,2.35855,0,0,0,0,1.97555,0.379845,0.00163981,0.00108106,0.000242935,0.000194323,0,0,0.92667,0.154495,0.000087836,3.71335E-05,4.77706E-06,2.01139E-06
461,4,2.39725,2.39543,0,0,0,0,0,2.04735,0.197821,0.108433,0.024324,0.017497,0,0,0,0.854477,0.0181934,0.00769144,0.000989467,0.000416618
461,5,2.4292,2.42316,0,0,0,0,0,0.000299746,1.12951,0.985928,0.183179,0.124243,0,0,0,0,0,0,0,0
461,6,2.49577,2.48548,0,0,0,0,0,1.02184E-15,0.00103945,1.47338,0.646248,0.364814,0,0,0,0,0,0,0,0
461,7,2.6691,2.65186,0,0,0,0,0,0,7.88641E-10,0.0545338,1.3915,1.20582,0,0,0,0,0,0,0,0
461,8,3.4546,3.42039,0,0,0,0,0,0,9.12054E-11,0.00412755,0.262996,3.15327,0,0,0,0,0,0,0,0
462,1,0.545117,0.545107,0,0,0.360939,0.181026,0.00309005,5.07919E-05,2.32548E-07,1.53309E-07,3.44516E-08,2.75578E-08,0.168071,0.0816263,0.00021003,4.38108E-07,2.38863E-10,1.00982E-10,1.29908E-11,5.46981E-12
462,2,1.55699,1.55697,0,0,0,1.29666,0.256301,0.00396968,0.000018175,0.000011982,2.69259E-06,2.1538E-06,0,0.608371,0.105204,0.000228854,1.24774E-07,5.27496E-08,6.78599E-09,2.85726E-09
462,3,2.35798,2.35781,0,0,0,0,1.98397,0.370756,0.00160164,0.0010559,0.00023728,0.000189801,0,0,0.930684,0.150144,8.53385E-05,3.60777E-05,4.64123E-06,1.9542E-06
462,4,2.39717,2.39536,0,0,0,0,0,2.05087,0.19583,0.107285,0.0240665,0.0173112,0,0,0,0.857269,0.0179199,0.00757579,0.00097459,0.000410354
462,5,2.42918,2.42314,0,0,0,0,0,0.000299973,1.13062,0.984954,0.183088,0.124181,0,0,0,0,0,0,0,0
462,6,2.49526,2.485,0,0,0,0,0,1.03742E-15,0.0010553,1.4799,0.64109,0.362957,0,0,0,0,0,0,0,0
462,7,2.66821,2.65099,0,0,0,0,0,0,8.01741E-10,0.0556821,1.39509,1.20022,0,0,0,0,0,0,0,0
462,8,3.45004,3.41592,0,0,0,0,0,0,9.14549E-11,0.00413897,0.264109,3.14767,0,0,0,0,0,0,0,0
463,1,0.395838,0.368315,0,1,0.271705,0.0950039,0.00157958,2.59639E-05,1.18874E-07,7.8369E-08,1.7611E-08,1.4087E-08,0.0940248,0.0402719,0.00010564,2.20357E-07,1.20142E-10,5.07913E-11,6.53406E-12,2.75118E-12
463,2,0.993641,0.984818,0,0,0,0.853141,0.129681,0.00197738,9.05332E-06,5.96848E-06,1.34123E-06,1.07285E-06,0,0.329774,0.051111,0.000112582,6.13812E-08,2.59495E-08,3.33829E-09,1.40559E-09
463,3,1.47041,1.45675,0,0,0,0,1.25957,0.195571,0.000831681,0.000548293,0.000123212,9.85573E-05,0,0,0.511577,0.0763133,4.39213E-05,1.85682E-05,2.38871E-06,1.00577E-06
463,4,1.52523,1.47784,0,0,0,0,0,1.28497,0.111753,0.0585486,0.0131336,0.00943748,0,0,0,0.475573,0.00953301,0.00403017,0.000518462,0.0002183
463,5,1.49718,1.46019,0,0,0,0,0,0.000195869,0.737138,0.556026,0.0994044,0.067422,0,0,0,0,0,0,0,0
463,6,1.58947,1.51774,0,0,0,0,0,5.90767E-16,0.000692554,0.954419,0.363073,0.199553,0,0,0,0,0,0,0,0
463,7,1.75419,1.64168,0,0,0,0,0,0,4.68699E-10,0.0353596,0.907572,0.698749,0,0,0,0,0,0,0,0
463,8,2.40137,2.18456,1,0,0,0,0,0,5.56549E-11,0.00252035,0.167192,2.01485,0,0,0,0,0,0,0,0
464,1,0.394524,0.366911,0,1,0.271709,0.0936168,0.00155996,2.56414E-05,1.17398E-07,7.73956E-08,1.73923E-08,1.39121E-08,0.0941335,0.0396498,0.000103872,2.16669E-07,1.18132E-10,4.99412E-11,6.42471E-12,2.70514E-12
464,2,0.987966,0.979052,0,0,0,0.851651,0.125468,0.00191526,8.76893E-06,0.000005781,1.2991E-06,1.03915E-06,0,0.329069,0.0492338,0.00010839,5.90959E-08,2.49833E-08,3.21399E-09,1.35326E-09
464,3,1.46986,1.45633,0,0,0,0,1.26374,0.191021,0.000813042,0.000536005,0.000120451,9.63485E-05,0,0,0.513463,0.0742242,4.27027E-05,0.000018053,2.32243E-06,9.77865E-07
464,4,1.52521,1.478,0,0,0,0,0,1.28792,0.110162,0.0576805,0.0129389,0.00929761,0,0,0,0.477639,0.00934328,0.00394996,0.000508144,0.000213955
464,5,1.49716,1.46015,0,0,0,0,0,0.000196235,0.738158,0.5551,0.0993256,0.0673685,0,0,0,0,0,0,0,0
464,6,1.58856,1.51714,0,0,0,0,0,6.03351E-16,0.00070731,0.959542,0.358776,0.198113,0,0,0,0,0,0,0,0
464,7,1.75254,1.64044,0,0,0,0,0,0,4.83145E-10,0.0367682,0.9118,0.691869,0,0,0,0,0,0,0,0
464,8,2.39065,2.17519,1,0,0,0,0,0,5.60129E-11,0.00253681,0.169024,2.00363,0,0,0,0,0,0,0,0
465,1,0.394154,0.366515,0,1,0.271719,0.093216,0.00155432,2.55487E-05,1.16973E-07,7.71158E-08,1.73294E-08,1.38618E-08,0.0941696,0.03947,0.00010336,2.15601E-07,1.17549E-10,4.9695E-11,6.39303E-12,2.6918E-12
465,2,0.986096,0.977153,0,0,0,0.851188,0.124052,0.00189443,8.67356E-06,5.71812E-06,1.28497E-06,1.02785E-06,0,0.328851,0.0486014,0.000106977,5.83252E-08,2.46575E-08,3.17208E-09,1.33561E-09
465,3,1.46962,1.45614,0,0,0,0,1.26558,0.189001,0.000804763,0.000530547,0.000119224,9.53674E-05,0,0,0.514296,0.0732987,0.000042163,1.78248E-05,2.29308E-06,9.65506E-07
465,4,1.52541,1.47819,0,0,0,0,0,1.29095,0.108456,0.0568572,0.0127543,0.00916988,0,0,0,0.479854,0.00927434,0.00392082,0.000504395,0.000212377
465,5,1.49716,1.46014,0,0,0,0,0,0.000196553,0.738518,0.554776,0.0992958,0.0673484,0,0,0,0,0,0,0,0
465,6,1.58797,1.51675,0,0,0,0,0,6.12116E-16,0.000717589,0.962792,0.356055,0.197189,0,0,0,0,0,0,0,0
465,7,1.75142,1.63959,0,0,0,0,0,0,4.92983E-10,0.0377274,0.914679,0.687184,0,0,0,0,0,0,0,0
465,8,2.38863,2.17347,1,0,0,0,0,0,5.6139E-11,0.00254261,0.169666,2.00127,0,0,0,0,0,0,0,0
466,1,0.394095,0.366452,0,1,0.271728,0.0931449,0.00155334,2.55326E-05,1.169E-07,7.70672E-08,1.73185E-08,1.3853E-08,0.0941794,0.0394381,0.000103268,2.1541E-07,1.17445E-10,4.96509E-11,6.38736E-12,2.68941E-12
466,2,0.985646,0.976696,0,0,0,0.851093,0.123696,0.00188921,8.64965E-06,5.70236E-06,1.28143E-06,1.02502E-06,0,0.328806,0.0484413,0.000106618,5.81296E-08,2.45749E-08,3.16144E-09,1.33113E-09
466,3,1.46951,1.45606,0,0,0,0,1.26637,0.188139,0.000801233,0.00052822,0.000118701,9.49491E-05,0,0,0.514654,0.0729031,4.19322E-05,1.77272E-05,2.28053E-06,9.60222E-07
466,4,1.5256,1.47833,0,0,0,0,0,1.29312,0.107236,0.0562688,0.0126224,0.00908007,0,0,0,0.481573,0.00925836,0.00391406,0.000503525,0.000212011
466,5,1.49715,1.46012,0,0,0,0,0,0.000196898,0.738936,0.554401,0.0992616,0.0673252,0,0,0,0,0,0,0,0
466,6,1.58733,1.51635,0,0,0,0,0,6.22752E-16,0.000730063,0.965937,0.35343,0.196256,0,0,0,0,0,0,0,0
466,7,1.75077,1.6391,0,0,0,0,0,0,4.98748E-10,0.0382901,0.916345,0.684462,0,0,0,0,0,0,0,0
466,8,2.38851,2.17339,1,0,0,0,0,0,5.61798E-11,0.0025445,0.169874,2.00097,0,0,0,0,0,0,0,0
467,1,0.394197,0.366559,0,1,0.271743,0.0932354,0.00155467,2.55544E-05,1.16999E-07,7.7133E-08,1.73333E-08,1.38649E-08,0.0941785,0.0394791,0.000103383,2.15649E-07,1.17575E-10,4.9706E-11,6.39444E-12,2.69239E-12
467,2,0.985719,0.976771,0,0,0,0.851139,0.123725,0.00188967,8.65177E-06,5.70376E-06,1.28174E-06,1.02527E-06,0,0.328829,0.0484526,0.000106642,5.81427E-08,2.45804E-08,3.16215E-09,1.33143E-09
467,3,1.46947,1.45602,0,0,0,0,1.26676,0.187715,0.000799495,0.000527075,0.000118444,9.47432E-05,0,0,0.514831,0.0727073,4.18179E-05,1.76789E-05,2.27431E-06,9.57604E-07
467,4,1.5258,1.47844,0,0,0,0,0,1.2947,0.106397,0.055815,0.0125208,0.00901237,0,0,0,0.483202,0.00928049,0.00392342,0.000504729,0.000212518
467,5,1.49713,1.46009,0,0,0,0,0,0.00019743,0.739729,0.553685,0.0991982,0.0672821,0,0,0,0,0,0,0,0
467,6,1.5865,1.51584,0,0,0,0,0,6.38332E-16,0.000748339,0.969728,0.350279,0.195088,0,0,0,0,0,0,0,0
467,7,1.75054,1.63892,0,0,0,0,0,0,5.00818E-10,0.0384926,0.91693,0.6835,0,0,0,0,0,0,0,0
467,8,2.39015,2.17485,1,0,0,0,0,0,5.6157E-11,0.00254345,0.169753,2.00255,0,0,0,0,0,0,0,0
468,1,0.394184,0.366544,0,1,0.271754,0.0932102,0.00155434,2.55491E-05,1.16975E-07,7.71169E-08,1.73296E-08,1.3862E-08,0.0941852,0.039468,0.00010335,2.1558E-07,1.17537E-10,4.96901E-11,6.39239E-12,2.69153E-12
468,2,0.985621,0.976671,0,0,0,0.851112,0.123653,0.00188862,8.64694E-06,5.70057E-06,1.28103E-06,1.02469E-06,0,0.328816,0.048421,0.000106571,5.81041E-08,2.45641E-08,3.16006E-09,1.33055E-09
468,3,1.46946,1.45601,0,0,0,0,1.26679,0.187687,0.000799379,0.000526998,0.000118426,9.47293E-05,0,0,0.514842,0.072695,4.18107E-05,1.76759E-05,2.27392E-06,9.5744E-07
468,4,1.52578,1.47843,0,0,0,0,0,1.29453,0.106491,0.0558601,0.0125309,0.00901905,0,0,0,0.483055,0.00927704,0.00392196,0.000504541,0.000212439
468,5,1.49714,1.46009,0,0,0,0,0,0.000197417,0.739677,0.553733,0.0992021,0.0672848,0,0,0,0,0,0,0,0
468,6,1.58659,1.5159,0,0,0,0,0,6.36592E-16,0.000746299,0.969331,0.350608,0.195213,0,0,0,0,0,0,0,0
468,7,1.75049,1.63889,0,0,0,0,0,0,5.01176E-10,0.0385273,0.917043,0.68332,0,0,0,0,0,0,0,0
468,8,2.39004,2.17476,1,0,0,0,0,0,5.61647E-11,0.0025438,0.169793,2.00242,0,0,0,0,0,0,0,0
469,1,0.394054,0.366404,0,1,0.271761,0.0930653,0.00155231,2.55157E-05,1.16822E-07,7.70162E-08,1.7307E-08,1.38439E-08,0.0941999,0.039403,0.000103164,2.15193E-07,1.17326E-10,4.96009E-11,6.38092E-12,2.6867E-12
469,2,0.985291,0.976335,0,0,0,0.851002,0.123431,0.00188531,8.63178E-06,5.69058E-06,1.27878E-06,1.0229E-06,0,0.328763,0.0483233,0.000106354,5.79859E-08,2.45141E-08,3.15363E-09,1.32784E-09
469,3,1.46948,1.45603,0,0,0,0,1.26662,0.187868,0.000800113,0.000527482,0.000118535,9.48164E-05,0,0,0.514764,0.0727796,4.18603E-05,1.76969E-05,2.27662E-06,9.58575E-07
469,4,1.52559,1.47833,0,0,0,0,0,1.29317,0.107208,0.0562566,0.0126197,0.00907766,0,0,0,0.481563,0.00924562,0.00390867,0.000502832,0.000211719
469,5,1.49715,1.46012,0,0,0,0,0,0.000196962,0.738904,0.554431,0.0992632,0.0673262,0,0,0,0,0,0,0,0
469,6,1.58746,1.51643,0,0,0,0,0,6.2023E-16,0.000727105,0.965445,0.353836,0.19642,0,0,0,0,0,0,0,0
469,7,1.75052,1.63891,0,0,0,0,0,0,5.00864E-10,0.0384959,0.916983,0.683434,0,0,0,0,0,0,0,0
469,8,2.38795,2.17291,1,0,0,0,0,0,5.62148E-11,0.00254611,0.170053,2.00031,0,0,0,0,0,0,0,0
470,1,0.394023,0.366371,0,1,0.271775,0.0930184,0.00155169,2.55055E-05,1.16776E-07,7.69854E-08,1.73001E-08,1.38383E-08,0.0942093,0.0393823,0.000103103,2.15066E-07,1.17257E-10,4.95717E-11,6.37717E-12,2.68512E-12
470,2,0.985117,0.976159,0,0,0,0.850949,0.123309,0.00188349,8.62347E-06,5.6851E-06,1.27755E-06,1.02191E-06,0,0.328737,0.0482692,0.000106234,5.79202E-08,2.44863E-08,3.15005E-09,1.32634E-09
470,3,1.46948,1.45603,0,0,0,0,1.26659,0.187902,0.000800252,0.000527573,0.000118556,9.48328E-05,0,0,0.514747,0.0727965,4.18703E-05,1.77011E-05,2.27716E-06,9.58804E-07
470,4,1.52551,1.47829,0,0,0,0,0,1.29256,0.107542,0.0564251,0.0126574,0.00910275,0,0,0,0.480999,0.00923611,0.00390465,0.000502315,0.000211501
470,5,1.49715,1.46013,0,0,0,0,0,0.000196877,0.738703,0.554613,0.0992787,0.0673368,0,0,0,0,0,0,0,0
470,6,1.5878,1.51663,0,0,0,0,0,6.14215E-16,0.00072005,0.963906,0.355117,0.196892,0,0,0,0,0,0,0,0
470,7,1.75059,1.63896,0,0,0,0,0,0,5.00284E-10,0.0384388,0.916831,0.68369,0,0,0,0,0,0,0,0
470,8,2.38747,2.17249,1,0,0,0,0,0,5.62268E-11,0.00254666,0.170114,1.99983,0,0,0,0,0,0,0,0
471,1,0.394048,0.366396,0,1,0.271788,0.0930301,0.0015519,2.55089E-05,1.16791E-07,7.69955E-08,1.73024E-08,1.38402E-08,0.0942139,0.0393878,0.000103117,2.15095E-07,1.17273E-10,4.95784E-11,6.37802E-12,2.68548E-12
471,2,0.985097,0.976138,0,0,0,0.850946,0.123292,0.00188324,8.62233E-06,5.68435E-06,1.27738E-06,1.02178E-06,0,0.328736,0.0482615,0.000106216,5.79108E-08,2.44823E-08,3.14954E-09,1.32612E-09
471,3,1.46947,1.45602,0,0,0,0,1.26666,0.187826,0.000799941,0.000527369,0.00011851,0.000094796,0,0,0.514779,0.0727616,4.18499E-05,1.76924E-05,2.27605E-06,9.58336E-07
471,4,1.52553,1.47831,0,0,0,0,0,1.2928,0.107405,0.0563616,0.0126432,0.00909304,0,0,0,0.481175,0.00923379,0.00390367,0.000502189,0.000211448
471,5,1.49715,1.46013,0,0,0,0,0,0.000196929,0.738746,0.554575,0.099275,0.0673342,0,0,0,0,0,0,0,0
471,6,1.58774,1.5166,0,0,0,0,0,6.15151E-16,0.000721148,0.964184,0.354885,0.196809,0,0,0,0,0,0,0,0
471,7,1.75053,1.63892,0,0,0,0,0,0,5.00796E-10,0.0384889,0.916978,0.683449,0,0,0,0,0,0,0,0
471,8,2.38745,2.17248,1,0,0,0,0,0,5.62302E-11,0.00254681,0.170132,1.9998,0,0,0,0,0,0,0,0
472,1,0.394118,0.36647,0,1,0.271799,0.0930915,0.0015528,2.55237E-05,1.16859E-07,7.70403E-08,1.73124E-08,1.38482E-08,0.0942144,0.0394155,0.000103195,2.15256E-07,1.17361E-10,4.96155E-11,6.3828E-12,2.68749E-12
472,2,0.985203,0.976246,0,0,0,0.850985,0.123359,0.00188426,8.62697E-06,5.68741E-06,1.27807E-06,1.02233E-06,0,0.328755,0.0482909,0.000106281,5.79462E-08,2.44973E-08,3.15147E-09,1.32693E-09
472,3,1.46945,1.45601,0,0,0,0,1.26684,0.187627,0.00079913,0.000526833,0.00011839,9.46998E-05,0,0,0.514864,0.0726692,4.17959E-05,1.76696E-05,2.27312E-06,9.571E-07
472,4,1.52564,1.47838,0,0,0,0,0,1.29384,0.106825,0.0560768,0.0125794,0.00905015,0,0,0,0.48207,0.00923921,0.00390596,0.000502484,0.000211572
472,5,1.49715,1.46012,0,0,0,0,0,0.000197121,0.739042,0.554308,0.0992514,0.0673182,0,0,0,0,0,0,0,0
472,6,1.5873,1.51633,0,0,0,0,0,6.22904E-16,0.000730241,0.966213,0.353196,0.196191,0,0,0,0,0,0,0,0
472,7,1.75037,1.6388,0,0,0,0,0,0,5.02242E-10,0.0386306,0.917378,0.682786,0,0,0,0,0,0,0,0
472,8,2.38793,2.1729,1,0,0,0,0,0,5.62235E-11,0.00254651,0.170098,2.00026,0,0,0,0,0,0,0,0
473,1,0.394254,0.366613,0,1,0.271817,0.0932153,0.00155461,2.55534E-05,1.16995E-07,7.713E-08,1.73326E-08,1.38643E-08,0.0942121,0.0394714,0.000103351,2.15583E-07,1.17539E-10,4.96908E-11,6.39249E-12,2.69157E-12
473,2,0.985367,0.976413,0,0,0,0.851054,0.123456,0.00188572,8.63367E-06,5.69182E-06,1.27906E-06,1.02312E-06,0,0.328789,0.0483324,0.000106373,5.79961E-08,2.45184E-08,3.15418E-09,1.32808E-09
473,3,1.46941,1.45598,0,0,0,0,1.26717,0.18727,0.00079767,0.000525871,0.000118173,9.45268E-05,0,0,0.515014,0.072504,4.16994E-05,1.76288E-05,2.26787E-06,9.5489E-07
473,4,1.52585,1.47849,0,0,0,0,0,1.29542,0.105983,0.0556229,0.0124777,0.00898253,0,0,0,0.483703,0.00926364,0.00391629,0.000503812,0.000212132
473,5,1.49713,1.46009,0,0,0,0,0,0.000197653,0.739847,0.553582,0.0991871,0.0672746,0,0,0,0,0,0,0,0
473,6,1.58645,1.51581,0,0,0,0,0,6.39033E-16,0.000749161,0.970057,0.350002,0.194999,0,0,0,0,0,0,0,0
473,7,1.75027,1.63872,0,0,0,0,0,0,5.03153E-10,0.0387202,0.917616,0.682386,0,0,0,0,0,0,0,0
473,8,2.38987,2.17462,1,0,0,0,0,0,5.61823E-11,0.00254462,0.169883,2.00219,0,0,0,0,0,0,0,0
474,1,0.394225,0.366582,0,1,0.271828,0.0931734,0.00155405,2.55442E-05,1.16953E-07,7.71022E-08,1.73263E-08,1.38593E-08,0.0942205,0.0394527,0.000103297,2.15469E-07,1.17477E-10,4.96646E-11,6.38912E-12,2.69015E-12
474,2,0.985176,0.976219,0,0,0,0.851007,0.123311,0.00188359,8.62394E-06,5.68541E-06,1.27762E-06,1.02197E-06,0,0.328766,0.048268,0.000106229,5.79176E-08,2.44852E-08,3.14991E-09,1.32628E-09
474,3,1.46939,1.45596,0,0,0,0,1.26735,0.187068,0.000796842,0.000525326,0.000118051,9.44288E-05,0,0,0.515097,0.072412,4.16458E-05,1.76061E-05,2.26495E-06,9.53662E-07
474,4,1.52587,1.47851,0,0,0,0,0,1.29573,0.105807,0.0555414,0.0124594,0.00896983,0,0,0,0.48391,0.00925557,0.00391288,0.000503374,0.000211947
474,5,1.49713,1.46009,0,0,0,0,0,0.000197738,0.739884,0.553549,0.0991834,0.0672721,0,0,0,0,0,0,0,0
474,6,1.58644,1.5158,0,0,0,0,0,6.39045E-16,0.000749175,0.97009,0.349974,0.194991,0,0,0,0,0,0,0,0
474,7,1.75022,1.63868,0,0,0,0,0,0,5.0361E-10,0.0387648,0.91775,0.682168,0,0,0,0,0,0,0,0
474,8,2.38976,2.17452,1,0,0,0,0,0,5.61887E-11,0.00254491,0.169915,2.00206,0,0,0,0,0,0,0,0
475,1,0.394049,0.366393,0,1,0.271831,0.0929852,0.00155139,2.55006E-05,1.16753E-07,7.69704E-08,1.72967E-08,1.38356E-08,0.0942371,0.0393681,0.000103056,2.14967E-07,1.17203E-10,4.95488E-11,6.37422E-12,2.68388E-12
475,2,0.984695,0.97573,0,0,0,0.85086,0.122974,0.0018786,8.60105E-06,5.67032E-06,1.27423E-06,1.01926E-06,0,0.328696,0.0481191,0.000105897,5.77368E-08,2.44088E-08,3.14008E-09,1.32214E-09
475,3,1.46938,1.45595,0,0,0,0,1.26736,0.187053,0.00079677,0.000525278,0.00011804,9.44203E-05,0,0,0.5151,0.0724065,4.16428E-05,1.76049E-05,2.26479E-06,9.53594E-07
475,4,1.52571,1.47844,0,0,0,0,0,1.29479,0.106282,0.0558247,0.0125229,0.00901104,0,0,0,0.482729,0.00921804,0.00389701,0.000501333,0.000211087
475,5,1.49715,1.46011,0,0,0,0,0,0.000197369,0.739178,0.554188,0.0992387,0.0673096,0,0,0,0,0,0,0,0
475,6,1.58725,1.5163,0,0,0,0,0,6.23745E-16,0.000731227,0.966502,0.352954,0.196108,0,0,0,0,0,0,0,0
475,7,1.75022,1.63868,0,0,0,0,0,0,5.03558E-10,0.0387589,0.917762,0.682162,0,0,0,0,0,0,0,0
475,8,2.38775,2.17275,1,0,0,0,0,0,5.62378E-11,0.00254717,0.17017,2.00003,0,0,0,0,0,0,0,0
476,1,0.393974,0.366312,0,1,0.271837,0.0928989,0.00155019,2.54808E-05,1.16662E-07,7.69108E-08,1.72833E-08,1.38249E-08,0.0942466,0.0393295,0.000102945,2.14736E-07,1.17078E-10,4.94957E-11,6.36739E-12,2.681E-12
476,2,0.984401,0.975431,0,0,0,0.850777,0.122761,0.00187545,8.58665E-06,5.66082E-06,1.2721E-06,1.01755E-06,0,0.328656,0.0480247,0.000105687,5.7622E-08,2.43603E-08,3.13384E-09,1.31951E-09
476,3,1.46937,1.45594,0,0,0,0,1.26742,0.186983,0.000796479,0.000525086,0.000117997,9.43858E-05,0,0,0.515126,0.0723759,4.16251E-05,1.75974E-05,2.26382E-06,9.53188E-07
476,4,1.52564,1.4784,0,0,0,0,0,1.29425,0.106581,0.0559758,0.0125567,0.00903334,0,0,0,0.482205,0.00920507,0.00389153,0.000500627,0.00021079
476,5,1.49715,1.46012,0,0,0,0,0,0.000197283,0.738964,0.554381,0.0992551,0.0673207,0,0,0,0,0,0,0,0
476,6,1.58763,1.51653,0,0,0,0,0,6.17016E-16,0.000723335,0.964731,0.354428,0.196648,0,0,0,0,0,0,0,0
476,7,1.75036,1.63879,0,0,0,0,0,0,5.02307E-10,0.0386363,0.917416,0.682735,0,0,0,0,0,0,0,0
476,8,2.3873,2.17235,1,0,0,0,0,0,5.62443E-11,0.00254746,0.170204,1.9996,0,0,0,0,0,0,0,0
477,1,0.393956,0.366293,0,1,0.27184,0.092878,0.0015499,0.000025476,1.16641E-07,7.68964E-08,1.72801E-08,1.38223E-08,0.0942489,0.0393202,0.000102919,2.14681E-07,1.17047E-10,4.94829E-11,6.36574E-12,2.68031E-12
477,2,0.984313,0.975342,0,0,0,0.850753,0.122697,0.0018745,8.58228E-06,5.65794E-06,1.27145E-06,1.01703E-06,0,0.328644,0.0479959,0.000105623,5.75871E-08,2.43455E-08,3.13194E-09,1.31871E-09
477,3,1.46937,1.45594,0,0,0,0,1.26743,0.186974,0.000796442,0.000525061,0.000117991,9.43813E-05,0,0,0.515128,0.0723725,4.16231E-05,1.75966E-05,2.26372E-06,9.53144E-07
477,4,1.52561,1.47838,0,0,0,0,0,1.29395,0.106755,0.0560556,0.0125746,0.00904539,0,0,0,0.481974,0.00920463,0.00389134,0.000500603,0.00021078
477,5,1.49715,1.46012,0,0,0,0,0,0.000197211,0.738891,0.554447,0.0992612,0.0673249,0,0,0,0,0,0,0,0
477,6,1.58778,1.51662,0,0,0,0,0,6.14685E-16,0.000720602,0.963995,0.355043,0.196864,0,0,0,0,0,0,0,0
477,7,1.75054,1.63893,0,0,0,0,0,0,5.00691E-10,0.0384785,0.91695,0.683496,0,0,0,0,0,0,0,0
477,8,2.38737,2.17241,1,0,0,0,0,0,5.62326E-11,0.00254693,0.170144,1.99972,0,0,0,0,0,0,0,0
478,1,0.393956,0.366293,0,1,0.271833,0.0928848,0.00154997,2.54773E-05,1.16646E-07,7.69002E-08,1.72809E-08,1.3823E-08,0.0942453,0.0393231,0.000102928,2.147E-07,1.17058E-10,4.94873E-11,6.36631E-12,2.68055E-12
478,2,0.984383,0.975413,0,0,0,0.850768,0.122753,0.00187531,8.58601E-06,5.6604E-06,0.000001272,1.01747E-06,0,0.328651,0.0480209,0.000105679,5.76177E-08,2.43584E-08,3.1336E-09,1.31941E-09
478,3,1.46939,1.45596,0,0,0,0,1.26727,0.187149,0.000797156,0.000525532,0.000118097,9.44659E-05,0,0,0.515056,0.0724527,0.00004167,1.76164E-05,2.26627E-06,9.54216E-07
478,4,1.52556,1.47835,0,0,0,0,0,1.29338,0.107079,0.0562043,0.0126079,0.00906825,0,0,0,0.481572,0.00921234,0.0038946,0.000501022,0.000210957
478,5,1.49715,1.46013,0,0,0,0,0,0.000197047,0.738782,0.554543,0.099271,0.0673315,0,0,0,0,0,0,0,0
478,6,1.58791,1.51671,0,0,0,0,0,6.12712E-16,0.000718288,0.963299,0.355625,0.197064,0,0,0,0,0,0,0,0
478,7,1.7508,1.63913,0,0,0,0,0,0,4.98359E-10,0.038251,0.916272,0.684601,0,0,0,0,0,0,0,0
478,8,2.3876,2.17259,1,0,0,0,0,0,5.6211E-11,0.00254593,0.170033,2.00001,0,0,0,0,0,0,0,0
479,1,0.393988,0.366329,0,1,0.271816,0.092937,0.00155066,2.54886E-05,1.16698E-07,7.69344E-08,1.72886E-08,1.38292E-08,0.0942341,0.0393462,0.000102996,2.14842E-07,1.17135E-10,4.95199E-11,6.37051E-12,2.68232E-12
479,2,0.984716,0.975751,0,0,0,0.850844,0.123011,0.0018791,8.60336E-06,5.67184E-06,1.27457E-06,1.01953E-06,0,0.328687,0.0481366,0.000105938,5.77588E-08,2.44181E-08,3.14128E-09,1.32264E-09
479,3,1.46945,1.45601,0,0,0,0,1.26678,0.187686,0.000799359,0.000526985,0.000118424,0.000094727,0,0,0.514834,0.0726991,4.18136E-05,1.76771E-05,2.27408E-06,9.57507E-07
479,4,1.52547,1.47827,0,0,0,0,0,1.29214,0.107793,0.0565355,0.0126822,0.00911931,0,0,0,0.480679,0.00923261,0.00390317,0.000502125,0.000211421
479,5,1.49716,1.46013,0,0,0,0,0,0.000196747,0.738585,0.554719,0.0992887,0.0673436,0,0,0,0,0,0,0,0
479,6,1.58811,1.51684,0,0,0,0,0,6.09545E-16,0.000714574,0.962181,0.356561,0.197383,0,0,0,0,0,0,0,0
479,7,1.75123,1.63945,0,0,0,0,0,0,4.9463E-10,0.0378873,0.915186,0.686372,0,0,0,0,0,0,0,0
479,8,2.38798,2.17292,1,0,0,0,0,0,5.61758E-11,0.00254431,0.169853,2.00052,0,0,0,0,0,0,0,0
480,1,0.394154,0.366509,0,1,0.271793,0.0931369,0.00155342,0.000025534,1.16906E-07,7.70713E-08,1.73194E-08,1.38538E-08,0.0942086,0.0394355,0.000103252,2.15377E-07,1.17427E-10,4.96433E-11,6.38638E-12,2.689E-12
480,2,0.985719,0.976769,0,0,0,0.851085,0.123777,0.00189036,8.6549E-06,5.70582E-06,1.28221E-06,1.02564E-06,0,0.328801,0.0484789,0.000106703,5.81762E-08,2.45945E-08,3.16398E-09,1.3322E-09
480,3,1.46961,1.45613,0,0,0,0,1.26563,0.188943,0.000804514,0.000530383,0.000119187,9.53378E-05,0,0,0.514316,0.0732744,4.21491E-05,1.78189E-05,2.29233E-06,9.65189E-07
480,4,1.5253,1.47812,0,0,0,0,0,1.28982,0.109113,0.057156,0.0128213,0.00921525,0,0,0,0.479013,0.00927734,0.00392208,0.000504557,0.000212445
480,5,1.49716,1.46014,0,0,0,0,0,0.000196318,0.738295,0.554976,0.0993147,0.0673611,0,0,0,0,0,0,0,0
480,6,1.58842,1.51704,0,0,0,0,0,6.0491E-16,0.000709139,0.960468,0.357996,0.197869,0,0,0,0,0,0,0,0
480,7,1.7519,1.63995,0,0,0,0,0,0,4.88776E-10,0.0373165,0.913474,0.689158,0,0,0,0,0,0,0,0
480,8,2.38872,2.17354,1,0,0,0,0,0,5.61153E-11,0.00254152,0.169544,2.00146,0,0,0,0,0,0,0,0
481,1,0.394664,0.367056,0,1,0.271764,0.0937049,0.00156137,2.56647E-05,1.17504E-07,7.74658E-08,1.7408E-08,1.39247E-08,0.0941523,0.0396898,0.000103979,2.16892E-07,1.18253E-10,4.99925E-11,6.4313E-12,2.70791E-12
481,2,0.988346,0.979438,0,0,0,0.851741,0.12576,0.00191955,8.78856E-06,5.79394E-06,1.30201E-06,1.04148E-06,0,0.329111,0.0493645,0.000108682,5.92552E-08,2.50507E-08,3.22266E-09,1.35691E-09
481,3,1.46993,1.45637,0,0,0,0,1.26324,0.191567,0.000815273,0.000537476,0.000120781,9.66128E-05,0,0,0.513234,0.0744758,4.28496E-05,1.81151E-05,2.33042E-06,9.8123E-07
481,4,1.52509,1.4779,0,0,0,0,0,1.28629,0.111092,0.0581142,0.0130361,0.00936449,0,0,0,0.476469,0.0093707,0.00396155,0.000509635,0.000214583
481,5,1.49716,1.46016,0,0,0,0,0,0.000195897,0.737894,0.555336,0.0993486,0.0673842,0,0,0,0,0,0,0,0
481,6,1.58889,1.51735,0,0,0,0,0,5.9829E-16,0.000701375,0.957853,0.360189,0.198604,0,0,0,0,0,0,0,0
481,7,1.75288,1.64069,0,0,0,0,0,0,4.80138E-10,0.0364746,0.910935,0.693283,0,0,0,0,0,0,0,0
481,8,2.39081,2.17532,1,0,0,0,0,0,5.59934E-11,0.00253591,0.168924,2.00386,0,0,0,0,0,0,0,0
482,1,0.396142,0.368636,0,1,0.271734,0.0952926,0.00158375,2.60325E-05,1.19189E-07,7.85761E-08,1.76576E-08,1.41243E-08,0.094019,0.0404007,0.000106003,2.21114E-07,1.20555E-10,5.09656E-11,6.55649E-12,2.76063E-12
482,2,0.994767,0.985962,0,0,0,0.85343,0.130524,0.00198981,9.11021E-06,6.00599E-06,1.34966E-06,1.07959E-06,0,0.329908,0.0514875,0.000113423,6.18397E-08,2.61433E-08,3.36322E-09,1.41609E-09
482,3,1.47051,1.45683,0,0,0,0,1.25878,0.196434,0.000835208,0.000550618,0.000123734,9.89752E-05,0,0,0.511217,0.0767107,4.41534E-05,1.86663E-05,2.40133E-06,1.01109E-06
482,4,1.52517,1.47776,0,0,0,0,0,1.28359,0.112533,0.0589273,0.0132185,0.00949666,0,0,0,0.47459,0.00957502,0.00404793,0.000520747,0.000219262
482,5,1.49719,1.4602,0,0,0,0,0,0.000195544,0.736812,0.556318,0.0994318,0.0674406,0,0,0,0,0,0,0,0
482,6,1.58965,1.51785,0,0,0,0,0,5.87579E-16,0.000688815,0.953577,0.363773,0.199811,0,0,0,0,0,0,0,0
482,7,1.75416,1.64166,0,0,0,0,0,0,4.68954E-10,0.0353838,0.907668,0.698603,0,0,0,0,0,0,0,0
482,8,2.4012,2.18442,1,0,0,0,0,0,5.5664E-11,0.00252077,0.167238,2.01466,0,0,0,0,0,0,0,0
483,1,0.545,0.544989,0,0,0.361036,0.180815,0.00308693,5.07406E-05,2.32313E-07,1.53154E-07,3.44167E-08,2.75299E-08,0.168131,0.0815136,0.000209722,4.37466E-07,2.38513E-10,1.00834E-10,1.29718E-11,5.4618E-12
483,2,1.55565,1.55563,0,0,0,1.29641,0.255225,0.00395354,1.81011E-05,1.19333E-05,2.68164E-06,2.14504E-06,0,0.608263,0.104697,0.000227735,1.24165E-07,5.24917E-08,6.75282E-09,2.84329E-09
483,3,2.35785,2.35768,0,0,0,0,1.98534,0.369269,0.00159538,0.00105177,0.000236352,0.000189058,0,0,0.931332,0.149437,8.49336E-05,3.59065E-05,4.6192E-06,1.94493E-06
483,4,2.39716,2.39536,0,0,0,0,0,2.05128,0.195589,0.107157,0.0240378,0.0172912,0,0,0,0.857625,0.0179081,0.00757082,0.00097395,0.000410084
483,5,2.42918,2.42315,0,0,0,0,0,0.000299699,1.13036,0.985178,0.183112,0.124197,0,0,0,0,0,0,0,0
483,6,2.49511,2.48486,0,0,0,0,0,1.04004E-15,0.00105796,1.48205,0.639364,0.362385,0,0,0,0,0,0,0,0
483,7,2.66755,2.65035,0,0,0,0,0,0,8.11323E-10,0.0565207,1.39776,1.19607,0,0,0,0,0,0,0,0
483,8,3.44868,3.41458,0,0,0,0,0,0,9.15688E-11,0.0041442,0.264621,3.14582,0,0,0,0,0,0,0,0
484,1,0.550921,0.550911,0,0,0.359397,0.18826,0.00319984,5.25966E-05,2.40811E-07,1.58757E-07,3.56756E-08,2.85369E-08,0.167014,0.0853349,0.000220087,4.59085E-07,2.503E-10,1.05817E-10,1.36128E-11,5.73172E-12
484,2,1.57941,1.57938,0,0,0,1.30185,0.273268,0.00422544,0.000019346,0.000012754,2.86607E-06,2.29257E-06,0,0.610697,0.113136,0.000246293,1.34282E-07,5.67692E-08,7.3031E-09,3.07498E-09
484,3,2.3592,2.35903,0,0,0,0,1.9697,0.386114,0.00166606,0.00109837,0.000246824,0.000197434,0,0,0.923859,0.15752,8.95742E-05,3.78684E-05,4.87159E-06,2.05119E-06
484,4,2.39742,2.39557,0,0,0,0,0,2.03808,0.203384,0.111226,0.0249503,0.0179302,0,0,0,0.847079,0.0184251,0.0077894,0.00100207,0.000421924
484,5,2.42922,2.42318,0,0,0,0,0,0.00029814,1.12828,0.986986,0.183297,0.124323,0,0,0,0,0,0,0,0
484,6,2.49634,2.48603,0,0,0,0,0,1.00265E-15,0.00101993,1.46609,0.652011,0.366906,0,0,0,0,0,0,0,0
484,7,2.6699,2.65263,0,0,0,0,0,0,7.76969E-10,0.0535111,1.38828,1.21083,0,0,0,0,0,0,0,0
484,8,3.45567,3.42144,0,0,0,0,0,0,9.11067E-11,0.00412303,0.262551,3.15477,0,0,0,0,0,0,0,0
485,1,0.546496,0.546486,0,0,0.360478,0.182838,0.00311736,5.12408E-05,2.34603E-07,1.54664E-07,3.4756E-08,2.78013E-08,0.167771,0.0825561,0.000212559,4.43383E-07,2.41739E-10,1.02198E-10,1.31472E-11,5.53568E-12
485,2,1.56415,1.56412,0,0,0,1.29827,0.261763,0.00405195,1.85517E-05,1.22303E-05,2.74839E-06,2.19844E-06,0,0.609088,0.107761,0.000234477,1.2784E-07,5.40457E-08,6.95273E-09,2.92746E-09
485,3,2.35848,2.35831,0,0,0,0,1.97804,0.37713,0.00162837,0.00107352,0.00024124,0.000192968,0,0,0.927848,0.153207,0.000087098,3.68215E-05,4.73692E-06,1.99449E-06
485,4,2.39732,2.39549,0,0,0,0,0,2.04272,0.200699,0.109756,0.0246205,0.0176955,0,0,0,0.850747,0.0181518,0.00767382,0.000987202,0.000415664
485,5,2.4292,2.42316,0,0,0,0,0,0.000298662,1.12945,0.985967,0.183197,0.124255,0,0,0,0,0,0,0,0
485,6,2.49585,2.48556,0,0,0,0,0,1.01804E-15,0.00103559,1.47244,0.646983,0.365095,0,0,0,0,0,0,0,0
485,7,2.66917,2.65192,0,0,0,0,0,0,7.87635E-10,0.054446,1.39121,1.20627,0,0,0,0,0,0,0,0
485,8,3.45176,3.4176,0,0,0,0,0,0,9.1308E-11,0.00413224,0.263449,3.15002,0,0,0,0,0,0,0,0
486,1,0.397183,0.369755,0,1,0.271643,0.0964848,0.00160035,2.63054E-05,1.20438E-07,7.93997E-08,1.78426E-08,1.42723E-08,0.0938888,0.0409335,0.000107528,2.24296E-07,1.2229E-10,5.16992E-11,6.65086E-12,2.80036E-12
486,2,0.999367,0.990635,0,0,0,0.854615,0.133961,0.00204044,9.34203E-06,6.15882E-06,0.000001384,1.10707E-06,0,0.330466,0.0530203,0.000116846,6.37064E-08,2.69325E-08,3.46474E-09,1.45884E-09
486,3,1.47093,1.45715,0,0,0,0,1.25551,0.200009,0.000849846,0.000560268,0.000125903,0.00010071,0,0,0.50973,0.0783548,4.51127E-05,1.90718E-05,2.4535E-06,1.03305E-06
486,4,1.52518,1.47764,0,0,0,0,0,1.28129,0.113775,0.0595979,0.013369,0.00960457,0,0,0,0.472994,0.00971912,0.00410885,0.000528584,0.000222562
486,5,1.4972,1.46023,0,0,0,0,0,0.000195163,0.735995,0.557057,0.099496,0.0674841,0,0,0,0,0,0,0,0
486,6,1.59036,1.51833,0,0,0,0,0,5.78139E-16,0.000677746,0.949396,0.367284,0.200967,0,0,0,0,0,0,0,0
486,7,1.75542,1.64261,0,0,0,0,0,0,4.57909E-10,0.0343075,0.904415,0.703885,0,0,0,0,0,0,0,0
486,8,2.40886,2.19112,1,0,0,0,0,0,5.5417E-11,0.00250941,0.16597,2.02264,0,0,0,0,0,0,0,0
487,1,0.395944,0.36843,0,1,0.271669,0.0951537,0.00158159,0.000025997,1.19026E-07,7.84689E-08,1.76335E-08,1.4105E-08,0.0940007,0.0403375,0.000105832,2.20757E-07,1.2036E-10,5.08833E-11,6.5459E-12,2.75617E-12
487,2,0.994387,0.985576,0,0,0,0.853338,0.130234,0.00198554,9.09067E-06,5.99311E-06,1.34677E-06,1.07728E-06,0,0.329866,0.0513576,0.000113132,6.16813E-08,2.60764E-08,3.35461E-09,1.41246E-09
487,3,1.47046,1.45679,0,0,0,0,1.25912,0.196061,0.000833682,0.000549612,0.000123508,9.87944E-05,0,0,0.511372,0.0765394,4.40534E-05,0.000018624,2.39589E-06,1.0088E-06
487,4,1.52522,1.47781,0,0,0,0,0,1.28436,0.112092,0.0587213,0.0131724,0.00946487,0,0,0,0.475144,0.00956113,0.00404206,0.000519992,0.000218944
487,5,1.49719,1.46019,0,0,0,0,0,0.000195703,0.736925,0.556217,0.0994218,0.0674338,0,0,0,0,0,0,0,0
487,6,1.58954,1.51778,0,0,0,0,0,5.8936E-16,0.000690904,0.954127,0.363314,0.199648,0,0,0,0,0,0,0,0
487,7,1.75411,1.64162,0,0,0,0,0,0,4.69353E-10,0.0354231,0.907776,0.698422,0,0,0,0,0,0,0,0
487,8,2.40152,2.1847,1,0,0,0,0,0,5.56562E-11,0.00252041,0.167198,2.01498,0,0,0,0,0,0,0,0
488,1,0.395587,0.368048,0,1,0.271689,0.0947563,0.00157603,2.59056E-05,1.18607E-07,7.8193E-08,1.75715E-08,1.40554E-08,0.0940402,0.0401597,0.000105323,2.19697E-07,1.19782E-10,5.06391E-11,6.51448E-12,2.74294E-12
488,2,0.992698,0.98386,0,0,0,0.85293,0.128946,0.0019666,9.00396E-06,5.93594E-06,1.33392E-06,0.000001067,0,0.329673,0.0507817,0.000111844,6.09792E-08,2.57795E-08,3.31642E-09,1.39639E-09
488,3,1.47026,1.45663,0,0,0,0,1.26071,0.19433,0.00082659,0.000544937,0.000122458,0.000097954,0,0,0.512088,0.0757451,4.35901E-05,1.84281E-05,2.37069E-06,9.98186E-07
488,4,1.5254,1.47798,0,0,0,0,0,1.28696,0.110621,0.0580189,0.0130149,0.0093559,0,0,0,0.477024,0.00950225,0.00401717,0.00051679,0.000217596
488,5,1.49718,1.46018,0,0,0,0,0,0.000196088,0.737244,0.555932,0.0993943,0.0674151,0,0,0,0,0,0,0,0
488,6,1.58907,1.51747,0,0,0,0,0,5.95924E-16,0.000698601,0.95683,0.361046,0.198894,0,0,0,0,0,0,0,0
488,7,1.75322,1.64095,0,0,0,0,0,0,4.77194E-10,0.0361871,0.910086,0.694672,0,0,0,0,0,0,0,0
488,8,2.40037,2.18372,1,0,0,0,0,0,5.57384E-11,0.00252419,0.167616,2.01358,0,0,0,0,0,0,0,0
489,1,0.39552,0.367974,0,1,0.271705,0.0946676,0.00157482,2.58858E-05,1.18516E-07,7.81331E-08,1.7558E-08,1.40446E-08,0.094054,0.0401202,0.000105209,2.19459E-07,1.19652E-10,5.05841E-11,6.50741E-12,2.73996E-12
489,2,0.992227,0.983382,0,0,0,0.852825,0.128577,0.0019612,8.97924E-06,5.91965E-06,1.33026E-06,1.06407E-06,0,0.329624,0.0506166,0.000111475,6.07777E-08,2.56943E-08,3.30546E-09,1.39177E-09
489,3,1.47017,1.45657,0,0,0,0,1.26135,0.193634,0.000823739,0.000543058,0.000122035,9.76161E-05,0,0,0.512377,0.0754253,4.34035E-05,1.83493E-05,2.36055E-06,9.93914E-07
489,4,1.52551,1.47807,0,0,0,0,0,1.28846,0.109768,0.0576198,0.0129254,0.00929451,0,0,0,0.478118,0.00948057,0.004008,0.00051561,0.000217099
489,5,1.49718,1.46017,0,0,0,0,0,0.000196359,0.737446,0.555752,0.0993766,0.0674031,0,0,0,0,0,0,0,0
489,6,1.58876,1.51726,0,0,0,0,0,6.00636E-16,0.000704126,0.958564,0.359594,0.198402,0,0,0,0,0,0,0,0
489,7,1.75269,1.64055,0,0,0,0,0,0,4.81801E-10,0.0366362,0.911436,0.692475,0,0,0,0,0,0,0,0
489,8,2.40007,2.18348,1,0,0,0,0,0,5.57743E-11,0.00252585,0.1678,2.01315,0,0,0,0,0,0,0,0
490,1,0.395564,0.36802,0,1,0.271723,0.0946956,0.00157527,2.58931E-05,1.1855E-07,7.81553E-08,1.7563E-08,1.40486E-08,0.0940589,0.0401332,0.000105244,2.19531E-07,1.19692E-10,5.06008E-11,6.50956E-12,2.74086E-12
490,2,0.992171,0.983325,0,0,0,0.852821,0.128525,0.00196044,8.97579E-06,5.91737E-06,1.32975E-06,1.06366E-06,0,0.329623,0.0505927,0.000111421,6.07482E-08,2.56819E-08,3.30386E-09,1.3911E-09
490,3,1.47014,1.45654,0,0,0,0,1.26158,0.193375,0.00082268,0.000542359,0.000121878,9.74906E-05,0,0,0.512485,0.0753061,4.33339E-05,1.83198E-05,2.35676E-06,9.9232E-07
490,4,1.52558,1.47812,0,0,0,0,0,1.28921,0.10934,0.0574179,0.0128802,0.00926371,0,0,0,0.478698,0.0094755,0.00400586,0.000515335,0.000216983
490,5,1.49718,1.46017,0,0,0,0,0,0.000196513,0.737587,0.555626,0.0993646,0.067395,0,0,0,0,0,0,0,0
490,6,1.58855,1.51713,0,0,0,0,0,6.04004E-16,0.000708076,0.959653,0.358684,0.198085,0,0,0,0,0,0,0,0
490,7,1.75243,1.64035,0,0,0,0,0,0,4.84082E-10,0.0368587,0.912102,0.691391,0,0,0,0,0,0,0,0
490,8,2.40003,2.18345,1,0,0,0,0,0,5.57882E-11,0.00252649,0.167871,2.01306,0,0,0,0,0,0,0,0
491,1,0.395566,0.368021,0,1,0.271736,0.094684,0.00157515,2.58911E-05,1.18541E-07,7.81491E-08,1.75616E-08,1.40475E-08,0.0940653,0.0401283,0.000105228,2.19498E-07,1.19674E-10,5.05932E-11,6.50858E-12,2.74045E-12
491,2,0.992101,0.983255,0,0,0,0.852805,0.128472,0.00195966,8.97222E-06,5.91502E-06,1.32922E-06,1.06324E-06,0,0.329615,0.050569,0.000111368,6.07193E-08,2.56697E-08,3.30229E-09,1.39044E-09
491,3,1.47013,1.45654,0,0,0,0,1.26165,0.193302,0.000822383,0.000542164,0.000121835,9.74555E-05,0,0,0.512515,0.0752731,4.33147E-05,1.83117E-05,2.35572E-06,9.91879E-07
491,4,1.52559,1.47812,0,0,0,0,0,1.28932,0.109281,0.0573905,0.012874,0.00925943,0,0,0,0.478769,0.00947264,0.00400465,0.000515179,0.000216918
491,5,1.49718,1.46017,0,0,0,0,0,0.000196554,0.737604,0.555611,0.0993628,0.0673938,0,0,0,0,0,0,0,0
491,6,1.58853,1.51712,0,0,0,0,0,6.04093E-16,0.000708181,0.959761,0.358593,0.198058,0,0,0,0,0,0,0,0
491,7,1.75233,1.64027,0,0,0,0,0,0,4.84989E-10,0.036947,0.912371,0.690955,0,0,0,0,0,0,0,0
491,8,2.39986,2.18331,1,0,0,0,0,0,5.57991E-11,0.00252699,0.167926,2.01286,0,0,0,0,0,0,0,0
492,1,0.395517,0.367968,0,1,0.271745,0.0946217,0.00157429,0.000025877,1.18477E-07,7.81068E-08,1.75521E-08,1.40399E-08,0.0940746,0.0401003,0.000105148,2.1933E-07,1.19582E-10,5.05545E-11,6.50361E-12,2.73836E-12
492,2,0.991948,0.983099,0,0,0,0.85276,0.128362,0.00195804,8.96478E-06,5.91011E-06,1.32812E-06,1.06236E-06,0,0.329593,0.0505204,0.000111259,6.06603E-08,2.56447E-08,3.29907E-09,1.38908E-09
492,3,1.47013,1.45653,0,0,0,0,1.26166,0.19329,0.00082233,0.000542129,0.000121827,9.74492E-05,0,0,0.512519,0.075268,4.33118E-05,1.83105E-05,2.35556E-06,9.91814E-07
492,4,1.52556,1.47811,0,0,0,0,0,1.28907,0.109418,0.057457,0.0128889,0.00926931,0,0,0,0.478553,0.00946827,0.0040028,0.000514942,0.000216818
492,5,1.49718,1.46017,0,0,0,0,0,0.000196537,0.737542,0.555668,0.0993675,0.067397,0,0,0,0,0,0,0,0
492,6,1.58865,1.51719,0,0,0,0,0,6.01885E-16,0.000705591,0.959217,0.359044,0.198227,0,0,0,0,0,0,0,0
492,7,1.7523,1.64025,0,0,0,0,0,0,4.85232E-10,0.0369704,0.912451,0.69083,0,0,0,0,0,0,0,0
492,8,2.39955,2.18303,1,0,0,0,0,0,5.58114E-11,0.00252756,0.167989,2.01252,0,0,0,0,0,0,0,0
493,1,0.395509,0.367958,0,1,0.271758,0.0945994,0.00157402,2.58725E-05,1.18456E-07,7.80931E-08,1.7549E-08,1.40374E-08,0.094082,0.0400906,0.000105118,2.19269E-07,1.19549E-10,5.05404E-11,6.50178E-12,2.73759E-12
493,2,0.991851,0.983,0,0,0,0.852734,0.128291,0.00195699,8.95996E-06,5.90694E-06,1.3274E-06,1.06179E-06,0,0.329581,0.0504887,0.000111189,6.06217E-08,2.56284E-08,3.29698E-09,1.3882E-09
493,3,1.47013,1.45653,0,0,0,0,1.26168,0.193264,0.000822221,0.000542057,0.00012181,9.74362E-05,0,0,0.512529,0.0752563,0.000043305,1.83076E-05,2.35519E-06,9.91658E-07
493,4,1.52555,1.4781,0,0,0,0,0,1.28896,0.109484,0.0574882,0.0128959,0.00927393,0,0,0,0.478454,0.0094659,0.0040018,0.000514812,0.000216763
493,5,1.49718,1.46017,0,0,0,0,0,0.00019654,0.737521,0.555687,0.099369,0.067398,0,0,0,0,0,0,0,0
493,6,1.58872,1.51723,0,0,0,0,0,6.0074E-16,0.000704247,0.958922,0.35929,0.198318,0,0,0,0,0,0,0,0
493,7,1.75228,1.64024,0,0,0,0,0,0,4.85325E-10,0.0369794,0.912483,0.690779,0,0,0,0,0,0,0,0
493,8,2.39937,2.18288,1,0,0,0,0,0,5.58178E-11,0.00252785,0.168022,2.01233,0,0,0,0,0,0,0,0
494,1,0.395533,0.367983,0,1,0.271772,0.0946106,0.00157421,2.58757E-05,1.18471E-07,7.81029E-08,1.75512E-08,1.40392E-08,0.0940866,0.0400959,0.000105131,2.19297E-07,1.19564E-10,5.05468E-11,6.50261E-12,2.73794E-12
494,2,0.991831,0.98298,0,0,0,0.85273,0.128275,0.00195675,8.95889E-06,5.90623E-06,1.32724E-06,1.06166E-06,0,0.329579,0.0504815,0.000111173,6.06129E-08,2.56247E-08,3.2965E-09,1.388E-09
494,3,1.47012,1.45653,0,0,0,0,1.26173,0.193215,0.000822022,0.000541926,0.000121781,9.74127E-05,0,0,0.512549,0.0752339,4.32919E-05,1.83021E-05,2.35448E-06,9.91359E-07
494,4,1.52556,1.47811,0,0,0,0,0,1.28909,0.109406,0.0574524,0.0128879,0.00926844,0,0,0,0.478551,0.00946413,0.00400105,0.000514716,0.000216723
494,5,1.49718,1.46017,0,0,0,0,0,0.000196575,0.737545,0.555665,0.0993669,0.0673965,0,0,0,0,0,0,0,0
494,6,1.58869,1.51722,0,0,0,0,0,6.01189E-16,0.000704775,0.959074,0.359163,0.198274,0,0,0,0,0,0,0,0
494,7,1.75224,1.64021,0,0,0,0,0,0,4.85681E-10,0.0370141,0.912587,0.69061,0,0,0,0,0,0,0,0
494,8,2.39936,2.18287,1,0,0,0,0,0,5.58202E-11,0.00252796,0.168034,2.01231,0,0,0,0,0,0,0,0
495,1,0.395582,0.368034,0,1,0.271784,0.094648,0.00157478,2.58851E-05,1.18513E-07,7.81311E-08,1.75575E-08,1.40443E-08,0.0940893,0.0401129,0.000105178,2.19394E-07,1.19617E-10,5.05692E-11,6.5055E-12,2.73915E-12
495,2,0.991867,0.983016,0,0,0,0.852743,0.128298,0.0019571,8.96047E-06,5.90727E-06,1.32748E-06,1.06185E-06,0,0.329586,0.0504915,0.000111195,6.0625E-08,2.56298E-08,3.29716E-09,1.38827E-09
495,3,1.47011,1.45652,0,0,0,0,1.26181,0.193131,0.00082168,0.0005417,0.00012173,9.73721E-05,0,0,0.512585,0.0751949,4.32691E-05,1.82924E-05,2.35324E-06,9.90836E-07
495,4,1.52559,1.47813,0,0,0,0,0,1.28947,0.109191,0.057352,0.0128654,0.00925317,0,0,0,0.478838,0.00946279,0.00400048,0.000514644,0.000216692
495,5,1.49718,1.46017,0,0,0,0,0,0.00019664,0.737613,0.555604,0.0993612,0.0673927,0,0,0,0,0,0,0,0
495,6,1.58857,1.51714,0,0,0,0,0,6.03125E-16,0.000707044,0.959637,0.358693,0.198106,0,0,0,0,0,0,0,0
495,7,1.75218,1.64016,0,0,0,0,0,0,4.86276E-10,0.0370722,0.912755,0.690334,0,0,0,0,0,0,0,0
495,8,2.39949,2.18299,1,0,0,0,0,0,5.58191E-11,0.00252791,0.168029,2.01243,0,0,0,0,0,0,0,0
496,1,0.395648,0.368103,0,1,0.271801,0.0947001,0.00157557,0.000025898,1.18573E-07,7.81701E-08,1.75663E-08,1.40513E-08,0.0940919,0.0401367,0.000105244,2.19531E-07,1.19691E-10,5.06007E-11,6.50955E-12,2.74086E-12
496,2,0.991892,0.983042,0,0,0,0.852757,0.128309,0.00195727,8.96128E-06,5.9078E-06,1.3276E-06,1.06194E-06,0,0.329593,0.050496,0.000111204,6.06302E-08,2.5632E-08,3.29744E-09,1.3884E-09
496,3,1.4701,1.45651,0,0,0,0,1.26193,0.192997,0.000821132,0.000541338,0.000121649,9.73071E-05,0,0,0.512642,0.0751328,4.32329E-05,1.82771E-05,2.35127E-06,9.90006E-07
496,4,1.52564,1.47816,0,0,0,0,0,1.28995,0.108919,0.0572224,0.0128364,0.00923352,0,0,0,0.479223,0.00946219,0.00400023,0.000514611,0.000216678
496,5,1.49718,1.46016,0,0,0,0,0,0.000196727,0.737717,0.555511,0.0993527,0.0673869,0,0,0,0,0,0,0,0
496,6,1.58843,1.51705,0,0,0,0,0,6.05715E-16,0.000710082,0.96034,0.358108,0.197893,0,0,0,0,0,0,0,0
496,7,1.75212,1.64012,0,0,0,0,0,0,4.86769E-10,0.0371206,0.912893,0.690106,0,0,0,0,0,0,0,0
496,8,2.39969,2.18317,1,0,0,0,0,0,5.58148E-11,0.00252771,0.168007,2.01263,0,0,0,0,0,0,0,0
497,1,0.395629,0.368081,0,1,0.271812,0.0946678,0.00157515,2.58911E-05,1.18541E-07,7.81491E-08,1.75616E-08,1.40475E-08,0.0940995,0.0401224,0.000105201,2.19443E-07,1.19643E-10,5.05804E-11,6.50693E-12,2.73976E-12
497,2,0.991742,0.98289,0,0,0,0.852721,0.128195,0.0019556,8.95361E-06,5.90275E-06,1.32646E-06,1.06104E-06,0,0.329575,0.0504451,0.000111091,6.05682E-08,2.56058E-08,3.29407E-09,1.38697E-09
497,3,1.47008,1.45649,0,0,0,0,1.26206,0.192848,0.000820523,0.000540937,0.000121559,0.000097235,0,0,0.512703,0.0750649,4.31933E-05,1.82604E-05,2.34911E-06,9.89099E-07
497,4,1.52565,1.47818,0,0,0,0,0,1.29016,0.108799,0.057166,0.0128237,0.00922476,0,0,0,0.479372,0.0094574,0.0039982,0.00051435,0.000216569
497,5,1.49718,1.46016,0,0,0,0,0,0.00019678,0.737749,0.555482,0.0993497,0.0673849,0,0,0,0,0,0,0,0
497,6,1.58841,1.51704,0,0,0,0,0,6.05934E-16,0.000710339,0.96041,0.358049,0.197873,0,0,0,0,0,0,0,0
497,7,1.7521,1.6401,0,0,0,0,0,0,4.86978E-10,0.037141,0.912954,0.690007,0,0,0,0,0,0,0,0
497,8,2.39967,2.18315,1,0,0,0,0,0,5.58168E-11,0.00252781,0.168017,2.0126,0,0,0,0,0,0,0,0
498,1,0.395534,0.36798,0,1,0.271817,0.0945634,0.00157368,0.000025867,1.18431E-07,7.80765E-08,1.75453E-08,1.40345E-08,0.0941102,0.0400754,0.000105067,2.19163E-07,1.19491E-10,5.0516E-11,6.49864E-12,2.73627E-12
498,2,0.991458,0.982601,0,0,0,0.852644,0.127987,0.00195252,8.9395E-06,5.89344E-06,1.32437E-06,1.05936E-06,0,0.329539,0.0503522,0.000110883,6.04552E-08,2.5558E-08,3.28792E-09,1.38439E-09
498,3,1.47006,1.45648,0,0,0,0,1.26219,0.192713,0.000819967,0.00054057,0.000121476,9.71691E-05,0,0,0.512757,0.0750037,4.31576E-05,1.82453E-05,2.34718E-06,9.88283E-07
498,4,1.52563,1.47817,0,0,0,0,0,1.29008,0.108845,0.0571894,0.0128289,0.00922795,0,0,0,0.479271,0.00944956,0.00399489,0.000513924,0.000216389
498,5,1.49718,1.46016,0,0,0,0,0,0.000196788,0.737706,0.555522,0.0993528,0.067387,0,0,0,0,0,0,0,0
498,6,1.58853,1.51712,0,0,0,0,0,6.03839E-16,0.000707883,0.959852,0.358513,0.198043,0,0,0,0,0,0,0,0
498,7,1.75212,1.64012,0,0,0,0,0,0,4.86795E-10,0.0371229,0.912906,0.690087,0,0,0,0,0,0,0,0
498,8,2.39944,2.18295,1,0,0,0,0,0,5.58237E-11,0.00252812,0.168052,2.01237,0,0,0,0,0,0,0,0
499,1,0.395479,0.36792,0,1,0.271822,0.0944993,0.00157279,2.58523E-05,1.18364E-07,7.80323E-08,1.75353E-08,1.40265E-08,0.0941176,0.0400467,0.000104985,2.18991E-07,1.19398E-10,5.04764E-11,6.49356E-12,2.73413E-12
499,2,0.991248,0.982387,0,0,0,0.852589,0.12783,0.00195021,8.92891E-06,5.88647E-06,1.3228E-06,1.05811E-06,0,0.329513,0.0502824,0.000110727,6.03701E-08,2.55221E-08,3.2833E-09,1.38244E-09
499,3,1.47005,1.45647,0,0,0,0,1.26228,0.192606,0.000819523,0.000540278,0.000121411,9.71166E-05,0,0,0.5128,0.074955,4.31293E-05,1.82333E-05,2.34563E-06,9.87635E-07
499,4,1.52562,1.47816,0,0,0,0,0,1.28997,0.108908,0.0572174,0.0128352,0.009232,0,0,0,0.479178,0.00944529,0.00399308,0.000513692,0.000216291
499,5,1.49718,1.46017,0,0,0,0,0,0.000196776,0.737675,0.55555,0.0993551,0.0673886,0,0,0,0,0,0,0,0
499,6,1.58863,1.51718,0,0,0,0,0,6.02171E-16,0.000705926,0.959341,0.35894,0.198194,0,0,0,0,0,0,0,0
499,7,1.75219,1.64017,0,0,0,0,0,0,4.86124E-10,0.0370574,0.912715,0.690401,0,0,0,0,0,0,0,0
499,8,2.39933,2.18285,1,0,0,0,0,0,5.58237E-11,0.00252812,0.168052,2.01227,0,0,0,0,0,0,0,0
500,1,0.395457,0.367897,0,1,0.271823,0.0944756,0.00157246,2.58469E-05,1.18338E-07,7.80157E-08,1.75316E-08,1.40235E-08,0.0941197,0.0400361,0.000104955,2.18929E-07,1.19363E-10,5.04619E-11,6.49169E-12,2.73334E-12
500,2,0.991165,0.982303,0,0,0,0.852568,0.127768,0.0019493,8.92477E-06,5.88374E-06,1.32219E-06,1.05762E-06,0,0.329502,0.0502551,0.000110666,6.03369E-08,2.5508E-08,3.28149E-09,1.38168E-09
500,3,1.47004,1.45647,0,0,0,0,1.2623,0.192583,0.00081943,0.000540217,0.000121397,9.71055E-05,0,0,0.512809,0.0749451,4.31236E-05,1.82309E-05,2.34532E-06,9.87503E-07
500,4,1.5256,1.47815,0,0,0,0,0,1.2898,0.109006,0.0572609,0.012845,0.0092386,0,0,0,0.479056,0.00944545,0.00399315,0.000513701,0.000216295
500,5,1.49718,1.46017,0,0,0,0,0,0.000196721,0.737635,0.555586,0.0993587,0.067391,0,0,0,0,0,0,0,0
500,6,1.58871,1.51723,0,0,0,0,0,6.00991E-16,0.000704543,0.958911,0.3593,0.198317,0,0,0,0,0,0,0,0
500,7,1.75232,1.64027,0,0,0,0,0,0,4.8498E-10,0.0369458,0.912381,0.690944,0,0,0,0,0,0,0,0
500,8,2.39936,2.18287,1,0,0,0,0,0,5.5816E-11,0.00252777,0.168013,2.01233,0,0,0,0,0,0,0,0
501,1,0.395455,0.367895,0,1,0.271815,0.0944814,0.00157252,2.58478E-05,1.18343E-07,7.80186E-08,1.75323E-08,1.40241E-08,0.0941158,0.0400386,0.000104963,2.18945E-07,1.19372E-10,5.04658E-11,6.49219E-12,2.73355E-12
501,2,0.991226,0.982365,0,0,0,0.85258,0.127817,0.00195002,8.92805E-06,5.8859E-06,1.32267E-06,1.05801E-06,0,0.329508,0.0502771,0.000110716,6.03638E-08,2.55194E-08,3.28295E-09,1.38229E-09
501,3,1.47006,1.45648,0,0,0,0,1.26217,0.192725,0.000820009,0.000540598,0.000121483,9.71741E-05,0,0,0.51275,0.0750102,4.31616E-05,0.000018247,2.34739E-06,9.88374E-07
501,4,1.52557,1.47813,0,0,0,0,0,1.28937,0.109254,0.0573744,0.0128704,0.00925605,0,0,0,0.478749,0.00945148,0.0039957,0.000514029,0.000216433
501,5,1.49718,1.46017,0,0,0,0,0,0.000196588,0.737552,0.555659,0.0993662,0.0673961,0,0,0,0,0,0,0,0
501,6,1.58882,1.5173,0,0,0,0,0,5.99516E-16,0.000702812,0.958339,0.35978,0.198478,0,0,0,0,0,0,0,0
501,7,1.75254,1.64043,0,0,0,0,0,0,4.83128E-10,0.0367652,0.911838,0.691828,0,0,0,0,0,0,0,0
501,8,2.3995,2.18299,1,0,0,0,0,0,5.58009E-11,0.00252707,0.167935,2.01252,0,0,0,0,0,0,0,0
502,1,0.395492,0.367936,0,1,0.271797,0.0945395,0.00157329,2.58605E-05,1.18401E-07,7.80568E-08,1.75408E-08,1.40309E-08,0.0941037,0.0400643,0.000105038,2.19103E-07,1.19458E-10,5.0502E-11,6.49685E-12,2.73551E-12
502,2,0.991541,0.982685,0,0,0,0.852651,0.128062,0.00195361,8.94449E-06,5.89674E-06,1.32511E-06,1.05996E-06,0,0.329542,0.0503868,0.000110961,6.04977E-08,2.5576E-08,3.29023E-09,1.38536E-09
502,3,1.47011,1.45652,0,0,0,0,1.26176,0.193178,0.000821864,0.000541821,0.000121758,0.000097394,0,0,0.512562,0.0752181,4.32829E-05,1.82982E-05,2.35399E-06,9.91151E-07
502,4,1.52549,1.47807,0,0,0,0,0,1.2884,0.109811,0.0576327,0.0129283,0.00929589,0,0,0,0.478053,0.00946773,0.00400257,0.000514912,0.000216805
502,5,1.49718,1.46018,0,0,0,0,0,0.00019634,0.737398,0.555796,0.0993802,0.0674056,0,0,0,0,0,0,0,0
502,6,1.58898,1.51741,0,0,0,0,0,5.97091E-16,0.000699969,0.957401,0.360566,0.198741,0,0,0,0,0,0,0,0
502,7,1.75288,1.64069,0,0,0,0,0,0,4.8014E-10,0.036474,0.910961,0.693253,0,0,0,0,0,0,0,0
502,8,2.39974,2.18319,1,0,0,0,0,0,5.5776E-11,0.00252592,0.167808,2.01285,0,0,0,0,0,0,0,0
503,1,0.395653,0.368111,0,1,0.27177,0.0947382,0.00157602,2.59054E-05,1.18606E-07,7.81923E-08,1.75713E-08,1.40553E-08,0.0940769,0.0401529,0.000105294,2.19635E-07,1.19748E-10,5.06248E-11,6.51264E-12,2.74216E-12
503,2,0.99245,0.983608,0,0,0,0.852865,0.128761,0.00196387,8.99149E-06,5.92772E-06,1.33207E-06,1.06553E-06,0,0.329642,0.0506995,0.000111661,6.08791E-08,2.57372E-08,3.31098E-09,1.39409E-09
503,3,1.47024,1.45662,0,0,0,0,1.26079,0.19424,0.000826217,0.000544691,0.000122402,9.79098E-05,0,0,0.512123,0.075705,4.35668E-05,1.84183E-05,2.36943E-06,9.97653E-07
503,4,1.52536,1.47795,0,0,0,0,0,1.28652,0.110878,0.0581326,0.0130404,0.00937314,0,0,0,0.476708,0.00950301,0.00401749,0.000516831,0.000217613
503,5,1.49718,1.46018,0,0,0,0,0,0.000195964,0.737157,0.556009,0.0994019,0.0674203,0,0,0,0,0,0,0,0
503,6,1.58925,1.51758,0,0,0,0,0,5.93261E-16,0.000695478,0.955895,0.361829,0.199164,0,0,0,0,0,0,0,0
503,7,1.7534,1.64109,0,0,0,0,0,0,4.75533E-10,0.0360249,0.909607,0.695454,0,0,0,0,0,0,0,0
503,8,2.40015,2.18352,1,0,0,0,0,0,5.57365E-11,0.0025241,0.167606,2.01339,0,0,0,0,0,0,0,0
504,1,0.396142,0.368636,0,1,0.271734,0.0952926,0.00158375,2.60325E-05,1.19189E-07,7.85761E-08,1.76576E-08,1.41243E-08,0.094019,0.0404007,0.000106003,2.21114E-07,1.20555E-10,5.09656E-11,6.55649E-12,2.76063E-12
504,2,0.994767,0.985962,0,0,0,0.85343,0.130524,0.00198981,9.11021E-06,6.00599E-06,1.34966E-06,1.07959E-06,0,0.329908,0.0514875,0.000113423,6.18397E-08,2.61433E-08,3.36322E-09,1.41609E-09
504,3,1.47051,1.45683,0,0,0,0,1.25878,0.196434,0.000835208,0.000550618,0.000123734,9.89752E-05,0,0,0.511217,0.0767107,4.41534E-05,1.86663E-05,2.40133E-06,1.01109E-06
504,4,1.52517,1.47776,0,0,0,0,0,1.28359,0.112533,0.0589273,0.0132185,0.00949666,0,0,0,0.47459,0.00957502,0.00404793,0.000520747,0.000219262
504,5,1.49719,1.4602,0,0,0,0,0,0.000195544,0.736812,0.556318,0.0994318,0.0674406,0,0,0,0,0,0,0,0
504,6,1.58965,1.51785,0,0,0,0,0,5.87579E-16,0.000688815,0.953577,0.363773,0.199811,0,0,0,0,0,0,0,0
504,7,1.75416,1.64166,0,0,0,0,0,0,4.68954E-10,0.0353838,0.907668,0.698603,0,0,0,0,0,0,0,0
504,8,2.4012,2.18442,1,0,0,0,0,0,5.5664E-11,0.00252077,0.167238,2.01466,0,0,0,0,0,0,0,0
505,1,0.397552,0.370144,0,1,0.271691,0.0968213,0.00160526,2.63861E-05,1.20807E-07,7.96433E-08,1.78974E-08,1.43161E-08,0.0938858,0.0410847,0.000107952,2.2518E-07,1.22771E-10,5.19028E-11,6.67705E-12,2.81139E-12
505,2,1.00031,0.991596,0,0,0,0.854859,0.134667,0.00205085,9.3897E-06,6.19025E-06,1.39107E-06,1.11271E-06,0,0.330581,0.0533356,0.00011755,6.40902E-08,2.70948E-08,3.48562E-09,1.46763E-09
505,3,1.47099,1.4572,0,0,0,0,1.25509,0.200466,0.000851718,0.000561503,0.00012618,0.000100932,0,0,0.509541,0.0785643,0.000045235,1.91235E-05,2.46015E-06,1.03585E-06
505,4,1.52519,1.47764,0,0,0,0,0,1.28115,0.113853,0.0596442,0.0133794,0.00961223,0,0,0,0.472895,0.00973358,0.00411496,0.000529371,0.000222893
505,5,1.49721,1.46023,0,0,0,0,0,0.000195123,0.735906,0.557137,0.0995029,0.0674888,0,0,0,0,0,0,0,0
505,6,1.5903,1.51828,0,0,0,0,0,5.78584E-16,0.000678267,0.949922,0.366838,0.200837,0,0,0,0,0,0,0,0
505,7,1.75511,1.64237,0,0,0,0,0,0,4.60615E-10,0.0345708,0.905228,0.702574,0,0,0,0,0,0,0,0
505,8,2.40815,2.19051,1,0,0,0,0,0,5.54515E-11,0.002511,0.166146,2.02185,0,0,0,0,0,0,0,0
506,1,0.546564,0.546554,0,0,0.360626,0.182759,0.00311646,5.12261E-05,2.34536E-07,1.5462E-07,3.4746E-08,2.77933E-08,0.167847,0.0825113,0.000212427,4.43107E-07,2.41589E-10,1.02134E-10,1.31391E-11,5.53223E-12
506,2,1.56252,1.56249,0,0,0,1.29798,0.260443,0.00403218,1.84611E-05,1.21706E-05,2.73498E-06,2.18771E-06,0,0.608966,0.107138,0.000233103,1.27091E-07,5.37289E-08,6.91198E-09,2.9103E-09
506,3,2.35829,2.35811,0,0,0,0,1.98037,0.374626,0.00161787,0.00106659,0.000239684,0.000191723,0,0,0.928961,0.152005,8.64073E-05,3.65295E-05,4.69936E-06,1.97867E-06
506,4,2.39726,2.39544,0,0,0,0,0,2.04606,0.198694,0.108749,0.0243947,0.0175395,0,0,0,0.853436,0.018073,0.00764055,0.000982921,0.000413861
506,5,2.42919,2.42316,0,0,0,0,0,0.000299064,1.12972,0.985733,0.18317,0.124237,0,0,0,0,0,0,0,0
506,6,2.49547,2.4852,0,0,0,0,0,1.02839E-15,0.00104612,1.47739,0.643046,0.363713,0,0,0,0,0,0,0,0
506,7,2.66829,2.65107,0,0,0,0,0,0,8.00491E-10,0.0555717,1.39478,1.20072,0,0,0,0,0,0,0,0
506,8,3.45019,3.41607,0,0,0,0,0,0,9.14415E-11,0.00413836,0.26405,3.14788,0,0,0,0,0,0,0,0
507,1,0.552865,0.552855,0,0,0.358942,0.190623,0.00323584,5.31883E-05,2.4352E-07,1.60543E-07,3.6077E-08,2.8858E-08,0.166689,0.0865471,0.000223367,4.65928E-07,2.54031E-10,1.07394E-10,1.38158E-11,5.81716E-12
507,2,1.58492,1.58489,0,0,0,1.30306,0.277507,0.00428925,1.96381E-05,1.29466E-05,2.90934E-06,2.32719E-06,0,0.611234,0.115122,0.000250663,1.36665E-07,5.77765E-08,7.43268E-09,3.12955E-09
507,3,2.35952,2.35934,0,0,0,0,1.96591,0.390192,0.00168315,0.00110963,0.000249356,0.00019946,0,0,0.922041,0.159482,9.07011E-05,3.83448E-05,4.93288E-06,0.000002077
507,4,2.3975,2.39564,0,0,0,0,0,2.03324,0.206279,0.112685,0.0252773,0.0181566,0,0,0,0.843214,0.018551,0.00784263,0.00100892,0.000424807
507,5,2.42923,2.42319,0,0,0,0,0,0.000297361,1.12765,0.987529,0.183356,0.124363,0,0,0,0,0,0,0,0
507,6,2.49668,2.48635,0,0,0,0,0,9.91602E-16,0.00100869,1.46167,0.655506,0.368166,0,0,0,0,0,0,0,0
507,7,2.67035,2.65306,0,0,0,0,0,0,7.70453E-10,0.0529403,1.38648,1.21364,0,0,0,0,0,0,0,0
507,8,3.45639,3.42215,0,0,0,0,0,0,9.10474E-11,0.00412031,0.262284,3.15575,0,0,0,0,0,0,0,0
508,1,0.550249,0.550239,0,0,0.359733,0.187268,0.00318512,5.23546E-05,2.39703E-07,1.58026E-07,3.55115E-08,2.84056E-08,0.167215,0.0848265,0.000218694,4.56179E-07,2.48716E-10,1.05147E-10,1.35267E-11,5.69544E-12
508,2,1.5747,1.57468,0,0,0,1.30083,0.269634,0.00417073,1.90955E-05,1.25889E-05,2.82896E-06,2.26288E-06,0,0.610248,0.111431,0.000242542,1.32238E-07,5.59048E-08,7.19189E-09,3.02816E-09
508,3,2.35897,2.35879,0,0,0,0,1.97237,0.383238,0.00165399,0.0010904,0.000245035,0.000196003,0,0,0.925128,0.156144,8.87844E-05,3.75345E-05,4.82864E-06,2.03311E-06
508,4,2.39739,2.39555,0,0,0,0,0,2.03905,0.202827,0.110914,0.0248803,0.0178803,0,0,0,0.847874,0.0183666,0.00776465,0.000998886,0.000420584
508,5,2.42922,2.42318,0,0,0,0,0,0.000297987,1.12829,0.986975,0.183298,0.124323,0,0,0,0,0,0,0,0
508,6,2.49627,2.48596,0,0,0,0,0,1.00424E-15,0.00102155,1.46703,0.651257,0.366646,0,0,0,0,0,0,0,0
508,7,2.66975,2.65248,0,0,0,0,0,0,7.79163E-10,0.0537032,1.38889,1.20989,0,0,0,0,0,0,0,0
508,8,3.45515,3.42093,0,0,0,0,0,0,9.11427E-11,0.00412467,0.262711,3.1541,0,0,0,0,0,0,0,0
509,1,0.546015,0.546004,0,0,0.360595,0.182249,0.00310839,5.10934E-05,2.33928E-07,1.54219E-07,3.4656E-08,2.77213E-08,0.167854,0.0822536,0.00021174,4.41675E-07,2.40808E-10,1.01804E-10,1.30966E-11,5.51435E-12
509,2,1.56141,1.56138,0,0,0,1.29772,0.259611,0.00401962,1.84036E-05,1.21327E-05,2.72646E-06,2.1809E-06,0,0.608846,0.106749,0.000232249,1.26626E-07,5.35322E-08,6.88667E-09,2.89965E-09
509,3,2.35825,2.35808,0,0,0,0,1.98076,0.374201,0.00161608,0.00106541,0.000239419,0.000191511,0,0,0.929145,0.151804,8.62921E-05,3.64808E-05,4.69309E-06,1.97604E-06
509,4,2.39726,2.39544,0,0,0,0,0,2.04589,0.1988,0.108796,0.0244054,0.0175467,0,0,0,0.853305,0.0180714,0.00763985,0.000982831,0.000413824
509,5,2.4292,2.42316,0,0,0,0,0,0.000298958,1.12965,0.985791,0.183177,0.124242,0,0,0,0,0,0,0,0
509,6,2.49561,2.48533,0,0,0,0,0,1.02483E-15,0.00104249,1.47555,0.644516,0.364224,0,0,0,0,0,0,0,0
509,7,2.66867,2.65144,0,0,0,0,0,0,7.94988E-10,0.0550899,1.39325,1.2031,0,0,0,0,0,0,0,0
509,8,3.45088,3.41674,0,0,0,0,0,0,9.13839E-11,0.00413572,0.263791,3.14882,0,0,0,0,0,0,0,0
510,1,0.544659,0.544649,0,0,0.360956,0.180559,0.00308273,5.06716E-05,2.31997E-07,1.52946E-07,3.43699E-08,2.74925E-08,0.168102,0.0813863,0.000209389,4.36771E-07,2.38134E-10,1.00673E-10,1.29512E-11,5.45312E-12
510,2,1.55513,1.55511,0,0,0,1.2963,0.254825,0.00394752,1.80735E-05,1.19151E-05,2.67756E-06,2.14178E-06,0,0.608214,0.10451,0.000227322,1.2394E-07,5.23966E-08,6.74059E-09,2.83814E-09
510,3,2.35781,2.35764,0,0,0,0,1.98579,0.368781,0.00159333,0.00105042,0.000236049,0.000188816,0,0,0.931548,0.149204,8.47994E-05,3.58498E-05,4.61191E-06,1.94185E-06
510,4,2.39715,2.39535,0,0,0,0,0,2.05196,0.195179,0.106953,0.0239921,0.0172597,0,0,0,0.858167,0.0178932,0.00756451,0.000973139,0.000409743
510,5,2.42918,2.42315,0,0,0,0,0,0.000299835,1.13046,0.985095,0.183102,0.124191,0,0,0,0,0,0,0,0
510,6,2.49509,2.48484,0,0,0,0,0,1.04107E-15,0.00105902,1.48227,0.639195,0.362315,0,0,0,0,0,0,0,0
510,7,2.66758,2.65038,0,0,0,0,0,0,8.10939E-10,0.0564872,1.39765,1.19624,0,0,0,0,0,0,0,0
510,8,3.4489,3.4148,0,0,0,0,0,0,9.15563E-11,0.00414363,0.264565,3.14609,0,0,0,0,0,0,0,0
511,1,0.544251,0.544241,0,0,0.361101,0.180014,0.00307453,5.05368E-05,2.3138E-07,1.52539E-07,3.42785E-08,2.74194E-08,0.168196,0.0811061,0.000208627,4.35181E-07,2.37267E-10,1.00307E-10,1.2904E-11,5.43327E-12
511,2,1.55278,1.55276,0,0,0,1.29579,0.253016,0.00392031,1.79489E-05,0.000011833,2.6591E-06,2.12701E-06,0,0.607987,0.103662,0.000225457,1.22923E-07,5.19667E-08,6.68528E-09,2.81485E-09
511,3,2.35761,2.35744,0,0,0,0,1.98814,0.366253,0.00158273,0.00104343,0.000234478,0.000187559,0,0,0.932668,0.147992,8.41035E-05,3.55556E-05,4.57406E-06,1.92592E-06
511,4,2.39708,2.39529,0,0,0,0,0,2.05561,0.19299,0.105856,0.0237462,0.0170897,0,0,0,0.861075,0.0178053,0.00752738,0.000968362,0.000407731
511,5,2.42917,2.42314,0,0,0,0,0,0.000300512,1.13097,0.984654,0.183053,0.124158,0,0,0,0,0,0,0,0
511,6,2.49476,2.48452,0,0,0,0,0,1.05166E-15,0.00106978,1.48654,0.635813,0.361098,0,0,0,0,0,0,0,0
511,7,2.66677,2.6496,0,0,0,0,0,0,8.22752E-10,0.0575222,1.40091,1.19117,0,0,0,0,0,0,0,0
511,8,3.44782,3.41374,0,0,0,0,0,0,9.16674E-11,0.00414872,0.265067,3.14453,0,0,0,0,0,0,0,0
512,1,0.544191,0.544181,0,0,0.361159,0.179897,0.00307284,0.000050509,2.31252E-07,1.52455E-07,3.42596E-08,2.74043E-08,0.16823,0.0810453,0.000208459,4.3483E-07,2.37076E-10,1.00226E-10,1.28936E-11,5.4289E-12
512,2,1.55208,1.55205,0,0,0,1.29564,0.252461,0.00391197,1.79107E-05,1.18078E-05,2.65344E-06,2.12249E-06,0,0.607924,0.103401,0.000224883,1.2261E-07,5.18344E-08,6.66826E-09,2.80769E-09
512,3,2.35753,2.35736,0,0,0,0,1.98908,0.365242,0.00157848,0.00104063,0.000233849,0.000187056,0,0,0.933118,0.147506,8.38245E-05,3.54376E-05,4.55888E-06,1.91953E-06
512,4,2.39705,2.39526,0,0,0,0,0,2.05741,0.191902,0.105315,0.023625,0.0170062,0,0,0,0.862509,0.0177667,0.00751105,0.000966262,0.000406847
512,5,2.42917,2.42313,0,0,0,0,0,0.000300923,1.13128,0.984395,0.183024,0.124138,0,0,0,0,0,0,0,0
512,6,2.49456,2.48434,0,0,0,0,0,1.05794E-15,0.00107618,1.48901,0.633863,0.360393,0,0,0,0,0,0,0,0
512,7,2.66627,2.64912,0,0,0,0,0,0,8.30029E-10,0.05816,1.40291,1.18804,0,0,0,0,0,0,0,0
512,8,3.44719,3.41313,0,0,0,0,0,0,9.17344E-11,0.00415179,0.26537,3.14361,0,0,0,0,0,0,0,0
513,1,0.544257,0.544247,0,0,0.361187,0.179935,0.0030735,5.05198E-05,2.31302E-07,1.52488E-07,3.4267E-08,2.74102E-08,0.168241,0.081064,0.000208506,4.34929E-07,2.3713E-10,1.00249E-10,1.28966E-11,5.43012E-12
513,2,1.55194,1.55192,0,0,0,1.29562,0.25235,0.0039103,1.79031E-05,1.18028E-05,2.65231E-06,2.12158E-06,0,0.607916,0.103348,0.000224766,1.22546E-07,5.18075E-08,6.66479E-09,2.80623E-09
513,3,2.3575,2.35733,0,0,0,0,1.98941,0.364884,0.00157698,0.00103964,0.000233627,0.000186878,0,0,0.933278,0.147333,8.37255E-05,3.53957E-05,4.5535E-06,1.91726E-06
513,4,2.39703,2.39525,0,0,0,0,0,2.0582,0.191425,0.10508,0.0235721,0.0169698,0,0,0,0.863138,0.0177518,0.00750472,0.000965447,0.000406504
513,5,2.42916,2.42313,0,0,0,0,0,0.000301124,1.13143,0.984266,0.18301,0.124128,0,0,0,0,0,0,0,0
513,6,2.49446,2.48425,0,0,0,0,0,1.06125E-15,0.00107954,1.49028,0.632856,0.360028,0,0,0,0,0,0,0,0
513,7,2.666,2.64886,0,0,0,0,0,0,8.33908E-10,0.0584999,1.40398,1.18638,0,0,0,0,0,0,0,0
513,8,3.44686,3.4128,0,0,0,0,0,0,9.17704E-11,0.00415344,0.265532,3.14311,0,0,0,0,0,0,0,0
514,1,0.544286,0.544276,0,0,0.361212,0.179939,0.00307362,5.05218E-05,2.31311E-07,1.52494E-07,3.42683E-08,2.74112E-08,0.168253,0.0810653,0.000208507,4.34931E-07,2.37131E-10,1.00249E-10,1.28966E-11,5.43015E-12
514,2,1.55186,1.55183,0,0,0,1.29561,0.252281,0.00390927,1.78984E-05,1.17997E-05,2.65161E-06,2.12103E-06,0,0.607908,0.103316,0.000224696,1.22507E-07,5.17912E-08,6.6627E-09,2.80534E-09
514,3,2.35749,2.35732,0,0,0,0,1.98954,0.364747,0.00157641,0.00103926,0.000233542,0.00018681,0,0,0.933339,0.147267,8.36876E-05,3.53797E-05,4.55144E-06,1.91639E-06
514,4,2.39703,2.39525,0,0,0,0,0,2.05846,0.191272,0.105003,0.0235551,0.016958,0,0,0,0.86334,0.0177461,0.00750233,0.00096514,0.000406375
514,5,2.42916,2.42313,0,0,0,0,0,0.000301198,1.13148,0.98422,0.183005,0.124125,0,0,0,0,0,0,0,0
514,6,2.49443,2.48421,0,0,0,0,0,1.06229E-15,0.0010806,1.49073,0.632503,0.359902,0,0,0,0,0,0,0,0
514,7,2.66589,2.64875,0,0,0,0,0,0,8.35643E-10,0.0586518,1.40446,1.18564,0,0,0,0,0,0,0,0
514,8,3.44666,3.41261,0,0,0,0,0,0,9.17891E-11,0.0041543,0.265617,3.14284,0,0,0,0,0,0,0,0
515,1,0.544263,0.544253,0,0,0.36124,0.179888,0.00307289,5.05097E-05,2.31256E-07,1.52458E-07,3.42602E-08,2.74047E-08,0.168269,0.0810386,0.000208434,4.34777E-07,2.37047E-10,1.00214E-10,1.28921E-11,5.42824E-12
515,2,1.5517,1.55168,0,0,0,1.29557,0.252167,0.00390755,1.78905E-05,1.17945E-05,2.65045E-06,2.12009E-06,0,0.607891,0.103263,0.000224579,1.22444E-07,5.17643E-08,6.65924E-09,2.80389E-09
515,3,2.35748,2.35731,0,0,0,0,1.98962,0.36466,0.00157604,0.00103902,0.000233488,0.000186767,0,0,0.933377,0.147226,8.36641E-05,3.53698E-05,4.55016E-06,1.91586E-06
515,4,2.39703,2.39525,0,0,0,0,0,2.05849,0.191254,0.104994,0.0235529,0.0169564,0,0,0,0.863363,0.0177433,0.00750115,0.000964988,0.000406311
515,5,2.42916,2.42313,0,0,0,0,0,0.000301217,1.13149,0.984213,0.183004,0.124124,0,0,0,0,0,0,0,0
515,6,2.49443,2.48421,0,0,0,0,0,1.06211E-15,0.00108042,1.49074,0.63249,0.359902,0,0,0,0,0,0,0,0
515,7,2.66584,2.6487,0,0,0,0,0,0,8.36293E-10,0.0587087,1.40464,1.18535,0,0,0,0,0,0,0,0
515,8,3.44652,3.41247,0,0,0,0,0,0,9.17994E-11,0.00415478,0.265663,3.14265,0,0,0,0,0,0,0,0
516,1,0.544273,0.544263,0,0,0.361265,0.179873,0.00307271,5.05069E-05,2.31243E-07,1.52449E-07,3.42582E-08,2.74031E-08,0.168282,0.0810302,0.000208409,4.34726E-07,2.37019E-10,1.00202E-10,1.28905E-11,5.4276E-12
516,2,1.55159,1.55157,0,0,0,1.29554,0.252086,0.00390632,1.78849E-05,1.17908E-05,2.64961E-06,2.11943E-06,0,0.607879,0.103225,0.000224495,1.22398E-07,5.1745E-08,6.65676E-09,2.80284E-09
516,3,2.35748,2.35731,0,0,0,0,1.98968,0.36459,0.00157575,0.00103883,0.000233444,0.000186732,0,0,0.933407,0.147193,0.000083645,3.53617E-05,4.54913E-06,1.91542E-06
516,4,2.39703,2.39525,0,0,0,0,0,2.05852,0.191233,0.104982,0.0235504,0.0169547,0,0,0,0.863392,0.0177412,0.00750026,0.000964873,0.000406263
516,5,2.42916,2.42313,0,0,0,0,0,0.000301233,1.1315,0.984205,0.183003,0.124123,0,0,0,0,0,0,0,0
516,6,2.49443,2.48421,0,0,0,0,0,1.06202E-15,0.00108032,1.49075,0.632483,0.359902,0,0,0,0,0,0,0,0
516,7,2.66581,2.64868,0,0,0,0,0,0,8.3667E-10,0.0587417,1.40474,1.18519,0,0,0,0,0,0,0,0
516,8,3.44644,3.41239,0,0,0,0,0,0,9.18056E-11,0.00415506,0.265691,3.14254,0,0,0,0,0,0,0,0
517,1,0.544316,0.544306,0,0,0.361285,0.179896,0.00307312,5.05135E-05,2.31273E-07,1.52469E-07,3.42627E-08,2.74067E-08,0.168291,0.0810414,0.000208437,4.34785E-07,2.37051E-10,1.00216E-10,1.28923E-11,5.42833E-12
517,2,1.55156,1.55154,0,0,0,1.29554,0.252061,0.00390595,1.78832E-05,1.17897E-05,2.64936E-06,2.11922E-06,0,0.607876,0.103213,0.00022447,1.22384E-07,5.17391E-08,6.656E-09,2.80252E-09
517,3,2.35747,2.3573,0,0,0,0,1.98974,0.364532,0.00157551,0.00103867,0.000233408,0.000186703,0,0,0.933433,0.147165,8.36289E-05,3.53549E-05,4.54825E-06,1.91505E-06
517,4,2.39703,2.39525,0,0,0,0,0,2.05866,0.191154,0.104943,0.0235416,0.0169486,0,0,0,0.863495,0.0177386,0.00749915,0.00096473,0.000406202
517,5,2.42916,2.42313,0,0,0,0,0,0.000301271,1.13153,0.984181,0.183,0.124122,0,0,0,0,0,0,0,0
517,6,2.49442,2.4842,0,0,0,0,0,1.06254E-15,0.00108086,1.49094,0.632331,0.359846,0,0,0,0,0,0,0,0
517,7,2.66578,2.64864,0,0,0,0,0,0,8.37223E-10,0.0587902,1.4049,1.18495,0,0,0,0,0,0,0,0
517,8,3.44639,3.41234,0,0,0,0,0,0,9.18107E-11,0.00415529,0.265714,3.14248,0,0,0,0,0,0,0,0
518,1,0.544383,0.544372,0,0,0.3613,0.179947,0.00307395,5.05272E-05,2.31336E-07,1.5251E-07,3.4272E-08,2.74142E-08,0.168296,0.0810667,0.000208503,4.34923E-07,2.37127E-10,1.00248E-10,1.28964E-11,5.43005E-12
518,2,1.55158,1.55156,0,0,0,1.29554,0.252071,0.0039061,1.78839E-05,1.17901E-05,2.64946E-06,2.11931E-06,0,0.60788,0.103218,0.000224479,1.22389E-07,5.17413E-08,6.65628E-09,2.80264E-09
518,3,2.35747,2.3573,0,0,0,0,1.9898,0.364461,0.00157521,0.00103847,0.000233364,0.000186668,0,0,0.933465,0.14713,0.000083609,3.53465E-05,4.54717E-06,1.9146E-06
518,4,2.39702,2.39524,0,0,0,0,0,2.0589,0.191008,0.104872,0.0235256,0.0169377,0,0,0,0.863685,0.0177349,0.00749758,0.000964528,0.000406117
518,5,2.42916,2.42313,0,0,0,0,0,0.000301332,1.13157,0.98414,0.182996,0.124119,0,0,0,0,0,0,0,0
518,6,2.49439,2.48417,0,0,0,0,0,1.06366E-15,0.00108199,1.49131,0.632041,0.359738,0,0,0,0,0,0,0,0
518,7,2.66573,2.64859,0,0,0,0,0,0,8.37978E-10,0.0588564,1.4051,1.18463,0,0,0,0,0,0,0,0
518,8,3.44637,3.41233,0,0,0,0,0,0,9.18154E-11,0.00415551,0.265735,3.14244,0,0,0,0,0,0,0,0
519,1,0.544454,0.544443,0,0,0.361318,0.179999,0.00307481,5.05413E-05,2.31401E-07,1.52553E-07,3.42816E-08,2.74218E-08,0.168302,0.0810928,0.000208572,4.35065E-07,2.37204E-10,1.0028E-10,1.29006E-11,5.43182E-12
519,2,1.55155,1.55153,0,0,0,1.29554,0.252047,0.00390575,1.78823E-05,0.000011789,2.64922E-06,2.11912E-06,0,0.60788,0.103206,0.000224454,1.22375E-07,5.17354E-08,6.65552E-09,2.80232E-09
519,3,2.35746,2.35729,0,0,0,0,1.98992,0.364335,0.00157468,0.00103812,0.000233286,0.000186606,0,0,0.933522,0.14707,8.35741E-05,3.53317E-05,4.54527E-06,1.91379E-06
519,4,2.39702,2.39524,0,0,0,0,0,2.0592,0.190825,0.104782,0.0235054,0.0169237,0,0,0,0.863927,0.0177299,0.00749546,0.000964256,0.000406003
519,5,2.42916,2.42313,0,0,0,0,0,0.000301402,1.13163,0.984091,0.18299,0.124115,0,0,0,0,0,0,0,0
519,6,2.49436,2.48414,0,0,0,0,0,1.06487E-15,0.00108323,1.49169,0.631743,0.359625,0,0,0,0,0,0,0,0
519,7,2.66568,2.64855,0,0,0,0,0,0,8.38654E-10,0.0589157,1.40528,1.18435,0,0,0,0,0,0,0,0
519,8,3.44637,3.41232,0,0,0,0,0,0,9.18189E-11,0.00415567,0.265751,3.14241,0,0,0,0,0,0,0,0
520,1,0.544432,0.544422,0,0,0.361345,0.179951,0.00307412,0.00005053,2.31349E-07,1.52519E-07,3.42739E-08,2.74157E-08,0.168318,0.0810676,0.000208502,4.3492E-07,2.37125E-10,1.00247E-10,1.28963E-11,5.43001E-12
520,2,1.55134,1.55132,0,0,0,1.29549,0.251885,0.0039033,1.78711E-05,1.17817E-05,2.64756E-06,2.11779E-06,0,0.607859,0.10313,0.000224286,1.22284E-07,5.16968E-08,6.65056E-09,2.80023E-09
520,3,2.35744,2.35727,0,0,0,0,1.99011,0.364133,0.00157383,0.00103756,0.00023316,0.000186505,0,0,0.933611,0.146973,8.35185E-05,3.53082E-05,4.54224E-06,1.91252E-06
520,4,2.39701,2.39523,0,0,0,0,0,2.05945,0.190672,0.104705,0.0234882,0.0169119,0,0,0,0.864129,0.0177233,0.0074927,0.000963901,0.000405853
520,5,2.42916,2.42313,0,0,0,0,0,0.000301459,1.13167,0.984055,0.182986,0.124112,0,0,0,0,0,0,0,0
520,6,2.49434,2.48413,0,0,0,0,0,1.06533E-15,0.00108369,1.49183,0.631636,0.359585,0,0,0,0,0,0,0,0
520,7,2.66566,2.64853,0,0,0,0,0,0,8.38935E-10,0.0589404,1.40536,1.18423,0,0,0,0,0,0,0,0
520,8,3.44634,3.41229,0,0,0,0,0,0,9.18215E-11,0.00415579,0.265763,3.14238,0,0,0,0,0,0,0,0
521,1,0.544331,0.54432,0,0,0.361377,0.17982,0.00307213,5.04973E-05,2.31199E-07,1.5242E-07,3.42517E-08,2.73979E-08,0.168339,0.0809998,0.000208318,4.34536E-07,2.36916E-10,1.00158E-10,1.28849E-11,5.42522E-12
521,2,1.55099,1.55097,0,0,0,1.29541,0.251621,0.00389933,1.78529E-05,1.17697E-05,2.64487E-06,2.11563E-06,0,0.60782,0.103007,0.000224016,1.22137E-07,5.16346E-08,6.64255E-09,2.79686E-09
521,3,2.35742,2.35725,0,0,0,0,1.99033,0.363893,0.00157282,0.0010369,0.000233011,0.000186386,0,0,0.933716,0.146859,0.000083453,3.52806E-05,4.53868E-06,1.91102E-06
521,4,2.39701,2.39523,0,0,0,0,0,2.05961,0.190578,0.104656,0.0234773,0.0169042,0,0,0,0.864254,0.0177166,0.00748985,0.000963534,0.000405698
521,5,2.42916,2.42313,0,0,0,0,0,0.000301491,1.13169,0.984038,0.182984,0.124111,0,0,0,0,0,0,0,0
521,6,2.49436,2.48414,0,0,0,0,0,1.0649E-15,0.00108326,1.49167,0.631757,0.35963,0,0,0,0,0,0,0,0
521,7,2.66568,2.64855,0,0,0,0,0,0,8.3865E-10,0.0589153,1.40528,1.18435,0,0,0,0,0,0,0,0
521,8,3.44632,3.41227,0,0,0,0,0,0,9.18214E-11,0.00415578,0.265762,3.14235,0,0,0,0,0,0,0,0
522,1,0.544257,0.544247,0,0,0.3614,0.179725,0.00307069,5.04737E-05,2.31091E-07,1.52349E-07,3.42357E-08,2.73851E-08,0.168355,0.0809507,0.000208185,4.34259E-07,2.36764E-10,1.00094E-10,1.28767E-11,5.42176E-12
522,2,1.55071,1.55068,0,0,0,1.29534,0.251408,0.00389611,1.78381E-05,0.00001176,2.64269E-06,2.11389E-06,0,0.60779,0.102908,0.000223797,1.22018E-07,5.15841E-08,6.63606E-09,2.79413E-09
522,3,2.3574,2.35724,0,0,0,0,1.9905,0.363703,0.00157202,0.00103637,0.000232892,0.000186291,0,0,0.933799,0.146768,8.34011E-05,3.52586E-05,4.53586E-06,1.90983E-06
522,4,2.39701,2.39523,0,0,0,0,0,2.05968,0.19054,0.104635,0.0234725,0.0169007,0,0,0,0.864309,0.0177122,0.007488,0.000963297,0.000405599
522,5,2.42916,2.42313,0,0,0,0,0,0.000301487,1.13169,0.984042,0.182985,0.124111,0,0,0,0,0,0,0,0
522,6,2.49438,2.48417,0,0,0,0,0,1.0641E-15,0.00108244,1.49135,0.63201,0.359722,0,0,0,0,0,0,0,0
522,7,2.66574,2.64861,0,0,0,0,0,0,8.3773E-10,0.0588347,1.40503,1.18474,0,0,0,0,0,0,0,0
522,8,3.44636,3.41231,0,0,0,0,0,0,9.18147E-11,0.00415548,0.265732,3.14242,0,0,0,0,0,0,0,0
523,1,0.544217,0.544207,0,0,0.361406,0.17968,0.00306999,5.04622E-05,2.31038E-07,1.52314E-07,3.42279E-08,2.73789E-08,0.168359,0.0809276,0.000208123,4.34128E-07,2.36693E-10,1.00064E-10,1.28728E-11,5.42013E-12
523,2,1.55058,1.55056,0,0,0,1.29531,0.251315,0.00389471,1.78317E-05,1.17557E-05,2.64174E-06,2.11312E-06,0,0.607777,0.102864,0.000223702,1.21966E-07,5.15621E-08,6.63324E-09,2.79294E-09
523,3,2.3574,2.35723,0,0,0,0,1.99055,0.363652,0.00157181,0.00103623,0.00023286,0.000186265,0,0,0.933821,0.146744,8.33873E-05,3.52528E-05,4.53511E-06,1.90952E-06
523,4,2.39701,2.39523,0,0,0,0,0,2.05956,0.190611,0.104668,0.02348,0.0169058,0,0,0,0.864219,0.0177129,0.00748829,0.000963333,0.000405614
523,5,2.42916,2.42313,0,0,0,0,0,0.000301429,1.13164,0.984079,0.182989,0.124114,0,0,0,0,0,0,0,0
523,6,2.49442,2.48421,0,0,0,0,0,1.06283E-15,0.00108115,1.49084,0.632417,0.359868,0,0,0,0,0,0,0,0
523,7,2.66586,2.64872,0,0,0,0,0,0,8.36014E-10,0.0586843,1.40456,1.18547,0,0,0,0,0,0,0,0
523,8,3.4465,3.41245,0,0,0,0,0,0,9.1799E-11,0.00415476,0.265661,3.14263,0,0,0,0,0,0,0,0
524,1,0.5442,0.544189,0,0,0.36139,0.179678,0.00306993,5.04612E-05,2.31034E-07,1.52311E-07,3.42273E-08,2.73784E-08,0.168352,0.0809273,0.000208123,4.3413E-07,2.36694E-10,1.00065E-10,1.28729E-11,5.42015E-12
524,2,1.55067,1.55064,0,0,0,1.29533,0.251384,0.00389575,1.78365E-05,1.17589E-05,2.64244E-06,2.11369E-06,0,0.607783,0.102897,0.000223774,1.22005E-07,5.15788E-08,6.63538E-09,2.79384E-09
524,3,2.35741,2.35725,0,0,0,0,1.99037,0.36385,0.00157264,0.00103678,0.000232983,0.000186363,0,0,0.933732,0.14684,8.34422E-05,0.000035276,4.5381E-06,1.91078E-06
524,4,2.39702,2.39524,0,0,0,0,0,2.05907,0.190911,0.104816,0.0235131,0.0169286,0,0,0,0.863827,0.0177226,0.00749241,0.000963863,0.000405837
524,5,2.42916,2.42313,0,0,0,0,0,0.000301272,1.13153,0.984177,0.183,0.124121,0,0,0,0,0,0,0,0
524,6,2.49449,2.48427,0,0,0,0,0,1.06055E-15,0.00107883,1.48994,0.633129,0.360126,0,0,0,0,0,0,0,0
524,7,2.66606,2.64891,0,0,0,0,0,0,8.33079E-10,0.0584271,1.40375,1.18673,0,0,0,0,0,0,0,0
524,8,3.44676,3.41271,0,0,0,0,0,0,9.17711E-11,0.00415347,0.265535,3.14302,0,0,0,0,0,0,0,0
525,1,0.544231,0.544221,0,0,0.361342,0.179756,0.00307105,5.04795E-05,2.31118E-07,1.52366E-07,3.42397E-08,2.73883E-08,0.168325,0.0809681,0.000208237,4.34367E-07,2.36823E-10,1.00119E-10,1.28799E-11,5.42311E-12
525,2,1.55113,1.55111,0,0,0,1.29543,0.251748,0.00390122,1.78615E-05,1.17754E-05,2.64615E-06,2.11666E-06,0,0.607826,0.103068,0.00022415,1.2221E-07,5.16655E-08,6.64653E-09,2.79853E-09
525,3,2.35747,2.3573,0,0,0,0,1.98975,0.364515,0.00157543,0.00103861,0.000233397,0.000186694,0,0,0.933437,0.147159,8.36256E-05,3.53535E-05,4.54807E-06,1.91497E-06
525,4,2.39704,2.39526,0,0,0,0,0,2.05786,0.191641,0.105178,0.0235943,0.0169847,0,0,0,0.862867,0.0177489,0.00750353,0.000965294,0.00040644
525,5,2.42917,2.42313,0,0,0,0,0,0.000300953,1.1313,0.984376,0.183022,0.124137,0,0,0,0,0,0,0,0
525,6,2.49461,2.48439,0,0,0,0,0,1.05644E-15,0.00107465,1.48836,0.634373,0.360577,0,0,0,0,0,0,0,0
525,7,2.66639,2.64923,0,0,0,0,0,0,8.28294E-10,0.0580078,1.40244,1.18878,0,0,0,0,0,0,0,0
525,8,3.44719,3.41313,0,0,0,0,0,0,9.1726E-11,0.00415141,0.265331,3.14364,0,0,0,0,0,0,0,0
526,1,0.544416,0.544406,0,0,0.361241,0.180038,0.00307523,5.05483E-05,2.31433E-07,1.52574E-07,3.42863E-08,2.74256E-08,0.168264,0.081114,0.000208636,4.35199E-07,2.37277E-10,1.00311E-10,1.29046E-11,5.4335E-12
526,2,1.55245,1.55242,0,0,0,1.29571,0.252765,0.00391651,1.79315E-05,1.18215E-05,2.65652E-06,2.12495E-06,0,0.60795,0.103545,0.000225199,1.22782E-07,5.19073E-08,6.67764E-09,2.81163E-09
526,3,2.35759,2.35742,0,0,0,0,1.98829,0.366084,0.00158201,0.00104296,0.000234372,0.000187474,0,0,0.932741,0.147912,8.40577E-05,3.55362E-05,4.57157E-06,1.92487E-06
526,4,2.39708,2.39529,0,0,0,0,0,2.05542,0.193107,0.105909,0.0237581,0.0170978,0,0,0,0.86093,0.0178048,0.00752713,0.00096833,0.000407718
526,5,2.42917,2.42314,0,0,0,0,0,0.000300413,1.13091,0.984713,0.18306,0.124162,0,0,0,0,0,0,0,0
526,6,2.49481,2.48458,0,0,0,0,0,1.0497E-15,0.00106779,1.4858,0.636402,0.361313,0,0,0,0,0,0,0,0
526,7,2.66688,2.64971,0,0,0,0,0,0,8.21053E-10,0.0573733,1.40044,1.19189,0,0,0,0,0,0,0,0
526,8,3.44781,3.41374,0,0,0,0,0,0,9.16595E-11,0.00414836,0.265031,3.14456,0,0,0,0,0,0,0,0
527,1,0.545,0.544989,0,0,0.361036,0.180815,0.00308693,5.07406E-05,2.32313E-07,1.53154E-07,3.44167E-08,2.75299E-08,0.168131,0.0815136,0.000209722,4.37466E-07,2.38513E-10,1.00834E-10,1.29718E-11,5.4618E-12
527,2,1.55565,1.55563,0,0,0,1.29641,0.255225,0.00395354,1.81011E-05,1.19333E-05,2.68164E-06,2.14504E-06,0,0.608263,0.104697,0.000227735,1.24165E-07,5.24917E-08,6.75282E-09,2.84329E-09
527,3,2.35785,2.35768,0,0,0,0,1.98534,0.369269,0.00159538,0.00105177,0.000236352,0.000189058,0,0,0.931332,0.149437,8.49336E-05,3.59065E-05,4.6192E-06,1.94493E-06
527,4,2.39716,2.39536,0,0,0,0,0,2.05128,0.195589,0.107157,0.0240378,0.0172912,0,0,0,0.857625,0.0179081,0.00757082,0.00097395,0.000410084
527,5,2.42918,2.42315,0,0,0,0,0,0.000299699,1.13036,0.985178,0.183112,0.124197,0,0,0,0,0,0,0,0
527,6,2.49511,2.48486,0,0,0,0,0,1.04004E-15,0.00105796,1.48205,0.639364,0.362385,0,0,0,0,0,0,0,0
527,7,2.66755,2.65035,0,0,0,0,0,0,8.11323E-10,0.0565207,1.39776,1.19607,0,0,0,0,0,0,0,0
527,8,3.44868,3.41458,0,0,0,0,0,0,9.15688E-11,0.0041442,0.264621,3.14582,0,0,0,0,0,0,0,0
528,1,0.546564,0.546554,0,0,0.360626,0.182759,0.00311646,5.12261E-05,2.34536E-07,1.5462E-07,3.4746E-08,2.77933E-08,0.167847,0.0825113,0.000212427,4.43107E-07,2.41589E-10,1.02134E-10,1.31391E-11,5.53223E-12
528,2,1.56252,1.56249,0,0,0,1.29798,0.260443,0.00403218,1.84611E-05,1.21706E-05,2.73498E-06,2.18771E-06,0,0.608966,0.107138,0.000233103,1.27091E-07,5.37289E-08,6.91198E-09,2.9103E-09
528,3,2.35829,2.35811,0,0,0,0,1.98037,0.374626,0.00161787,0.00106659,0.000239684,0.000191723,0,0,0.928961,0.152005,8.64073E-05,3.65295E-05,4.69936E-06,1.97867E-06
528,4,2.39726,2.39544,0,0,0,0,0,2.04606,0.198694,0.108749,0.0243947,0.0175395,0,0,0,0.853436,0.018073,0.00764055,0.000982921,0.000413861
528,5,2.42919,2.42316,0,0,0,0,0,0.000299064,1.12972,0.985733,0.18317,0.124237,0,0,0,0,0,0,0,0
528,6,2.49547,2.4852,0,0,0,0,0,1.02839E-15,0.00104612,1.47739,0.643046,0.363713,0,0,0,0,0,0,0,0
528,7,2.66829,2.65107,0,0,0,0,0,0,8.00491E-10,0.0555717,1.39478,1.20072,0,0,0,0,0,0,0,0
528,8,3.45019,3.41607,0,0,0,0,0,0,9.14415E-11,0.00413836,0.26405,3.14788,0,0,0,0,0,0,0,0
529,1,0.550351,0.550341,0,0,0.359947,0.187157,0.0031839,5.23345E-05,2.39611E-07,1.57966E-07,3.54979E-08,2.83947E-08,0.167324,0.0847651,0.00021851,4.55796E-07,2.48507E-10,1.05059E-10,1.35153E-11,5.69065E-12
529,2,1.57292,1.5729,0,0,0,1.30051,0.268199,0.00414922,0.000018997,1.25239E-05,2.81436E-06,2.25121E-06,0,0.610112,0.110754,0.000241049,1.31424E-07,5.55606E-08,7.14762E-09,3.00952E-09
529,3,2.35877,2.35859,0,0,0,0,1.97478,0.380643,0.00164311,0.00108324,0.000243424,0.000194715,0,0,0.926289,0.154893,8.80659E-05,3.72307E-05,4.78956E-06,2.01666E-06
529,4,2.39732,2.39549,0,0,0,0,0,2.04294,0.200489,0.109744,0.024618,0.0176991,0,0,0,0.850981,0.0182741,0.00772554,0.000993855,0.000418465
529,5,2.42921,2.42317,0,0,0,0,0,0.000298673,1.12881,0.986528,0.183248,0.12429,0,0,0,0,0,0,0,0
529,6,2.49581,2.48552,0,0,0,0,0,1.0176E-15,0.00103513,1.47309,0.646448,0.364946,0,0,0,0,0,0,0,0
529,7,2.66886,2.65162,0,0,0,0,0,0,7.92197E-10,0.0548446,1.3925,1.20427,0,0,0,0,0,0,0,0
529,8,3.45385,3.41966,0,0,0,0,0,0,9.12622E-11,0.00413015,0.26325,3.15228,0,0,0,0,0,0,0,0
